0.40837415728085,0.00053015990571255,0.104148453789698,0.000137384780922451,7.86317019350988e-05,5.8642874509044e-05,0.0439656114527314,0.0375910485430639,0.000458302008479703,2.67571993158628e-05,0.000796398959964661,2.88312324290562e-05,6.96946209219163e-05,3.17740911804883e-05,6.7889941835591e-05,0.000172025335809617,0.159041761921733,3.26259369429551e-06,0.0262420539451167,0.000773202243698235,0.000906262996824264,0.0131241686167324,0.000870714805321936,0.00142540906428609,0.000940282252773592,0.000621759076142116,0.000143136890528083,1.29572764396216e-05,0.000227914874798268,0.000178849614613477,0.124954491758104,0.000102991047815026,0.000293086077696932,0.000269320906050858,0.000208131266695722,0.0168569783951473,0.000457472817651776,0.000362991595892085,0.000626178004036616,0.00309047436320319,1.02633716884592e-05,0.000391319019214529,0.000138104819567046,0.00033145396580788,0.00210977270584321,0.00021251665861872,3.96422959101527e-05,0.000574463244525431,5.95748878885427e-05,0.000112295411035846,0.000348760739601877,0.00274298268658609,6.60307481666592e-05,0.000197165418195742,0.00048763093281752,0.000117798340177022,1.30046117431968e-05,2.26970442094148e-05,0.000121815786677145,0.000949377702779889,0.000372384086483398,0.000152820611953268,0.0418470867960302,0.000311421990124483
0.0208612205265276,0.467824409522333,0.0225720335085213,0.00660041611265094,0.000288873517385311,0.000653525379441226,0.00598260000248751,0.00194790430781692,0.0118809505042028,1.45487792140195e-05,0.000142264316547575,0.045839146219264,0.0129019867983179,0.000209892401799452,0.000961712849791463,0.00126403754032733,0.0185437492934316,9.72251891999071e-05,0.015956473602437,0.00127938595380162,0.000182720120203397,0.103253308048339,0.00363267349057991,0.00226574774781369,0.00017362018215426,0.000200792463750315,0.00230071144217587,0.000726125272156775,0.0147022614383558,7.8287328179954e-05,0.015947639314176,4.38128528153891e-05,0.000266622804721564,0.000846633361564631,0.00504677424694967,0.00812781967907255,0.00544050611234558,0.000265158090787598,0.000339794322083297,0.00910933296429812,0.00165412543413943,0.00363333227107496,0.00350089384709963,0.00379956222585744,0.000557692979946929,0.00324284742574268,0.000118449084111088,0.00126187903898746,1.47152943873501e-05,0.00023511167985094,0.00105913450107959,0.0588048179718967,0.000571386516577678,0.0781023994747772,0.000292363313990035,0.0214328861173726,0.000187136928721913,0.000134557168204048,1.45487792140195e-05,0.000763313402704203,0.000767880255592858,0,0.0110782686806491,0
0.0722517785295063,0.000664858806802798,0.503488925704625,0.000149419798158477,4.93557019229708e-05,5.6718901343267e-05,0.0113659896958962,0.00386195678256213,0.000592314723963128,1.59740099333121e-05,0.000729413670277529,5.2533602149834e-05,4.97615895504412e-05,3.30267813910246e-05,0.000103971701501208,0.000190315931389418,0.186674775577056,1.77619733423663e-06,0.105797006802071,0.000892071859514946,0.00215047489492201,0.0166465950091887,0.000688883369498923,0.00124959064379294,0.000612676641064142,0.000609575137852827,0.000163118210013334,7.23460796695227e-06,0.000185060052240985,5.60948149147401e-05,0.0609135179456722,5.02102905602612e-05,0.000226433571180855,0.00019229097097474,0.000302568189602236,0.00804382889951709,0.000371860100517737,0.000243973312811876,0.00036548840377084,0.00237761135092837,1.06535466645924e-05,0.000411798842855224,0.000101594439095023,0.00037178379216633,0.000808910778020363,0.000229229078173503,5.16881949533629e-05,0.000589859508407616,2.53851884021917e-05,0.000147814724077819,0.000219298489179642,0.00212928271927544,9.24084374745163e-05,0.000198460190042609,0.000500063672829447,0.000127274811349255,1.12466431457454e-05,2.92635324013386e-05,5.76481253450051e-05,0.00114110873543632,0.000457390211689506,9.67348349183136e-05,0.0096690452585603,4.30234615953203e-05
0.0171033978171324,0.0219591247989887,0.029348329011192,0.382495903802531,4.3851567963636e-05,0.000206531888351694,0.0109777293415459,0.00561652670448998,0.0139372472782228,0.000269396429988841,0.000139304694923261,0.00591020636252297,0.00209322827639802,0.000204820712309287,0.00132402669839683,0.00200181787607064,0.0171958019567808,0.000911100429738625,0.0330836722869223,0.00126795178843766,0.000365789856654937,0.0754791437992449,0.0134180369592474,0.00292051072914853,0,0.000364849556948466,0.00242191893748049,0.00417027887724919,0.00327901763720973,0.000892776451036107,0.0334304734552397,0.000227948130557004,0.000183156262886897,0.00132399478307148,0.144443021670566,0.0152563530391961,0.00146921573813534,0.000306347667102604,0.000511089595565347,0.0283292041612302,0.00269305392636608,0.000151338553900355,0.0209562662749566,0.00600342871215106,0.000653737858726878,0.00207579347350406,0.00317099046583605,0.00400059599800789,0,0.000257362571011747,0.000540334612649554,0.00934190607502367,0.000962485696842883,0.0324760612570216,0.00138526194535651,0.0070971480694524,0.00285273487911462,0.000904766539010405,0.000251075548804722,0.00178074946252701,0.00242987646224553,0,0.025131934586813,0
0.0334477526625709,0.0223649720402787,0.0104755046502092,0.000955425957529988,0.299070113784332,0.0260610582071451,0.00240363043566595,0.000698909519333428,0.00204033782454852,0.0020839537968828,0.000484380440230662,0,0.000793429942936399,0.00215841605173845,0.00162262852150855,8.94515822335883e-05,0.0169940349410234,0,0.0257860720776883,0.00224299903668614,0.000724325738705296,0.0779165396265629,0.0155097742118351,0.00104657816552902,0.000268354746700765,0.000131642952665691,0.00218276947056592,6.25387484345888e-05,0.00442705038815407,0,0.0145113425772527,0.00697164700770981,0.00280213152060527,0.000131642952665691,0.000351383594138006,0.0151104691077791,0.0352516778594114,0.0122448135567076,0.00256211420960568,0.00266698704947254,0.000330893495135354,0,0.000323116866912042,0.000715612657868706,0.00260280896561065,0.0839789718529693,0,0.000241441912901765,0.000526571810662766,0,0.146786450600586,0.091163741884365,0.000303980661336354,0.00216169906942554,0,0.000583694985389495,0,0,0,6.25387484345888e-05,0.000705474975129942,0.00105144299556009,0.0106086045162319,0.0132060990444373
0.023483629703615,0.013839713027808,0.012655814880349,0.00103782413803414,0.01113548782323,0.163076800638651,0.00209761759667171,0.000424274335905343,0.00195408595452741,0.00276676825650481,5.92034636130354e-05,0.00068126294681138,0.000804603496005204,0.00965517333877681,0.000983571449710272,0.000487935212610767,0.0146718271840572,0,0.012922812045886,0.00026999246218528,0.00194870185366641,0.070861206769308,0.0266830051345192,0.000296898672055774,0,5.92034636130354e-05,0.00118625427867855,0,0.00506232170465049,0,0.00521700708983613,0.00416203248927782,0.00526517565842046,0.0004090332014192,0.000907752135423721,0.0159943760368943,0.0076213142293776,0.00509276966697995,0.00046850907611274,0.0017024344770547,0,0,0.000186579127462604,0.00308064259057132,0.00134598028988455,0.269544934071728,0.000448484207014984,0.000272688800946133,0,0,0.118603825710012,0.131447564211492,0,0.00187965850974964,0.000296017318065177,0.00049739731143104,0,5.92034636130354e-05,0,0.000468236665032236,0.00239354751448017,5.92034636130354e-05,0.0434696428526634,0
0.0817164298607361,0.000926645634067077,0.0255474863110284,0.000124737339578222,5.1878381537813e-05,2.46832980734959e-05,0.549381390692872,0.0462581711383833,0.000926349694973932,4.1713920442695e-06,0.00085108614765559,4.46822107216543e-05,5.64110361199946e-05,1.01186824381155e-05,3.55227700349114e-05,0.000165752434864429,0.0577198382569882,6.76562571011142e-06,0.012839188328207,0.00127992621720515,0.000319133131291389,0.0105641999766225,0.000782976246204383,0.00225529998164991,0.000795567712806913,0.00107820442684622,0.000395967770237115,8.62418260121858e-06,0.000188723914666738,0.000421937913839851,0.0611856152105276,2.70933263663085e-05,0.000142195106790858,0.000369018464791086,0.000378173339661512,0.0538393585855453,0.000325113143132621,0.000186815802253947,0.000522184264664546,0.00355749023809597,1.27854176879721e-05,0.000274442060329349,0.000172719618357879,0.000269291185445643,0.00106805750136674,8.70230133391216e-05,7.37332428785349e-05,0.000461837607579083,2.7722440137554e-05,0.000460626903735301,0.000121904876753698,0.00133979536820473,1.90677337958864e-05,0.00017843555638269,0.0010453748352856,0.000298893052581445,1.78216718386273e-05,8.03505090889556e-05,6.82027350744898e-05,0.00166828627714362,0.000255365113392242,6.83389591131892e-05,0.0765565386641091,5.84574645426198e-05
0.239292371088383,0.000433378195945558,0.0411984990214915,0.000445950171007869,0.000115674013223293,3.13543002752294e-05,0.167678862311149,0.212586866549859,0.000691791291362906,1.10719836355968e-05,0.000699336614282001,6.38054703413564e-05,6.04161353586684e-05,1.84087832801752e-05,0.000120784401411345,0.000162675364467189,0.0855678863270829,0,0.0186743910913456,0.000936643343407946,0.000237478038176197,0.0163850230127909,0.000909140358811561,0.00126848744320192,0.000592344231670671,0.000939965794830317,0.000137422287629418,2.04274104136624e-05,0.000118709736629344,4.94442607514306e-05,0.128528478357321,5.81347041728029e-05,0.00013832170594556,0.000245322127356938,0.000192698088977474,0.0252797267643847,0.00021664152392283,0.00018334047332482,0.00049482484675929,0.00237509317212904,1.47463248218341e-05,0.000365468234096602,9.19903096758728e-05,0.000241053967778018,0.000685052355557988,0.000133095203105708,6.554507807203e-05,0.000500084738792478,3.19076491669925e-05,0.000184855694504722,0.000211291278002194,0.00170016427388376,6.03749485391441e-05,0.000213300434434377,0.000541811006043835,0.000103133455539526,1.26210214159234e-05,5.87130245336547e-05,5.95157314452784e-05,0.00133996540153582,0.000311555366465323,3.52792054946236e-05,0.0458772845005845,0
0.0390854656945538,0.0203836732336573,0.0404517630888659,0.00476873496177093,0.00020608742585025,0.000830688574059445,0.0127344976531586,0.00440682473777986,0.190558124115425,0.000317552968587436,0.00115716610417613,0.00273123459716356,0.000534653600030529,0.000247186661933763,0.00497606943568809,0.00319301580320415,0.0513422806828273,0.000398983167890789,0.0281007203219218,0.00571687389436402,0.000411365782117844,0.20479010629083,0.0642017121739041,0.00644155571901855,0.00062093516169927,0.00149382675425973,0.00815115538789281,0.000703273984935965,0.00149832571138568,0.0031940337016856,0.0903681746310577,7.28959547424261e-05,0.000494332527148546,0.0244131467552138,0.00809532537756302,0.0194289960553976,0.00339184389860579,0.000862768694912531,0.000843665318709283,0.0177042478287235,0.000509445717928715,0.000745011033151342,0.00214305566484347,0.00675314849778912,0.00171937897159868,0.00463373972827578,0.000629972052907161,0.0163639681702213,0,0.00103041717843509,0.0012692971253605,0.0280677448258976,0.00219136053357268,0.00790726144653189,0.0022698493375207,0.0133566171550758,0.000362107372378658,0.000634857206643775,0.000260555373174467,0.00899023190052805,0.0142384985617237,0.000252222057077901,0.0163479756566509,0
0.0570857994102086,0.00130212213936119,0.0340037984077243,0.000222719258755179,0.00621583668220275,0.0282657883471469,0.00049365173155463,0.00138452876657535,0.00143612335313506,0.0874765037455958,0.000478707784378352,0,0.00100655292910286,0.00461289417568955,0,0.000222719258755179,0.0493806329052264,0,0.0274749555222492,0.00157936602992781,0.0115453955691198,0.181073171610625,0.00046576973615191,0.00164682870996568,0,0,0.000931539472303821,0,0.00326933589516461,0,0.0435103767924563,0.010393887785192,0.0924718660906917,0.000869621670077277,0.00155903481128626,0.0156217905789012,0.000377975837472483,0.0307024899160842,0.0145181879602504,0.00400894665759323,0,0,0.000445438517510359,0.00202173838761485,0.0269468668040808,0.0336302427118662,0,0.000789220941812959,0.00657453439798235,0,0.133832711098152,0.0361031077732992,0,0.00114686556064389,0.000890877035020718,0.000478707784378352,0,0,0.00213741428169699,0.00205807381430616,0.00128086677441775,0.00933096909559872,0.0260466551750185,0.000676790305674654
0.0638290789902252,0.000228481731894111,0.0838516431158696,0.000179292671142385,5.97642237141283e-05,6.85787870626939e-05,0.0502034416613685,0.014932413788813,0.00343929384261156,0,0.0249421927707124,0.000330195488023536,0,0,0,0.000665033334263154,0.101117491598541,0,0.0454959509584995,0.00348743878504546,0.00110758742371658,0.0186817278108266,0.000537659343978128,0.0105359330605064,0.00388950711482466,0.00586259358738465,0.00151240464906704,2.98821118570641e-05,0.000405597239193121,0.00106674668951491,0.473037596205431,3.86966752056297e-05,0.000411472722376163,0.00274246613261854,0.000716588565507389,0.0194803141000557,0.00120521940112413,0.000459037075546773,0.000205736361188082,0.00904504547604479,0,0.000106463108477765,4.6698884763637e-05,0.000800117296629991,0.00297428005709119,0.000175854249331017,0.000149410559285321,0.00432551741316513,0,0.00062389959768585,0.000441354834233227,0.000833074380685299,5.97642237141283e-05,0.000495609701525442,0.00219914076551726,0.000685708535258067,0,3.86966752056297e-05,0.000299134130715356,0.0103819489074637,0.00133447411082947,7.73933504112594e-05,0.0301493557242571,0
0.0109249292379917,0.420397203306696,0.0143781297250665,0.00639623572908528,3.61439546544587e-05,0.000149992349637481,0.00111255785038253,0.00111770370699317,0.0116366856460409,0.000150599811060245,5.6924197491511e-05,0.228799337980796,0.0159204107927664,0.000344175581428603,0.000639746227004545,0.000918555667544591,0.0121328250605132,0.000206916547128992,0.0102370304900512,0.00033612865392942,0.000799672341283591,0.0419138004241196,0.0140186658112548,0.00113848394983022,0,0,0.00189311078597946,0.000671998389875367,0.014537980736533,0,0.0154686758124598,5.6924197491511e-05,3.61439546544587e-05,0.00143426704093106,0.00486865531080275,0.00362718714797873,0.0020881230532369,0.000186136304291939,9.30681521459697e-05,0.00429256196770958,0.00118600992244085,3.61439546544587e-05,0.00135852716846428,0.00138280418718711,5.6924197491511e-05,0.00218967049271984,0.000320764942112013,0.000562028370519787,0.000113848394983022,0.000227696789966044,0.000607408864626341,0.0555431751635018,0.000641529884224027,0.0726794840318718,0,0.0168107814674306,0.000227696789966044,3.61439546544587e-05,0,0.000206916547128992,0.000468901851178825,0,0.00232585512803675,0
0.0294395819899792,0.4778870369554,0.0526454566442509,0.00292160969378016,0,0.0015267983432631,0.0109488897533952,0.00167821286217931,0.00296436514765174,0.000222732626068037,0,0.0455639323491815,0.0416976221358548,0,0.000719820253347098,0.000131815196033157,0.0381801931714062,0,0.02851347429654,0,0,0.0739792425838772,0.00228848933365441,9.09174300348798e-05,0.000411532501816535,0.000137177500605512,0.00018183486006976,0.000659151367752879,0.0199556169426207,0,0.027654185013648,0.000131815196033157,0.000131815196033157,0,0.000486363018134351,0.00237267352859683,0.00234962395506312,0,0,0.00193633017449908,0.000228094930640392,0.000274355001211024,0,0.000354547822101194,0,0.00330153812434964,0.000189411312572666,0.000319012360675272,0,0,0,0.0853187917196923,0,0.0292803023348432,0.00164613000726614,0.00762292351374502,0,0,0,0.000411532501816535,0.000628902823312218,0,0.00261614752700431,0
0.0227298083849887,0.00680634755362377,0.0151899938340395,0.000160630790762695,0.00199142040300332,0.0132666024208659,0.000812215177907781,8.03153953813475e-05,0.00116960647075835,0.000931396802214435,0.000116860470985116,0.00018015989276872,0.00131857913807151,0.121414929828498,0.00123515723674104,0,0.0135984435748989,0,0.0300736512769338,0,0.000974681948590971,0.146956154021095,0.0124257864454894,0.00277632974266389,0.00055608899808649,0.00026812985842696,0.000430896808336695,0,0.00384597304052669,0,0.00329377590101692,0.0025232751642305,0.00338651382973865,0,0,0.0123785535932382,0.00472753311022245,0.00632818647893076,0.00343183391203467,0.00168224976148666,8.03153953813475e-05,0.00287564718117675,0.000339384029714002,0.000116860470985116,0.00257687111799324,0.215943082081413,0,0.00037592910531777,0.00926878755809323,0,0.0132707560636518,0.255290068980767,0.00110253037545008,0.00410264373150311,5.84302354925579e-05,0.00202942797972246,0,0,0.0020204505265751,0.0005342038381977,0.00276081466519887,0.00707111959326078,0.0197122706719716,0.0234083251315759
0.0108439297658305,0.00671919085266975,0.0327827035197648,0.000489793487461504,4.24366553941937e-05,0.000247831551301231,0.00167653566371392,0.0011221486745534,0.0236946681920644,8.11819691312488e-05,0,0.00102174875183101,0.000851083364331264,0.000372018120294834,0.126933542681423,0.0020565508665997,0.0131152300367107,0,0.0120359735814519,0.000460945520935093,0.00182370058409297,0.233738598648782,0.291023387832742,0.000193624267934465,4.24366553941937e-05,0.000234796375859343,0.00138513156808217,0.000169746621576775,0.00453254129140318,0,0.0186046843182978,0.000123618624525442,0.00016479073245032,0.000738204909970815,0.00089880037252454,0.00877264302076235,0.00376478492507335,0.000485724966567366,0.000613061290532133,0.000620238777572983,8.48733107883874e-05,0,8.11819691312488e-05,0.00246192353940285,0.00725171218328066,0.00326045449466098,3.74807662677389e-05,0.00143123320735132,0,0,0.00052826392271237,0.163475560227357,0,0.00311073036510758,3.74807662677389e-05,0.0023768179858757,0,0.000112442298803217,0,0.000312287003333453,0.00495718776373978,0.000161099390793181,0.00784124176552035,0
0.0104064900682548,0.00164808874180397,0.0144051054946861,0.000687730996620515,8.90966908573801e-05,2.6064159975981e-05,0.0049329144990149,0.000995016440908008,0.00344991637381612,1.30320799879905e-05,0.00165627951393513,0.000169874074829799,7.49786042037237e-05,3.57514782205149e-05,0.000454589149909071,0.320394516566849,0.0115827901404007,0.000521095516868808,0.00786971724154118,0.00625334522935995,0.000560532369842616,0.0129765051314927,0.00233207863639122,0.031618944597328,0.000225318758209431,0.000488677694832052,0.010308225770569,0.000236982826837848,0.000556835889529625,0.000703820817189098,0.0188177236062233,0,0.000332732477206,0.000131950583277953,0.00400711625820241,0.00797057242117572,0.00117649041673007,0.00016617476580387,0.000626499600467266,0.304409152482651,2.93805234036505e-05,0.00149329750824919,0.00338565333645564,0.178127221294488,0.00104152314354611,0.00018376850022022,0.00754801228098722,0.000592172930237898,1.78757391102574e-05,0.00135721324336477,0.000258266422705933,0.0013585204030592,0.00419510012933453,0.000573293439509993,0.00068348423190029,0.000647728266981334,0.000736917733082712,0.00299033500993779,1.78757391102574e-05,0.00213684453527463,0.00111237770338849,1.78757391102574e-05,0.00818253398053981,0
0.110548116525068,0.000975410062421498,0.206327154163876,0.000171106959751548,5.90717904087898e-05,2.76252889258407e-05,0.0231357021959093,0.00904642765645237,0.000698541500966675,1.42136894698823e-05,0.000861668947389116,8.88271539065497e-05,6.9973390211232e-05,3.08358639253961e-05,7.93298860171148e-05,0.00016186099846421,0.372134883348599,1.70116597433027e-05,0.0610712078864495,0.00104101317242004,0.000957674976929751,0.0259829304336314,0.0010127395120277,0.00140564320398089,0.000667350507625118,0.00068065268303458,0.000231867650277272,1.01108231579029e-05,0.000191419379571075,6.72247662972226e-05,0.136169918609421,4.70193230292621e-05,0.000206933112770144,0.000346373407287264,0.000292197395471635,0.013549270553805,0.000352266873615981,0.000184346559263524,0.000357406875766535,0.00249915369806244,1.07723866437028e-05,0.000204991977478195,0.000142203499264027,0.000447060897595851,0.00106597127071648,0.000189250680933775,5.50843984344585e-05,0.000574509861543967,4.27964556160877e-05,0.000192798920932489,0.000161403117648141,0.00254898082797734,6.14044745627098e-05,0.000168395188146781,0.000555475793132666,0.000151240033302324,1.24400937378152e-05,5.05278424256835e-05,6.16174486916285e-05,0.00128191531592874,0.00038126122629347,4.06440698371946e-05,0.0196839086888009,0.000142863044954812
0.00432648624901402,0.00242969031932298,0.0204705046663918,0.012929250282066,0,0.000365437747922126,0.00267103328165095,0.00049809079459175,0.00576869587791355,0,0,0.000289269224350535,0,0.000643866508243745,0,0.00307783595810446,0.00516605166051661,0.122934570667701,0.00563818239651279,0.00311691868368239,0,0.00466111425706449,0.0162638340724343,0.00410454201179043,0.00107891144624628,0,0.00179238514457043,0,0.00374566559735949,0,0.0109554300026959,0,0.000730875495844251,0.0028190911982564,0.144694377365111,0,0.000208821570241215,0,0.00123324542097373,0.0894660643552705,0.00136818067059681,0.000289269224350535,0.414353059649653,0.053500828011759,0.000208821570241215,0.00115707689740214,0.00701463605281588,0.000626464710723644,0,0,0.00269499641266223,0.00729563229146014,0.00151823551478654,0.00915933627832606,0.00104410785120607,0.00123552762392719,0.00123324542097373,0.0197824204759249,0.000365437747922126,0.000787360018942285,0.0029061001858569,0.000289269224350535,0.00108975191027519,0
0.0298876277019784,0.000692214699885334,0.236722010068377,0.000193685376147541,3.2392123377838e-05,4.02048409954744e-05,0.011452540001145,0.00324308068261665,0.000927214668601315,1.01674186359276e-05,0.000972746860779163,8.07731665270964e-05,5.82529225525182e-05,2.24780376675453e-05,0.000168885200689659,0.0001750914499259,0.103528520342357,5.79386593534329e-06,0.454865791275586,0.001245033205776,0.00618604661326263,0.0379576435328372,0.00114345862241298,0.00156466988049558,0.00045432924317088,0.000945937845329703,0.000307359282306282,2.44748537434664e-05,0.000255190182487434,8.69592505767513e-05,0.0682740463598852,2.26237552472388e-05,0.000287754507651735,0.000341047044764529,0.000406077557104928,0.012084710471883,0.000411003293861629,0.000231601398439535,0.000452638094914653,0.00367122311057882,1.52517755570559e-05,8.93215744275348e-05,0.000159593168011545,0.000366829435877653,0.000778321503839661,0.000175353817855915,7.59690147955273e-05,0.000745241697431279,3.28604508964349e-05,0.000181112260315411,0.000147207386612636,0.00320937339446416,8.74746365546259e-05,0.000231135123928989,0.0006451499149074,0.000162615453804299,1.79284556604224e-05,5.89463819972959e-05,6.44268344212481e-05,0.00185137660031041,0.000984970491145819,3.28929991454157e-05,0.0104169630449403,3.63857725876227e-05
0.0542031864590743,0.0021123331972325,0.0731817706261974,0.000473381989935344,6.87670182165609e-05,0.000192126349442434,0.0380376542193738,0.00698480599181411,0.00696067309661148,3.50169746750612e-05,0.0108464617509832,0.000939839655779159,6.71429275570638e-05,3.81717793017141e-05,0.000530621370315602,0.00301115931415978,0.121713110611687,5.20352348890345e-05,0.0541904916033815,0.13579281388259,0.000681313730173228,0.0427658044489772,0.00254296342926263,0.122169215016543,0.000710142375822619,0.00198884548609115,0.00154101135222761,3.79479354926818e-05,0.00043070339586243,0.000939872075562529,0.104155158761904,6.49234371911019e-05,0.000832625646944122,0.0113921269157537,0.00397790224063812,0.0283921004070608,0.00122015502064822,0.000505488105885286,0.000581834513088927,0.0782412610504515,8.26531678567339e-06,0.00467800959435308,0.000983996141678129,0.00623617145914321,0.00211188141291971,0.00047811809759672,0.000932708569936823,0.00130639033905847,0,0.0121585280633166,0.000356587377187038,0.00509396481625153,0.00130798745799327,0.000700893747669039,0.00694903990821936,0.000956427199665757,0.000153594288333551,0.000493954753807399,0.000163126536252786,0.0251880768227417,0.000868764954424997,3.05952389148468e-05,0.0162399585049532,0
0.0451929128031103,0.000785883582398772,0.202396378775431,0.000296472347423032,7.435779637536e-05,0.000222265665532879,0.00776412781974212,0.00300843824531902,0.000763178121262358,9.2251388026124e-05,0.000699270214093004,1.97079559067423e-05,0.000166743805000351,0.000340790734821393,0.000236849923325809,0.000179412114474355,0.0642658496647689,4.04769351199595e-06,0.377852220131549,0.000596740121141226,0.0983646613055925,0.0925127499775631,0.00241941055915643,0.00109253287526713,0.000352656652180657,0.00123534221130608,0.00025880458301658,2.47580894635089e-05,0.000494050462867452,0.000208748409103097,0.0440303587376775,0.000150396633751938,0.000823054419343746,0.000472893635649415,0.000202620758353515,0.009301700148143,0.00035943723609034,0.00232726577389834,0.00157476714373793,0.00466514115810648,4.92698897668557e-06,0.000564064630103053,0.000114088063943939,0.000383479222595809,0.00192631377021011,0.000895970909875414,4.89211059554036e-05,0.000899082354134892,4.02837312593884e-05,5.0668220865997e-05,0.000610346525426052,0.00413902190767022,8.11685135470633e-05,0.000174894965350942,0.000529927875283701,0.000100861008063905,1.24803883286542e-05,1.39016714653671e-05,0.000118480555896273,0.000948224081454112,0.00187066197230389,0.000388505827331504,0.0200593074524345,0.000195168584040495
0.0102961423595578,0.0019771651097017,0.0213347804669693,0.000338157379372909,7.09482977982784e-05,0.000182515942405448,0.0041147960383073,0.000995124635377354,0.00165538570229105,6.42839482764021e-05,0.000254308536072503,0.000141017189517816,0.000175254196303569,0.00014232406296221,0.000423198663673896,0.000183509155597852,0.0212877167910831,4.94795519123113e-06,0.0326267676873615,0.000461590245456931,0.0016882175434852,0.834926237465519,0.00638357450480623,0.000936436329756527,0.00013414357627545,0.000286760718344295,0.000363138816403809,2.41282574438795e-05,0.00065047111053493,4.38885313081315e-05,0.010266038985163,4.6430987563315e-05,0.000311789322508721,0.000292310422276231,0.000476584664451815,0.006250201924821,0.00104717424283567,0.000567119337065048,0.000434166757178147,0.00221326835716094,2.83303816992017e-05,0.000162638106309517,0.000192508727839238,0.000475586801589569,0.00050399841053632,0.000819106309193927,7.68891806390193e-05,0.000917771260169667,2.07230434130671e-05,0.000101534222085913,0.000383019112862016,0.0184493292165181,4.08426622936357e-05,0.000445195475433508,0.00027020555823989,0.000235548601389865,2.41379705220688e-05,4.08157378948522e-05,5.72024530164234e-05,0.00088035534404895,0.0060561062470411,5.53750843505383e-05,0.00567795366868855,1.28102060452859e-05
0.00931444729812093,0.00289455448775533,0.0149639111654303,0.000609587688166435,0.000228003657324614,0.00116093926025833,0.00312467264431198,0.00143515301341098,0.013377505997997,0.000114406672636329,0.00017122444448663,0.000347006092703247,0.000258974839646215,0.000964694062183414,0.00933935913547569,0.000812855666190018,0.012385439121739,3.25417556918002e-05,0.0158188825635844,0.000722791198725535,0.000832604016812447,0.2058160359867,0.512144668998921,0.00162066276866845,0.000126580060345027,0.000321976923856042,0.00154540720427213,9.08882597393835e-05,0.00152036603373953,8.19969475293074e-05,0.0098765266738449,9.0047504915601e-05,0.000323457550132038,0.00126569149714834,0.00103496864211843,0.00504927567981877,0.00190821811826267,0.000687241629042208,0.000682819602584978,0.00557868752587992,7.01024044009172e-05,0.000293751117055609,0.000840349070139516,0.00305390477696098,0.00117245198350102,0.0030928979652663,0.000247647443263081,0.00250490096636792,8.10378121606585e-05,5.0818164521608e-05,0.00137022853437064,0.13145303504249,0.000308033048676205,0.00113490011329265,0.000176410413729666,0.00149144019187652,4.16206486754422e-05,6.33533060551831e-05,9.39320151180773e-05,0.00155527076938637,0.0058982973555431,0.000100322052039968,0.00623022241494014,0
0.0332047320019586,0.00181224001038993,0.0293775716772604,0.000344631837022537,1.5588699646573e-05,2.09728491526442e-05,0.0143417166415091,0.00340650655394886,0.00264124175116591,1.5271676319579e-05,0.00430573401665327,0.000542236283399534,4.96763691191559e-05,0,0.000200090125986447,0.00938011862178804,0.0406181032021447,6.50754034575729e-05,0.0177980148349243,0.04389031682966,0.000464293783632494,0.0251162955237216,0.00132761329045831,0.416833208789526,0.000612097937066189,0.00126664111284913,0.00237092312820977,0.000120948832227953,0.000331714672503784,0.00138339348003414,0.0424693489776921,1.5588699646573e-05,0.000426356793680917,0.00225377254606167,0.00199380859977565,0.0165536709756037,0.00046507831751507,0.00035014456241188,0.000691216101614933,0.188187466853608,4.90423224651678e-05,0.0105427512721883,0.00108400081138051,0.00816167780167983,0.00103634001938987,0.000198157708591042,0.00107990454223423,0.000492212394121336,0.000135597263710535,0.0268220715313784,0.000161379711680619,0.00226656710410553,0.0127396027934746,0.000535301946751059,0.00436963516471514,0.000414244548814287,0.000284150802135632,0.000353694434009468,0.000137298936547353,0.00715881854584415,0.00080756250689543,5.06857172010617e-05,0.0154719166299771,0.000383963127362647
0.117451188622143,0.000105524240597898,0.094368960082872,0.000181520334867542,0,0.000362450976966402,0.0919867210502944,0.0187881972677417,0.00159563108241924,0,0.00458182033563271,3.10365413523229e-05,3.28477319017811e-05,0,0.00029599530828467,0.000467380791719269,0.108639535643389,0.000155182706761615,0.0599786203573561,0.00157350704519256,0.00106930877514493,0.0638632421934311,0.00122818710432793,0.00455119636076879,0.0147526580458816,0.00147927073658296,0.000479407356680066,0.000197637005959259,0.000208791046499302,0.000385176539652636,0.234845741980863,0.000115802540652489,0.00067686750942114,0.000534502610556856,0.000442204951815563,0.0575257228360002,0.000674441929153333,0.000506082034434445,0.00127904491990233,0.00691845642031185,1.4897539849115e-05,0.000542335366470323,0.000589429718862333,0.00172980299578359,0.00270208898497951,0.00197925957236327,0.000239235528544768,0.00102720184127495,0.000289048608535877,0.000383633131999678,0.00124431248306652,0.0106855588529693,0.000128175712435133,0.00045956790865842,0.00102334763045565,0.000285509875459355,9.60411580503644e-05,0.000142544968147168,0.000167128748744017,0.00215804340025517,0.00122398307062208,0.000152416102274833,0.0789546086793227,0.00145196510334301
0.0752698672189561,0.00117019230075539,0.102615488783367,0.00104101877919238,0.000112647341302396,3.9985195154031e-05,0.0482990349396258,0.0134767123513945,0.0027930427996567,3.9985195154031e-05,0.0118534986845813,0.000162723707761246,0.000178001243291065,9.74758997693125e-05,0.000128153386979028,0.00164222489492043,0.128054605306992,0,0.0762433082027667,0.00911227872179128,0.00126490567607126,0.0476014628305559,0.00491684874844829,0.0177242875241327,0.00154407978686402,0.052374876575957,0.000509189976252246,0.000115658778594332,0.000505333867524768,0.00625979472019471,0.22741153531626,0.00017789514929433,0.00156234835699409,0.00298155959023952,0.00234127007832969,0.0447494195270996,0.00229657594193596,0.00169986657945414,0.00237524055997652,0.0189413203244465,0.000120845142819331,0.00514416329752938,0.000483821269417609,0.00329507143112934,0.00423508056435347,0.000543768458111136,0.000397660702453902,0.00140732870561113,0,0.00160865838656885,0.000520954168274807,0.00397630914524049,0.000548856889416073,0.000913391781658685,0.0148485322124062,0.000627737775988435,0.000211355563649167,8.03049944516104e-05,0.000337334023695131,0.018775034306718,0.00137386013017962,0.000210017147074974,0.0306561990412171,0
0.0487875570890986,0.0104706821818095,0.0484676243695742,0.00173400208994438,2.7498547495283e-05,0.000185946695875238,0.0384696554563971,0.00995506073768138,0.0303866211733101,0.000183832882329577,0.00096994685997986,0.00348909852421518,0.000324033537772848,0.000185946695875238,0.00193393669983057,0.0272311142072642,0.0593330469311636,0.000252070018706761,0.0324268105603684,0.00700554368207004,0.00095522405377732,0.0779413288560019,0.0120021184853603,0.0316022368443123,0.000308501950761623,0.000564823560435519,0.158660916929118,0.0034972282690847,0.00149576921252991,0.000488099218041273,0.0728212231257386,0.000103451053389389,0.000336263102396022,0.00384685565415206,0.00936078257838735,0.022212254283247,0.00267662314203378,0.000427044254944175,0.000420763722491549,0.0713408922122748,0.000416180631242335,0.023126474433803,0.00567702121168059,0.0922886388121765,0.00141278530607438,0.0012877398050931,0.00339600072102966,0.0077328685666666,0.000245110509772769,0.00291477613986221,0.00160025670354821,0.0155213189183652,0.000355080735878088,0.00503791363020444,0.00227652826243084,0.00815515784660945,0.000717036108629997,0.00131812899510831,0.000141635492507567,0.00400311752679044,0.00255376534321526,0,0.0269400348500712,0
0.00205839855519011,0.130800311261933,0.00635705488924302,0.0914343679502767,0,0.000298599118818713,0.00584480127021073,0.00146120031755268,0.0314518631588871,0.000597198237637425,0,0.00154276211389668,0.00273950054304462,0.00174651210085533,0.00121927973517641,0.0224673149232936,0.0251482584877267,0.000298599118818713,0.00910515886005753,0,0,0.0382840012812114,0.00664851430146253,0,0.000298599118818713,0,0.0980373686551153,0.080166748091578,0.00616255887279678,0,0.0265510888577064,0,0.000298599118818713,0,0.0866846659374787,0.0139258269542806,0.010371749316184,0.000574656931608954,0,0.0681402294648031,0.00584310985908016,0,0.0083912207272741,0.109295287295166,0.0114931386321791,0.00321930834279351,0.00303809966186333,0.00907505499464721,0,0,0,0.00406768113331962,0.000574656931608954,0.0598864684190244,0.000298599118818713,0.00676548188656842,0.00177139536075689,0.00114931386321791,0,0,0.000298599118818713,0,0.00411679711038021,0
0.0366730267407311,0.0398213003176495,0.0210739383317993,0.00137395759961048,0.001181092463882,0.00277780510627,0.00125134328351091,0.00185683546252473,0.00712213573500187,0.000193947914127892,6.29230697356466e-05,0.00140837524819685,0.00639938706737433,0.00101525468061556,0.00929605428362224,0.000577613213723432,0.0261972482984828,0,0.0257165169730142,0.0068162056543771,0.000809425253553982,0.135340353604157,0.035043373950702,0.00205937955654187,9.13104005727263e-05,0.000468571619010982,0.000730344107819848,0,0.0699073526784696,0.000232760216091258,0.0320264975622291,0.000411104454171912,0.000898355443583325,0.00250501974961235,0.00419956496404256,0.0135912132134522,0.0701047931514301,0.00195907919977043,0.000731868210911632,0.00173348610993065,0.000394044236317271,0.00075507683682776,0.002205456657675,0.00276598812666397,0.00466500236397431,0.0210676597215987,0.000228483653026459,0.000422431567154351,0,0,0.0080475780966334,0.359013880167575,0.00147841642913452,0.00666996438121539,0.000610298634505137,0.00251080636415726,0.000232760216091258,0,5.13187567775829e-05,0.0010208486887258,0.00153036012779263,0.000543099001704692,0.022127711082146,0
0.0348050595800284,0.00119551665192791,0.0089607270240893,0,0.000708660293978474,0,0.0230392721468662,0.0030596922027367,0.000837288844535522,0.000446854962851842,0.00149407628735837,0,0.000651905292125847,0.000205050329274005,0,0.000446854962851842,0.0225565034386749,0,0,0.0035580860960597,0.000205050329274005,0.0105568794103366,0.0248323686499095,0.00923444986929941,0,0.0233967399968388,0.000205050329274005,0.000205050329274005,0.00111876095252648,0.241921321585297,0.0193688620412565,0.000970465625105106,0.000205050329274005,0.000466855660400637,0.00130902665563316,0.160858033839775,0.000446854962851842,0,0.00212598088193542,0.0487894390697863,0.000261805331126632,0.194726181066234,0.000261805331126632,0.00186417555080879,0.00149407628735837,0.00320474043936432,0.000970465625105106,0.000205050329274005,0,0,0.00174842021836317,0.00199247018068137,0.000893709925703684,0.000970465625105106,0.0585639077729032,0.00165945914221925,0.000261805331126632,0,0,0.000856955621399853,0,0,0.0818827175906918,0
0.0899824799868083,0.00104632279424673,0.0993398802684989,0.000242103071892812,2.22867745526819e-05,3.96640539019764e-05,0.0321951235411637,0.0180333092738434,0.00118058406646366,1.40442902315743e-05,0.00164469212836816,0.000106072078285565,6.90950680438066e-05,1.9166157626445e-05,0.000102197430132505,0.000255350278898076,0.157655268979904,9.98159147795528e-06,0.0485322560416735,0.0011598852519997,0.000771316518525132,0.0142121453958397,0.00110159243991943,0.00191325728955525,0.00109970059207279,0.00115656596311479,0.000340193643677635,1.91393884434737e-05,0.000185541830023714,0.000174774592361856,0.483674981394184,3.32933537173293e-05,0.000221642907215372,0.000473875667539704,0.000404856945606974,0.0121609627403159,0.000486774221695209,0.000187322559672392,0.00048137259470131,0.00374744943696144,1.7322564317051e-05,0.000367433433910763,0.000184041709402676,0.000515570474735758,0.0011587063317049,0.000166054933332313,7.48097624473379e-05,0.00155411690631691,9.00487662966649e-05,0.000196232180033485,0.000213835247633945,0.00218811783584874,0.000114357389043401,0.000316220630796247,0.000871857800553452,0.000234015872442716,2.36195239848703e-05,6.09142865000311e-05,0.000102079295732703,0.00177369817946045,0.000471640497485515,7.35545972351885e-05,0.0146747009390295,6.05282385992196e-05
0.0702706431882592,0.00152007369718575,0.0289600164393677,0.000746866417571832,0.018081353686444,0.0322574400159863,0.0154171826053086,0.000121840036770789,0.00304547394775372,0.0105781968296774,0,0.00311209402783778,0.000169298328247052,0.017020384232203,0.000169298328247052,0,0.0272106601962771,0,0.0148954605050879,0.00103039658057878,0.00683111471064684,0.17357269449232,0.0121735880728853,0.00236090059761749,0,0,0.000731040220624737,0,0.00195126996710857,0,0.00648576810929505,0.015963327683564,0.00780516674971658,0,0,0.0261290495357054,0.00465207774822609,0.0114633896163177,0.00603036606454334,0.00550310832748066,0,0,0.000149373283514366,0.000121840036770789,0.00417406018090145,0.0810428560709985,0,0.0013589933638749,0.00295169412924252,0.000121840036770789,0.257716634215567,0.0941543462617446,0.000169298328247052,0.000440511648532208,0,0,0,0,0,0,0.00176242822219128,0.000657268268255523,0.0258919992347805,0.0030273157597527
0.0990038737505892,0.00430144118634263,0.0929294093109185,0.000718632120358043,0.00174984611146945,0.00267404331451285,0.00655394869605,0.00512479204216909,0.00137962449584538,0.0112232342127273,0.000627749445702504,0.000140471677672286,0.000198368272002656,0.00181778835240312,0.000308757113494187,0.000581234716740163,0.0489301715501071,0,0.0361360238447442,0.000773356970338018,0.0113572416299102,0.123562493830204,0.00497013778916682,0.00356174721992055,0.0004746517857123,0.000477860005275022,0.000605840255327056,0,0.000494975408507225,0.000143338446604374,0.0354605909403116,0.0023532946894087,0.196632372786387,0.000306024899259765,0.000351295511272217,0.0369678324570591,0.000898933587661247,0.0215448189955227,0.0236066763196219,0.00909422826911995,0,0,0,0.000265414128882241,0.0182678385175298,0.00552827238842676,0,0.000519922397724753,0.00643203745682228,0.000275209817480398,0.0128551262647631,0.0151654486993536,0,0.000583589005131624,0.00287350382494559,0.000149889440427482,0,0,0.00144865177915994,0.000794961185295158,0.0012349067684041,0.0127752191642536,0.0582994559686939,0.0744934311822674
0.0522894620651545,0.00806530567042312,0.0457876245968217,0.00186460646113436,0,0,0.017430459357945,0.0071380537596134,0.0561776738645904,0,0.00980410626854757,0.00160846449032918,0.000203973193383269,0,0.000664748242608886,0.0031349602005952,0.0811708673097895,7.26395074615533e-05,0.0111322585005799,0.054750010389471,0.000671952458427051,0.0680644478623701,0.0341239173353902,0.0138145126479539,0.000886457832298929,0.00218660259243125,0.00248556108194055,0.000312901210842042,0.00050292907522392,0.000905390472450619,0.121368661869911,0,0.000557454267586099,0.207185033112249,0.00182350733368249,0.0392768896664984,0.00428906083650849,0.000421013510917144,0.000376264661458373,0.0144034626271516,0.000460715169427147,0.000276612700844822,0.00221872733166778,0.00745462289785268,0.00161748238797874,0.000304440871380491,0.000720785110141467,0.00298565987088357,0,0.00168700148187778,8.19155643067763e-05,0.0205819734254075,0.00145568480629532,0.00254772828871196,0.00216808766216405,0.00237969171492958,9.96519606135505e-05,0.000648208090147027,0.000172291468075104,0.054560051290277,0.00446903966345312,0,0.0281583939098248,0
0.0147294822102351,0.0153215186794882,0.0238245104169222,0.0481552212368803,5.22742276248023e-05,0.000351159993842141,0.0134172245511314,0.0024489468793847,0.0102107315234385,0.000177050537890389,0.00039134171516776,0.000788205997198319,0.000783554862725867,0.000218617500548191,0.000134032480282185,0.00327659526097225,0.0293110816833764,0.00379097731921004,0.0159425896333556,0.0026388812852116,0.00117689840025774,0.0485970010977743,0.00361534913650115,0.00632605947547824,0.000234836019262526,0.000683136526116407,0.00245474943963867,0.00127060141529542,0.00216083818395925,3.12933607734799e-05,0.0320987086137794,0.000164269517150107,0.000176439807524959,0.00176917668919349,0.508653533900464,0.0129663239629726,0.0010014258194472,0.000235281612802655,0.000225531388534131,0.0289683229484806,0.00139705481182962,0.00288650670081725,0.0574269981283751,0.0178013058121941,0.00209978684953728,0.00197090454949267,0.00674102440325782,0.0029192044311363,0,0.000875012517156487,0.00125161272322206,0.00933253191292643,0.000782214981440002,0.0186515585992715,0.00103482400379934,0.0055616417876266,0.00650996913172735,0.00340664947275817,7.77100243179011e-05,0.00158843144018713,0.00178468504031698,9.04425843463872e-05,0.0170361547839713,0
0.0364508619616792,0.000977835930546176,0.0177168677130047,0.000302217144883879,6.05462160098166e-05,1.91129023295796e-05,0.0629502484216589,0.0066364753288515,0.00077823636992327,2.51755255181984e-05,0.000494638998391217,5.67671865151609e-05,5.72501238704657e-05,1.2403674895944e-05,8.85090876508878e-05,0.000188241258012937,0.0274540183563193,2.11780546816513e-05,0.012514161214584,0.000740164005586699,0.000391635383762993,0.0134484508039034,0.000749747968694365,0.00144280267456716,0.000359843343186171,0.000728383237843261,0.000222128886642358,1.38553865710311e-05,0.000191427936058833,0.00152288299505224,0.0205316381922976,7.14530293434308e-05,0.000337881327114913,0.00042393583294658,0.000388966051255498,0.621658465057414,0.000505396403042077,0.000313702691886959,0.00132235243475055,0.00357710030289254,1.77375153046783e-05,0.000903546917230714,0.000203261733012649,0.000369494467921436,0.00219923113552535,0.000247014789438748,6.95630051054401e-05,0.000333448665401525,0.000102517754884332,0.000126455901087171,0.000282263055069484,0.0020438782706578,0.0001888662776256,0.000319340084602627,0.00124451921319804,0.000194025855906313,2.85506579680964e-05,4.89319787685795e-05,0.00013735034781734,0.000965646729295072,0.000382575883918613,0.000227393652748911,0.153296349455909,0.000321077237463356
0.0246104715340571,0.0102028524728403,0.0195847903101217,0.0012892573654644,0.00303501965125236,0.00320090742413137,0.00708097002602556,0.00118835923033297,0.00340812595702096,0.000155280917821661,0.000347424884661725,0.000973063430829719,0.00187598876344763,0.0012842651058981,0.00314044723743504,0.000567615071705782,0.0209901011202808,0,0.0199592873760418,0.00135696645685307,0.000900478689234004,0.127919860258015,0.0103353209226849,0.00057436098362049,0.00015668713718082,0.000920398761245422,0.00110232617568224,0.00049329997544069,0.0273317496640446,0.000277081111249153,0.0207542613040193,0.000451971791964714,0.000451211532812335,0.000706168618871005,0.000982723814652091,0.0155766337060805,0.397514099252747,0.00154079696264496,0.000933927684753762,0.00536688060828555,0.000359459272946601,0.00119537073095014,0.000194804256956655,0.00132524623137343,0.00104575866100297,0.0289841185221031,0.000251004500539914,0.000411758147196484,2.94524395631515e-05,0.000176068677172128,0.0074154114141508,0.198410694838222,0.000136545338037133,0.00428449225004316,0.000593343898629976,0.00166310554384741,9.30697883719858e-05,2.40940096738394e-05,0.000365622307414746,0.000876410287652855,0.00177830169201634,0.000637236810610709,0.0112071970900735,0
0.082944341323968,0.00429942372502526,0.0861753594790998,0.000693342727266622,0.00126600769321288,0.00170531004944641,0.00765232293287274,0.00408330111340386,0.00105040578051071,0.00230981509929622,0.000621631597267392,0,0.000160377793507504,0.00448375560018569,0.000596463260288372,0.000908278795774699,0.0512673260395509,3.92761943283684e-05,0.0688404591896074,0.00168599876325597,0.0328711279481773,0.381688436787557,0.00375381915445636,0.00162114675219639,0.000552033160140459,0.00104602196401648,0.000442859517713651,0,0.000656123538016581,0,0.0299933107236621,0.00238444789247866,0.0200082782971539,0.00142703506059738,0.00309580082681314,0.0306679924604399,0.00370228072054166,0.0390761008078654,0.0103544741184358,0.0044372118414812,7.85523886567367e-05,0.000238963786026603,0.00108932534470502,0.000321615845891468,0.0152770780569236,0.017050591783244,7.93790436708348e-05,0.000541392294720098,0.00152225496498553,0.000314209554626947,0.00887561744432191,0.0184886863577868,0.000200514246712332,0.00181836344067763,0.00072498988890898,4.01028493424665e-05,0,0,0.000811299921841057,0.00103351367002433,0.00290203565004912,0.00651516331434149,0.029176589108822,0.00433806231410917
0.0611812075195006,0.000411811020869728,0.0195153701923435,0.000279959140637371,0.000165565279677829,6.2779886204485e-05,0.0105283003380598,0.00392114154153219,0.000465038906410847,0.000271067841369511,0.000257956034846999,0,4.22487859983119e-05,0.00046272214682939,0.000125665602460424,0.000570215558288438,0.0290699416169759,1.74395703588516e-05,0.00956468179709559,0.000558627474120104,0.00161336481353133,0.0161126426610908,0.00515105630438467,0.00143418926757741,0.000684334765207997,0.000287117125815071,0.00010061826892726,0,0.000275078115051488,0.000399803256473028,0.0276298644643599,0.000312372115568591,0.00259915462094437,0.000144800065460505,0.000365140604641758,0.0623341532906342,0.000843390893424542,0.00204413024868194,0.430390207473994,0.0031752744905845,1.74395703588516e-05,6.30027732615149e-05,0.00053391525586602,0.00257726834444095,0.0950640747499857,0.00156877285926201,0.000111419388117796,0.000204303219505555,0.0208891409503979,1.47392905612176e-05,0.00135494142244079,0.00407724818796011,3.9548506200678e-05,0.000266166708173907,0.00022416165354636,8.04423436203664e-05,4.55632029026633e-05,0,0.00651064574679139,0.000607759227351031,0.000906523608229784,0.0229039694180268,0.1215007220827,0.0270697983903657
0.0146376950282378,0.00111271835681333,0.0115719969039178,0.00070430515384224,2.07467420470738e-05,4.61088391419245e-05,0.00629699410126528,0.00215877400580539,0.00149060859219983,2.38864135170034e-05,0.00179098495635922,0.000187277680921803,6.87600735805959e-05,1.49338739289225e-05,0.000156346103098393,0.0207915620964429,0.0138633041340596,0.00047469354257088,0.0081358761363633,0.00790236318215614,0.000278565790355728,0.0138087999617326,0.00151448212209965,0.0317192839157121,0.000234726277420555,0.000538269060189001,0.00272850757284325,0.000147342810251676,0.000224521770714492,0.000276976145402623,0.0197756430670059,3.19080355632211e-05,0.000241518507877921,0.000519063423645015,0.00357651348776056,0.00688409658267867,0.000507904416880825,0.000264503850269986,0.000325199644496493,0.762143543913602,4.52954454758768e-05,0.00704443715097951,0.00299068073077199,0.021989874241337,0.000696499117624472,0.000270388425923366,0.00247907681847041,0.000311680747160359,7.91770525091592e-06,0.00179437518944576,0.00024180883159228,0.00249457512969068,0.00468696593025924,0.000580846192421951,0.00234566815070676,0.000424274433406693,0.000433301466976394,0.000864778268547532,4.59706590585768e-05,0.00340103679661029,0.000320801531210355,2.51844406627682e-05,0.00926993820502701,4.33181186178872e-05
0.0181585171843404,0.187075170919237,0.0676857670636772,0.0478273688676436,0,0,0.00857221865493857,0.0179966461820055,0.0183827442301196,0.000218109185023573,0.00739950692829709,0.00670359906587523,0.00284756862132398,0,0,0.00131774299285075,0.0311770172973021,0,0.0457593204743558,0.00780030129863489,0.000701819071164561,0.0259679015598238,0.00144497335078117,0,0.00285740621831286,0,0.00971810406678186,0.0100391932363085,0.0101470079167425,0,0.0979079319146016,0,0,0.00066237256599372,0.012543570534441,0.0494471698213859,0.00601599573085776,0.000880481751017293,0,0.0175570685152827,0.00745069415132031,0,0.0064007817789826,0.0106830968793768,0,0.00416744541635503,0.000109054592511787,0.00751924494929264,0,0.000810873663676348,0,0.0175541849988228,0.00066237256599372,0.157281381273589,0,0.034727673737033,0.000227197067732889,0,0,0.00350909535582281,0.00066237256599372,0,0.025804651275449,0.00761728450892778
0.0150641071970981,0.000383521468572199,0.0109949484957435,0.000277147346099738,0,0.00011863383784212,0.00346503301578113,0.00129722993718193,0.00129660568837108,6.47752442680815e-05,0.00124933969351528,0.000125489949249879,0,0,6.13198278716411e-05,0.00334566548635791,0.0116631327348226,7.22364785656844e-05,0.00479967219191432,0.00250503556811404,0.000257725504586105,0.00838423318234495,0.00269792048153527,0.0247443669774279,0.000198331550705407,0.0052212282107998,0.000276730826042111,0,6.8781062169244e-05,0.00555964172593722,0.0184030918929909,0.000159682314541777,0.000296506497094494,0.000373948945104939,0.00046569651948232,0.0194394543617847,0.000323821499955286,0.000436105000745337,0.000319364629083555,0.0722205796125664,0,0.65700077063011,0.000745728692001595,0.00588897839772699,0.00133649864067617,6.47752442680815e-05,0.000318339798482581,0.000445535673631748,7.11803027052719e-05,0.00019643808452507,0.00058729009360128,0.00132990604195793,0.0312752686621312,7.56918949621249e-05,0.0696527084873404,8.89642215943319e-05,9.81749463890871e-05,7.91919385075968e-05,0,0.00593905696552294,0.000351289510184185,4.74535351368479e-05,0.00777565328227772,0
0.0114848215013299,0.0128626466494679,0.0123814585355802,0.0173087692486671,0.000258367465638987,2.37130844772061e-05,0.0139974889683664,0.00181284580027693,0.00508023495118427,0.000110054826678872,0.000233764964040131,0.00154541472271733,0.000710181001711693,0.000246395095322565,4.3170871100833e-05,0.00366287439793394,0.0121058606032468,0.0266433258751819,0.0129932669977224,0.00126274787258686,0.000552804931230963,0.0238255363802183,0.0009159595208706,0.00590057706900242,0.000131427209824103,0.000610759345916646,0.00212210836910477,0.000346224793377544,0.00225099481399203,0,0.0239739384975806,0.000217768952025769,0.000743034413211386,0.000479396437419109,0.130214759130165,0.00791687083460653,0.000722793070443687,0.000619962102615653,0.000382077603000247,0.0412293771978996,0.000758540019088812,0.000522904825653157,0.533832930339361,0.0192110816236467,0.000428907504840145,0.000431479862327759,0.00473108146521044,0.00229130298507318,0.000165198068096128,0.000490646745442955,0.000910358799784271,0.00294600772695951,0.000533159855577777,0.0114507209056749,0.000646181552003867,0.00292530213605551,0.00231924693447837,0.00730005853861755,0,0.000517528454522289,0.0009723124232423,2.62854419648205e-05,0.0286649896866417,0
0.010738729188011,0.00609727917802903,0.0095913438471769,0.00174186308599825,8.79322350318142e-05,0.000186641735609507,0.00343020654370854,0.00102823267566131,0.00522709680491019,2.63939471543877e-05,0.000919705733022798,0.000414717680139885,0.000261246686363118,0.000158552932596791,0.000534417394506912,0.0924200204227093,0.0124906190326952,0.000877888152638352,0.00777525384622859,0.00465427342069984,0.000796866032531074,0.020857513856535,0.00613507203572992,0.0161318526881059,0.000170839960843407,0.000746614150463962,0.0116231951735914,0.000561348485712928,0.000389857306184034,0.000189699431207265,0.0148821664249624,1.12260034418576e-05,0.000327779640081424,0.000375366625828345,0.00826450267430936,0.0126430293456809,0.00044670348175035,0.000162675809512181,0.00129147752839589,0.194960533302877,8.58490804224832e-05,0.00445210025222004,0.00819125894819304,0.487698475338572,0.000815992886579462,0.000950299278275354,0.0166471353468966,0.000857115114156571,2.50439577437897e-05,0.00078703757053944,0.000586439256901244,0.00414845728165536,0.00129219708168537,0.00215483877580691,0.00125176344923015,0.00119256031250409,0.00169770436295448,0.00989199748969345,0.000132447950048242,0.00132068970850353,0.0013638516583867,5.62939470123008e-05,0.00476971645138259,0
0.0880284456698193,0.0002363365400621,0.023301523880369,8.56080519983112e-05,0.00044832760156514,0.000103282559733089,0.0133623985022825,0.00440157460793732,0.000327381986186073,0.000101476562720309,0.000474408654092918,1.01579718784375e-05,2.90302867145136e-05,8.45028062270645e-05,4.37006598682761e-06,0.000290207630892146,0.0320781504391285,4.37006598682761e-06,0.00827527805103632,0.000549387527644774,0.000787798730441027,0.0127936556763756,0.000268151529212289,0.00122804977254411,0.000570732823731496,0.000517806021782213,0.000258512463595521,0,0.000194536843268387,0.000544699937509488,0.0244192957573618,0.000288925197865595,0.000934114923221673,0.000108993759510523,3.77446296721521e-05,0.0402544721579702,0.000422892075715145,0.00125939635269984,0.0333030608870261,0.00255937661163316,1.01579718784375e-05,0.000851380125003715,0.000123989125605424,0.000468034229963695,0.479810008937147,0.000503930914913371,9.74300160679692e-05,0.000327200802140082,0.00214601883781804,6.25729747043521e-05,0.00122088546106414,0.00222976370403071,0.000248236473937107,6.84919602165698e-05,0.000549947508667633,0.00015709108705442,8.71434295763853e-06,1.30844089444661e-05,0.000972417729843097,0.000579445963273692,0.000205475728910807,0.0114561414274557,0.197768766196407,0.00717237845859742
0.0186902631398609,0.00742469657628306,0.017428178408846,0.000860520669833315,0.00318829914159914,0.0249739873991381,0.00489099513945309,0.00449112895389129,0.00215350301894617,0.000569525155726066,0.000152356557633555,0.000226972286737687,0.000668607653491558,0.0227791631603518,0.00112362701991811,0.00075710172744821,0.0169336875711259,0,0.0134830907202816,0.000360472962213563,0.00215859613259116,0.128557873668242,0.0106375677770799,0.000962994776816913,0.000496450427603262,0.000374585835755478,0.00079027562100997,0.000111625749544618,0.00384342645139709,0.000114726078417294,0.0112992377336928,0.00114343682383808,0.00140299596794782,0.000292981799657409,0.000947152597416872,0.00653015507907962,0.0107514997626061,0.0053868955360929,0.000474635866447334,0.00253312142517886,0.000130539686340319,3.30337837788718e-05,0.00048649723821559,0.000610170542073063,0.000950822448644334,0.415254468116412,8.56019631292197e-05,0.000599432013574113,5.41969122109242e-05,4.95011345630802e-05,0.0197365504376921,0.208290205200106,3.54145716653173e-05,0.00209477839135242,0.00042200111892617,0.000453984831002038,1.18048572217724e-05,9.42406933532694e-06,8.71981819501571e-05,0.000451131437609731,0.00184401087592592,0.000231329938095065,0.0181114898769812,0
0.0116171256447906,0.00936674102920292,0.0407141123755294,0.00492138350898333,6.91147485100883e-05,6.91147485100883e-05,0.0341790286249946,0.00190804728397026,0.00980009027176089,0.000108333131009341,0.00152117821902762,0,0.000213103807906106,0,0.00261515250090406,0.0334844420569332,0.0384630184719009,0.00332889343318236,0.0152504046632078,0.00917072630374623,0.000174761578375509,0.042339983251691,0.00526401761035542,0.016323483676833,0.000487752653771195,0.00200929989730916,0.010388624281568,0.0024083127575511,0.00189571433238229,0.00249166201321485,0.0371818030367136,0,6.91147485100883e-05,0.00218753514868783,0.0210575700478809,0.0470211026591293,0.00207080054471343,0.000451220572415862,6.91147485100883e-05,0.121119194028004,0.000143989059396017,0.000349523156751018,0.0201054485059343,0.342812650560127,0.00252844788299406,0.000384792125049695,0.04110353489023,0.00138075161374418,0,0.0013050011498896,0.000679895152066884,0.00383485876928768,0.00028309470938485,0.0020908857013552,0.00190997760051585,0.00262989490518366,0.00387004081409035,0.0138431303015548,0,0.00302627853785202,0.00422909307919611,0,0.0216776330737109,0
0.0596172044523006,0.00216529579925503,0.109653192148472,0.000946854323530718,4.65920075487328e-05,0.000253104701362215,0.0201632749174416,0.00737018696814518,0.0135240895121344,1.34907070223693e-05,0.00322846746060364,9.48816999964435e-05,0.000145716318294353,4.17235549226668e-05,0.000808894725056935,0.000424150759632605,0.104615251987971,2.08617774613334e-05,0.0706615637383209,0.00244143166333322,0.00210601286647003,0.0920604801798929,0.0296493487197647,0.00243983467935554,0.00101782026410674,0.00111588390469906,0.00142013162832013,2.57302300873994e-05,0.000636209165179512,0.00134521656498795,0.355848805350486,6.87049689674054e-05,0.000506658856764385,0.00361169956329549,0.000817747597890922,0.0150447219282132,0.00114232704603983,0.000534849396627382,0.000546951886794462,0.00627006201599626,7.9067466198207e-05,8.09442421342158e-05,0.00096542926088708,0.001338941287494,0.00122929513581406,0.000202361355030199,0.000268384115351236,0.0320102021316854,0,0.000107300314098505,0.00044396019150714,0.00661794276146246,0.000426208830009302,0.00127814811497141,0.000938991525946507,0.00159838471094011,8.62594456001402e-05,0.000106674722119835,0.000511302457421363,0.0112045846223985,0.012363098495108,2.08617774613334e-05,0.0156762309996157,0
0.0571293893308655,0.000511545325121047,0.0168760616928876,2.98361337323659e-05,0.000578239848831183,0,0.010531857580592,0.00351404109799481,0.000154093445702098,0.000920629679523406,0.000289739819472896,0,2.98361337323659e-05,0,0,0.000243661758814321,0.0259089724394281,0,0.00891962214664467,0.000866191007741227,0.00212534474994946,0.0131597284966331,0.00055942750748186,0.000732393206448407,0.000837838177068817,0.000110120998963813,0.000318012445484735,0,0.00020454217720118,0.000938795551982104,0.043136368715304,0.000188842356474733,0.00583624287254882,0,0.000119344534929464,0.0537898784058789,0.00061406862355789,0.00302939429012257,0.145766680945254,0.000427652699645728,0,0.000288176311752369,5.96722674647318e-05,0.000867754515461753,0.0581768646137241,0.00128736500682313,0,0.000256394490260251,0.307621848604154,0,0.00130248938326801,0.00464230953104228,6.45850445050008e-05,0.000246148103292019,0.00038221530995051,4.01424326157235e-05,2.98361337323659e-05,0,0.0175935547094123,0.000188842356474733,0.000160569730462894,0.0164750437047999,0.100914794452254,0.0910029991025359
0.0185919451038208,0.00176023395161229,0.0461027343161643,0.000694700524272867,0.000140744668734245,3.63175551958943e-05,0.0458662812927617,0.00263256629515943,0.00661197930725072,0,0.00651424225683616,0.000328385370579699,0.000140744668734245,0,0.000549317164688056,0.00611555160613576,0.0851268873527708,6.50830954094649e-05,0.011944448503326,0.0933031207998698,0.000547386490058389,0.0178968778537784,0.00350959389895776,0.320816658114682,0.000734481492254791,0.00104364058163353,0.00298576027391302,3.63175551958943e-05,0.000597768856316224,0,0.0467792294906171,6.46515098961395e-05,0.000900393448422865,0.00889371071396246,0.00251935434383911,0.0341484741916684,0.00156289208522832,0.000194817700715069,0.00049686172496452,0.0769445631855941,0,0.000693837353246216,0.000274573240575856,0.00541788655267023,0.00131741258492306,0,0.0012867056414004,0.00057122317740961,0,0.103044124094931,0.00013016619081893,0.00341076520541147,0.000660411420989602,0,0.00651884071513887,0.000140744668734245,0.000259900796124534,0.000978989071737388,6.46515098961395e-05,0.0102116614396922,0.00152556359583003,0,0.0162938253954503,0
0.0312410785218703,0.00591352530336195,0.0257516532091637,0.000592279558620754,0.0163988885916118,0.044654742435579,0.00269100169622845,0.000818905359036051,0.00167729748190823,0.00451433985737055,0.000107268411210659,0.00111553957359514,0.000170019587875289,0.00306632838038855,0.000553657040231526,0.00116803685698965,0.0201741501727409,2.36472378393972e-05,0.0301780509985508,0.00103706237247722,0.00492968880399334,0.10309454635702,0.00936503417848949,0.000921494362989913,0.000453015013581492,0.000465541529079837,0.00108506500093985,1.95519694126162e-05,0.00126205884210813,4.07332696096171e-05,0.0175189315224653,0.00810950693133432,0.00503005709026177,0.000388306030051198,0.00088106605384159,0.0206829899995635,0.00451724745548621,0.0135263252920054,0.00454033577190387,0.00341174492092083,0.000178521428219219,0.000207467485575409,0.000367699330934397,0.00103162556113644,0.00582209084865907,0.0785213903018292,8.63984145040269e-05,0.000193978129205055,0.000401953745557196,0,0.4062096919454,0.0910247677605972,4.31992072520134e-05,0.00136152815097778,0.000341274851962235,0.000304193898494115,1.95519694126162e-05,0.000114140920770205,0,0.000758794359928353,0.00087313752276584,0.000860238648254577,0.0191403480011773,4.72944756787944e-05
0.0112282921040983,0.00481277982261989,0.0170635924437486,0.000582516562117551,0.00029087821536735,0.00109445262828363,0.00385709627043749,0.00141595969389854,0.00284691366083161,0.000111396598088467,9.3078406320317e-05,0.000669406286476437,0.000589552629822925,0.0016214949196186,0.00296973983244817,0.000384381406215901,0.0184457673350855,2.74305809928357e-06,0.0189072065567621,0.000319311525220007,0.000528962033120008,0.169748087626818,0.0306658098950116,0.000753486633732473,0.000184396540849591,0.000164988453781397,0.000740323339081449,3.71408779459046e-05,0.00313301391091137,2.21993205194767e-05,0.0122138096894946,0.00021465459738009,0.000201447765410485,0.000204366971358189,0.000732083278318747,0.00598771514705892,0.00464700772391274,0.000393684392376909,0.000597088670553576,0.00325445481029155,6.15637718680023e-05,3.94661379531189e-05,0.000419314287699399,0.000797339017873663,0.000559969437241706,0.00873008923930224,7.71296865706098e-05,0.000625790310929298,7.8894391825111e-05,5.60066266609214e-05,0.00201382635022008,0.651405698588831,2.59166446043582e-05,0.00121166210579055,0.000187223419640398,0.000576945285040804,3.18714021972912e-05,3.15559299235401e-05,3.86917975312481e-05,0.0005253835208709,0.00292525998544961,9.00327293894994e-05,0.00764640588136306,0.000112681817734943
0.0180864594763514,0.00108042983643934,0.0202357546720545,0,0,0,0.00393486355281924,0.000228790984575733,0.00168619767706472,0,0.00175608566392037,0.000581612766636073,0,0,0.000496379902843294,0.00602174417207467,0.0187445272349641,0.000209779424704632,0.00872367054140827,0.00872779265834786,0.00107664778381688,0.00690197421120721,0.00495273210960282,0.0784032700353902,9.86242244717754e-05,0.00183592557327789,0.000517904377926648,4.93121122358877e-05,0.000147936336707663,0.000838333062152898,0.023363728361415,0,0.000427626038277348,0.000345184785651214,0.00113019643818892,0.00788202734202261,0.000359808306881599,0.000427626038277348,0.000154062476611008,0.206421382605369,5.13289094529084e-05,0.180071956220631,0.00121262321647632,0.00602942775554793,0.00180475016165646,0.000567089290712709,0.000457581969151467,0.00037032248542566,0.000205315637811634,0.00157995579465595,5.98262907799486e-05,0.00194967925969129,0.355428020488919,0.000624444294761942,0.0116491845712483,0.000111155200232857,0.000254779246552086,0.000205315637811634,0,0.00253918342163614,0,0.000307973456717451,0.00867169590643941,0
0.0166008971521705,0.325325423549246,0.0194949689280687,0.0209460101467403,0.000595984012269454,0.000231376120674076,0.0031545196751211,0.00160708757855593,0.0196562407049597,0.000105798239710225,0.000178477000818963,0.0322763020895296,0.0104555165682681,0.000313877346038643,0.00140360608774373,0.00132738220873506,0.015132579174765,0.00012379840252565,0.0128663562561536,0.000172414125170876,0.000575869026542521,0.0651289997886846,0.00766068492832479,0.00117220055088778,0.000184204531993744,0.000280904747781625,0.00336249836530141,0.00233641698174915,0.0167229729364004,8.16299046866138e-05,0.0196798284046662,0.000214288862320974,0.00031421269051195,0.000477053987843132,0.0129246140015209,0.00862350367058458,0.00391428566741943,0.000412357040264725,0.000195911771247873,0.00766238508335438,0.00318099477364291,0.000832698568258133,0.00407770001202991,0.00286928740585678,0.00030531055161887,0.00178544380589183,0.000568200428494136,0.00256253348910504,0,0,0.00164340125337864,0.0561964896572217,0.00098467453083127,0.242657183499973,0.000371591092606214,0.0363694989138704,0.000648665251813859,5.28991198551126e-05,8.60601822409691e-05,0.000385990714760866,0.00166121947042371,6.48364070224495e-05,0.00871139210195619,9.04904597953244e-05
0.0427282972180395,0.00344683864454705,0.043282765702691,0.000480015287972844,1.84068273636792e-05,0.000112477026650236,0.0456341740530568,0.00871408339642733,0.00301654345494352,9.0961894447696e-05,0.00349075978195845,0.000898375641266977,1.43141361397997e-05,0,0.000260389766761499,0.00195238017426036,0.0635534793621274,3.84991585011386e-05,0.0344402443762026,0.0126464510241819,0.00129768602144771,0.0646011817948108,0.00131065496264311,0.0171315147342335,0.000497555535841395,0.00904945991090683,0.000957479424482688,3.68136547273583e-05,0.000378107469515182,0.017392806315041,0.0851093635021879,6.67768720863571e-05,0.00107487838305802,0.00305379266237565,0.00247067444830962,0.0751772665511581,0.000615175997992744,0.000358933100312961,0.000411341591844117,0.0444745154681063,4.70350996432785e-05,0.177112239962842,0.000693935561277669,0.00154219861421506,0.000420161733788422,0.000120662409097995,0.000423435567291214,0.00125662439669753,0,0.00230335318948278,8.79414455945163e-05,0.00383332138524268,0.0103210731684985,0.00146888352629734,0.15628435364633,0.000766525171737874,0.000137854893689892,0.000249096079474879,7.24129666829341e-05,0.0126939543562944,0.00127091996327672,0.000244510729155536,0.0383640708047674,0
0.0113636074332774,0.343026843383426,0.0210665984665322,0.00445102654347638,0.000139213653775727,0.00143209491966941,0.00719053611520329,0.00178748847761279,0.044389935066955,5.58911544467163e-05,0.000103183669747784,0.0184249110601446,0.00413326467685277,0.000246696643096336,0.00154225866119425,0.00112600022616107,0.0266540447636049,5.58911544467163e-05,0.0183890328168075,0.000938465592402148,5.15918348738919e-05,0.050359683604474,0.0283324316845285,0.000544985121066563,0.000163374143767324,0.000572416465948858,0.00640492397867261,0.000788410909272201,0.00882447987379761,0.00054601358574869,0.0319283319950085,0.000167673463340149,0,0.00197357314477068,0.00443885356805842,0.00524184844372471,0.00180305032845874,0.000186506169076795,0.000717986368661663,0.0174638361048124,0.00154959279458318,0.000167673463340149,0.00175267241911129,0.0039940678831538,0.00296816593269414,0.00295358196630004,0.000279455772233581,0.0053843498124679,0,0.000190805488649619,0.00275583012602688,0.0419487645534286,0,0.139250138981828,0.000425632637709608,0.114643362758495,0,0.000279455772233581,0,0.000262258493942284,0.00256340607000867,5.15918348738919e-05,0.00826325849881485,0.00328897947321061
0.0024842465168306,0.14319273824317,0.00597874213872227,0.0147189098470951,0,0.000262801852251528,0.00610730106008449,0.00412391608863912,0.00269087698081463,0,0.000525603704503056,0,0.00182724188620178,0,0.000262801852251528,0.00809068603152987,0.0265887935071225,0.00148921049609199,0.000938864632471108,0.00452096087177995,0,0.0449558344100909,0.0283168995801022,0.00647960368410749,0,0.000732234168487082,0.00125783787299014,0.00331361037753024,0.00214621512672081,0,0.0286664661660169,0,0.000525603704503056,0.00354782500539563,0.212513246667791,0.00433054655262315,0.00255947605468886,0.000525603704503056,0,0.189656674122192,0.000262801852251528,0,0.0343280740084789,0.148018629508402,0,0.000262801852251528,0.0124060194998306,0.00148921049609199,0,0.000262801852251528,0,0.00174917034357999,0,0.00459903241440174,0.000262801852251528,0.000810305711108878,0.0293891712597086,0.0074184683165786,0,0.00462093256875604,0.000788405556754584,0,0,0
0.0377829704689251,0.0012649671385561,0.0451988444003339,0.00532365783638375,0,0,0.034032451256073,0.00453905821117574,0.00877924295713839,0,0.000818464978828327,0.000485475604872678,0.000260076216896077,5.03373323024666e-05,0.000255881439204205,0.0175615588516148,0.0718705454683779,0.0132802733666951,0.0370412965938549,0.00780404685867671,0.00112521880675735,0.028582052939947,0.000690282594769602,0.0237888299962756,5.03373323024666e-05,0.000868802311130793,0.00433241812767473,0.000276575675817441,0.000208162812050422,0,0.0442736364734883,0,0.000293075134738805,0.00118864804831858,0.0333448698071697,0.0356998034550248,0.000515118700561908,0.000381445118114247,0.000293075134738805,0.128680115850287,0.000104869442296805,5.03373323024666e-05,0.0493274415937542,0.267907178224338,0.000364106703654508,0,0.0161307355375215,0.00141404743629518,0,0.00317239802267911,0,0.0046656354259674,0.00161232221168233,0.000758695458536621,0.000681639251294287,0.000532203326930077,0.00263526280105234,0.0408517194952254,0,0.0023440175269483,0.000937215174897813,0,0.0155685577355469,0
0.055720864021249,0,0.0320079661995304,0,0.000375551731471154,0,0.0173418369782693,0.00854437830659126,0.000501278150782732,0.00106144563410601,0.000250639075391366,0,0,0.000686165157045454,9.24435031313609e-05,0.000375551731471154,0.0177551201982544,0,0.0346255170109066,0.000751917226174098,0.00101137206990986,0.00803810907465355,9.24435031313609e-05,0.00175447352773956,0.00128759043622049,0,0,0,0,0.00131978833475832,0.027513361992266,0.000501006896372135,0.00287453723997552,0,0,0.108843653297803,0.000184887006262722,0.000687548554539497,0.216154692050293,0.0139624139038501,0,0.000250639075391366,0,0,0.0780075332774911,0.000936804232436819,0,9.24435031313609e-05,0.0964455364544228,0,0.00272211938666123,0.00181805556158343,0.000501278150782732,0,0.00175284600127598,0,0,0,0.126441825694086,0.00247337909214404,0.000369774012525444,0.0137372727430548,0.0976056373176628,0.0225283026852017
0.0672968937451044,0.00617610189997911,0.116279640868453,0.00177476191206285,0.000292623143446391,0.000117206270907513,0.0353118923724043,0.00881869756525012,0.0102672431001652,4.13489129290976e-05,0.0101485169941672,0.000417269817568486,0.000125205858536884,0,0.000331994559591837,0.00103926329672713,0.147266292592009,0.000105878211712248,0.0875070535412724,0.018787589991365,0.000955567552114378,0.0798283649913947,0.00558977968750187,0.0142295696355246,0.00134867952529739,0.00595856040018315,0.000983177740137116,0.000147733574225207,0.000851729753662232,0.00102556249744325,0.154444653210292,5.41879905912896e-05,0.0011716882914818,0.0162404684226586,0.0027185128584605,0.0381607385008775,0.00154952014714006,0.00115154978216762,0.00130528020041673,0.0248536814707141,5.86852398672635e-05,0.00175130535662717,0.00169112356677046,0.00166647368043378,0.00295511267991178,0.000304229820702575,0.000440640998916162,0.00552964146169374,8.16379645638574e-06,0.00213375173259973,0.000648729547484413,0.00897503596013464,0.000479975634580514,0.00130236025940462,0.0049481967622235,0.000833537209669884,0.000236289282102107,0.000377581249291486,0.000344186459906461,0.0725866469748467,0.0034232834853945,7.53647314973716e-05,0.0245552032235492,0
0.0158902644429005,0.00104142627746791,0.0270735831945949,0.000952078745356593,0.000115876222427949,0.000320719242485356,0.00442017068604751,0.00103446348546106,0.00668531749763743,0.000176179493932295,0.000297114394996943,0.000101594615604578,0.000114825352465307,0.000227584018251971,0.0011299502395634,0.000885944660159283,0.0191920370876825,0,0.0426188813500381,0.00097620229051981,0.00339202920300888,0.639018749260315,0.0312825663532796,0.00254001048046567,0.000302464772723477,0.000368949386417553,0.00127380301176771,0.00015301874200782,0.00059369380918557,0.000561588974469122,0.0225988078832178,6.6097315742867e-05,0.00056418584894628,0.000617914669417964,0.0007456861044424,0.0111527518015933,0.00157017475819618,0.000947729588309655,0.000475548025328625,0.00622799538017827,8.47761714740273e-05,0.000254719480982491,0.000468560141887351,0.00195717188212734,0.000753171612392396,0.00141123769144523,0.000216083040883837,0.00507266066304337,2.91071926370994e-05,0.000350472868873706,0.00057155112377071,0.0235613619822303,0.000207549821150823,0.000707561561363192,0.000522422935401924,0.000677178692743113,7.44695698716867e-05,0.00010077007798895,0.000106607637093113,0.00231288879132772,0.101786136900974,0.000387318280398095,0.0106782432133326,0
0.045667385084583,0.00436898975766817,0.0269725967422127,0,0.00011181864323041,0.000682411186792435,0.00690724264746071,0.00170019104254348,0.000418456813036891,0.00039500059748992,0.000218282374844655,0,0.000208008361865665,0.000280172000925882,0,0.00232601904747097,0.017791393135713,0.000204425446537654,0.0109465291562221,0.000326757018232732,0.00186297902104187,0.0123620515765775,7.44037356318018e-05,0.00277956701026704,0.000804093504017222,0.000111484596721706,0.000269462177693553,7.44037356318018e-05,0.000329766971566361,0.000579142590863755,0.0162440978203498,0.000363837879322637,0.00630320279330422,0,0.000259293026425514,0.0315872241356722,0.000221200295121573,0.00485744653508857,0.107699842263709,0.00615949916896639,2.41309412859898e-05,3.40709077562757e-05,0,0.000150474605840807,0.18478814423191,0.000584704127935506,0.000108474643388078,0.000150140559332103,0.010801138838867,0,0.00131181665527432,0.00469620372997656,0.00143097812576358,0.000304636988720575,0.000477909447778872,0,0.000142545551144353,0,0.00116780892065058,0.000249353059955228,0.000889436247679106,0.225039984837485,0.0839455273428722,0.171233842341581
0.105033502171046,0.000584646987452438,0.020710105572157,0.00018995699536399,0.000130751924677544,6.29267566059789e-05,0.0843936687984132,0.016438497722744,0.000422820131452524,4.17271677554179e-05,0.000444195104512617,9.52584389100158e-05,4.44856044851766e-05,8.43357534330943e-05,7.65062828463777e-05,0.000205605871870957,0.036330889517513,3.5621281674595e-06,0.00954770290667794,0.000538788328257871,0.000495561367612064,0.0095433969776205,0.00073024186840499,0.00119059325830885,0.000513976667207733,0.000457376517074244,0.000166068625301761,8.53185135579966e-06,0.000186670982383327,0.000830286539512164,0.0288576407587979,0.000137635115865092,0.000336778009931326,0.000147755044846288,0.000260035560800407,0.136048458428022,0.000427903416366821,0.000452398289496677,0.00213565123444027,0.00301769496959519,1.70931304541864e-05,0.000283949346923221,0.00014605981763947,0.000325884683404827,0.00702438340399108,0.000379210865102007,3.66122992638157e-05,0.000333294656150866,0.000197819821576501,7.94357680434247e-05,0.00052955267596321,0.00227837372731987,6.86733226602582e-05,0.000318032566365245,0.000494686689723413,0.000108952147957775,8.59101139376996e-06,1.88064866353217e-05,0.000247864644930612,0.000582017411282813,0.00029876734792476,0.000347410971517707,0.524153095499969,0.000396842056520161
0.0345684862516784,0.00163551330343962,0.0186886485544383,1.50989080319822e-05,0.000326959530856704,2.73074605683172e-05,0.00738721525606709,0.0021537585956045,7.99402344349492e-05,0.000221831439777218,0.000154443700959859,0.00024502664746629,5.36238475016332e-05,0.000323531215959694,0,0,0.0135673225419007,0,0.00498340282009461,0.000312960867612106,0.00111222088887418,0.00976144372783207,0.00075953768250158,0.000521784717779727,0.000158325130090508,0.000219367892772182,2.44171050726698e-05,0,0.000170189739545587,0.000101737937802791,0.0105964645367383,0.000302115617293423,0.0119085162352432,6.4841326402967e-05,4.52967240959467e-05,0.0262468495644114,0.000253364272557439,0.00197427750994198,0.0487248529801784,0.00170085819235936,0,6.97138291686166e-05,3.66256576090047e-05,5.26327738666321e-05,0.062348956118518,0.000501718585695451,0,0.000153191549652959,0.0283162692260907,0,0.00101902933503521,0.00160680625573297,2.6316386933316e-05,0.000401964149354487,0.000384794300704503,0.000152606906704186,0,0,0.00265687263681345,0.000224240395537832,0.000605614289042337,0.0417779812867824,0.0608539438373922,0.59941918952148
