0.583623828196353,0.000135201322375457,0.0374915371190026,9.21628113553598e-05,2.12524067806443e-05,4.26854579723166e-05,0.0180671819055539,0.0220036800406348,0.000382124201353379,3.19764970210906e-05,0.000695082099959313,3.20463485087347e-05,4.06910722726925e-05,1.81240003571528e-05,4.14135747227069e-05,8.5097917544889e-05,0.0820762784065383,1.29185007870543e-05,0.0076368006084253,0.000573123152934044,0.000344018232551341,0.0038113185841583,0.000211080364116963,0.000719177990742989,0.00133909462383238,0.00090858919362357,0.000202104171181824,2.13274453487986e-05,9.60539849954363e-05,7.21674237362366e-05,0.0520917705036274,3.08855613044086e-05,0.00010251804674866,0.000168120936220348,0.00016079564108132,0.0058044393742336,0.000165504759384981,0.000168887746672093,0.000313156367193442,0.000883031852331862,2.22146619382282e-05,7.0862307040719e-05,7.87061638615726e-05,0.000112233986237248,0.000706169276961611,7.56980346157227e-05,4.48942592222264e-05,0.000486735189570334,3.71218270457859e-05,0.000139857205098951,8.53179764332878e-05,0.000936573264462566,2.91671498216891e-05,7.60980687579054e-05,0.000502531484876293,4.13548809148281e-05,2.30473382111971e-05,5.35586553739214e-05,7.06430684847481e-05,0.00134898196801018,0.000175879253732127,4.7903562616255e-05,0.0142612219732584,5.15266552574892e-05
0.00341717386521962,0.63866296798489,0.00380926441119822,0.00228213897301828,0.00057742067274955,0.000882308031974375,0.00143548151174462,0.000644604839075758,0.0027186151025023,0.0005908295708105,0.00062099959144763,0.0177474554293056,0.00941476354291871,0.000551545689772565,0.000515404519217667,0.000863066866403372,0.00896802041577604,0.000483453629306815,0.00308487984846421,0.00089644677865343,0.00110763085024286,0.0113536109515717,0.00145128105089973,0.0011482471670119,0.000935956322038299,0.00054473648372599,0.00131380535575006,0.000604797172957319,0.00638525895706648,0.000708157428843793,0.0031911492163492,0.000578381972426715,0.000563461800354072,0.000967857380387582,0.00208148404594819,0.0022496237698178,0.00106687219844634,0.000614066581654755,0.000726941445523999,0.00175941098171179,0.00169432975822336,0.00060465749693585,0.00145123386305464,0.000998116119660443,0.0011610957273493,0.00128149257796541,0.000969630941032272,0.0008680257447199,0.000607499600329205,0.00059921013209859,0.000859736276489286,0.0134541029907217,0.00050388124744654,0.0370281664288379,0.000984416645590547,0.0127355837265896,0.00046302601116709,0.000646874574424618,0.000497072041399965,0.00139997276317581,0.000902900721775837,0.000714210056440746,0.00163848952355012,0.0013744868776872
0.0320543389624967,0.000158578073161604,0.612565423491018,0.000112439221162453,1.6405075591983e-05,2.71613521231502e-05,0.00418679334105929,0.00165342064923165,0.000455462525929538,1.562129692039e-05,0.000690630850889941,3.36514371117599e-05,2.96530674334271e-05,1.70905879318565e-05,6.61856318750459e-05,9.10641870060086e-05,0.100336224581743,1.19408325235278e-05,0.0433465246966811,0.00131394230861809,0.000852497567185162,0.00455129787315744,0.00025271143740702,0.000765886413968064,0.000797737286807995,0.00121332781544158,0.00027402794732501,1.91867468048503e-05,9.66853457157008e-05,1.97944077484883e-05,0.0242543228551159,1.86307281233901e-05,9.61231053692161e-05,0.000180485919577952,0.000168132113597582,0.00304760960013484,0.000113003696881747,0.000126221207348995,0.000191055680224765,0.000769673970529379,1.72840535416316e-05,4.72841995100943e-05,8.74888577030267e-05,0.000145687699909932,0.000269242174922299,6.90175185631578e-05,8.15373682670738e-05,0.000549047030946443,1.69608559926027e-05,0.000278714606098078,6.27146997872065e-05,0.000989699148789491,2.96978217499031e-05,7.12397305221855e-05,0.000653668546578475,4.47872696898814e-05,2.45008193260533e-05,8.23121388621833e-05,3.50169198740198e-05,0.00194507666354298,0.000256506073513311,2.84260217334691e-05,0.0028985356216084,2.57094632441459e-05
0.00199888234535528,0.00203128278138175,0.00279759531316317,0.685234436472174,0.000673458567969163,0.00051584060525297,0.00103920388599922,0.00101162074252389,0.00289168339290851,0.000533035292094738,0.00070928083222284,0.00106277798458148,0.000742392222424888,0.000927851755346056,0.00125921435104139,0.00101974045575473,0.00768667916396442,0.000851136998667409,0.00266365928222297,0.0265078525518224,0.00062330739801401,0.0171031064444565,0.00132470733210104,0.00123008144329556,0.00058748513376033,0.00130659626175512,0.00136697760392039,0.00132462772706937,0.000849619820416665,0.000787390842571105,0.00315976520558518,0.000660432290058732,0.000676529047762333,0.00111104130362179,0.0400467994520128,0.00217923965842381,0.000956454455573226,0.000601814039461802,0.000671667454756476,0.00200650902097058,0.00414728370672593,0.00115526802218114,0.00309406666067458,0.00182967099529881,0.00079275503869304,0.000787066320316543,0.001370708526537,0.00119417100116064,0.00047285388814856,0.00104242788978205,0.00062826740383375,0.00127598905271604,0.000505093925976868,0.00257824776588479,0.00115282559507294,0.0011054885927041,0.00129506014387586,0.00115859437529041,0.000530169510954447,0.00266057074078395,0.000988694493401537,0.000578240678469058,0.00147059821672998,0.000804104472894342
0.00801151909646306,0.00454766931947377,0.00659166893947984,0.00284229332467111,0.664215703582349,0.00610641907133705,0.00276108494396622,0.00306561637160955,0.00311840181906773,0.00387479987934755,0.00324833522819555,0,0.00315088517134969,0.00300471008608089,0.00439878728818148,0.00397921065453955,0.00833812535940195,0,0.00554431762812468,0.00308591846678577,0.00280168913431866,0.0111213836242259,0.00537886098080616,0.00308591846678577,0,0,0.00695685128038546,0,0.00399545233068052,0,0.00767135912612228,0.00355561018221405,0.00308591846678577,0,0.00308591846678577,0.00662087150923387,0.00699641433765196,0.00318435286764018,0.00435905630622371,0.00600942017216176,0.0089213206802942,0,0,0.00284229332467111,0.00785906046680488,0.014258680798184,0,0.0046018082399437,0.00388785122624655,0,0.0485325998686543,0.0180536992863447,0,0.00331979860321585,0,0.00267249398319725,0,0,0.0031400573872557,0.00526230306967679,0.002923501705376,0.00366597832896355,0.00561240142204898,0.00756554833215545
0.0040496002128257,0.00358884734189562,0.00535369136003179,0.00184522841814339,0.00448874884045636,0.517902709350901,0.00404298830314284,0.00181542296645532,0.00233701837099658,0.00214396033165339,0.00154446431474557,0.00220910994864537,0.00227605267436189,0.00460598201086607,0.00232739220837005,0.0039830921801333,0.00745039521254771,0,0.00345810979244567,0.00214274101772069,0.00230731713417455,0.0100863561161743,0.00449148409105313,0.00241153200021677,0,0.00166639570801496,0.00319731209017504,0,0.00368656419086785,0,0.00442854820354414,0.00336701777203536,0.00406437977564623,0,0.00178832710128434,0.00371038540808995,0.00326956773063097,0.0031014344134162,0.00194751530916382,0.00261746057551618,0,0.00154446431474557,0,0.00513273103095896,0.00294113300128582,0.0878948633308123,0.0131198179157861,0.00219476507884897,0.00235734026987481,0,0.0856753585489811,0.0279585150523421,0.00325150382051699,0.00287216170812334,0,0.00191025849455373,0,0,0.001723297024874,0.00217850755974638,0.00334235466256084,0.0021756385857871,0.00971172851654417,0.00268700662945501
0.0192807341525164,0.00016475426648151,0.00715801861738016,0.000101710976398958,3.25008857352694e-05,2.91571550337746e-05,0.679078832448747,0.0178619355483319,0.000659406221450466,3.27975663765513e-05,0.000560697700992996,3.69798063842994e-05,4.36163609229102e-05,5.78330806611594e-05,6.49269177142696e-05,0.000118728206211861,0.0277316535084017,3.16969769008281e-05,0.00289641175291747,0.00130009285147038,0.000103076603177497,0.00272987342455402,0.000164305779953518,0.00073091104117104,0.00069938633044902,0.00177860522965665,0.000711832561867959,4.40738916906752e-05,8.73779996566148e-05,8.0414337524811e-05,0.0164198810100081,3.61670633868421e-05,5.99947561422089e-05,0.000325290225444745,0.000254939589122191,0.0142037627527217,7.13534168900855e-05,7.44750107669852e-05,0.00012979711427111,0.000742165764853217,5.00768211454053e-05,0.000103097719138368,0.000120561715712076,0.000131033038438242,0.000237311016824086,9.98378209629932e-05,0.000149619446520381,0.000313994549106872,3.21372126911174e-05,0.000549643954519428,4.79581864046376e-05,0.000445796159727494,4.49735615237626e-05,7.43004404772088e-05,0.0012596820770248,9.14001868167697e-05,5.49414266281013e-05,0.000291140935084828,5.86190886915951e-05,0.00270554082679727,0.000149028619728725,4.51889090620464e-05,0.0266841459416098,7.46025887254678e-05
0.12331318011952,0.000267194387489012,0.0128132048137234,0.000188186293070803,0.000100971854095669,0.000121166224914803,0.0762000696925297,0.471908560108435,0.000429545560227715,0.00010307543438933,0.000728959166762696,0.00010517901468299,0.000165431564522816,0.000192477596869871,0.000223303138865422,0.000163581046520122,0.0447532363125518,7.25735201312634e-05,0.00452541856674843,0.00113387550828902,0.000214298538930158,0.00387472630591179,0.000259335729033453,0.000966092114866456,0.00083850539705535,0.00169772648700262,0.00042970408362305,0.000102865076359964,0.000197668690175192,0.000105179014682989,0.0544745896646527,0.000132525558500566,0.00015469011183864,0.00038994271475858,0.000258843830888693,0.00829443996290382,0.000219762270678811,0.000143425929113166,0.000289836780461212,0.000901881155572937,0.000119002542327039,0.000182040602335943,0.00013651128958329,0.000203015343435279,0.000331228615969241,0.000234549202743066,0.000299129117758422,0.00059909966763431,0.00010097185409567,0.000398297903030955,0.000215692107967758,0.000657966449806659,8.8350372333712e-05,0.000164353642943766,0.00107450881400143,0.000149449818135919,0.000124952669443391,0.00028229296262238,0.000121481761958852,0.00291494493192631,0.000317831858914779,0.000128581345449955,0.0168312946896487,0.000124952669443391
0.00416379648941009,0.00301052882940779,0.00598170806685951,0.00114943054754691,0.00105942868649148,0.00107270014735898,0.00228389618577867,0.000987531570902598,0.718151776963052,0.00054916389796534,0.000851204041846288,0.00092283411549394,0.000553086497236521,0.000648013399599108,0.000959164671787202,0.00108706289545961,0.0117921008742451,0,0.00290838448462216,0.00221970691597352,0.000708920668282536,0.0160812499925385,0.0109044848782945,0.00170502314987336,0.00054611298742109,0.00146741702037717,0.00467714535055161,0.000895730844384018,0.000789019306341386,0.000880378373925695,0.00920058450140097,0.00052170570306708,0.00113559248900691,0.0100195550101058,0.00125951756968534,0.00404733792800461,0.000878662236744555,0.000626962116843769,0.00101824139414408,0.0035386314210033,0.000951458381358566,0.00204674868998436,0.00100908866251132,0.00183969905818391,0.000792855377687468,0.00135985584897813,0.00165115278654914,0.00437241907890888,0.00054916389796534,0.001832947043045,0.000958540621903149,0.0043377846118174,0.000631538482660146,0.00210303307190706,0.00143749451319521,0.00336750883736034,0.000830283512399988,0.000876946099563411,0.000680963233477028,0.00696304007583237,0.00290439827834033,0.00121502512424833,0.00204117802074912,0.00143174873398108
0.0100885637273777,0.00432172869147659,0.00820691913128888,0.00348139255702281,0.00751157605899503,0.00673983879265992,0.00800320128051219,0.00448179271708684,0.0036014405762305,0.517913252257425,0.00500200080032013,0,0.00368147258903561,0.0052420968387355,0.0036014405762305,0.00336134453781513,0.0121528063280107,0,0.00686456400742115,0.00507202881152461,0.0076923076923077,0.0279186674669868,0.00506602641056423,0.00712284913965586,0.00486194477791117,0.0128051220488195,0.0069627851140456,0,0.0270108043217287,0,0.00682203916049178,0.0189001443273939,0.0437809906571324,0,0.00408163265306122,0.011819273163811,0.00372148859543818,0.0146428191529776,0.00914211838581586,0.00714285714285714,0,0,0,0.0100840336134454,0.00699279711884754,0.00887394957983193,0.00513805522208884,0.00732292917166868,0.00926084719602127,0,0.0194134796775853,0.0107042817126851,0.00810324129651861,0.00371442694724949,0,0.00408163265306122,0,0.00696278511404562,0.00996398559423771,0.00816326530612244,0.00909963985594238,0.00439675870348139,0.00432172869147659,0.00695572346585693
0.015636927480916,0.00186068702290076,0.0188329737802854,0.00141698473282443,0,0,0.00529217142383007,0.00274273878234965,0.0020048539661467,0,0.43503930882841,0,0.000906488549618315,0,0.00100190839694657,0.00341722328244275,0.0562562230335214,0.000930343511450382,0.00794473946232991,0.00300303730781636,0.00123091603053435,0.00433616774567591,0.00108329591378536,0.00312625552430695,0.00727524477265184,0.00378953107960741,0.00251272264631043,0.00143971710821733,0.00106324972737186,0.00141638835877863,0.228619212578825,0,0.00125636132315521,0.00242567296102853,0.00251499454743729,0.00410599849213081,0.00141372036962635,0.00159828244274809,0.00190541507633588,0.00373634186499027,0.00127453653217012,0.0017141494002181,0.00090648854961832,0.0012118320610687,0.00181744990458015,0.00090648854961832,0.00133587786259542,0.00199073504063039,0,0.00188579750903977,0,0.00208142493638677,0.00100557839107457,0.0012601032779524,0.00355969041560644,0.00143811341330425,0.00095419847328244,0.00167223282442748,0.00119274809160305,0.0136709674742781,0.001172868956743,0.00115696564885496,0.00246046892039258,0.00322837150127226
0.00485962766184051,0.188532212778422,0.00363915210604152,0.00367689282237304,0,0.00166276731429823,0.0074491975680561,0.00169797885742455,0.00443291987631145,0,0.00153365832283508,0.503079819295041,0.00539062642639353,0.0018075258804842,0.00235526099578244,0.00364243851673331,0.00550286210355795,0.00147888481130525,0.00299858125865234,0.00286769762587257,0.00161125413083566,0.0110849563882614,0.00816880818505136,0.00175275236895437,0,0.00175275236895437,0.00416138242725305,0.00351098208906173,0.00427537687218905,0,0.0044083233072624,0,0.00334118420331928,0.00388891931861752,0.00511282399004255,0.00711889669549745,0.00292042404656744,0.00178013912471929,0.00217876856974189,0.00385037499568912,0.00424494714356137,0.00147888481130525,0.0040237464239217,0.00235526099578244,0.00285735151813916,0.00251273484143069,0.00169797885742455,0.00382150576596542,0.00173449453177777,0.00334118420331928,0.00187941611436709,0.0134414197294189,0.00162494750871812,0.0281166723424726,0.0033959577148491,0.00461662454322804,0.00241003450731227,0,0.00153365832283508,0.00232576756649715,0.00262912855343156,0,0.00371775209508682,0.00216970175264059
0.00609700122399021,0.127134582379863,0.00740601503759398,0.00519462719298246,0.00411184210526316,0.00953947368421053,0.00632048872180451,0,0.00683479532163743,0,0,0.0158910006497726,0.546957236842105,0,0.003125,0,0.00803101503759399,0,0.00536081414473684,0.0050281954887218,0,0.0128289473684211,0.00581766917293233,0,0,0,0.004375,0.00345394736842105,0.00831866197183099,0,0.0100093984962406,0.00921052631578947,0.00365131578947369,0.00565084586466165,0.00539473684210525,0.0160361842105263,0.00403708133971292,0.00378289473684211,0.00435855263157895,0.0149259868421053,0.00375548245614035,0.0118421052631579,0.00460526315789474,0.00620065789473685,0.00447874493927126,0.00657894736842105,0.00959429824561404,0.00573830409356725,0.00328947368421053,0,0.00805921052631579,0.0177150192554557,0,0.0107565789473684,0.0100328947368421,0.0058296783625731,0.00345394736842105,0.00378289473684211,0,0.00457785087719298,0.00455043859649123,0.00350093984962406,0.00627055921052632,0.00472039473684211
0.00573537282740359,0.00250711287641905,0.00459341216545645,0.00354094481534691,0.0023944336460182,0.00448796252903411,0.00397797925897309,0.0027888109524212,0.00370785092537818,0.0024085185498183,0.00211273557001606,0.00202822614721541,0.00251991733441915,0.46136633365055,0.00304233922082312,0.00228175441561734,0.00662553874757035,0,0.0056450010392375,0.00375508850368892,0.00256013839660769,0.0314815971546045,0.00366070085107172,0.00211273557001606,0,0.00207048085861574,0.00933444988207094,0.00235419106373218,0.00382874634966243,0,0.00579273679924402,0.00467216380340693,0.00503253612777824,0.00473252767683597,0.00232400912701766,0.00587340488464464,0.00616551354171642,0.00799117077744645,0.00213084473204477,0.00959566082527293,0.00228175441561734,0.00236626383841798,0.00236626383841798,0.00251113713464766,0.0026710099388203,0.137480296444358,0.00284515056762162,0.00255641003971943,0.00276064114482098,0,0.00494488468797604,0.0976919741768598,0.00207048085861573,0.00315325783824896,0.00539170117468098,0.00228175441561734,0.00211273557001606,0,0.00211273557001606,0.00324578783126911,0.0039077157103017,0.0022500633820671,0.00461984844643511,0.00257753739541959
0.00390548486774517,0.00663456067625782,0.00591212241772439,0.00372219114419725,0.00221897098268715,0.0032600744251137,0.0089092994481924,0.004467551468283,0.0196762515709114,0,0.0021945866861741,0.0030623807679619,0.00264163212224661,0.00273452468039154,0.551971682410441,0.00252551642456544,0.00689705196941777,0,0.00583751650144204,0.00622850608346156,0.00310758011375558,0.0311840696330693,0.0788460926815305,0.00432059253840527,0.00213362594489149,0.00452851220956561,0.00483716393619253,0.0021945866861741,0.012127762754494,0.00262131187515241,0.00757677844941542,0.00280419409900025,0.00286515484028286,0.00367227505486467,0.00451109485491344,0.0046711168007803,0.00560161478230242,0.00281435422254735,0.00495001219214826,0.00451109485491344,0.00210314557425019,0.00195074372104365,0.0021945866861741,0.00700085986729809,0.00227586767455092,0.00884987401446802,0.0035052426237503,0.00507082529759925,0,0.00422661139559457,0.00341031804089595,0.0664829893027151,0,0.00295659595220678,0.00343412175892059,0.00286271641063155,0.00213362594489149,0.00440793052351209,0.00337896680252203,0.00497241938353862,0.00452633504023409,0.00243842965130456,0.00372537863393752,0.00239778915711615
0.00254114083867976,0.0019079856888471,0.00212871742015262,0.00146404161869684,0.0003276593653238,0.000516063500385,0.000958749762620016,0.000659869555166,0.00102598338767017,0,0.000681113191322043,0.00042595717492095,0.000493829472023736,0,0.000361449237372822,0.688301919585269,0.00578763969151583,0.00039319123838857,0.000764837751385984,0.00196973687692736,0.000551286882157307,0.00224790505321532,0.000927036253111262,0.00477082720455988,0.000484935860679233,0.00109026011397261,0.00454698599683595,0.000450531627320232,0.000430811387740559,0.000383361457428856,0.00284849956941286,0,0.000421861432854399,0.00051551740144279,0.00562505653904809,0.00192592962174705,0.000609446419502282,0.000547805501400741,0.000454627369386785,0.0455551582487889,0.000371822149345709,0.000994635208006983,0.000880807948420456,0.0528826188815846,0.000851914349841902,0.00059134714027487,0.00290619610982857,0.000562803145144422,0,0.00149484083526253,0.000386169966274486,0.00143279742032357,0.00062865625288107,0.000458723111453331,0.000929208353969568,0.000467499701595932,0.000589355726839006,0.00129152399831801,0.0003358508494569,0.00119976667605195,0.000719265155170489,0,0.00151262747247961,0.00036042530185619
0.0424058124593828,0.000145286540155442,0.0807493683560736,9.50245457705509e-05,1.96108449936354e-05,1.74904363849205e-05,0.00658641852941526,0.00275648983962649,0.000460253790340433,1.71046389871683e-05,0.000739939367465409,3.11984517768304e-05,5.03463651979903e-05,1.96865230562933e-05,4.17647082482709e-05,8.07934906230268e-05,0.601242312535023,1.57942162120205e-05,0.013799668180597,0.00126964134187449,0.000264542850321918,0.00409778034330264,0.000216928365364648,0.00067923640158922,0.00104042418416725,0.00122159399796307,0.000316676676224286,2.14455266748297e-05,9.54710774651701e-05,3.52090736452426e-05,0.051702955164763,1.75913145310164e-05,6.1976924395126e-05,0.000237081984806501,0.000218439703407975,0.00337619713013046,0.000122300996030462,8.43708130983984e-05,0.00010797263098862,0.00067137157448996,2.14035431123309e-05,4.06132284709758e-05,9.58745900495539e-05,0.000134773203184137,0.000215629788502177,7.4178818876112e-05,8.61182263830146e-05,0.000515072809077063,1.61191153431384e-05,0.000436453884454241,5.3382350900836e-05,0.000849474692644461,3.18331077820262e-05,7.69239299027244e-05,0.000617697064174491,5.65265052170058e-05,2.01540779788803e-05,0.00015923275741507,4.00036486217538e-05,0.00219809445217151,0.000165440159597295,2.31738499976939e-05,0.00317659779611698,4.05218126344595e-05
0.00535441101478837,0.00603433622301547,0.00654428012918579,0.00778939316675166,0,0,0.00815910249872515,0.00484446710861805,0.0134903342450512,0,0.00603433622301547,0,0.00458949515553289,0,0,0.00582001197259606,0.00891835231457873,0.446281289492938,0.010528841827399,0.00469876884971224,0,0.00799519195745611,0.00458949515553289,0.00767748880956428,0,0.00892401835798062,0.0112651244726716,0,0.00635468559996862,0,0.00681470492791247,0,0,0.0204544166808318,0.029176499887338,0.00539083557951482,0.00815910249872514,0,0.00433452320244773,0.0187010337953734,0,0.00726670066292708,0.171798439128218,0.0118104932985673,0,0,0.00668721895136989,0.00603433622301547,0,0,0,0.0045045045045045,0,0.00866904640489546,0,0.00433452320244773,0.00526942036375998,0.0369709331973483,0,0.00458949515553289,0.0090515043345232,0,0.00407955124936257,0.00509943906170321
0.0102454184106455,0.000172327765199588,0.0911826096710205,0.000148593496368374,1.91517628359483e-05,2.86709822336977e-05,0.00358421177440219,0.00110600160366803,0.000663567941920066,2.69707959831624e-05,0.000809174679926796,3.17296322780255e-05,3.07681282696005e-05,2.78341211012755e-05,7.8442138551376e-05,8.5001822719496e-05,0.0493450249511401,1.90231742426367e-05,0.618004844024386,0.00156518670784346,0.00242563172369117,0.0094709912261558,0.000302681673520657,0.000859873510988537,0.000494415203715824,0.00148800815164051,0.000440617546306622,3.49549305341346e-05,0.000106442145013692,3.63164792690363e-05,0.0264074996271248,1.95625206140896e-05,9.78670321046518e-05,0.000293982099553401,0.000243791272810914,0.00386322044664553,0.000106714773998359,0.00011139264710484,0.000145563334340988,0.00110945603303897,2.92102483572156e-05,5.73251124010353e-05,9.93691890626381e-05,0.000171019654077503,0.000224296607059468,5.74211987443152e-05,0.000120270022583838,0.00066159942518295,2.45614684058971e-05,0.000323382849530336,4.71918792103351e-05,0.00106997139732481,4.13461328746934e-05,7.18365919599088e-05,0.00112839189403924,5.17636348519704e-05,3.81614566673588e-05,0.000137692616871549,3.79915792696032e-05,0.00331645539783037,0.000493830998748679,2.82087541278254e-05,0.00214852806764504,3.07802992064159e-05
0.00386491509569123,0.000337421314262311,0.0062257934317279,0.00517924816219587,0.000152133366194137,0.000158436034222181,0.00245116618162581,0.000606455545628541,0.00119172289377578,0.000200816043376262,0.00203296478694648,0.000255405074775336,0.000175714037954229,0.000218159247122395,0.000314916068021868,0.000520568590054753,0.0190806990779527,0.00025102005422033,0.00234897224650844,0.687158071991361,0.000187392511065015,0.00698639411775678,0.000418415832313301,0.0259657922173068,0.000446612241046554,0.00154871766785635,0.00104177767956943,0.000258805702960852,0.000296858498904042,0.000260800056332809,0.00926154860919015,0.00015517603351802,0.000316597542069276,0.00192739745979611,0.0005826273258475,0.00226503431533437,0.000291444062951915,0.000321998138517112,0.000250650000086343,0.00533521793501577,0.000184385639827295,0.0005860756821479,0.000268446239802567,0.000642077016737413,0.00033596936289196,0.000320976462773536,0.00059620265509556,0.000388020153987789,0,0.0223094321231852,0.000183964347428604,0.000744178863445335,0.000375301311834311,0.000227249215752495,0.00186040717107872,0.00027954506038173,0.00021077386370897,0.000793036412259718,0.000184842039925879,0.0121751671515752,0.000394285158336324,0.000212752661339187,0.000992344214346348,0.000464006766892125
0.0157281352433064,0.000759665679639366,0.0809266315412469,0.000707052778966829,0.000278412907222374,0.000254842723599571,0.00230859528734709,0.00105683506228922,0.000879043361145871,0.000281893068562654,0.000696785437301228,0.000346493563441595,0.000294570799159387,0.0005959776295229,0.000429417107777112,0.000711960698805686,0.0354434572891147,0,0.171486311844548,0.00083142093273414,0.427858695311723,0.0297143551662012,0.000968028627807182,0.00102120984328833,0.000595107589187831,0.00155689217752135,0.000686599199159922,0.000383687787765837,0.000523559566339138,0.000274932745882094,0.0141261451054784,0.000304147784501812,0.000645063322857163,0.000522024201041956,0.000720984368231534,0.00463353220185723,0.000442498812117266,0.0040258279417312,0.00101794719203182,0.00130352513730772,0.000401958634802306,0.000535596830269048,0.000553572620148406,0.00056088600267508,0.000798510590379538,0.000659316565915992,0.000609649691931144,0.00114949729069439,0.000271092567851442,0.000414297388645115,0.000694403256364748,0.00257670010799092,0.000389560560027557,0.00063929320906174,0.00108254768691076,0.00032887524665643,0.00062642904125035,0.000308943413525736,0.000277418575410867,0.00188702748259409,0.000843504104850297,0.000380717650070253,0.0038716038353799,0.000333260249945183
0.003849665138312,0.000340610624364223,0.00654057423020417,0.000213087780080863,2.26697516182835e-05,8.17312260681607e-05,0.00127397808634683,0.000483982581952888,0.000928771557058251,2.02382765758277e-05,0.000160924259189462,3.93974676097359e-05,6.85482041774669e-05,4.3281395449199e-05,0.0001667772792843,7.12857896220788e-05,0.0119415059715269,1.28383184962971e-05,0.00843595921442575,0.000442017914783321,0.000616614991122736,0.766872540227753,0.00148448404924961,0.000460164980550802,0.000123244597493483,0.000362008616997313,0.000470546318732869,2.45946673618715e-05,0.000293732394135827,1.8083135267448e-05,0.0033807003515678,2.61458855179957e-05,0.000110909999718567,0.000214263791046802,0.000253180291862127,0.00190901724926926,0.000295395030329048,0.000281485659249169,0.000114573206290624,0.000485922324178313,2.90148719981411e-05,3.48667976635745e-05,9.63309990524249e-05,0.000201138427277547,9.81144002974726e-05,0.000204538045184824,0.000139399114177083,0.00078194591209261,2.48117819739575e-05,0.000245475392430125,0.000111356072843578,0.00609504855857417,2.33723234163358e-05,0.000151773001443031,0.000273402273529279,8.38617475020099e-05,2.86512013328397e-05,7.74208721171753e-05,1.84935028132489e-05,0.00128004738432046,0.00356217100924261,1.72065007505368e-05,0.00110618024582198,1.98198399862707e-05
0.00274296320548302,0.000985949220129375,0.00381253798742956,0.000512605087753931,0.000276391121640293,0.000271248189604969,0.000700034921493132,0.000380586187338023,0.00988184095616123,0.000235809885526439,0.000230878938144902,0.000257857606195026,0.000223346360921448,0.000256883925129967,0.00365374184611448,0.000582010988982811,0.00645116987998936,0.00017862011262468,0.00289828504254797,0.000393465637564119,0.000229934223926944,0.0443677849430194,0.68254566768566,0.000505256891926027,0.000229542513153645,0.000306268860873731,0.0014663585185626,0.000275988219130613,0.000652315950776054,0.000157467730866492,0.00269064427089273,0.00019178159460755,0.00023746377545815,0.000607425896155904,0.000447815808675437,0.00131941813169902,0.000370502432859651,0.000407952977758813,0.000530031681567341,0.000806736171826278,0.000200164205156164,0.000337638018040827,0.000410774030933658,0.000476177860051281,0.000370059850557351,0.00109317961376364,0.000450333634396497,0.00154218234538426,0.000250068157674548,0.000555038497334797,0.000623888431655583,0.0361899880361311,0.000328284964887042,0.000416227259346262,0.00101531432439292,0.0004477254138816,0.000227505617132486,0.00020588318244634,0.000194858304681466,0.00118483993471578,0.00303388509372242,0.000216811913021402,0.00124604900076966,0.000244427522539033
0.0037090335738009,0.00036548907757547,0.00375452561572636,0.000286533489658485,0.000223472635582008,0.00024801587301587,0.00131810683074728,0.00061739317169957,0.000758472153328921,0.000159660218253962,0.000946739939182192,0.000229931382275126,0.000211846891534387,0,0.000201512896825392,0.00150955815018315,0.0112591118875086,0.000280427038239534,0.00189086829817978,0.0239035406961698,0.000321237664473679,0.00294956920721187,0.000288060102513224,0.68780799797274,0.000295408250390315,0.000464191870441866,0.00106216629324951,0.00020616319444444,0.000190855964781741,0.000202661118459724,0.00575828157349896,0.000196345899470897,0.000251632771164016,0.00068960961120559,0.000602877869897955,0.00213155489777433,0.000235467450869232,0.000305672002032515,0.000241372590702943,0.0310283526623965,0.000259157211061502,0.000827771000599849,0.000420076884920631,0.00145550792523449,0.000272596017573691,0.000254935958758498,0.000596345308956911,0.000357917906746027,0.000160176917989413,0.0393555866923309,0.000317770337301586,0.000612565989937637,0.00388518886947895,0.000489142416225744,0.00127552370668796,0.000213784515542322,0.000219127660533906,0.000452596674520498,0.00022304205246913,0.00305875010783299,0.000423370845734122,0.000158110119047616,0.00148000776397515,0.000160822792658725
0.0203343529536574,0.00155889928155077,0.0193477376805701,0.00392661877005106,0.0013826758845059,0,0.0678386406634015,0.00438084587230581,0.00490605937372916,0,0.0254239086231589,0,0,0,0,0.00331435542903619,0.0351079441978889,0,0.00721129901165633,0.00380642537616917,0.00195201301342009,0.00542121562861701,0.00264335095567304,0.00387912790166901,0.453869547536114,0.00440174078772465,0.00387013691202386,0.00154534363562424,0.00162667751118341,0.00146400976006507,0.133163003695387,0,0.00145384302562017,0.00266775111834079,0.0037738918259455,0.0074031702335891,0.00403416022773485,0.00175180655050521,0.00300935339568931,0.00311102074013827,0.00154534363562424,0.00288735258235054,0.00307191791535021,0.00428019520130134,0.00510595996565904,0.00394469296461976,0.00266183592739103,0.00234659222052472,0,0.00195201301342009,0,0.00262116898961145,0.00146400976006507,0.00158601057340382,0.00491024225875792,0.00143689846821201,0.00252135014233428,0.00429036193574624,0.00459536396909314,0.00409380506981158,0.00309649683378842,0,0.00554940098068087,0
0.0101856961470896,0.000868925960754157,0.0109458581252342,0.00103041543926004,0,0,0.00667385058607184,0.00163838356589418,0.00152628482991795,0,0.00495113300897647,0.00065461686729461,0.00181838018692948,0.000600065461686725,0.00102920318580209,0.00109009560949772,0.0306910951550446,0,0.00685766510496797,0.00297070201325334,0.000831363421464157,0.00566030128187897,0.00201840200749173,0.00252133935675466,0.00137569866555975,0.670710322549021,0.00136257288673916,0.000535123312153529,0.000720533149070803,0.00130655964607904,0.0385627048642461,0.00084857742056709,0.000898279812343161,0.00192011740751465,0.00184495651273845,0.00678755364721106,0.000931570157303871,0.00070310700561273,0.00122437599253252,0.00398802864055758,0.000563697857948135,0.00131507852804721,0.00085983405981951,0.00126074359627111,0.000834181910753897,0.00054551405607884,0.00108496684486792,0.00118484598846883,0,0.00109577171264533,0.0005697591252379,0.00193669612442569,0.000809179183183617,0.000829842594398725,0.00591912724145331,0.000818271084118264,0.000894643051969302,0.00242571916936393,0.000676437429537764,0.0305804111436663,0.00111739462486817,0,0.00306114899054819,0.000530967014583404
0.00308419422681365,0.00183456978437218,0.0048026922810255,0.00182951513375813,0,0,0.00313322305972933,0.00113930551132431,0.00496414241745521,0,0.00093965413429573,0.00145600776537475,0.000806004298689588,0.000681781413945317,0.000875915782661949,0.00375133852565732,0.0141949452715922,0.000944671704915758,0.00282475069752096,0.00158007860252447,0.00076267073424391,0.00486777127979888,0.00145450051095924,0.00414706973675288,0.000824575826309165,0.00221001178672953,0.709165463375225,0.00177785310328239,0.00119947306385634,0.000884004714691807,0.00744885132140995,0,0.000757718326878691,0.000924789245934799,0.00153826809110213,0.00340775150800804,0.00105412907881187,0.000734306946606742,0.000628955735382963,0.00861132128936571,0.000661821711533971,0.000838937807668304,0.0016169142839202,0.0120900644803439,0.00137543075905414,0.00087927741675228,0.00164211402109934,0.0015022302341168,0.0007106704569091,0.00204871463018173,0.00111704299459967,0.00212551133606046,0.000766137419399565,0.00139647121596243,0.00130372123889423,0.00124073780006396,0.000835653579626104,0.00273912009387257,0.000681781413945313,0.00220513676072939,0.00105878342462271,0.000676003605352555,0.0013274515241859,0.00072800388268737
0.00929054054054054,0.0158770430509561,0.00965250965250967,0.0249148670201302,0,0,0.00921375921375921,0,0.0190417690417691,0,0.00798525798525799,0.00952088452088451,0.00886275886275886,0,0.0104422604422604,0.0111123520214429,0.0125482625482625,0.0085995085995086,0.0107932607932608,0.0093015093015093,0,0.0149036596405018,0.00982800982800982,0.015970515970516,0,0.00675675675675676,0.0558606735077323,0.398802211302211,0.012208230958231,0,0.00957207207207207,0,0,0.0114660114660115,0.0191733941733942,0.0179497679497679,0.0156122031122031,0.00982800982800983,0,0.0225956475956476,0.0153885943359628,0.0229320229320229,0.0157106407106407,0.0309090909090909,0,0.00819000819000819,0.0135607635607636,0.00813882063882064,0,0,0.00982800982800983,0,0,0.0154085420042867,0,0.00772200772200772,0.0152334152334152,0.019041769041769,0,0.00778050778050778,0.0112798749162386,0,0.00903825903825904,0
0.00437995094383666,0.00719045383643285,0.00425099645478319,0.00183647063733879,0.00128672195953802,0.00233573624783609,0.00180703046275483,0.0015890241066584,0.0022580868884093,0.00193783427641268,0.00120145725137586,0.00175512418749377,0.00241931156201368,0.00161696497296947,0.00382625377877684,0.00138555150763507,0.0103219164001442,0,0.00409270599178358,0.00133495250152874,0.00159456077601958,0.0213069091374784,0.00445037483251575,0.00167945637289099,0.00133987398540534,0.00194752344779474,0.00169237526806707,0.00133322998217193,0.58673661967559,0.00134356509831279,0.00329252949980026,0.00172467250600729,0.00166881728274598,0.00368963646228974,0.00275856408759923,0.00379155829912575,0.019800453621728,0.00188782564992461,0.00191199648606051,0.00216417331989768,0.00137801548544902,0.00488334237655996,0.00218787740885303,0.0015890241066584,0.00146051509674893,0.00621052253464942,0.00131772730796062,0.00168189390028271,0,0.00328785882231352,0.00509493292998448,0.0922847234626234,0,0.00200139524067902,0.00221882024649252,0.00194135761146071,0.00131772730796062,0,0.00139524067901713,0.00308503216804899,0.00240643783779975,0,0.00324959901736896,0.00141246587258524
0.0156215328629122,0.0133581857719789,0.0142810152952141,0.00951937158833711,0,0,0.0133342891963582,0.00908667287977633,0.0116495806150979,0,0.0123273743963399,0,0,0,0,0.0181733457595527,0.0186478014064221,0,0.0107564461012737,0.0118160031953135,0.00792171481826654,0.0134669151910531,0.0157502329916123,0.0115330848089469,0.00838769804287046,0.0178238583410997,0.00885368126747437,0,0.00885368126747437,0.563859961910936,0.025538887051679,0,0.00792171481826654,0.0133581857719789,0,0.0353556567738209,0.0111835973904939,0.0097856477166822,0.0116495806150978,0.0175703086453594,0.00931966449207829,0.0113167354546665,0,0,0.00877601739670705,0,0.0097856477166822,0.0104380242311277,0,0.00792171481826654,0.00885368126747437,0.00838769804287046,0.00838769804287046,0.0140460657702037,0.0344827586206897,0.0176555866211039,0,0,0.0101933830382106,0.0150279589934762,0.0133581857719789,0.00978564771668219,0.0247335158434296,0.00894687791239515
0.0325476790030234,0.00020250719780268,0.0365113079589936,0.000140992234517852,2.18194713961436e-05,2.36718379714264e-05,0.011721552058709,0.00910514986345273,0.00089887436816834,1.78933106065289e-05,0.00160283124611775,2.40889180560113e-05,4.21949409799801e-05,1.90847548986417e-05,6.65590705327647e-05,0.000131754257105313,0.0843234068544474,1.5583907519719e-05,0.0167705475310114,0.0011466898203346,0.000275621380859434,0.00348835226743051,0.000291881754379763,0.0009199645556056,0.00152297065631989,0.00197197469042579,0.000493009005349038,3.53559901853625e-05,8.14899885588475e-05,6.31801360768408e-05,0.608770997271017,2.0422531679218e-05,0.000103580342589892,0.000396481724352121,0.000258425710040906,0.00426306975244858,0.000126792345713733,8.86804944290202e-05,0.000208410303701148,0.00115220194129694,3.38175742694808e-05,7.49113508525103e-05,9.92579735416026e-05,0.000192885901825304,0.000334989760181182,5.51880300941769e-05,0.000161170123770802,0.0012749712112425,1.92272592121571e-05,0.000317295775228368,5.9894599047554e-05,0.000822754967563273,5.60326559886443e-05,9.48288006484212e-05,0.00100628023003529,8.50726024725831e-05,3.33168996998216e-05,0.000157758588543765,5.49417468407407e-05,0.0029700825686588,0.00026168391784201,3.35071534808349e-05,0.00354338914696961,3.85131992910296e-05
0.0101841603640165,0.00931130095923261,0.013189448441247,0.0129896083133493,0.00626771310224548,0.0150629496402878,0.00689448441247002,0,0.00899280575539568,0.0231210635886895,0.00329736211031175,0.00329736211031175,0.00460881294964029,0.00727077912138374,0.00734412470023981,0.00449640287769784,0.00775094210346009,0,0.00915057427742017,0.00683453237410073,0.00714428457234212,0.017726117613372,0.0167505995203837,0.00849320543565147,0.00434652278177458,0.0052243919150394,0.00944244604316548,0.0133393285371703,0.00700154162384378,0,0.00711930455635492,0.439995829423418,0.00818890342271638,0,0,0.00947242206235012,0.00572269457161544,0.0109412470023981,0.00700154162384378,0.00681954436450838,0,0,0,0.00427839546544583,0.0134023216209641,0.0167236581105486,0,0.0046462829736211,0,0,0.0921339015743927,0.0223916757005355,0,0.00804740822726435,0.0173860911270983,0.00606181721289635,0,0,0.00359712230215827,0.00816846522781775,0.00359712230215827,0.00639488409272582,0.00634946588183999,0.00618342535274106
0.0140779689609608,0.0020480059910454,0.0100552981883947,0.00202398078647831,0.00147558195628116,0.00150080557946545,0.00295277393106344,0.00159239886115342,0.00232317794621858,0.0158675992616269,0.00172151228232802,0.00114215718731378,0.0016001235957536,0.00160233066278223,0.00133627876460427,0.00121388686574412,0.0154619439270632,0,0.00324764486048261,0.00239663832162012,0.00286534875977227,0.0104861347429819,0.001949575875286,0.00309541150764749,0.00216844335562471,0.00127608602745993,0.00184290096890243,0.00139045222803417,0.00165214731857121,0,0.00637197610118386,0.0018512878236112,0.680841554658015,0,0.00314507051579157,0.00369484729447955,0.00136838155774791,0.0133064550953021,0.00366560962243657,0.00169743518747028,0.00142355823346356,0.00367476660266173,0.00115871019002848,0,0.00371155105313882,0.00265527140982349,0,0.00163874726875455,0.00256818076160718,0.00221509272691157,0.00284825805332122,0.00460119203328402,0.00125802820631663,0.0022795849452805,0.00311196451036218,0.00113884658677084,0,0,0.00164584141277514,0.00423756869496127,0.00163322960118299,0.00295051604552847,0.00430697164610238,0.0142960367793326
0.00732728729094653,0.0026262455355665,0.00682473774643882,0.00315758041664814,0,0,0.00257704940946258,0.00147925548023389,0.0231816703989888,0,0.00329684835939641,0.00286532951289398,0.00114147273277891,0,0.00143965336501502,0.00271390966058658,0.0134044550860359,0.00150255084212733,0.00308446384934929,0.0403349062766821,0.00170056141822163,0.00775329236600156,0.0023761269131316,0.00299289935183429,0.0015374938849675,0.00321475994129569,0.00317090984831979,0.00121801463614309,0.00166853029561814,0.00142948811618879,0.015039181785863,0,0.00139772171360682,0.596437480819308,0.00247020433616282,0.00300827832451286,0.00193060311691942,0.0016178628834999,0.00698860856803412,0.00386914783448434,0.00145984267865601,0.00629278623669506,0.00173467248385132,0.00297838053384748,0.00206163952757006,0.0012090292822699,0.00309245929135509,0.00266690294819444,0.0027255573415333,0.00240136355518283,0,0.00235557218204914,0.00141325195486912,0.00176112935914459,0.00336617979360309,0.00242854147739185,0.0013828973924019,0.00244601299881194,0,0.0887735599668193,0.00160737997064784,0,0.00560343051083145,0
0.00220286824400838,0.00113742334755701,0.00280193782781935,0.00926679043274305,0.000326548041810707,0.000258098548431154,0.00206065193023066,0.000512508837560168,0.00145145497958678,0.000178973445992404,0.000316500409754991,0.000346096358209423,0.000245188080036035,0.00024491103135803,0.000225694935051474,0.00179413712478545,0.00808687624989608,0.000653993193626389,0.00161369157328125,0.000814738995426816,0.000331671012102269,0.00252651530509648,0.000380745187546011,0.000569700737558987,0.000255900628918966,0.000773122631645453,0.00129341608337889,0.000362733929798241,0.000555350097862021,0.00024625669636549,0.00332380719522399,0.000229839583274456,0.000269805833996069,0.000404626515910316,0.789815858030236,0.00160492492330148,0.000463275762114315,0.000248275193876681,0.000233921433797091,0.00476788126975312,0.000416055153670658,0.000405437652873148,0.00990968189005788,0.00202133510914309,0.000303124499580822,0.000300083296663958,0.00147676906678419,0.000509070923040186,0.00016013413588794,0.000383514527126584,0.00023392143379709,0.000884550464904829,0.000245920280113624,0.00142992433946739,0.000406848930979378,0.00041930194246016,0.0034653067961173,0.0021989661405266,0.000203907827013018,0.000808912877610419,0.000351261975496131,0.000172693675957583,0.000838984332573513,0.00058401861323838
0.00839557991552911,0.000111632983946873,0.00488200651355086,0.000114314407305263,3.03694733714438e-05,2.94386582049517e-05,0.0192528979492037,0.00172547103156294,0.000457941707957555,3.91278939951901e-05,0.000306924720246682,3.25528995615476e-05,3.46411796980682e-05,2.37471009840877e-05,7.64057088160155e-05,8.67637417593126e-05,0.0151589245498699,2.12777398517645e-05,0.00248616474673095,0.000677307193291227,8.78776819368644e-05,0.00269742866584491,0.000268178099195898,0.000602943485966836,0.0002934175939573,0.00106721200232675,0.000288960377759501,2.94340926562226e-05,6.13469442077806e-05,0.00031013554164145,0.00587431289776929,2.64619204336073e-05,0.00010502953540218,0.000174837688579188,0.00022743280993791,0.724933618638523,0.000125913572768543,0.000107586533225371,0.000335429227481246,0.000907185747833086,4.97924161143551e-05,8.72189834581614e-05,0.000112909520323573,0.000160310757655219,0.000393522063518226,7.79563294987421e-05,0.000146797610134905,0.000230309105637216,6.34165675782792e-05,0.000207456995856872,7.10281038412174e-05,0.000523892250361478,5.02092473639398e-05,6.19660335183174e-05,0.00137767269043856,5.76377699299641e-05,3.96887716565545e-05,0.000114638288269252,6.4749421160053e-05,0.00137007239169398,0.000172823970302261,4.39309008836863e-05,0.0364350057675565,7.98012262351647e-05
0.00425975968730396,0.00232183719050164,0.00273649246408982,0.00112435458186556,0.00150961443021755,0.00129740900914692,0.0012778594354621,0.000813910469848316,0.00129159321886357,0.000807476394987854,0.000826242446664196,0.000866761799059243,0.00111584499898559,0.00117253231176829,0.000779760380204328,0.000684424713281535,0.00814594090302241,0,0.00247476349030178,0.000637152135487316,0.000863238377111848,0.0173261593398639,0.00167821194840981,0.000820076458256257,0.000867981445117958,0.000954495005549388,0.00153028621397101,0.00070292267850536,0.0119147002525374,0.000614132445431,0.00283954647341734,0.00100417525500766,0.000758416574176838,0.00148600320631397,0.000956609058717825,0.00230068442471328,0.749539963647477,0.000890544897204162,0.000662563481653378,0.00229038442135002,0.000863238377111849,0.00059193488716241,0.000873103958564556,0.00115982241953385,0.000991490935997038,0.0048657869856538,0.00070292267850536,0.00103060091961313,0.00062893081761006,0.000697637545584267,0.00119469785152901,0.0323199665428107,0,0.00130494736488077,0.000850906400295964,0.000832408435072139,0,0.000832408435072141,0.00069552349241583,0.000921898591154971,0.000899836501855762,0.000610432852386235,0.00139197188309286,0.00064372918978912
0.0207635815910031,0.00315871876184208,0.0197569438280262,0.00223379006362313,0.00174514848720557,0.0016042900735954,0.00591071108033951,0.00170525937892658,0.00290035805723247,0.00463517871928941,0.00215401184706516,0,0.00161550888529886,0.00391509165495532,0.00159556433115938,0.00219888709387901,0.0199207073899776,0.00161550888529887,0.00869548173319551,0.00426875785316819,0.0148868753560753,0.0629902132939992,0.0025963535656589,0.00429218537172543,0.00257284748399449,0.00216523065876862,0.00149584156046191,0,0.00158559205408963,0.00167534254771735,0.0134857679919487,0.00300305151678334,0.0212308694871735,0.00560940585173219,0.0029104802933559,0.00609570699577623,0.0026139831269072,0.536738193907893,0.00350026925148088,0.00488104607652265,0,0,0.00293184945850535,0.00296176628971459,0.0045181454380352,0.0059465174619436,0,0.00210415046171643,0.00186681026745647,0,0.0032941755253728,0.0049549751690301,0.0203733620534913,0.00226513150584233,0.00161550888529887,0.00253295837571551,0.00157063363848501,0,0.00182668651736408,0.00297173856678434,0.0023579902416736,0.00248920246612377,0.00839869980730677,0.00404786087082972
0.00954380511493256,0.00103133203777573,0.00485757667729498,0.000392076642460191,0.000342391426369,0.000276158330776306,0.0015104805922062,0.000830650368898066,0.000825735326349008,0.000366932596911115,0.000597152712382681,0.00029725375882172,0.000410844525220096,0.000457524218647259,0.000386503646706158,0.000815614677905525,0.00957548994756994,0,0.0020168156482977,0.000842509553962451,0.000495700868497934,0.0032937634243633,0.00113406365803573,0.00117019921610402,0.000972581422872921,0.00101410153315487,0.00085079081703813,0.000801626265725678,0.000507142613616989,0.000529383374245675,0.00426223534826634,0.000590081903368184,0.000735816605028985,0.000292459343356853,0.000314513654495241,0.0117248472457542,0.000523877592258582,0.000784601885197802,0.706453158144003,0.00117060447990181,0.000316431420681185,0.000322184719239022,0.00175886555911103,0.000504098540305961,0.0236214596368585,0.000686226770014805,0.000350677245430231,0.00047224992328935,0.00569493176087624,0.000513961337833686,0.000937632170372272,0.00162878771957109,0.000396338345095629,0.000485834100439803,0.00039257801924083,0.000457067607650605,0.00028766492789199,0,0.00252811611990875,0.00119812442467014,0.000506290273089902,0.00507603526021586,0.0192360286564297,0.00644265212054912
0.00295123825278025,0.00020673803522272,0.00314938412810668,0.000221891087684113,4.5576716374828e-05,5.82115949698497e-05,0.000798487007140514,0.000416212298546643,0.000397131949985154,5.39640982076956e-05,0.000495622020621699,0.000102893332662017,4.44000625860661e-05,3.86452574261562e-05,7.11875542200941e-05,0.00498706980850238,0.00757071643130348,0.000108537468491928,0.00146240435563688,0.00246715077432804,9.4324151243724e-05,0.00149576673220063,0.000223847389861842,0.00953573619139711,0.000192726063751025,0.000307357981052742,0.00169315574780465,0.000110107559242042,7.53607388058055e-05,8.07720695753886e-05,0.00347767960129841,4.73491442338491e-05,8.36920832140984e-05,0.000225295274524456,0.00107489217776394,0.00133140707488249,7.30590868042636e-05,9.8876154135389e-05,0.000359110764502992,0.76699292366434,6.55305966765845e-05,0.00100913620508113,0.000650172775937427,0.00415764237590982,0.000179424716493987,6.95692001553534e-05,0.00119060089212569,0.00013189200538623,3.62081691200022e-05,0.000956004652568083,6.31594986233519e-05,0.00042044938224976,0.00116014485689599,0.00013249339881031,0.000834271334815968,8.63941357208017e-05,0.000176977666440841,0.000573003358640701,4.61112581100883e-05,0.00171855596008867,0.000100317639950557,5.68189730806189e-05,0.00145819621558029,6.85866280446184e-05
0.00519466890544653,0.0269024722989385,0.00729024556616643,0.0322822937903337,0,0.00716234652114598,0.00904717455302649,0.00579809004092769,0.0114166726502477,0,0,0.00762378621298451,0.0057412460209186,0.0109140518417462,0,0.00545702592087312,0.0094772285274738,0.00409276944065484,0.0108781503554247,0.00778052523874488,0.00613915416098226,0.0128493924299629,0.00565191970376145,0.00511596180081855,0,0.00511596180081855,0.0119713506139154,0.0130109645798595,0.00758867667121419,0.00477489768076398,0.011368804001819,0.00682128240109141,0,0.0115109140518418,0.0116106934486662,0.01218735788995,0.00814290586630287,0.00808809198986551,0,0.00958992055212262,0.408498428139273,0,0.0133802077867562,0.0109140518417463,0.00545702592087312,0.0104592996816735,0.00694530571747489,0.00650458000389787,0,0.0160300136425648,0.00716234652114598,0.00878240109140518,0,0.0965285604128359,0,0.00932241928149159,0.00667511206392515,0.0102319236016371,0.00545702592087312,0.0112861217908967,0.00491132332878581,0,0.00765499469455814,0.0045475216007276
0.00389024079046163,0.00108507566849265,0.0027133759627581,0.000431268449738632,0,0.00083651207923442,0.000982901693100446,0.00104757051153357,0.00126898882419862,0.00036806531486314,0.000733740595214192,0,0,0,0.000527002609917685,0.00142412512577032,0.00618146056463838,0.00090343304557317,0.0017171311590103,0.00185887093848189,0.00097035401191193,0.00240002920187622,0.0012623727741174,0.00567991701800174,0.000829589220647654,0.0020897238965433,0.00195026816187225,0.000782138794084185,0,0.000769591112895667,0.00336480089541724,0.00036806531486314,0.000627384059425816,0.00355704618727636,0.000939467412063273,0.00300003650234528,0.00073613062972629,0.000542059827343904,0.000535367730710028,0.0122301702993113,0.00036806531486314,0.669645377070549,0.000885415862328127,0.00212680331377958,0.000908213114597371,0.00107742755805394,0.000903433045573175,0.000684080989240592,0,0.000719400388141602,0.000501907247540653,0.00325835877483864,0.00887139245073308,0.0005688282138794,0.0452196607979889,0.000568828213879403,0.000573608282903604,0.000819781837649733,0.0022502174931406,0.00312336303239667,0.00089638873332699,0.0004349862812019,0.00138768059366333,0.000535367730710028
0.00198414595249,0.00118748375877026,0.00267696353060257,0.00259178724807285,0.0004197733224059,0,0.000886307108447151,0.000733566138436185,0.00165068757607734,0,0.000671304162418957,0.000726750411920417,0.000533045488769396,0.0004597517340636,0.000433099459625133,0.00120141006209588,0.00635504653574027,0.00704358776695367,0.00116644704167442,0.000891185426536334,0.00044775821056629,0.00268788187711969,0.00116698887362729,0.00111123666689375,0.000693911002344446,0.000965078857416992,0.00107192116257221,0.000537487534509139,0.00074024542875879,0,0.00277941865415664,0.00043976252823475,0.000433099459625133,0.00111394392482605,0.0423506089320463,0.00149525813437793,0.000678681131236748,0.000593964973200183,0.0023254109447565,0.00465459762839178,0.000658311178630203,0.00060367401603134,0.765081421249916,0.00361343336136948,0.000594224573275882,0.00076425396952312,0.00119935234973114,0.000674873663459824,0.00108941171767246,0.000549703160293438,0.000672364196061395,0.00138924980510524,0.000586350037646335,0.00145427962406794,0.00128264070735136,0.000603457916508866,0.00138854595982958,0.00307789837443824,0.000429767925320325,0.00113867083203641,0.0010485247057498,0.0004197733224059,0.00106849278133993,0.000791001430656014
0.00240821227364799,0.00055076014935085,0.0022803529761187,0.00063178915274564,0.000305767494397253,0.00026260031871764,0.000676741102268362,0.000357309551816793,0.0010444471816734,0,0.000448059295711536,0.000603705648107527,0.000245513311677794,0.000323753817597095,0.000237419466237867,0.0295439434810292,0.00641888864229379,0.000334191782208148,0.00106220353638599,0.00090564238401395,0.000220632231251352,0.00234264941861286,0.000525854685551647,0.00303495743575715,0.000321849383375934,0.000503617049595484,0.00457173235037295,0.000433943713410843,0.000278188465490836,0.000194252290558255,0.0026781244237534,0.00021583587839806,0.00023938161058694,0.000426766395923444,0.0018123175658968,0.00162521935561578,0.000249618885451672,0.000362524336494524,0.000460809600379867,0.0210622972726322,0.000244613995517801,0.0004665523764301,0.00125008856309141,0.653671157147757,0.000321055869117118,0.000421554449996218,0.0124637008627335,0.000394563132089091,0.000630240764922352,0.000732749146662797,0.000308269939364188,0.000641367476584594,0.000315435143117168,0.000499003166687698,0.000513726603669875,0.000277888693437504,0.000529093567662104,0.012323290239667,0.000342639456956922,0.000867554945365882,0.000507663972315446,0.00022662767231796,0.00113612885870018,0.000190655025918287
0.0179266902409269,0.00108763732132535,0.00438519283693266,0.000383415512494369,0.000509634519244766,0.000333944969142048,0.00203276409490574,0.00111032014395602,0.000471614166221743,0.000423616841128849,0.000458204801170627,0.000280096749664284,0.00091333890052523,0.000261612386545644,0.000284361289723527,0.000313915089675896,0.0111660166980044,0,0.00156357257264892,0.000367521652725866,0.000580958051642827,0.00229232168634197,0.000573627742607984,0.000685086756996292,0.000596820671567064,0.000966148403414818,0.000506858732102911,0.00016313697573708,0.00027916487826666,0.000439645910370234,0.00544590558431409,0.000269675408871499,0.000667201981937696,0.000309161681291946,0.000418680210458103,0.00847393419325219,0.000332453382373293,0.000836751120386996,0.011187134231425,0.00102613863959299,0.000233582487987181,0.000355935219789997,0.00053303043944041,0.000454188171086191,0.62664345994826,0.00053991017516668,0.000185382926973955,0.000323493207569552,0.00155046040879819,0.000259536097763535,0.000842679965579595,0.00117532775701489,0.000542801210179744,0.00123282257464822,0.000687367652710391,0.00065103970286447,0.00017796760989499,0.00019279824405291,0.000901809766204877,0.000827637927111193,0.000580089661776791,0.00467987108954866,0.0460594360232235,0.0152478263448806
0.00377929067545635,0.00163122072852031,0.00361057341565146,0.000677787558316937,0.00119420242067767,0.00704935958978721,0.000736531683809246,0.000517292612523853,0.00139340782705947,0.000562267445952327,0.00036442973938478,0.000606004988586764,0.000706894698212419,0.0102316046896353,0.00102640021535588,0.000372035804725841,0.00652293791247223,0.00031168332973698,0.00217633429889777,0.000774649575749345,0.00080204226791294,0.0132577475198242,0.00327606282451812,0.000927343533255922,0.000487504695229642,0.000695293581720967,0.000968381977569324,0.000505886019803874,0.00219309765547866,0.00040758589273298,0.00222578256096202,0.00105861675307118,0.000574216595938522,0.000726119405541109,0.000927058108961294,0.0021811353178684,0.00367921843580835,0.00161578693190575,0.000700675868419723,0.00115768093902309,0.000517474246165891,0.000770816850080316,0.000613091384867256,0.00189807155929575,0.0014213707021814,0.648222362601336,0.00182934138914862,0.000569774050740913,0.000395598072358478,0.000591399138475307,0.012581478087828,0.0565512395927477,0.00165431921168093,0.000988469399300834,0.00103894443245662,0.000631828650326559,0.000367626491484647,0.000474717686830176,0.00034524922678558,0.00113695012183411,0.00106309011321093,0.00107656474680261,0.00231578050034498,0.00112778923107629
0.00514499302540325,0.00282422051513782,0.00498919832372841,0.00281292363307727,0.00214640759150474,0.00327609579755987,0.00678247419096945,0.00249786614449967,0.00344070750758505,0,0.00279815078730578,0.00451875282422052,0.00242882964301853,0.00214640759150474,0.00465054978159361,0.00947577022958531,0.0127878222094219,0.00262652507907817,0.00552026486843477,0.00356658705054548,0.00286940804338003,0.00636269550894275,0.0032337324898328,0.00411339411498897,0.00221418888386805,0.00453489122716416,0.00635336647085404,0.00267594893809309,0.00347692925641412,0.00214640759150474,0.00709343027294616,0.00222172013857509,0.0022028920018075,0.00539739920670784,0.00595618367951135,0.00866753276095798,0.00225937641211026,0.00225937641211026,0.00206168097605061,0.0153984204904901,0.00221096120327932,0.00210404428377768,0.00382802917823252,0.136364417768522,0.00248531405332128,0.00203343877089923,0.553396186565551,0.00327609579755987,0,0.00266418135261335,0.00327609579755987,0.00376186172616358,0.00218406386503992,0.00287263572396876,0.00344554902846814,0.00261083496510519,0.00434302354772305,0.0200470539696261,0.0018075011296882,0.00360835703463491,0.00504273586447587,0,0.00271125169453231,0
0.0128362363576232,0.001323831394143,0.0261931238107107,0.00109516156171489,0.000554881857935542,0.000573255429390362,0.00390206199929494,0.00207063588306009,0.015024888200812,0.00097839267996913,0.00232008097734037,0.000881931429831326,0.000504192416686657,0.00046852607209789,0.00069500031155186,0.000928700520807231,0.0428851140519477,0.000509866607871235,0.0118815096365388,0.00189259414827332,0.00137890690289152,0.0163768435482402,0.0065279102538908,0.00207437621724911,0.00121221825003106,0.00221493403887848,0.00190717671701025,0.00108174401940249,0.000679468805915722,0.00151888190693173,0.148209415576635,0.000595992724065699,0.000809585492227976,0.00127177712739286,0.00116289395999461,0.00352068251693431,0.000675228750964608,0.000623782750891114,0.00115202293021717,0.0023538586541563,0.000576470804394954,0.00101284312644692,0.000590579082476334,0.00108587807297982,0.000845758461029651,0.000737644853994951,0.00112308455517583,0.444062959838568,0,0.0009613701064154,0.000871596295887992,0.00317969609258229,0.000542020357917168,0.000694646275342998,0.00124366111784809,0.000668515330625348,0.000525943482894201,0.00160637510433564,0.000578767500826806,0.0307957034601429,0.0167653846706897,0.00045015250064307,0.00307927077691449,0.00048689964355271
0.0109382015833629,0.00182795698924731,0.00492918961447679,0,0.00173835125448029,0.00146236559139785,0.00430575035063114,0.00209462365591398,0,0.0017741935483871,0.00166666666666667,0,0.00180645161290322,0.00134408602150538,0.00150537634408602,0.00483870967741936,0.0109361851332398,0,0.00481018213737108,0.00335863377609108,0.00170698924731183,0.00594514570671654,0.0014516129032258,0.0027741935483871,0.00218637992831541,0.00222734254992319,0,0,0,0.00571684587813621,0.00628502195971528,0.00272401433691756,0.0023715651135006,0.00363440860215054,0,0.00863247863247863,0.0032258064516129,0.00151732377538829,0.0614995324918186,0.00688172043010752,0,0.00248847926267281,0,0.00139784946236559,0.016265778401122,0.004,0.0123655913978494,0,0.583269050958392,0.0043010752688172,0.00298003072196621,0.00460215053763441,0.00301075268817204,0.00204301075268817,0.00221198156682028,0.00163978494623656,0,0.00172043010752688,0.0151157082748948,0.00231397849462365,0.00200716845878136,0.0029133064516129,0.0125970079476391,0.024007713884993
0.00240904332519727,0.000678048298592709,0.0043975034234313,0.000782674294335824,0,0,0.00359714466711386,0.000786341442970597,0.00151752313486698,0,0.00111009827958341,0.000471490538756517,0,0,0.00050292324134029,0.00109479434318358,0.0176255463140373,0.00053435594392405,0.00170736725398195,0.0328126665591577,0.00048047131092331,0.00523268144441213,0.000703608957836653,0.0523330581832991,0.000831757668370477,0.00103727918526435,0.00150396750557057,0.00050292324134029,0.000609794430125098,0.00053435594392405,0.0059247227772296,0.00094298107751304,0.000612937700383475,0.00144993415251792,0.000662880772266575,0.00258657058611008,0.000639131619203283,0.000463632363110575,0.00059722134909159,0.00392327960618924,0,0.000650656943483996,0.00100235396017127,0.000807110685699335,0.000492445673812363,0.00058936317344565,0.000810374363487771,0.000593912643556458,0,0.667162187278775,0.00094298107751304,0.00124295839130161,0.000631962757210494,0.000502923241340283,0.00116710991332774,0.000815753471816838,0.000502923241340288,0.00107455983251486,0.00050292324134029,0.00250755267803094,0.000540642484440808,0,0.00100943879154729,0.00062865405167536
0.00383746138340504,0.00199987927237988,0.00468426208969773,0.000883375037455876,0.00667760860569602,0.0167641464224439,0.00081326590749906,0.00154939246887108,0.00164925348016243,0.00173661952985086,0.000840135926469294,0.000990106459015156,0.000685805561101797,0.000923522552006918,0.000962321609631611,0.00273200917879848,0.00704724660579089,0,0.00255060816692655,0.00101323336751667,0.000832612321157629,0.00914035368385893,0.00260728750741165,0.00174296856386914,0.000789978557724855,0.00217244103374337,0.00173865816499266,0.000639506451491548,0.00275990921516257,0,0.00210858938340094,0.00571303333774936,0.00154384380995373,0.00173042922168303,0.00124937445781594,0.00260639184011264,0.00202166555632814,0.00201949405734175,0.00109915171350111,0.00106802484098206,0.000639506451491549,0.000589349082747117,0.000695933491329037,0.00207188515505861,0.00183411993591431,0.0237672327361881,0.00139186698265809,0.00157619531279389,0.00101226689647861,0,0.670729004643373,0.0169812678583403,0.000815057242097077,0.00116028100665839,0.000846405597562348,0.000670854806956822,0.00123387127111312,0,0.00087775395302762,0.00182038537214859,0.00132512532263525,0.000920993064014202,0.00259925104055069,0.00193534847161918
0.00371426513383467,0.000696948742328633,0.00449517388423085,0.000173658901293093,9.61947612570173e-05,0.000175133109389636,0.000772236148327424,0.000338231480681127,0.0010851413259573,5.94212502761206e-05,8.47802076430293e-05,0.000118651276421074,0.000222965238869808,0.000492379058979453,0.000914167170887714,0.000104065263590867,0.0094517532486242,3.84360503644798e-05,0.00344149595182528,0.000231599169030756,0.000141322606993694,0.0356910997781427,0.00638548419627165,0.000300876389602457,0.000136578900580255,0.000227618416485213,0.000623764658426251,6.87541418157714e-05,0.00201806551992393,8.60478156700812e-05,0.00299380528423661,9.13605127227486e-05,9.62513209034065e-05,0.000149696416098004,0.000166417022976295,0.00118319071080762,0.00125908318206702,0.000186378028127528,0.000105367793240555,0.000458931393325028,7.66070245195486e-05,8.65112356166018e-05,0.000139521843299177,0.000196810479116639,0.000122960017671745,0.00237813697524995,0.000105394300861496,0.000407669922494017,0,0.000122607637755554,0.000467484945400059,0.759700204569683,5.76856322383159e-05,0.000356758002708383,0.000167513437891169,0.000181609529812989,4.7944218745498e-05,7.90345645425681e-05,5.77645239673067e-05,0.000619903765810928,0.00108018555334659,4.06450187762315e-05,0.000890108623620593,5.32045820316198e-05
0.0045739046701974,0.0014845129192746,0.00328521092179928,0.00168512277323062,0,0,0.00274357857410337,0.00197935055903279,0.00244435391281804,0.00168512277323062,0.00201111378590916,0.00128390306531857,0,0,0,0.003584229390681,0.0078251678205192,0.00169746799501253,0.00324437269692021,0.00477952977050233,0.00172524474402183,0.00330174462072016,0.00216658642272508,0.0433831892431252,0.00149788690953833,0.00299791365751886,0.00505813535216022,0.00184561065639544,0.00124378109452736,0.00216658642272509,0.00400898732145723,0,0.00124378109452736,0.00141229337185043,0.0024180174396833,0.00275337024554646,0.00176536671481303,0.0018375862622372,0.00180548868560423,0.0382458325483383,0,0.0200836630312672,0.00273446662469291,0.00450489488043653,0.00271224522548548,0.00133739902637351,0.00422785267212326,0.0017596350047,0.00160487883164821,0.0036466413452451,0.0023270743058899,0.00332439186555701,0.638687697557095,0.00789065425560371,0.00467538965513986,0.0030893917509228,0.00251765366714813,0.00213983844219761,0.00271826352110416,0.00452984917285804,0,0.00120365912373616,0.00554829538941239,0.00161089712726689
0.00359121563532851,0.104477032350989,0.00319277543213886,0.00813584661874973,0.00064956154595647,0.00128897369275739,0.00146504370419532,0.000989741407308682,0.0044657356284508,0.000622496481541617,0.000896837816292178,0.00622290551703687,0.00244938832954423,0.000835150559086894,0.000636029013749045,0.00176045941716614,0.00647443410480534,0.000920212190105009,0.00331327135433582,0.00130245076376724,0.000828190971094504,0.0134625160625274,0.00204185944978942,0.00111202112487114,0.00106365703150373,0.00110193476546188,0.00312939807296741,0.00196155704655455,0.00374775116683879,0.00064956154595647,0.00546222209099767,0.00069015914257875,0.00116186455095191,0.0011754849567451,0.00388226319327477,0.00270942114073001,0.001305732002991,0.000954043520623572,0.000832250730756733,0.00343661877439078,0.0121166174788539,0.0017253978564469,0.00242478372553072,0.00156381942189022,0.00101910377162082,0.00193346053913608,0.00129271294507786,0.00138490188477616,0.000879614593482727,0.000974342318934715,0.00102653922887765,0.0096556088227403,0,0.575386647980005,0.00268451607664826,0.0264762521710889,0.000917505683663522,0.00103523871386813,0.00073075673920103,0.00149830505034102,0.00115428842288212,0.000766843491754169,0.00134883443471575,0.000874042374338492
0.00346223353249244,0.000377548207762155,0.00494410075334097,0.00063452627626117,0.0002673895404588,0,0.00395291538784713,0.000804279299095027,0.00114180926434471,0,0.000935632883381277,0.000307344299377932,0.00035037250129084,0.00025816921147746,0.00035037250129084,0.000604090519466972,0.0133618602294339,0.00027660986944014,0.00290358404432315,0.00394690212981582,0.000467602398339283,0.0016376961858089,0.000765772585923757,0.00258538024636719,0.000497370889050461,0.00394389550080016,0.000940473556096479,0.000292745445157477,0.000709965331563025,0.00138645686008511,0.00779157887309941,0.000285830198421475,0.00059648435948502,0.00119987214477146,0.000812326610932119,0.00496454583064741,0.000526955771478892,0.000768360748444836,0.000421830050896211,0.00365611374684178,0.00029505052740281,0.0150738347909471,0.000764134764328389,0.000719185660544365,0.000597193615560507,0.000276609869440135,0.000603931548277639,0.00056756247285125,0.000433355462122885,0.00116842057813511,0.000709965331563025,0.00136164501206546,0.00153435161313543,0.000414914804160208,0.699496850656327,0.00032754121047991,0.000515313941957001,0.000690707682424789,0.000302426790587884,0.00679899041406493,0.000515066653440261,0.000427823264734082,0.00144073000989791,0.000561287526738948
0.00491044976051149,0.0727937697675025,0.00800460001259429,0.0054213629742719,0.00263473566960843,0,0.00502930080515548,0.00246575081636345,0.0699373772971281,0,0.0023256667931503,0.00404942760390861,0.00312912346842601,0.00214206152000685,0.00272279819876427,0.00283823151400908,0.0107904020742606,0,0.00516542835110225,0.00412275440550653,0.00214206152000685,0.0104182083018515,0.00771423073303453,0.00279896038614229,0.00491246108588239,0.00284768178542088,0.00900462884549858,0.00278966151442753,0.00396933312968227,0.00205637905920658,0.00720658967595819,0.00398423442721275,0.00207351555136664,0.00424719094484118,0.00365578499414503,0.0040250355990224,0.00645775178242067,0.00202781823893982,0.00201353782880644,0.00504891833826801,0.00407913588695989,0.00591208979521892,0.0023134264416074,0.00369077199897181,0.00271613400736869,0.00496628724715435,0.00302744694827636,0.00329786322527013,0.0023134264416074,0.00278078531869981,0.00384792142139413,0.0082320237654947,0.00719732670722303,0.0740631740508805,0.00384013210677592,0.496053018816614,0.00320452403393025,0.00363079427641162,0.00208493987947334,0.00583396755154808,0.00316246173499194,0.00188501413760604,0.00416987975894668,0.00205637905920658
0.0187134502923977,0.0125,0.0299749373433584,0.0128289473684211,0,0,0,0.00818713450292397,0.011598440545809,0,0,0,0,0,0,0.0109649122807018,0.0160976766239924,0.0192982456140351,0.0126794258373206,0,0.0087719298245614,0.0139318885448917,0.0105263157894737,0.0206140350877193,0,0,0.0146834477498093,0.010916179337232,0.0157894736842105,0,0.0116228070175439,0.00701754385964912,0.0157894736842105,0.0232456140350877,0.116189931350114,0.0105263157894737,0.00964912280701754,0.0210526315789474,0,0.0224728487886383,0.0077485380116959,0,0.0144381223328592,0.0192235908921239,0,0.00789473684210526,0.0174546535831103,0.0190058479532164,0,0,0.00789473684210526,0.00730994152046783,0.0110745614035088,0.00982456140350876,0,0,0.364197177726926,0.0134711779448622,0,0.0322368421052632,0,0,0.00789473684210526,0
0.00313609590500996,0.00326021408110961,0.00397633046886778,0.00254828550848451,0,0,0.00542947363638429,0.00353737594363732,0.00296383098282691,0,0.00210026149295321,0,0,0,0.00146992311171416,0.00295517788561047,0.0163076252466259,0.00525152017689331,0.00210796666020547,0.00330957047374958,0,0.00247499874365546,0.00182969450269315,0.00404156374305628,0.00156791798582843,0.00179326652225317,0.00793951314603866,0.0024624352982562,0.00150761344791196,0.00139454243931856,0.00466815248329365,0,0,0.00215500039907415,0.00653795855114842,0.00387896376702347,0.00628890181128987,0.00195989748228554,0.00146992311171416,0.0165192555739819,0.0021609126086738,0.00253781597065179,0.0111646231049216,0.0451653130919841,0.00203527815468114,0.00128147143072516,0.0138228272556631,0.00223988283689776,0,0.00381210828972023,0.00135685210312076,0.00248756218905473,0.00151703603196141,0.00249698477310418,0.00362815826481107,0.00141069544054619,0.00222762883596646,0.667994021984937,0,0.00326058359420958,0.00173375546509875,0,0.00198604996046361,0.00160812101110609
0.0100620676455309,0.00277223331115546,0.00601970661850901,0.00909292526058993,0,0,0.0060733234385929,0.00372271330355163,0.00368152583721446,0.00221778664892437,0.00221778664892437,0,0.00214386042729356,0.00443557329784875,0.00235085384785984,0.0031936127744511,0.0077593730288341,0,0.00442252749403154,0.00259481037924152,0.00916685148222074,0.00704939327693819,0.00199600798403194,0.00438439360595049,0.00286464108819398,0.00255045464626303,0.00454646263029496,0,0,0.00421379463295631,0.00620093147039255,0,0.00365934797072521,0,0.00214386042729356,0.0135004253097181,0.0152140164116212,0.0053357337612357,0.0562879125753377,0.00389120748402185,0.00243956531381681,0.00502698307089525,0,0.00736305167442892,0.0168034301766837,0.0046943150735566,0.003548458638279,0.00199600798403194,0.0206639860375867,0.00221778664892437,0.00341539143934354,0.00698602794411177,0,0.00229171287055519,0.0068997806855425,0.00199600798403194,0,0,0.660020538632879,0.00581060102018186,0.00232867598137059,0.00805227152532541,0.0104586149338749,0.00471842145017533
0.00548212858954,0.000403736151747258,0.00903039719168654,0.000557833919589726,0,0.00035065803171263,0.00462632765276851,0.000949989390602163,0.00234425137607073,0.0002246403015659,0.00367101082418454,0.000296732824533137,0.00024655642854794,0.0002246403015659,0.00030360281789825,0.000494454660788666,0.023250985868386,0,0.0061306791950683,0.00872380963270953,0.000324453966842799,0.00484447649280984,0.000635019779304597,0.00213393234202597,0.000693838796572572,0.00391542328378859,0.00110011130261631,0.000313217981451645,0.00035613706345814,0.00025751449203896,0.0162954146221541,0,0.00036161609520365,0.00337818039926419,0.000669224591772995,0.00328277378126085,0.000385967347405916,0.000391501722906431,0.000294277027621737,0.00292526106984176,0.00022829298939624,0.000480374108287578,0.000372300207107394,0.000659281616752683,0.000540723753643078,0.000199984658711105,0.00050276638921893,0.00305015315084823,0.000217791511884013,0.00121313320130756,0.000268970649325026,0.00061808312529127,0.00027556306720064,0.000344709368674647,0.00252791804893109,0.000330933517428794,0.000266961098496736,0.00079181455329076,0.000364604657973928,0.665269811345026,0.000546324470488723,0.00019724514283835,0.00167732245997937,0.000238337880929675
0.00226823703363797,0.000691444889627236,0.00442430499789683,0.000812730056353623,0.000312713769178145,0.000332258379751777,0.00105686752400413,0.000479070221967683,0.00300965525239932,0.000412608445443387,0.000498812452466227,0.000317599921821552,0.000318297943627751,0.000339775537664714,0.000402240695031565,0.000963270092557689,0.00833662617533215,0,0.0045260644377313,0.000948185065745896,0.000492215587341259,0.14535581813315,0.00299676869597714,0.00100959127733642,0.000563753433879493,0.00103206401945774,0.00129515619401283,0.000427189345395144,0.000505432719950725,0.000456040913384797,0.00353056394699162,0.00029316915860451,0.00050955591852689,0.00104284457846463,0.000809597907223234,0.00199155139788385,0.000498123453268567,0.000562256564895083,0.000519328223813707,0.00158285286165673,0.000429004202091267,0.000822095182253491,0.000585361086680343,0.000899486411066589,0.000380174199222624,0.000484427133503646,0.000542531431440533,0.00606860158311346,0,0.000671845988468677,0.000563129092152833,0.00435165003250354,0.000345288120134203,0.000649858301573338,0.000683606844249903,0.000384568955110623,0.000328593765269221,0.000405550669402908,0.000451697666590654,0.00205921138594347,0.594892695839122,0.0002866542884133,0.000999288017757672,0.00030619889898693
0.00816857941942328,0.00291390545995619,0.00543989295013984,0.00281342596133701,0.00308895860398359,0.00147876683704632,0.00254283601761661,0.00234472948211014,0.00305236763429453,0.00245925354421834,0.00486064229916096,0.00297039251615392,0.00234673867618221,0.00180023788857814,0.00192882630919086,0.00366476998746263,0.00841842971110219,0,0.00374692370063187,0.00266463782714144,0.003375446041084,0.00342775319523155,0.00419958091864737,0.00295110425306201,0.00393802038126467,0.00833011862281801,0.00483908482864647,0,0,0.00358586345663209,0.00534695948990449,0.00255569485967789,0.00660369217962449,0,0.00385765261838171,0.00833044443807294,0.00212170894010994,0.00443333308604791,0.0552545841073098,0.00495983908077649,0,0,0.00604365576879802,0.00144661973189314,0.0818860147513282,0.00295110425306201,0,0.00197704696692063,0.00445428109537719,0.00178416433600154,0.00456319697884889,0.00534670652907706,0,0.00261406723482445,0.00390265856559617,0.00196740283537468,0,0,0.00359299970619041,0.00579963001604433,0.00189667920403768,0.467801179938529,0.0182137810446691,0.0565429142888292
0.0422987957065842,0.000126650024376919,0.00686762587961105,0.000101643810313544,4.47849387328302e-05,4.68030754065524e-05,0.0472416316103068,0.00582273945285723,0.000288876803178538,3.00640628484405e-05,0.000329781021214605,5.57190857178538e-05,3.3186347748118e-05,4.23708009238013e-05,4.18380956799352e-05,0.000102735800997156,0.0205942721122316,2.83258836259397e-05,0.0026643264560551,0.000479708075906467,0.000161072674118588,0.00298648719879425,0.000249837372481179,0.000630451039202773,0.000549445169833373,0.000733809725433512,0.000213860421375842,2.28273297456102e-05,6.59326597104955e-05,0.000254625062594041,0.00877255694795747,5.08994339616879e-05,0.000164035510346169,0.000171069240999353,0.000192523641644563,0.0709120331063075,0.000137506428401921,0.000162396601288061,0.000931121057190941,0.00103484921146898,3.61438275066986e-05,0.000106677301012689,0.000100522343111566,0.000153903967700936,0.00249606454951623,0.000125057148284175,8.25996754623067e-05,0.000212582677712279,7.89820055103275e-05,0.000105674859027226,0.000136537503335033,0.00086026016462018,6.0293666575214e-05,5.59348776045557e-05,0.000655359343391236,5.2672655028235e-05,3.24460121533491e-05,6.22505551873181e-05,0.000115546000290811,0.00111149843678069,0.000191106332441158,0.000115840413092234,0.600335344594227,0.000167969411001425
0.0067736173458124,0.00228510189151907,0.00425187856616374,0.000972177537803016,0.00150057735840164,0.00104068946918219,0.00149398395282377,0.00123865210032312,0.00079033137965281,0.000798121537147051,0.000979637893009178,0.0010239991937581,0.00153636690026904,0.000915447753422823,0.000705236703082522,0.00241062727599118,0.00649877015638972,0.000641124275529565,0.0022875314150895,0.00154880082561264,0.00130968270610505,0.00254761686802838,0.0013659321407072,0.00264509558247056,0.000871929014720211,0.00187962552308198,0.00193969235360218,0,0.000923218956762576,0.000666769246550749,0.0027264653401468,0.000707801200184641,0.00869308767681092,0,0.00076934913063548,0.00489162912362188,0.00118992665538288,0.00142540107586395,0.0206107517098506,0.00131045801918244,0.0014874083192286,0.000854832367372757,0,0.000683865893898203,0.0398132600110162,0.00119046654950964,0.00071805918859311,0.0013335384931015,0.00989282632110626,0.00076934913063548,0.00138569775619543,0.00348527368068836,0.000882726897255445,0.00174385802944043,0.00257848526812983,0.00118180574789284,0.00076934913063548,0.000936041442273167,0.00219001026501443,0.0012474446618161,0.00147715033082013,0.0239886403928364,0.00945463181626605,0.574893350370514
