0.641432858963591,0.00427578834847675,0.00481026189203634,0.00427578834847675,0.00539818278995191,0.0181106667403872,0.037702392555098,0.0135657824411376,0.00500114530045048,0,0.00454302512025655,0.00503790803095988,0.0083734188491003,0.00427578834847675,0.00632460359878853,0.00507749866381614,0.00676109032602886,0.00749535517039525,0,0.0248588931111646,0.00440940673436665,0.00534473543559594,0,0.00400855157669695,0,0.00614644575093533,0.00624665954035276,0.00743404110587435,0.0104567162635127,0.00406199893105291,0.00445394619632995,0.00641368252271513,0.005957808029679,0.00694815606627472,0.00556481277706166,0.00427578834847675,0.00356315695706396,0.00427578834847675,0,0.00621325494388027,0.00467664350614645,0.0291317774214621,0.00464020212817647,0.00374131480491716,0,0.0109567076429717,0.00440940673436665,0.00497728487439872,0,0,0,0,0
0.000777817361358506,0.630491536725951,0.00109749780139024,0.0013715710723192,0.000981920199501244,0.00087541562759767,0.00783069798032392,0.0698478163565446,0.00114829206054631,0.00162322504241679,0,0.000606123579939037,0.000958912243201518,0.00103682235851812,0.00176214714355663,0.000678858409531723,0.00335444161132749,0.000571487946799664,0.00464909155682223,0.000708645054031584,0.00131961762261014,0.00427489329111678,0.000725039253717556,0.000806890818929686,0.000855005343783397,0.000670545857578274,0.00104322527015794,0.00146657166607291,0.00188850789692435,0.00112357993904128,0.000857704224287763,0.00058187863674148,0.000943586978499695,0.000811567572297325,0.00290188184158079,0.00439332072748532,0,0.00201423524522028,0.00115149285256803,0.00061305070656691,0.000519534497090605,0.00188297372510752,0.0389406520329214,0.00141189315269041,0.00170949437999205,0.00227229545184657,0.00101562333482533,0.000682816767604796,0.000658077029648102,0.000824605153782209,0.000716957605985035,0.00182670894779512,0.00077583818232197
0,0.00320164204764745,0.547175556978722,0.00206966422230799,0.00396565032805866,0.00280457995625884,0.0121125900927181,0.017980010380761,0.00264183712852181,0.00248552682362023,0,0.00165407730054585,0.00870428752943422,0.00152836742570436,0.00407419915090699,0.00123504438440756,0.0170794084340977,0,0.00178395299969982,0.00204554226167503,0.0022944143520675,0,0.00214203010420687,0.00323249116765134,0.00168532098288949,0.00253324444756324,0.00265755086287699,0.00197800077190274,0.0028209536507491,0.0027293689200289,0.00394380193153134,0,0.00228062173257079,0.0194349841590289,0.160886585433093,0.00182169046700116,0.0016981860285604,0.00200694712466229,0,0.00196449247394828,0.00162099575453493,0.00234967194133539,0.00421509512752213,0.00269484868435989,0.00292661410376578,0.0116867849363624,0.00877763687489662,0.00325953475316655,0.00154380548050946,0.0041905160627727,0.00149418316149308,0.00131223465843303,0.00583405997017215
0.00894672631150874,0.00603226243730514,0.00813338755591704,0.305136100174734,0.00881116985224349,0.00711671411142741,0.0289438143579394,0.0144367629117527,0,0,0.0042022502372238,0.0304912655461659,0.00813338755591704,0.00406669377795852,0.0063440422936153,0.00716872996207572,0.0135782386697393,0.00660837738918259,0,0.00488003253355023,0.00613132292676823,0,0,0.00894672631150874,0,0.025909357914238,0.00493651439157743,0.0115358546834757,0.011101360558778,0.00686457909719398,0,0,0,0.00924495052189237,0.00894672631150875,0,0,0,0,0,0.0059644842076725,0.17951995137843,0.00687949030771316,0.00406669377795852,0,0.0104649586552799,0.00794075469275058,0.0100854005693371,0.00406669377795852,0.00506077447923727,0,0.00406669377795852,0.00804777295006529
0.00095654550423613,0.00166907429820794,0.00177180946910566,0.00176277671494944,0.591356102219726,0.000945158057757128,0.0130800464908145,0.00953088110847325,0.001512567028866,0.00081989614648811,0.00135758166284445,0.00224363472518706,0.00172763830867138,0.000933770611278127,0.00152227384531293,0,0.0048045534602654,0.00102487018311014,0.00100534884628899,0.000979320397194133,0.00211123257720689,0.000990707843673135,0.00259633779721235,0.00903237238301464,0.00386034435638152,0.00210732830984266,0.00373735993440831,0.00180846884394643,0.00246486455150024,0.00558288542710516,0.00124035570878971,0.00153730527466521,0.00131680290193545,0.0152446624160207,0.00459995900519268,0.00129816889860618,0.0155840333484499,0.00299824767294182,0.00102487018311014,0.00107952992620935,0.00102487018311014,0.00248164994338812,0.00256296993078551,0.00208552948372571,0.00199605668996213,0.099447696332091,0.00246522827829196,0.00579783703588022,0.00140693063232399,0.015625328484033,0.000997540311560536,0,0.00200733194485021
0.0149951229209239,0.00310439981603557,0,0.00325936985516133,0.00239153763605703,0.606250410634896,0.0310633717041812,0.00897826420225423,0,0.00183964433542848,0.00199294803004752,0.00723972391554861,0.00168634064080944,0.00260616280852369,0.00716147259148946,0.00246563442178957,0.00329602943430937,0.00228933517297767,0.00229955541928561,0.00400868444713301,0.00236268047001109,0,0.00220757320251418,0,0.00291277019776177,0.00701133523823948,0.00389391384332362,0.00464510194695692,0.00966014991487611,0.00233362290697872,0,0.00222290357197609,0.00206959987735704,0.00298942204507129,0.00429250344933313,0,0.00283611835045224,0.001916296182738,0,0.00450968368337677,0.00893439671430966,0.0440200608834673,0.0030010359613303,0.00183964433542848,0,0.00526342684858705,0.00264448873217845,0.00428785788282952,0.00208876283918442,0.00245285911390464,0,0,0.00218457764832132
0.00336927223719677,0.00491913746630728,0.00325696316262354,0.00554058101227912,0.00442324970626857,0.00396825396825397,0.0165433049530085,0.0114472064157599,0.00359389038634322,0.00397574123989218,0.0326395128281921,0.00442372965957872,0.00314465408805031,0,0.00357517220724768,0.00320080862533693,0.011769991015274,0.00306297476108797,0,0.00505390835579515,0.00292003593890386,0.00298129543412562,0,0.00415008770803919,0,0.00788205505186638,0.00487638756050198,0.00389338125187182,0.00488544474393531,0.0417197357898167,0.00292003593890386,0.00292003593890386,0.00394686176357335,0.0069952509305609,0.00719580284944167,0.00584007187780773,0.00414794848757113,0.00336927223719677,0,0.00321952680443246,0.00741239892183288,0.010283299640611,0.00637915543575921,0.00336927223719677,0,0.095571319964851,0.00449236298292903,0.0549746749207666,0.445050008392327,0.00393081761006289,0.00280772686433063,0.00292003593890386,0.00336927223719677
0.000159075950074767,0.000917907974331073,0.000239518600763825,0.000543737612483695,0.000337780689838805,0.000297605395969418,0.691621148290711,0.00992516301701975,9.70519114091957e-05,0.000172905079876653,9.02106470854981e-05,0.000648405149324318,0.00013081908801187,0.00174484209554208,0.000216406932194534,0.000227773176299466,0.0026016568429853,0.000855482773019789,9.89205605273951e-05,0.000261947570082755,0.00215011751344351,0.000246998377137159,0.000355015582990771,0.000242694821592214,0.000337078327421953,0.00127172478034077,0.00682055263174837,0.00336407900295499,0.0414171675075495,0.00105030623201973,0.000110243083112317,0.000878925522872106,0.000120343889156638,0.000291039404719774,0.000660437318282611,0.000154671829991518,0.00010550751040842,0.000391911274519703,9.23058275434985e-05,0.00108151883267537,7.07864487586103e-05,0.00430063461921404,0.00278786686738041,0.000137971550670282,0.000240842633876326,0.00447765402008751,0.000344270989308459,0.00181699071014438,8.69050482303946e-05,0.00032277686870523,0.000258626547489395,7.05132460046494e-05,0.000126880300486574
6.86639274146649e-05,0.0026098457073523,0.000412145861162683,0.000186087018657546,0.000159819716884381,8.79931956356023e-05,0.00473728418184125,0.742390834930872,0.000182105594633465,0.000272494425606802,4.83739859670006e-05,9.14512895607498e-05,0.000186037202308398,0.000108455764243316,0.000239382359795898,5.51726948602979e-05,0.00525957844019875,7.94429134181806e-05,0.000291310751476975,7.54795105477216e-05,0.000258326439149464,0.000252181442633497,6.89133031267625e-05,9.18463567966899e-05,0.000104410686206752,0.000213826232476138,0.000223835345865901,0.000203890432959962,0.000848555075192007,0.000193384340961877,0.000217082379689215,5.94388438004515e-05,0.000314219450647583,0.000155200667059574,0.00124763605404189,0.00107869568643945,5.26637751160639e-05,0.00364347658083721,0.0004547421940489,5.68427742561127e-05,4.07133123462978e-05,0.000667844272141856,0.00237898261413364,0.00160375945901995,0.000470155142768153,0.00167519486392383,0.000175223276833038,0.00041395206609072,5.27010460114043e-05,0.000176245688582915,4.91433696379972e-05,0.000322076442084547,0.000125652448355617
0.00175355094065482,0.00325659460407325,0.00615350815130369,0.00151556902728024,0.00322862129144852,0.00197483236888031,0.0100755816242176,0.0203494942426954,0.643203861445801,0.00214935243868834,0,0.00220446403968035,0.00272605597764044,0,0.00276157044101261,0.00296224855332047,0.0466858850711152,0,0.0020956911429856,0.00189711088030184,0.00202731960792032,0.00161890327914026,0,0.00183195044038252,0,0.00195395676244395,0.00216688794809489,0.00165334802976026,0.00257922292642601,0.00423670432626068,0.00375781118054383,0.00169927436392027,0.0354349425718949,0.0029086678301338,0.034776328658941,0.00302326496870448,0.0019059428676403,0.00204548826758802,0.00202731960792032,0,0,0.00650034268110873,0.00372754828527769,0.00259557862736558,0.0096584628817175,0.00561246818925972,0.00282446955084045,0.00249254740850222,0.00212792014941367,0.00464690999273529,0.00137779002480022,0.00192890603472031,0.00548819693212088
0.00138603528682777,0.00535784169846395,0.00183668205388194,0.00185139193064054,0.00142843166030721,0.00211981867397189,0.0082679120549774,0.026762397176251,0.00143961312144464,0.622541825653067,0.00156540455924078,0.00117405341943058,0.00117405341943058,0.00206437726249877,0.00211240672056639,0.00188769373320211,0.00387938193823478,0,0.00403580862929263,0.00273945797867136,0.00202198088901934,0.0198470935189456,0.00196342645711592,0.00176760264814271,0.00579271275542224,0.00161931517543912,0.00180999902162215,0.00391351139810195,0.00299383621954799,0.00142653802575974,0.0019078368065747,0.00166324234419333,0.00283729576362391,0.00161432345171705,0.00216640809537786,0.00645384070857577,0,0.00526202255455635,0.0252378479557816,0.00139418843557382,0,0.00293175983185396,0.0112392529590433,0.00163655931193354,0.00160888801921969,0.00305658735058652,0.00201790431464632,0.00182956657861266,0.00154583700225027,0,0,0.00117405341943058,0.00221765645892444
0,0.00591397849462365,0.0041816009557945,0.00682331076596309,0.00612732548216419,0,0.0164943812442644,0.0108112062029113,0.0111907606531262,0,0.569572124410834,0.00425328554360812,0,0,0,0,0.00937588894578141,0,0,0,0.00454002389486261,0,0,0.00864994026284349,0,0.0104296027058408,0.0059099960175229,0,0.00565511748307447,0.00846889072695524,0.00422142572680207,0,0.00433521078682369,0.00484724355692097,0.0153687411751928,0,0.00722819593787335,0.00519713261648745,0.0043010752688172,0,0.00454002389486261,0.0104585975553717,0.00492831541218638,0.00384490061909416,0,0.0343911181047294,0.0033452807646356,0.0812897974188297,0.0112220515446322,0.0057347670250896,0,0,0
0.00114196148678907,0.00114659419058943,0.00172733670270616,0.00466697192772357,0.00252046803770942,0.00281459919390954,0.0301188958824427,0.00635052525372426,0.00167935512763099,0.00152668647966453,0.000915126852158333,0.444442257250139,0.00134348410210479,0.00101321092700403,0.00136214360352291,0.00212018584863412,0.00120501096000188,0.0014517092103299,0.000858337065233613,0.00125601768920734,0.0013224921630094,0.00102529049897471,0.000971626895272211,0.0023386575110713,0,0.0439572742528408,0.00262352589938797,0.0113888574479707,0.00885567634336107,0.0129365708183442,0.00089565606806986,0.00132109270040304,0.000962830273175096,0.00113200975269941,0.00279892521271832,0.00369458128078818,0,0.00167935512763099,0,0.000992346211781945,0.00133689839572192,0.15455111391072,0.00203575160471712,0.00083967756381549,0.00123152709359606,0.00576264107841016,0.00156739811912226,0.0141890129574859,0.000996417375727718,0.00162337662337662,0.00078369905956112,0.00078369905956112,0.00078369905956112
0,0.00566583581088521,0.0236251030869488,0.00320580197603531,0.00338174406595315,0.00210216523018709,0.0142602104047766,0.0232509251971391,0.00238245392754537,0.00329339219395978,0,0.00273281479924322,0.560506552518325,0.00311821175811085,0.0360348081600972,0,0.0104534943719304,0,0.00609347628056898,0.00262770653773386,0.00443790437483942,0.00252259827622451,0.00245252610188494,0.00269571776576933,0.00252259827622451,0.00283792306075257,0.00548665125078831,0.00469483568075117,0.00383434937986126,0.00273281479924322,0.00785905868586813,0,0.00238245392754537,0.00778802166231218,0.0530230753060267,0.00273281479924322,0.0023123817532058,0.00355265923901619,0.0034685726298087,0.00273281479924322,0,0.00475089342022283,0.0291946859111038,0.00372383555061713,0.00320580197603532,0.00773890130089807,0.0167595700494586,0.00546562959848644,0.00225982762245112,0.00543172370767697,0.00414426859665455,0.00264084507042253,0.00440253461064897
0.00309761257177395,0.00308250226654578,0.00236098519190088,0.00302206104563312,0.00604412209126625,0.00361273661364323,0.111374572843295,0.0117459013297069,0.0056663644605621,0.00290333721884039,0,0.00356603203384709,0,0.519228278521116,0.00336547707354598,0.00397904704341694,0.00446440836286711,0.00264430341492898,0.00287095799335147,0.00317316409791478,0.00934091595922965,0.00374323470425012,0.00904615743117529,0.00312999179726288,0.0100154658418218,0.0047899667573285,0.00448991926779778,0.00388334844363856,0.0136988653534438,0.00396645512239347,0,0.00493603304120077,0.00460864309459051,0.00498640072529465,0.00402411286602726,0.004354515233935,0,0.00567895638158558,0.00491084919915382,0.00521549244972168,0,0.0047003842334758,0.00675106851444113,0.00266948725697592,0.00419310970081596,0.00658654330458501,0.0024176488365065,0.00463697491689332,0.00317316409791478,0,0.00274503878311675,0,0.00317316409791478
0,0.00636463792282039,0.00696579900962941,0.0042524659008699,0.00257265364459266,0.00212799745910751,0.0153329017073657,0.0216103636287303,0.00271734335574259,0.0041686517389233,0.00238208670795617,0.00279498173733524,0.0176274416388757,0.00269969826901699,0.574262643819576,0,0.00859697238925443,0.00293790693981261,0.0113991138288423,0.00206447514689535,0.00381479103230662,0.00419002944014854,0.0027791011592822,0.00373915428703423,0.00222328092742576,0.0027923349743264,0.00374252289450003,0.00335080196919168,0.00587203278961259,0.00290387712969895,0.00330039839537116,0,0.00346725954158065,0.00533984437033508,0.0103947429256045,0.00400417432337394,0.00254089248848658,0.00448185202830272,0.00238208670795617,0,0.00254089248848658,0.00697752898205495,0.0648102096410815,0.00383118945529617,0.00524059075750357,0.00829429357895294,0.0172801630638696,0.00444656185485152,0.0028585040495474,0.00257265364459266,0.00262029537875179,0.00283342945262155,0.00238208670795617
0.00704423781346859,0.00619892927585235,0,0.0244489238572079,0.00743871513102282,0.0088287780595473,0.0271610980113004,0.0122949043067386,0,0.00535362073823612,0,0.011445209247407,0,0,0,0.519214513297354,0.00893835509220125,0.00535362073823612,0.00535362073823612,0.0118343195266272,0.00591715976331361,0.00535362073823612,0,0.0079599887292195,0,0.0144453836761529,0.00577627500704423,0.00744341128956513,0.0102258852258852,0.00773926927773082,0,0,0,0.00958016342631727,0.00479008171315864,0.00422654268808115,0.00958016342631727,0.00588193857424627,0,0.00479008171315864,0.00516577439654363,0.0954858046996678,0.00553292860985169,0,0,0.0129830721546698,0,0.0086409317178548,0,0.00976800976800977,0,0,0
8.29982662584382e-05,0.000555627282452318,0.000986962099507745,0.000182204948149834,0.000267718313385802,0.000225150452012376,0.00418599070338345,0.0190465651013809,0.000596012518749729,0.000135122781299967,9.43403026436903e-05,0.000107232902142683,0.000136262473493649,9.80066673465644e-05,0.00020388370405892,0.00010820514712211,0.740544784810527,0.000102694699814966,0.000292808698366445,7.68502465355909e-05,0.000197614919662946,0.00022468217532587,0.000107869800591774,0.00017811436849234,9.34026073278716e-05,0.000382214238191465,0.000158507126672678,0.000326601724661406,0.000843439994644389,0.000299463036626785,0.00175786071614025,0.000135036861769679,0.00194635494720337,0.000315545116164833,0.00314582683906525,0.000217933534951673,0.000138842778740965,0.000553392441949617,0.000157101525258286,8.65846110967652e-05,7.68502465355909e-05,0.000600912001799772,0.000732425074894363,0.00507995330747922,0.00444082949892829,0.00276363620640429,0.000123551550199525,0.000745754792381371,9.71687019610977e-05,0.000907547795134254,0.000112110947887214,0.000747491101248153,0.000208875029045449
0.00556951307534284,0.00500498233535646,0.00337062535857717,0.00419535283993115,0.00327022375215146,0.00439974182444062,0.0838621361426869,0.00891422834193918,0,0.00344234079173838,0,0.00384394721744119,0,0.00319133677567412,0.00387263339070568,0.00311962134251291,0.00458261617900172,0.472657506005182,0,0.0111650922627387,0.00377223178427998,0.00480493402180149,0.00387263339070568,0.00348537005163511,0.00391873616916646,0.00473321858864027,0.00494836488812392,0.00958354212510076,0.077036560685442,0.00494836488812392,0.00638267355134825,0.00453678066302477,0.00322719449225473,0.00376506024096385,0.00498422260470453,0.0052710843373494,0,0.00494836488812393,0,0.00855489627683667,0.00337062535857716,0.0182998001859655,0.0049176297024834,0.00487664945496271,0,0.00561429391033522,0.00370051635111876,0.00680400172117039,0.00391566265060241,0.00315547905909351,0.00444635685599541,0,0
0,0.0333369549471244,0.0044579802259887,0.00549991439821948,0,0.00360954174513496,0.0124186407638682,0.0452649986548292,0.00383373688458434,0.00347222222222222,0,0.00486503452605147,0.00512873946466611,0.00343691148775894,0.0156116247217942,0,0.0201613864454457,0.00353107344632768,0.535564247428654,0.00429613935969868,0.00472117597823812,0.00349183929692404,0.00392341494036409,0.00486993879472693,0.00353107344632768,0.00353107344632768,0.0077683615819209,0.00562617702448211,0.00598601022329836,0.00355461393596987,0.0181654111738858,0,0.00413266373718351,0,0.0109613079952063,0.00394538606403013,0,0.00325286765964732,0.00759180790960452,0,0,0.00848481126668305,0.0278527969205935,0.0122576324235431,0.00662076271186441,0.00684557438794727,0.00547626127465557,0.00353107344632768,0.00306026365348399,0.00568593365203535,0.00382532956685499,0.0155341075538816,0.00635593220338983
0.0170593117538147,0.00293685756240822,0.00427759688437719,0.00433033818275692,0,0.00706675395289402,0.0419588997759696,0.0111179611185597,0,0.00727829917640299,0.00325608121049607,0.0131730455062699,0,0.00495860733363127,0.00454893698525187,0.00443720870842112,0.00739534784736853,0.0102569860444227,0.00287301283279065,0.480700299508957,0.00394855097019433,0.00287301283279065,0.00346676881823405,0.00248994445508523,0,0.00693648431629661,0.00321777437272553,0.00435992298309459,0.0115924899911707,0.00370299431781906,0.002968779927217,0.00480308812046027,0,0.00248994445508523,0.003967493911949,0.00462628733075008,0,0.00456489816765626,0.00287301283279065,0.00351146012896635,0.00468695426839573,0.134995822028957,0.00551902218249661,0.00316031411606972,0.00268147864393794,0.00574602566558131,0.00287301283279065,0.00521398625210156,0.00287301283279065,0,0,0,0.00287301283279065
0,0.00366543361180135,0.00331947479992769,0.00425122837000641,0.00263476465142775,0.00469985045930357,0.151350678802078,0.0107935462858224,0,0.00931424909207434,0,0.00320444349497971,0.00366730755536566,0.00530343875782884,0.00409147060735814,0.00234992522965178,0.00550309762871181,0.00277718436231574,0.00277718436231574,0,0.503006073183386,0.0031777397991882,0.0142158608084692,0.00348928291675568,0.00360499893185217,0.00265511032441175,0.00801506484052949,0.00495992123570772,0.0165467967433359,0.00309762871181372,0.00555436872463149,0.00275683868933174,0.00224311044648579,0.0043438011820836,0.00333262123477889,0.00418713950010681,0,0.00268223788839042,0.0032044434949797,0.00317687838964654,0.00234992522965178,0.00640125736259041,0.0316030903512211,0.00290536210211493,0.00260628070925016,0.00672933133945738,0.00343943601794488,0.00337534714804529,0,0.00264900662251655,0.00394146549882504,0.0021362956633198,0
0,0.0145658938762387,0.00511748787610857,0.00151515151515152,0,0.00222701149425287,0.0100982705787045,0.0348891210960176,0.0013351909903634,0.0280707797949177,0,0.00185765703007082,0.00262394055497504,0.00200436971596846,0.00248524386455421,0.0012539184952978,0.00470219435736677,0.0021324354657688,0.00149425287356322,0.00141065830721003,0.00243944143630664,0.466223431740673,0.0043392179508332,0.00137931034482759,0.004260710553814,0.00154998258446534,0.0015841170323929,0.00202336848104873,0.00344098563825909,0.0012748171368861,0.0021246952281435,0.00135841170323929,0,0.00170672239637757,0.00500030733296454,0.00939979560669216,0,0.0037999037999038,0.0063909006834096,0.00125391849529781,0.00146290491118077,0.00311157552536863,0.0577284784181336,0.00146744809413475,0.00154417740624637,0.00214002089864159,0.00220928496790566,0.00192731916869848,0,0.00250783699059561,0,0.00128874956461163,0.00114942528735632
0,0.00584151410630583,0.00371451313345715,0,0.00548332891129389,0.0103475723003449,0.0496388667786917,0.0178106142552945,0,0.00511187759794818,0,0,0.00371451313345715,0.0107552627662122,0.0118826517075389,0,0.00504112496683471,0.00583709206686124,0.0033607499778898,0.0040682762890245,0.025258106181428,0.0105405340215635,0.459468363952312,0.00355531971345184,0.0248091318592539,0.00397983550013266,0.00426927808196049,0,0.00763275594132585,0.00318386840010613,0.00397983550013266,0.00318386840010613,0.00527991509684266,0.00652693022021757,0.00553386650494637,0.0056381002918546,0.00371451313345715,0.00551280917425783,0.00433359865570001,0.00424515786680817,0.0035818519501194,0.00408512215357532,0.0640738937369343,0,0.00371451313345715,0.0133798279194936,0.0050411249668347,0.00424515786680817,0,0.00451048023348369,0.00424515786680817,0,0
0.00149196265280585,0.00236746445618386,0.00246483230889815,0.00272523823274617,0.017583052235088,0.00246655115988064,0.0169819039368563,0.010378185149412,0.00122725960150159,0.00167244200596785,0.00182710734255638,0.0021757788686752,0.00160884451961553,0.00108287611897199,0.00268028246659491,0.00105193680128708,0.00312059017429538,0.00132007755455633,0.0011149613373119,0.00129945134276639,0.00159932472955863,0.00129945134276639,0.00108287611897199,0.397716202365351,0.00101068437770719,0.00320567883996096,0.0115887577625955,0.00333081587774051,0.00450879889928827,0.00770423773632656,0.00119717970930792,0.00191095785700939,0.00147993069592839,0.0167207179191008,0.00387265866276424,0.00107385215131389,0.00371787467513717,0.00247514541479312,0.00141289550761107,0.00108287611897199,0.00337857349119261,0.00336593993647127,0.0033826987335506,0.00117311579555299,0.00415102512272596,0.223542916800208,0.01051143485449,0.00547765977547478,0.00136343947706928,0.00285485522274434,0.0026700481696778,0.00105193680128708,0.00155212243719319
0.00424989375265618,0.00454502526325731,0,0.00520611984700383,0,0.00382490437739057,0.0651751563353773,0.0100900703288869,0,0.0117270505737357,0,0.004462388440289,0,0.0168658704880693,0.00369740756481088,0.00733106672333192,0.00987594357760104,0.00435614109647259,0.0046748831279218,0.00350616234594135,0.00507191267586731,0.0141614275735061,0.0201496336217968,0.00504191940656029,0.588610284742881,0.00796855078623035,0.00965940137210856,0.00541236469088273,0.0103139212564462,0.00761945237083359,0,0.00361240968975776,0.00393115172120697,0,0,0.00622701823758754,0.00509987250318742,0.00626195282617935,0.00523268168295793,0.00462766208622562,0,0.00516058527108251,0.0164239564896954,0.0077206403173254,0.0040537448102259,0.00556027765972517,0.00478113047173821,0,0,0,0.00786230344241394,0.00318742031449214,0
0.000352630816502353,0.000580390083809645,0.000500545148181183,0.0012931421972353,0.000614300170344396,0.000887242431250753,0.014095974399275,0.0033487673987228,0.00024779462781246,0.000518116039971522,0.000401977951784667,0.0178651757599126,0,0.000308616945548249,0.000297353553374958,0.00040401298012902,0.000978361547742331,0.000348065012090066,0.000319379742513841,0.000400436118544945,0.000395094767678764,0.000280833911520793,0.00024779462781246,0.00035360963104049,0.000322133016156206,0.666785934850163,0.00165326348309038,0.00069795486833845,0.00273608837391175,0.0242729814540698,0.000307973323138348,0.000353992325446377,0.000256054448739543,0.000307787011388113,0.000641033928471383,0.00027257409059371,0.000404245353607787,0.00041505600158588,0.000326638373025521,0.000473062471278345,0.000324039128677838,0.0158762834944815,0.00113232734987723,0.000366736049162446,0.000318003105692661,0.0129697342007779,0.000374445215361059,0.0636489093224151,0.000625936018748204,0.000544093735962693,0.00024779462781246,0.00024779462781246,0.000260184359203085
0.000942420411446957,0.00181588323181243,0.00156457112209324,0.00151436278453457,0.00164732023139103,0.00155282279176084,0.124394189880916,0.0089465802501499,0.000874641582606181,0.00138374899436846,0.00105479574506123,0.00180135193867266,0.0011221816531551,0.00117135961383749,0.00169053365513542,0.000893894699204431,0.00225756544340615,0.0010279789040851,0.0012711182622687,0.00101903995709305,0.00153775428111711,0.00111925025758281,0.000943952802359879,0.0045058186651107,0.000970769643336012,0.0080126363312204,0.54537969405226,0.0182560802029829,0.0142335540565629,0.0121353572681006,0.00127926263619479,0.00435326718512559,0.00105479574506123,0.00142129257173505,0.00174309466344864,0.000762790143321112,0.00124549328089151,0.00153948531529652,0.000858138911236253,0.00146598730669527,0,0.00370268626258266,0.0027949946932871,0.00135425046929472,0.00104829469270338,0.0685762614966155,0.00159232442418283,0.00328570151579001,0.00174374873274075,0.00101635827299544,0.00183660980121157,0,0.00119160049902643
0.00105936023657542,0.00128340365682138,0.000735691874932376,0.0014103336888147,0.00128529698149951,0.00241562114106854,0.0685407311502735,0.00748294224438334,0.000784377366655843,0.00059504489884236,0.00064913988964621,0.00923716551759395,0.000782296790086464,0.00164912443393456,0.00101127580030533,0.000747494418380489,0.00266796494644596,0.00232222067665106,0.000762739370334301,0.000869126185581877,0.0011480159159484,0.000673182107781259,0.000622092394244287,0.00126221645208987,0.00099474677533749,0.00321350004894309,0.0146056475170399,0.623447741266631,0.0205412352442538,0.00270568221244782,0.00059504489884236,0.00777184516230281,0.00123130502877338,0.00107262638908208,0.00114601239777048,0.00108189981607703,0.000850766673551481,0.00172687855258449,0.000567997403440435,0.00198964014956605,0.000581521151141398,0.0142608662569714,0.00261747628836236,0.00144974575354322,0.00129602582134227,0.00663865748253934,0.000963874381595897,0.00330383137864717,0.000834608429545136,0.00113030059732258,0.00110894731147895,0.00067618738504814,0.00067618738504814
0.000255579507170422,0.000677597005938462,0.000238930749333718,0.000569169336229797,0.000447543490997205,0.000574858769357953,0.231366121970348,0.00920613895791704,0.000351744523757273,0.000331091634288956,0.000250834924454728,0.00137052347556923,0.000162641504562995,0.00117633524973045,0.000249808846877804,0.000220116321964957,0.00240614673111995,0.00237749368391802,0.00019315983676841,0.000346883578649027,0.0013596012744081,0.00031371185899977,0.000335817648310436,0.000297655916311098,0.000316356760287991,0.00164764162647241,0.00461087105121647,0.00619146959067704,0.50889357960391,0.00097179220980385,0.000188008640540385,0.00244827522131287,0.000234589885808599,0.000368746552633943,0.000451949594209275,0.000321298348386181,0.000169034065588902,0.000472470211124513,0.000251082507044256,0.00210117617921829,0.000184059315863472,0.00909422185770755,0.00250033298528865,0.000297224971789101,0.00020680353417078,0.00444533587257962,0.000345444163130779,0.0013930660792067,0.000218053944609685,0.000560604039647808,0.000267454918614705,0.000238799034477415,0.000144706100551036
0.00086879432624113,0.000923715620134922,0.000782674772036471,0.000991134751773047,0.0014564336372847,0.000970744680851061,0.0236094224924012,0.00482558139534884,0.000591755319148931,0.00056382978723404,0.0010121158392435,0.0109761515080664,0.00058510638297872,0.000691489361702124,0.00074721377912867,0.000638297872340423,0.00316178502348715,0.000942249240121577,0.00056737588652482,0.000718085106382976,0.000670212765957444,0.000861702127659572,0,0.00145777925531915,0.00058510638297872,0.0525543605330839,0.006679915828852,0.00153251706142111,0.00360224586288416,0.560398059387421,0.000585106382978719,0.000531914893617017,0,0.00103723404255319,0.00110117700316885,0.000934650455927046,0.0010064167510976,0.00118112384069831,0.00047872340425531,0.00107446808510638,0.000567375886524817,0.00499181669394435,0.0015522924782739,0.000547112462006071,0.000744680851063828,0.0972726209960252,0.000756955810147295,0.0404360533083937,0.00538753799392097,0.0019951030057413,0.000691489361702123,0.000553191489361696,0.000499999999999992
0.00280441976555051,0.00659038644904369,0.00547207604664403,0.00345590804954763,0.00345995288574794,0.0021874474171294,0.0110433173115613,0.0252435591300879,0.00410691694555063,0.00268102529586629,0,0,0.00417415741946149,0.00572101632172304,0.00444608395138431,0.00235571260306243,0.095378624404369,0,0.00964060535875127,0,0.00332791145511994,0.00287172583992372,0,0.00432757025071513,0.00538448594985698,0.003216834436955,0.00336530371866061,0.0027483313702395,0.00431017745505378,0.00353899681381729,0.501032704465314,0.00260811038196197,0.00809825121600946,0.00396293524111241,0.0947222052724324,0.00330411637832133,0.00260811038196197,0.00665048115830549,0.00334511189634865,0,0,0.00504795557799092,0.0063641120323438,0.00589310571642727,0.00939799305523687,0.00556209920167518,0.00321106063155533,0.00471142520612485,0.00262493690055528,0.00405438971819588,0.00252397778899546,0.00444538430404155,0.00404568034004199
0.00837254359258234,0.00424393394224559,0.00453916412953225,0.0043938555217271,0.00470523110988099,0.00415167450871852,0.104169011171502,0.0112066969051667,0.00885690561859952,0,0.00429006365900914,0.00683768210754095,0,0.0048436202601716,0,0.00442845280929975,0.00617769166897315,0.00688303931708596,0,0.00415167450871852,0.00475136082664453,0,0.00470523110988099,0.00435296781823214,0.00359811790755605,0.00621686644382465,0.0219450197403374,0.0729021877651825,0.0811538309462472,0.00498200941046222,0,0.457535821499287,0,0.00581234431220592,0.0157148568441123,0,0,0,0,0.00514016843936578,0,0.0113276582530564,0.00545806808746194,0,0,0.0124306019113984,0.00636590091336839,0.00935115258392314,0.00456684195959037,0.00470523110988099,0.00498200941046222,0,0
0.00105934753822077,0.00211477571451367,0.00180843162506728,0.000975081256771395,0.00149188677600528,0.00173347778981582,0.00511375947995666,0.0232233638517495,0.0238511939487021,0.00149615642573389,0.00109786926688335,0.00115565185987721,0.00102151369757003,0.00292524377031419,0.00126727732361535,0.00079451065366558,0.0738537735287465,0.00101119537739256,0.00132671874703009,0.00160105934753822,0.00135011250937578,0.00125195618153364,0.00115565185987721,0.00111231491513181,0.000902853015529065,0.00105934753822077,0.00170768198937213,0.00120621162874683,0.00144938004092933,0.00123343611967664,0.00232298769995539,0.00093896713615023,0.634563197726795,0.00151123704753174,0.00529845741113347,0.00116568356004975,0.00100216684723727,0.00156013001083423,0.00166124954857349,0.00173347778981582,0,0.00225512619878817,0.00280301136205795,0.00219127737768997,0.0533615896562809,0.00334557200754384,0.00125677139761647,0.00184737617023641,0.000881184543156368,0.00205601424639793,0.0008667388949079,0.00114070808582707,0.001643815145515
0,0.00324675324675325,0.0181559017479195,0.00206611570247934,0.0159355331133402,0.0053013505341665,0.0187300020620611,0.0100355947119237,0.00287240475710542,0.00262043942753477,0,0.00385866904713911,0.00200312437008668,0.00285980649062689,0.00268883001698966,0.0020493180138413,0.0113259897791005,0.00251965329570651,0.00161257810925217,0.00181415037290869,0.00203862857561709,0.00161257810925217,0,0.0157071310064658,0,0.00239443416222292,0.00382785728683733,0.00233929916506647,0.00473054907644708,0.00281225819456275,0.00232438016528926,0.00181415037290869,0.00211650876839347,0.527860166441098,0.0247944959696623,0.00226048895671956,0.00159018119106811,0.00342672848216085,0.00201572263656521,0.00146139891150978,0,0.00298555145227111,0.00390481654339748,0.00195093155181847,0.00285165467114078,0.0336769660494716,0.0205437577943121,0.00397952514461283,0.00204091916952228,0.0107176637110118,0.00281232071697704,0.00205891669306304,0.00591081020192798
0.000848503248054862,0.00171646757978071,0.0273530022014977,0.000955362289302805,0.00112710402481841,0.000855731650561227,0.00667787625086116,0.0148657871711082,0.00411351705708381,0.000484580983407475,0,0.000494798052334741,0.0020916139112895,0.00177697385810322,0.00123605682858844,0.000449551032799705,0.0266620268021466,0.000660564782889367,0.000821952769618021,0.000464146845552943,0.000732238967543053,0.000675232496198039,0.000531287584217835,0.0009135261629085,0.000475406472534011,0.00108259228306869,0.00108818846565426,0.000603964665651197,0.00185814426890547,0.000759596823705317,0.00830248323855358,0.000587724726863686,0.00144848845763127,0.00223802462216306,0.661779282825277,0.000614970244003063,0.00054880255952172,0.00179574588905093,0.00097354071064093,0.000429116894945172,0.00042035940729323,0.00108873086488948,0.00213598289187858,0.0010392218680305,0.00266422235455759,0.00354825848010161,0.00164381286740904,0.000956025735337045,0.00042035940729323,0.00194373506421161,0.000486040564682799,0.00059550916033208,0.00418742640342108
0,0.0153935321714884,0.00147071253486603,0.00135841675018414,0.00179612881413236,0.00107063364607106,0.00814342216095063,0.0867547632825293,0.00132822971129116,0.0061702307497253,0,0.00114107007015468,0.00107767728847942,0.00169492279426485,0.00178852168033133,0.000965985244575389,0.00338094835601386,0,0.0011938973882174,0.00101428450680416,0.00211702405780635,0.00672474343339021,0.0012678556335052,0.00140872848167244,0.00169047417800693,0.000993153579579073,0.00117804919279858,0.00109880821570451,0.00231271254565629,0.00149123972131326,0.00153048287187413,0.00118333192460485,0.00221346462682783,0.00102635932236135,0.00337172758777019,0.570012102680516,0.00092976079790381,0.0119884341843601,0.0423937485893365,0.00169047417800693,0,0.00246453340688379,0.00639594747235691,0.00176292307135009,0.00119633557212798,0.00195921622681829,0.00137652897351993,0.00201045679027253,0,0.00162285521088666,0,0.00134709661059927,0
0,0.00296751915398726,0.00309161540951764,0.00406133199917596,0.0353825520546142,0,0.0151486298630815,0.0118258336031078,0.00383079745332902,0.00307542894140499,0.00293514621776195,0.00324773650518489,0.00237401532318981,0.00258983489802525,0.00339915830365814,0,0.0116188491421172,0,0.00242797021689867,0,0.00267076723858854,0.00221215064206323,0.00242797021689867,0.00500076672743692,0,0.0055216089349304,0.0057022614808306,0.00339915830365814,0.00518841923827356,0.00923162302249385,0.00315636128196828,0.00480969338204689,0,0.00383079745332902,0.00573120870951884,0,0.373459172746968,0,0,0,0.00275169957915183,0.00418640925277377,0.00750843262774255,0.00793136937520233,0,0.24743417799423,0.00339915830365814,0.00546871386949082,0.0080638041143059,0.00498543217869861,0,0.00230657170605374,0
0.00036650690724556,0.00135557349255207,0.000786756413870874,0.000711869185226947,0.000654476620081351,0.00099614697866742,0.00581639955758929,0.101202068301025,0.000787637440090214,0.0012386660239912,0.000444037214547502,0.000753375309338092,0.000352410487736112,0.000512169908843148,0.000872752233976046,0.000642170222096917,0.00329639348528551,0.000410362434608272,0.000689443063280105,0.000744290950098673,0.000751025906086518,0.000560332675500421,0.000396644079989888,0.000394699746264445,0.000686434341329475,0.000566273309436543,0.000670284747674088,0.000692604078564042,0.00117232248325381,0.000608159813121747,0.000507471102340002,0.000400964821601979,0.000551774135083972,0.000723616201484822,0.00151967233655985,0.00487922001877457,0.000498073489333703,0.602197182574967,0.0114685990637499,0.00036650690724556,0.000625881026219336,0.00107826765847628,0.00200038027550304,0.000896532280800675,0.00090780941640823,0.00110334937888739,0.000550373248673095,0.00108542430222723,0.000504338564671236,0.000702070454592336,0.000639037684428153,0.000506189609657325,0.000539341268187444
0.00104318500100032,0.00182234144336519,0.00320432933406978,0.000653266536829943,0.0213800318404623,0.000783919844195931,0.0128894512843754,0.00720509020260371,0.00146138366175588,0.0011495676418938,0.000954585726942754,0.000948869644745492,0.000988882220126326,0.00062876904169882,0.000986024179027695,0.00074309068564406,0.0127563901035564,0,0.000834548000800252,0,0.000822480716161588,0.000631367260879394,0.000590661827050407,0.00216925319386093,0.000718797336305696,0.00199295044967224,0.000934187159101544,0.00164663996439697,0.00175219904277608,0.00174760807178054,0.000775613222283654,0.0005716082197262,0.00091362047119571,0.00848367100617808,0.0127738733586286,0.00068592986367144,0.000696922329435405,0.00128230777291911,0.00068592986367144,0.00126499384278537,0,0.00153043491087983,0.00176688183633224,0.000755339433209621,0.00129776236552652,0.0267785888123709,0.000910286089913974,0.00416576106643484,0.000651633370487868,0.624789455021814,0.000617336877304296,0.000754154070541986,0.00463193194051464
0,0.00642847278548351,0.00188639854456523,0.00212499440790945,0.00335525432827808,0.00442893571332707,0.00852544315166782,0.06945450201389,0.00356999060528788,0.021833012720142,0,0,0.00210262604572093,0.00187894242383573,0.0015769695342907,0.00161052207757348,0.00291068312978124,0.00189571869547712,0.00189114334866583,0,0.00253508104803233,0.00556972218494162,0.00147631190444236,0.00184538988055295,0.00234473067176139,0.00167762716413904,0.00154341699100791,0.0021281898882221,0.00261356652939556,0,0.00204670514024963,0,0.00399409475238223,0.00289510516325709,0.0027542261616474,0.0500633442520438,0,0.0416523484568042,0.564566154554076,0.00185976954195985,0.0017447322507046,0.00283758651762946,0.00978532381709757,0.00186552140652262,0.00335525432827808,0.00348946450140921,0.00194088558066548,0.00147631190444236,0,0.00472419809421555,0,0.00180667540753435,0.00161052207757348
0,0.00926800265799322,0.00933794984786486,0.00776413807575281,0.0105130626377085,0.00723953415171546,0.0815374392333788,0.0150719927385057,0,0,0,0.00755429650613787,0.00637393767705383,0.00650508865806316,0.00793201133144476,0.00881334592382751,0.0215926975133774,0.00661000944287063,0.0117511278984367,0,0.00771167768334907,0.0110166824047844,0,0.0147524145585872,0.00771167768334907,0.00835330863659476,0.0255360110093624,0.00982916988582711,0.0179414542020774,0.00948221592697514,0,0.00912810827824992,0,0.00813539623737924,0.00961074388836429,0,0.0068348396960295,0.00948783668330411,0.00818382121498269,0.00811118374857752,0,0.0104730019744184,0.0118980169971671,0.00802644003777148,0,0.0198300283286119,0.0258324732268997,0.0117988191642583,0,0.00587556394921834,0.378960039016696,0,0.00692477179729304
0.00687601278850786,0.00420444094074366,0.0063066614111155,0.00387596899224806,0,0,0.112129494470843,0.00723611536908082,0,0,0,0.00409932991722507,0,0.00552843556391053,0,0,0.00836508562168791,0.00822364524167997,0.00394166338194718,0,0.00481758857793544,0,0.00407305216134542,0.0043358297201419,0.0036788858231507,0.00409932991722507,0.00749556963445078,0.0111347364174536,0.052686900538694,0.00571541190382341,0,0.00430767498169942,0,0,0.00420444094074366,0,0,0.00407305216134542,0,0.571458891916125,0,0.00931546445933518,0.00412358630726782,0,0.00394166338194718,0.00577585074234661,0,0.00494897735733368,0,0.00411684842114483,0.00396794113782683,0,0
0.0170042971147944,0,0,0.0170391385860999,0,0.0580110497237569,0.042928319556869,0.0186792949223888,0,0,0,0.0161232080309103,0,0.0184162062615101,0.00992428892981377,0.0180069572334766,0,0.0374462860650706,0,0.0777573153263761,0.0153468385512585,0.0110497237569061,0,0,0,0.0172703089830162,0.0116635972989564,0.0311029261305505,0.0142664211172498,0.016390423572744,0,0.0239410681399632,0,0,0,0,0.0116635972989564,0.00798035604665439,0,0,0.348315895277221,0.1280540208717,0,0,0,0.0118524814657411,0,0.0194207266030471,0,0.0104358502148557,0,0,0
0.000670188017066016,0.000483359884778299,0.000347866105388537,0.00555110234450778,0.000413332413349576,0.00135597094949549,0.0241168028089887,0.00572037229274062,0.000237840639037185,0.000354182740246432,0.000260233712578845,0.0265480130935808,0.00014889210736474,0.000232039647841156,0.000245041869487428,0.00111112615071791,0.00125297015143927,0.00119145913620663,0.000159304142844792,0.00211691555645859,0.000441983964771221,0.000181169417352902,0.000179347311143893,0.000280441668133023,0.000178100606895624,0.0150732062777434,0.000888339441920294,0.00367187868372237,0.00731936345574863,0.00388889525179946,0.000147538542752333,0.000276127180930977,0.000285150945013689,0.000302561501596804,0.00067407517697857,0.000283018055321412,0.000155659930426775,0.000482310982298409,0.000205171899143759,0.000237296796112558,0.000486816514048363,0.663597843161725,0.0015396425607717,0.000317019080274214,0.000409077305082932,0.00272304476476163,0.000170935873909651,0.00563186999116018,0.000178146568342564,0.000339103555529272,0.000150122620648746,0.00014889210736474,0.000203034691861012
0,0.0332065600949959,0.00577018943170489,0,0,0.0069790628115653,0.0100901000701599,0.058396239851873,0.00623130608175473,0.00398803589232303,0,0.00398803589232303,0.00398803589232303,0,0.00608700215144041,0.00348953140578265,0.0669529871922694,0,0.0245443444946061,0.00348953140578265,0.00436191425722831,0,0,0.00454192976625679,0,0.00498504486540379,0.00386340977068793,0.00498504486540379,0.00589896975739448,0.00432037221668328,0.00763924442887554,0,0.0113231733371315,0.00527583914921901,0.0116660886904504,0.00423728813559322,0.00423728813559322,0.00563310069790628,0.00441532545221478,0,0,0.00712149266486255,0.00913114315589817,0.0639619602730271,0.00750872382851446,0.00579144918186617,0.00527583914921901,0.0147058823529412,0.00448654037886341,0.0041438185443669,0.00448654037886341,0.43246633725198,0
0.000339448574315985,0.0144080752003699,0.00138962452071987,0.000648945803839385,0.000413073265092284,0.000428905341454705,0.013340129685741,0.0270064222873121,0.000473043251313579,0.00122070998929711,0.000272023857499795,0.000358456389220004,0.00104203848058124,0.000551554546216,0.00556691233325392,0.000379070282904808,0.00280845042673043,0.000432663460591239,0.000646524427454544,0.000314002847854702,0.00305338384245453,0.00285575229155466,0.00183430658162664,0.000412827534417035,0.000828737233589331,0.000768399821501233,0.000744729980242188,0.000478882031248656,0.00218061941282704,0.000461720917914998,0.000535539972954332,0.000280419655570777,0.000358668493592322,0.000519867816555167,0.00173090260675226,0.000972167994816497,0.000273143297242591,0.00094111957670954,0.000592407511888446,0.000264467639235911,0.000322398645925683,0.00148968792935721,0.698128139290387,0.000619712703329092,0.000535334238082683,0.00200873811502405,0.000832191504795677,0.000872743209478517,0.000303688010224639,0.000531193458642642,0.000367534456355278,0.000353398515726229,0.00039321120565579
0.00334862051394045,0.00751619713183374,0.0143784844856454,0.00288652354320765,0.0078710781102133,0.0139404527917304,0.0117289575347727,0.0208188568365463,0.0121478488753003,0,0.00283904782703647,0.00717041566572032,0.00350877192982456,0.0052413190652981,0.00529591613889496,0,0.0152460722222936,0.00644245468442891,0.00280784949926684,0,0.00269345563077819,0.00251146538545534,0.00502293077091068,0.00612129542797683,0.00562349858047609,0.00666084297881635,0.00324852587901288,0.00564689732630331,0.00867597133157299,0.00287544587610104,0.00378229939641193,0.00327582441581131,0.00431638040671608,0.00975089553381757,0.0765894948030785,0.0020746887966805,0.0063332605372352,0.00319720462983184,0,0,0,0.00643933485165195,0.00698842542039747,0.00431813218447855,0.00500733160702586,0.0110749336562833,0.00503748999053651,0.00424297257666989,0,0.0557802101807343,0.00305743612142389,0,0.533133824027032
0.000671216019689,0.00140327325753695,0.00173397471752992,0.00083902002461125,0.000992840362456648,0.000973263228549052,0.00671620366688816,0.0917629746917139,0.000825595704217471,0.000876309803482863,0.000671216019689,0.00083902002461125,0.00099411160491818,0.00061528135138158,0.00151445752870081,0.000876309803482863,0.0963022881582005,0,0.00106758065200535,0.000671216019689,0.00106762258204156,0.000910209602457055,0.000695188020392178,0.00154752582317187,0.00104554803066941,0.00121458136896105,0.0011165420327519,0.00130887123839355,0.00178711265242197,0.00153260991162322,0.00232573808337317,0.000633926240817387,0.00177849414740725,0.00104003523884103,0.00325104722128998,0.00199344942884488,0.000622273184920007,0.00161108794624848,0.00080173024573964,0.00118581496811724,0.00072715068799642,0.00131342887803342,0.00312413767386359,0.533517774316521,0.00283152205053765,0.00410334212785534,0.00081771157954176,0.00104527911399485,0.00072715068799642,0.0013588834124096,0.000652571130253193,0.00614174951349132,0.00139836670768542
0,0.00163428554623578,0.00318827473642419,0.00066429147864536,0.00105670940290906,0.000705809696060695,0.00432361587157665,0.0208165384397243,0.0044274854059141,0.000607403536513769,0.000573470378049313,0.0013675062861176,0.000956915068697677,0.000787249276375391,0.00109232452961775,0.00057347037804931,0.104112747281833,0,0.00126724922701807,0,0.000711894262406046,0.000563667465604027,0.000617583484053105,0.000910620545364024,0.00097048833208346,0.000760951078565439,0.000759004912124094,0.00149354373184273,0.00152770651318401,0.000800337780354539,0.00427701069987893,0.00048524416604173,0.0266549807332374,0.000802858529269041,0.0109628339810527,0.00059552693105121,0.0021174290881821,0.00134616123482544,0.000529357272045517,0,0,0.00137269606329452,0.00224185066921844,0.00243563823486115,0.644128424401043,0.00201316174671858,0.000926375226079665,0.00166004583119539,0.000573470378049315,0.00122781478377226,0.000617583484053107,0.0018037358899329,0.000926375226079664
9.07251847506248e-05,0.00042652833243219,0.000466414039997799,0.000292248660656715,0.00446559407557262,0.000177882525157123,0.0115482327831249,0.00677101522909994,0.000166632893500646,0.00010652563827461,0.000267159111452237,0.000921408404146406,0.000226322288187444,0.000184823012635057,0.00036756797724336,0.000146914622750853,0.00295101894693937,0.000203978758074157,0.000129177529151737,0.000107282453741545,0.000141378380596226,0.000128090109236898,8.72455563380849e-05,0.00434437138304529,0.00010460449132008,0.00466642954597657,0.00756765830092677,0.000931778676992793,0.0017210144110722,0.0131565912488037,0.000142628825090167,0.00018882270092661,0.000137744276285709,0.00123045541729527,0.001287008830706,0.000114988025384941,0.00270825150372177,0.000510598168359323,9.08526077629155e-05,0.000112387096839959,0.000127917713396741,0.00122169543526354,0.00100990998731992,0.000193778070481324,0.000160878330836183,0.709133170148609,0.000609462867531161,0.00620335551111726,0.00109480451906861,0.000953163339011431,0.000152660376067679,9.87655768261365e-05,0.0001547180833812
0.00373904074265085,0.00284111839681721,0.0133352980181242,0.00622559493111323,0.00334280934351376,0.00225631768953069,0.0397012734557861,0.0182709260347578,0.00310954706792464,0,0.00219185146982981,0.00232078390923156,0.0132299008652799,0.00279353618703799,0.0260443527591542,0.00219185146982981,0.00547694258208699,0.002353017019082,0.00262162626783565,0.00237235688499226,0.00582740696506609,0.00295372497538563,0.00314963530538569,0.00734182333911576,0.00210589651022864,0.00254641567818463,0.00435291310338457,0.0038679731820526,0.00497591804267445,0.00369936922283493,0.00247315861034273,0.00232078390923156,0.00273561001861112,0.00950043750108651,0.0114325337425628,0.00236376138903215,0.00216606498194946,0.00314595152140278,0,0.00203713254254771,0.00232078390923156,0.00353847917024812,0.0129663056558363,0.00348117586384735,0.00296544610624033,0.0199859449472652,0.600332107294459,0.00453900792348446,0.00243743706869029,0.0041389498343546,0.00474610763419428,0.00214887399002923,0.0026489755731633
0.000122737872816284,0.000311742672270475,0.000251998048052761,0.000530296582040232,0.000453935307399921,0.000358546500477396,0.00873596925528683,0.00371990168381675,0.000129556643528299,0.000181007367991694,0.00210917316485525,0.00390588178169833,0.000183705705064897,0.000118541706224273,0.000190319466984265,0.000202025904351353,0.0016227141986573,0.000174257473751516,0.00012588499776029,0.000141954408459237,0.00017847391167972,0.000105009068965043,0.000102281560680237,0.000384808698976901,0.000112509716748259,0.0299840081093917,0.000806736339350517,0.000394698119185388,0.00132059357174253,0.0146040085080275,0.00015647284370731,0.000277296675621981,0.00018162725623824,0.000316160467379668,0.000656000710550873,0.000385260545228904,0.000217561403030257,0.000161832158231842,0.00010910033139225,0.000121980231626059,0.000113077947640927,0.0037302422372042,0.000739956953501595,0.000157156429743602,0.000239821155286022,0.0152845368113959,0.000217943350682168,0.713890675173695,0.00170724035057773,0.000524961162470762,0.000117924622901918,0.000113646178533593,0.000381024642210831
