0.380956027043789,0.00245017342633783,0.000375182805907981,0.0018759140295399,0.000650827316370987,0.0933592643354287,0.000275644510463006,0.172178280743934,0.0242414033368299,0,0.000245017342633783,0,0.00537506795402862,0,0.00199076590889949,0.000367526013950675,0.0025343981378682,0.0102754148067043,0.00407341332128665,0,0.0302596418152722,0.00321585262206841,0,0.000122508671316892,0,0.00159261272711959,0.00182231648583876,0.00367526013950675,0.00515302098726675,0.0346929243585523,0.00101835333032166,0.000245017342633783,0.000405809973737204,0.00052066185309679,0.000245017342633783,0.00204436345260063,0,0.000137822255231503,0.00446390971110924,0.000130165463274197,0,0.00131696821665659,0.00117148916946778,0.00752662649403153,0.183548616800533,0,0.00371354409929328,0.000122508671316892,0,0.000245017342633783,0.00821573777018905,0.000490034685267567,0.00267987718505701
2.47954376394743e-05,0.325702020828168,0.00148462682866353,0.000353334986362509,0.000452516736920407,0.00163649888420531,0.00114523927597322,0.0985975080585172,0.29505021076122,0.000506756756756757,0.00515900074386313,0.000345586412100174,0.00132965534341681,0.00120412844036697,0.00227498140342177,0.00317071658814778,0.000356434416067444,0.0310299404909497,0.000182866352591123,0.0072263203570543,0.000125526903049839,0.0057215472353087,0.00913711877014629,0.0011979295809571,0.000984068931316638,0.000663277956855938,0.000725266550954624,0.00232767170840565,0.00205492189437144,0.0103412472105133,0.00121807587403918,0.00188135383089512,5.42400198363501e-05,0.0008631911728242,0.000731465410364493,0.00456236052566328,0.021556533597818,7.90354574758244e-05,0.0101490825688073,0.000455616166625341,0.00293361021572031,0.0001084800396727,0.000127076617902306,0.00013017604760724,0.00799962806843541,0.00436709645425242,0.112233449045376,0.000238656087279941,0.0057215472353087,0.00213860649640466,0.00837155963302752,0.00126921646417059,0.00229822712620878
0,0.00594008011517781,0.141318080761584,0.000411349323722124,0.00601843236731536,0,0.000156704504275095,0.0830337992027658,0.0764130338971431,0.00302145872305417,0.000695376237720733,8.32492678961441e-05,0.000166498535792288,0.0226389038519926,7.83522521375474e-05,0.0100633673839162,0.000499495607376865,0.116490210865499,7.83522521375474e-05,0.001189974829339,0,0.00686561609355259,0.00125363603420076,0.000499495607376865,0.00910355229523129,0.000166498535792288,0.00560708304359323,0.00235546457988502,0.00071496430075512,0.00537692330293919,0.00835430888416599,0.013745923234381,0,0.00203715855557623,0.0280109301391732,0.237020459731839,0.000171395551550885,0.000176292567309482,0.00155725101123375,0.0207584498006915,0,0.00220855410712712,0.000514186654652655,0,0.000837389694720038,0.00031340900855019,0.0171003790290197,0.0142748009363094,0.00270315269874538,0.00671870562079469,0.0991107019382388,0.0414091652546938,0.00273743180905556
0.0010365379632029,0.00869097215300895,0.000338868180277872,0.0965176311120856,0.00424581896465804,0.0355811589291765,0,0.230011760719198,0.0579663922498854,0.000338868180277872,0,0.000637869515817171,0.0288436621683577,0,0.000976737696095043,0.000677736360555744,0.0181194809336815,0.000338868180277872,0.000358801602647158,0.00101660454083362,0.00492355532521379,0.00685709729503458,0,0.000637869515817171,0.00300994677776227,0,0.0456076703809277,0.00336874838040943,0.00825243686088464,0.0393286423346024,0.00584049275420097,0.000338868180277872,0,0.000338868180277872,0.00167440747902007,0.00135547272111149,0.00135547272111149,0.000637869515817171,0.00502322243706022,0.000318934757908585,0,0,0.000338868180277872,0.00895010664380968,0.282336994438575,0,0.0111029162596926,0.00101660454083362,0,0,0.0503518249048179,0,0.0313353399645185
0,0.00130427919882366,0.00462174518648977,0.000490143138411438,0.143559325319355,0.00061198663044592,0.0263597318335507,0.0897626544158574,0.057415976450976,0.00210733857814183,0.000515065670873036,0.00387960755318884,0.000407068030206109,0.000600909949351876,0.000188303578598744,0.00191626582926958,0.000274147857077584,0.039975742068404,0.000312916240906737,0.000179996067778212,0.000850135273967861,0.000473528116770372,0.000182765238051723,4.43067243761752e-05,0.0370958049839527,4.43067243761752e-05,0.00358884467447019,0.0109631451128298,0.00179996067778212,0.0124169595064231,0.00911610854039804,0.00117966653651566,0.00222918207017631,0.00134304758265281,0.0202066354858094,0.0236985592007067,9.13826190258613e-05,0.0196528014311072,0.00422852300765122,0.0774813842528363,4.98450649231971e-05,0.000373837986923978,9.41517892993722e-05,0.000188303578598744,0.0064992426319302,0,0.00776752261719821,0.00233994888111675,0.00376053323142787,0.000434759732941219,0.362534233867506,0.0030599331522296,0.0117274361083189
0.0391961468194652,0.0118787143548306,0.000129979853122766,0.00384884787302413,0.000129979853122766,0.360008087635305,0.00358166706382733,0.158286576691724,0.0357661229176144,0,0.000129979853122766,0,0.0043254406678076,0,0.00155253713452193,0.000129979853122766,0.00389217449073171,0.00558913368427894,0.00222409970898955,0.000122758750171501,0.0143411104612118,0.00110482875154351,0.000917080074810626,0.000122758750171501,0.00106872323678719,0.000115537647220236,0.0095535192045233,0.00517030971310558,0.00270791360672429,0.0225298412079461,0.00206523544406173,0,0.000259959706245532,0.000122758750171501,0.00116981867810489,0.000129979853122766,0.000462150588880946,0,0.00132868294303272,0,0,0.000115537647220236,0.000368276250514504,0.0377591473321635,0.233999841135735,0,0.0113660160452908,0,0.000259959706245532,0,0.00932244391008282,0.000462150588880946,0.0123841915614191
0,0.00235437077542341,0.000531632110579479,0.000195293428376135,0.00426933133700051,0.00222417515650598,0.360354349076154,0.122904664258048,0.0209506450107954,0,0,0.019453395393245,0.00212652844231792,0.00039058685675227,9.76467141880676e-05,0.00119345984007638,0,0.014804326834402,0,0.000173594158556565,8.67970792782823e-05,0.00122600874480574,0,0.00057503065021862,0.00218077661686684,0,0.0134535472881338,0.00495285833631698,0,0.00650978094587117,0.0373878418991201,0.000444835031301197,0,8.67970792782823e-05,0.0019909080059456,0.00394926710716184,0.000439410213846304,0.00668879992188263,0.000189868610921242,0.00055333138039905,0,0.000276665690199525,0,0,0.00585337803382916,0,0.0023597955928783,0,0.00018444379346635,9.22218967331749e-05,0.265376645075893,0.00217535179941195,0.0909416398138203
0.00189070875356751,0.00533689243259818,0.000535345338518417,0.00104986402454233,0.00150014628841451,0.0026328150758868,0.00139802041413422,0.688109712797953,0.0474166419506995,0.00018242140196995,0.000973206887951104,0.000286680126204496,0.0023668361404148,0.00041578027931803,0.00403836319574193,0.000563072387923753,0.000772593530488965,0.0152782315311504,0.00194290084656579,0.000335610213390383,0.000959907941177504,0.00547364575319463,0.000814748682526037,0.00102075689575483,0.00149349681502771,0.000925656880147382,0.00461347991281913,0.0107476818430232,0.00681796853318639,0.0828974791720929,0.00341180715623854,0.000264222470803793,0.00534655298827334,0.00052656301517736,0.000975339737905361,0.00246130884721216,0.000904077457080786,0.000358820639363176,0.00161218364189399,0.00449567131828696,0.000299226302406005,0.00101900043108661,0.0013986477229443,0.000668083882730389,0.0208918926107539,0.00019471665464743,0.0132690868742406,0.000158332743663052,0.000773973609871131,0.00049331564824336,0.0339020264081954,0.00125637408481918,0.0125281097077795
0.000566863850202618,0.0136263915412921,0.000932274442219014,0.000358773114723555,0.000736992873445433,0.000566048721412269,0.000155922492896735,0.0417542736038008,0.79072476594159,0.000608318971540361,0.00263123573524617,0.000257231356840095,0.000421770925520518,0.000569192789603615,0.000427011039172761,0.000948809911966091,0.00029728911453724,0.0395310680516093,0.000145908053472449,0.00108470352601425,0.0002899529554241,0.00193849271041968,0.00157645908053472,0.000288788485723601,0.000964763146862919,0.000395570357259304,0.00121477479155992,0.00140260375425031,0.00105792072290279,0.00675182821742978,0.00114467371558992,0.00110834226093437,4.71610228701849e-05,0.00174623876286739,0.00098560715450184,0.00601029391215241,0.00599317620755508,0.000223927523405841,0.0148132190600401,0.00136196376170292,0.00174996506590899,0.000182006614187899,0.000102356886673809,0.000236038008291024,0.006091108109367,0.00121756951884112,0.0149634356514043,0.000559527691089478,0.00697435837719503,0.00238390237086031,0.0147688527644511,0.000968955237784713,0.00414132004285248
0.00323142253258726,0.00982275358315292,0.0084158320431199,0.00020557757662583,0.00700248620381732,0.00585896093383614,0.0118078620574461,0.0581977270829184,0.135957445441638,0.12925690130349,0.000989342087511805,0.000308366364938744,0.000102788788312915,0.00203007856918007,0.00199795707283228,0.00174740940131955,0,0.207941718757027,0,0.0040344599412819,0.00088655329919889,0.0019658355764845,0.00146474023345904,0,0.00354621319679556,0.000443276649599445,0.00122061686121586,0.00226777764215368,0.00494671043755902,0.00617375159804444,0.000231274773704058,0.0173391837285348,0.000115637386852029,0.0729093724102044,0.00508162072221972,0.119138629953938,0.00167674210935442,0.000770915912346861,0.00360403189022157,0.0219261334069986,0,0.00120134396340719,0,0.000308366364938744,0.00616732729877489,0.00184377389036291,0.0262753840124888,0.0214250380639732,0.00833874045188521,0.0539512652657411,0.0191379875240108,0.00183092529182379,0.00490174034267212
0,0.0310132248740184,0.000777632824290794,0.00103854910086205,0.000757168802598931,0.000434860460952089,0.000358120379607602,0.0651881410994296,0.219353848515079,0.00107947714424577,0.345238277952575,0,0.000250684265725322,0.000772516818867828,0.00261939477655846,0.00328447548154401,0.000859488911058246,0.0337707517969969,0.000931112986979766,0.00181618192515284,0.000179060189803801,0.00321285140562249,0.0573299567697542,0.00393932417568363,0.000690660732100376,0.0136136904305119,0.00112552119305246,0.00145806154554524,0.000792980840559691,0.00471695699997442,0.000603688639909958,0.000414396439260226,0.000184176195226767,0.000941344997825698,0.00324866344358325,0.00202593814749444,0.0301946640063438,0,0.0312792571560126,8.69720921904177e-05,0.0378942521679073,0,0.000266032281994219,0,0.00636942675159236,0.000332540352492774,0.0740183664594685,0.000179060189803801,0.00527971759650065,0.000895300949019006,0.00478346507047297,0.00190315401734326,0.00249661064640729
0,0.00205854184784404,0.00195946764126331,0.000363272090796006,0.00772778811329686,0.00258693761627459,0.0610737442344316,0.131273323719466,0.057033718254973,0.000374280335971643,0.000176131922810185,0.0820774760295461,0.00184938518950694,0.000528395768430554,0.000550412258781828,0.00111183276273929,0.00035226384562037,0.0237998260697262,0.000396296826322916,0.000198148413161458,0,0.00151913783423784,0.000176131922810185,0.00035226384562037,0.00282911901013859,0,0.0196056846578087,0.00819013441067359,0.00146409660835966,0.0114265584923107,0.0183067117270836,0.00132098942107639,0.000198148413161458,0.000374280335971643,0.00278508602943605,0.0167985821380214,0.000176131922810185,0.00473354542552372,0.00989641241289726,0.000385288581147279,0.000704527691240739,0,0.000550412258781828,0,0.00308230864917823,0,0.00339053951409606,0.000572428749133101,0.00151913783423784,0.00130998117590075,0.218976013033762,0.00184938518950694,0.292015719774111
0.00497705920908892,0.00297574830675115,7.86541402665501e-05,0.0098099191610225,0.000144199257155342,0.00929429757483067,0.000458815818221542,0.169067074502949,0.0146253004151191,0.000209744374044134,7.42844658072974e-05,0.00190517806423421,0.212060301507538,7.86541402665501e-05,0.00131964168669434,0.00037579200349574,0.00294953025999563,0.00128905396547957,0.000222853397421892,0.000712256936858204,0.00325977714660258,0.00269608914135897,0,0,0.00227223071881145,0.000428228097006773,0.0544811011579637,0.0103561284684291,0.0469652610880489,0.0367358531789382,0.0252567183744811,0,0.000939480008739349,0.000139829582696089,0.000926370985361591,0.000603015075376884,6.99147913480446e-05,0.000148568931614595,0.000716626611317457,0.00023596242079965,0,0.000152938606073847,0.000292768188769937,0.000725365960235962,0.28357002403321,0.0001573082805331,0.00686912824994538,0.000139829582696089,0,6.99147913480446e-05,0.0444439589250601,0.000996285776709635,0.0437229626392834
0,0.0116942416961775,0.0441921636055158,0,0.00133225538310882,0.00216349164778356,0.00113867981462293,0.134512246501406,0.170244019084274,0.0024140012070006,0.0021407180514911,0,0.000182188770339668,0.101285569510709,0.00142334976827866,0.0313250817002767,0.000364377540679336,0.0904681112717915,0,0.0128215347126541,0.000182188770339668,0.00786827751904442,0.00589836143974676,0.000797075870236048,0.00375764338825566,0.000409924733264253,0.00191298208856652,0.00209517085890618,0.000967877842429487,0.00768608874870475,0.00168524612564193,0.0177747919062639,0,0.0014802837590098,0.00445223807517564,0.123911137427267,0.00368932259937828,0,0.00597806902677036,0.00317691668279796,0.000945104246137029,0.0011272930164767,0.000193575568485897,0.00585281424716184,0.00947381605766275,0.00200407647373635,0.114835859304722,0.00393983215859532,0.00228874642739208,0.00350713382903861,0.019072886894934,0.0314617232780314,0.00387151136971795
0.00662179706554982,0.00591018474759491,0.00171656101124999,0.000190125428461233,0.000293336375340189,0.000467165338504745,0.0030637354757753,0.554297106290979,0.0386552156837182,0,0.00494326113999207,0.00200989738659018,0.00225977652113923,0,0.116563184112033,0.000928898521910597,0.00154273204808544,0.00841984040328319,0.0013526066196242,0.000880009126020566,0.000266175599845727,0.0124993888825514,0.00636648577590187,0.0111956716588172,0.00618179250253953,0.0212886158325592,0.00108099886467958,0.00520943673983779,0.00904997039475471,0.052800547561234,0.00176545040714002,0.000755069558746041,0.000195557583560126,0.00234669100272151,0.000814823264833858,0.00366670469175236,0.00376991563863131,0.000277039910043512,0.00288447435751185,0.00197187230089793,0.00113532041566851,0.00108099886467958,0.00108099886467958,0,0.0352166615061193,0.000679019387361548,0.020191320502583,0,0.000532351199691454,0.00104840593408623,0.041289810906681,0.000755069558746041,0.00248792703529271
0,0.0359978824775013,0.00935758104194563,0.000669510790022732,0.00161928191075265,0.000677295799209043,0.000498240587923894,0.184302307476723,0.194952200043596,0.00370566437268396,0.00495126584249369,0,0.000770715909444773,0.0323000031140037,0.00233550275589325,0.0304082458817301,0.000132345156167284,0.0532338928159935,0.000521595615482826,0.011194843209915,0.00140130165353595,0.0142932768660667,0.00601002709183197,0.00272475321520879,0.0109223678883941,0.000910846074798368,0.00338647899604521,0.00194625229657771,0.00143244169028119,0.0169168249618535,0.00288823840812132,0.00362002927163454,0.000132345156167284,0.00108990128608352,0.00393142963908697,0.0275355774919814,0.000871921028866814,0.000256905303148258,0.00616572727555818,0.00285709837137608,0.000381465450129231,0.00126895649736867,0.000256905303148258,0,0.0107900227322268,0.00304393859184754,0.209844922617009,0.00228100769158908,0.00507582598947467,0.000965341139102544,0.0570874723632174,0.0279092579329244,0.00417276492386261
0.0154583333333333,0.00498611111111111,0,0.0233194444444444,0,0.0275694444444444,0,0.250611111111111,0.0877222222222222,0.000236111111111111,0,0.000666666666666667,0.00190277777777778,0,0,0,0.0688611111111111,0.00763888888888889,0.000222222222222222,0.000236111111111111,0.00308333333333333,0.0035,0.00168055555555556,0,0.00075,0,0.0103333333333333,0.00315277777777778,0.00476388888888889,0.0228611111111111,0.00505555555555556,0,0,0.00118055555555556,0.000444444444444444,0,0,0,0.00161111111111111,0,0,0,0.000236111111111111,0.00263888888888889,0.388847222222222,0.000444444444444444,0.0224861111111111,0,0.000458333333333333,0.00258333333333333,0.00766666666666667,0,0.0267916666666667
1.00558476639637e-05,0.00529817473795089,0.00272324924549718,0.000245739777288114,0.00135502547271911,0.000334671180066293,0.000980759392475964,0.0373235355857594,0.143530884650628,0.00231190222699316,0.000939279020862113,0.000257681096389071,0.000101186967118635,0.000827407715600517,0.00012758356723654,0.000622834064686754,0.000162150543581415,0.667313278621142,0.00011658498385408,0.00171703598862181,0.000226256572439184,0.00113065437171692,0.000238197891540141,8.32749884671997e-05,0.00111431361926298,0.000119413191009569,0.000976674204362478,0.000699509903124478,0.00103323834747227,0.00552600253658757,0.000922624023168673,0.00592855068838562,6.03350859837824e-05,0.00718898834401558,0.00173620494823124,0.016497560828451,0.000939279020862113,0.000161836298341916,0.00416909159243147,0.00459520813719193,0.000332471463389801,0.000169378184089889,0.000136696679182007,3.20530144288844e-05,0.00454587163459061,0.00299852807529819,0.00784607513980771,0.000888057046823798,0.0207426997688412,0.0165409266715019,0.021076428213189,0.000548672188165022,0.00449590664151029
0.0319360006790379,0.00378775822007194,0,0.00385141802208995,0.000190979406054047,0.00672671907990366,0,0.402924106906027,0.0304399953316145,0,0.000551718284156136,0,0.0193844097144858,0,0.00109282660130927,0.00144295551240836,0.00124136613935131,0.00559145261058238,0.146470594476451,0.00106099670030026,0.0257503899162874,0.00391507782410797,0.000551718284156136,0.000350128911099086,0,0.000180369439051045,0.0012307561723483,0.00733148719907481,0.0036392186820299,0.158884255869964,0.00488058482138121,0.000360738878102089,0.00115648640332729,0,0.000933677096264231,0.00129441597436632,0.000190979406054047,0.000180369439051045,0.0016127149844564,0.000190979406054047,0.000190979406054047,0.000190979406054047,0.00594158152168147,0.00108221663430627,0.0973782771535581,0.000190979406054047,0.0134746580938133,0,0.000700257822198173,0,0.0104083776299456,0.000933677096264231,0.000180369439051045
0.000173132067305091,0.130974408916301,0.00373316020126603,0.000367905643023319,0.00165557539360493,0,0,0.0609857707082184,0.300070334902343,0.00162311313098523,0.00265108478060921,0,0.000183952821511659,0.00852675431477574,0.000173132067305091,0.0135800465292431,0.00110371692906996,0.0810907320240221,0.000519396201915274,0.098057674619921,0.000346264134610182,0.0033003300330033,0.00477195260509657,0.000887301844938592,0.000183952821511659,0.000194773575718228,0.000183952821511659,0.000389547151436455,0.00729318833522697,0.00308391494887194,0.000789915057079478,0.0176053670940865,0,0.00123356597954877,0.00054103771032841,0.0312719796569821,0.00291078288156685,0,0.00547530162852351,0,0.00160147162257209,0.000703349023426933,0.000194773575718228,0.000562679218741546,0.0153438294649137,0.0244873667694638,0.141946653681762,0,0.0235026781366661,0.000865660336525456,0.00130931125899475,0.00354920737975437,0
0.0395546651778384,0.00336300042694341,0.000210187526683963,0.00552399093566291,0.000315281290025945,0.0353115044829058,0,0.207954284212946,0.0615061249958948,0,0,0,0.0144963709809846,0,0.000564878977963152,0,0.00172091037472495,0.00729744819205885,0.0192912739334625,0.000236460967519459,0.0654865512824723,0.00165522677263621,0,0.000105093763341982,0.000118230483759729,0.000105093763341982,0.00488029163519327,0.00507077408125062,0.00601004959111958,0.0440474235607081,0.00161581661138297,0.000118230483759729,0.000827613386318106,0.000111662123550856,0.000105093763341982,0.000551742257545404,0.000210187526683963,0,0.00120857827843279,0.000315281290025945,0.000105093763341982,0.000223324247101711,0.00088672862819797,0.0202962330454202,0.414634306545371,0.000118230483759729,0.00436139117869224,0,0.000105093763341982,0,0.0269959604584715,0,0.00238431475582121
0,0.0155035860923933,0.00136114455803935,0.00252783989350166,0,0.000912415582861545,0.000508559505201517,0.520002094068551,0.0526433876046099,0.00163038194314604,0.00164533957565197,0.000358983180142247,0.000254279752600758,0.00211650499958867,0.0168273365691678,0.00803972747193574,0.00100216137789711,0.00512298913327998,0.000889979134102654,0.00100216137789711,0.0017201277381816,0.108622327258042,0.00574373088227595,0.011263097276963,0.000134618692553343,0.00946818137625177,0.00123400468173897,0.0100141349627181,0.00231843303841868,0.0687901518947581,0.0024979246284898,0.000127139876300379,0.000261758568853722,0.000381419628901138,0.00152567851560455,0.00364966233144618,0.00390394208404694,0,0.00358235298516951,0,0.00158550904562826,0.00270733148357278,0.001637860759399,0.000134618692553343,0.00788267233062351,0.000508559505201517,0.0895363881804788,0.0014957632505927,0.00164533957565197,0,0.0115323346620697,0.012280216287366,0.00146584798558084
0,0.0740546432797626,0.00208103807075529,0.000839410314254236,0.000308949629551906,0.000711167071798728,0.000396388203953389,0.0983917131548421,0.224775428594746,0.0020285749261144,0.0976164244618156,0.000384729727366525,0.000285632676378178,0.0015214311945858,0.00348005526117902,0.004599269013518,0.000600411544223516,0.0249083352278358,0.000198194101976695,0.00356166459728707,9.32678126949152e-05,0.00628974811861334,0.125806620848854,0.00640050364618855,0.00159138205410699,0.0106966522684481,0.00010492628928178,0.00215098893027648,0.000676191642038135,0.0082192259937394,9.90970509883474e-05,0.00179540539437712,0,9.90970509883474e-05,0.000378900489073093,0.00153308967117267,0.0357274015004459,0.000390558965659957,0.0167065969489767,0.000629557735690677,0.0124104483267171,0.00010492628928178,9.90970509883474e-05,0.000373071250779661,0.00225591521955826,0.00191781939853919,0.208826632623915,0,0.00440690414983474,0.00106675060769809,0.0051064127450466,0.0024074754151875,0.000891873458895126
0.000213823702357406,0.0123215908483455,0.00180413748864062,0.000681563051264233,0.000962206660608329,0.000654835088469557,0.000908750735018977,0.423892125942161,0.0759875982252633,0,0.00745710161971455,0,0.000240551665152082,0.00157694980488587,0.0287191960228791,0.00343454321911584,0.000908750735018977,0.0103303576201422,0.000922114716416315,0.000681563051264233,0.00151012989789918,0.0295210349067194,0.024442721975731,0.0550996953012241,0.00113593841877372,0.0359758379216336,0.00113593841877372,0.00374191479125461,0.00129630619554178,0.0456379964719089,0.000694927032661571,0.000467739348906826,0.000240551665152082,0.00260597637248089,0.000441011386112151,0.00565296413107393,0.0118805794622334,0,0.0116533917784786,0,0.00245897257711017,0.000227187683754744,0.000895386753621639,0.000213823702357406,0.00648153097770888,0.00183086545143529,0.171820708825573,0.000227187683754744,0.000467739348906826,0,0.00517186080076977,0.00378200673544662,0.00159031378628321
0,0.00298831130602618,0.00604741801705797,0.000756393011375704,0.0301029514231739,0.000942696708758882,0.00356212669396637,0.117904157925918,0.0448246695903927,0.00107310929692711,0.000257099102388786,0.00162456824118131,0.00331247973947291,0.000823462342433648,0.000625980423207479,0.00593563579862806,0.000365155246871029,0.0206834364834804,0.000126686514220561,0.000674419384527105,5.9617183162617e-05,0.0019636409704187,0.000197481919226169,0.00027200339817944,0.132458202765492,6.33432571102806e-05,0.00585738824572712,0.0244504972445683,0.00293614627075889,0.0142410546279701,0.0137305824971402,0.00124078262457197,0.00059617183162617,0.00196736704436636,0.0213243212024786,0.0141851635187552,0.000122960440272898,0.00589837505915142,0.00162456824118131,0.00854388756199255,0.000491841761091591,0.00739625678611218,0.000186303697383178,0,0.00692677146870657,0.000253373028441122,0.00673674169737573,0.00219465755517384,0.00291006375312524,0.000499293908986918,0.438063335804962,0.0190625943162468,0.0209144530682356
0.00532668387247007,0.00813071235907089,0.000834416781479828,0.00193080162226146,0,0,0,0.389983117613956,0.0967923466516601,0,0.0715269827101081,0,0,0.000155240331438108,0.0429433566840665,0.00113519492364116,0.000485126035744086,0.0211806027205868,0.0014359730658025,0.00220247220227815,0,0.0118176702307259,0.024527972367221,0.0137775794151321,0.00416238138668426,0.120718762734558,0.000698581491471484,0.00335707216734908,0.00377428055808899,0.0233151572778608,0.000174645372867871,0.000155240331438108,0,0.000960549550773291,0.000795606698620302,0.00078590417790542,0.00760677624046727,0,0.0233636698814352,0.000494828556458968,0.00386160324452293,0.000320183183591097,0.000310480662876215,0.000155240331438108,0.00965400811130732,0,0.0836260260415656,0,0.0030271864630431,0,0.00485126035744086,0.00329885704305979,0.00634544854753265
3.14650659105728e-05,0.00148060615701417,0.000295422007715933,0.00386495892934869,0.001837210237334,0.00523368929645861,0.00256440287171168,0.0965086013253785,0.0237054310451821,0.000150333092683848,0.00041953421214097,0.00297519678776638,0.0355345477683402,0.000256964704936344,0.000242980231198312,0.000578607600911088,0.00157500135474589,0.0102785881974538,0.000208019046853231,0.000284933652412409,0.00049295269926564,0.0022060507321746,0.000209767106070485,0,0.00121664921520881,0,0.264726087860952,0.00539800686288049,0.00305910363019458,0.0141924927848856,0.0431211247712227,5.76859541693834e-05,0.00115197102417041,0,0.000790122766198828,0.00303463080115302,3.14650659105728e-05,0.000853052898019973,0.000697475627684363,0.00141767602519303,0,2.79689474760647e-05,0.000519173587524451,0.0011030253660873,0.0728468717606278,8.56549016454481e-05,0.00680344647355274,0.000251720527284582,0.000181798158594421,0,0.0966397057666726,0.000449251218834289,0.290408573880849
0,0.00447161873724641,0.00116014289656519,0.000724619996883759,0.00249487040377854,0.00150743486398357,0.00246858884948742,0.396575513475867,0.0379806004584254,3.37905698028696e-05,0.00015393481799085,0.000315378651493449,0.00279523102424849,0.000606353002573715,0.00265068247564732,0.00168201947463173,0.000818482690780619,0.00927926591864357,0.00162945636604949,0.000420504868657932,0.000841009737315865,0.00517558894147286,0.000664547872789768,0.000351046475174256,0.0110194802634914,0.000155812071868787,0.00594526303142711,0.117733854208709,0.0192230797100769,0.0505375516479473,0.0152170199345589,9.94944555306715e-05,0.0207474098589619,0,0.00340533853457808,0.00458425396992264,0.000133285025333541,0.000993067301428778,0.00101371709408609,0.00107754372593595,0,0.00678815002262091,0.000501226785409232,0.000251552019643585,0.013123881860659,0.000229024973108338,0.0107247514046552,0.000315378651493449,0.000426136630291744,0.000152057564112913,0.22854064160783,0.00423133024087045,0.0080290148359374
0.000219027823104369,0.00412429390905527,0.000372347299277427,0.00170622674198303,0.00101190854274218,0.00655550274551376,0.000573852896533447,0.354932397062399,0.0478050126707596,0.000140177806786796,0.000449007037363956,0.00151786281411328,0.0199709569106564,0.000497193158446918,0.00195810873855306,0.00109732939375289,0.00135140166855396,0.00723229871890626,0.00205229070248794,0.000674605695161456,0.00186830733108027,0.0048930815681516,0.000744694598554855,0.000256262553032112,0.00118932107945672,0.000210266710180194,0.00847418647590804,0.0315903829263431,0.210636867201241,0.0842446716006334,0.00456453983349505,0.0002255986577975,0.0355766893068427,0.00039205980335682,0.00104695299443888,0.00424913976822476,0.000216837544873325,0.000256262553032112,0.00139082667671274,0.000210266710180194,3.94250081587864e-05,0.000753455711479029,0.00104914327266993,0.000214647266642282,0.0538063750238193,0.000295687561190898,0.0128043665386814,0.000352634795198034,0.000714030703320243,0.000433675089746651,0.0737992347167861,0.00117836968830151,0.00807993639432017
0.00129012073501642,0.00589751060847113,0.000501952371252225,0.00163134520656973,0.00114744249250295,0.00237138115117275,0.000335207919158164,0.537631386462929,0.038780547970402,0.000148694794908621,0.000648928151190805,0.00021143884131515,0.00354117083828624,0.000247538155686029,0.00267521704712765,0.00042330743637281,0.000932135867505202,0.0103501891346221,0.00374014682106859,0.000199835490267367,0.00130043482483667,0.00553307943482226,0.000437059556133145,0.000652366181130888,0.00146803878441575,0.00061712637424503,0.00322014479263093,0.0103742553442027,0.0111435145432964,0.244035662684568,0.00310583029712314,0.000182215586824438,0.0102560730650123,0.000182645340566948,0.000876697634721352,0.00172417201495199,0.000544068238018251,0.00030426564969741,0.00175038699324513,0.00216252083231267,0.000260430767961343,0.000707374660172228,0.00193131331884204,0.000604663515712227,0.0346454574599663,0.000125488092813056,0.0141358898523968,0.000134942675148287,0.000669556330831307,0.000201124751494898,0.0263769954540649,0.00106664878891098,0.00656405866310487
0.00116759969807523,0.00250031450496918,0.0015705591898352,0.000426547364448358,0.00285609825135237,0.00409446156749277,0.0682239904390489,0.110365690652912,0.0274838029940873,3.14504969178513e-05,0.000172977733048182,0.00525223298528117,0.0163463957730532,0,0.000351852434268461,0.0010260724619449,0.000426547364448358,0.0126666876336646,0.000100248458925651,6.87979620077997e-05,9.63171468109196e-05,0.00115973707384577,0.000165115108818719,0,0.00435982513523714,3.3416152975217e-05,0.0425191061768776,0.0215455560447855,0.00156073090954837,0.0120632312240533,0.164892989684237,0.000351852434268461,0,9.82828028682853e-05,0.00208556107686501,0.00423402314756573,3.53818090325827e-05,0.00184968234998113,0.00105359164674802,0.00473329978613662,3.53818090325827e-05,6.48666498930683e-05,0.000277157504088565,0.000165115108818719,0.0378408447603472,3.53818090325827e-05,0.00651811548622468,9.82828028682853e-05,0.000648666498930683,0.00140347842495911,0.309917127940621,0.00131502390237766,0.123710529626368
0,0.0112752024041804,0.0148579246002377,0,0.000885868712014174,0.000459754648007356,0.000992397228015878,0.0569647222409114,0.12064634775393,0.00732804054811725,0.00211375002803382,0.00039247348000628,0.00549462872008791,0.00851106775213618,0.000274731436004396,0.00689071295611025,8.97082240014353e-05,0.332240014353316,0.00018502321200296,0.0177173742402835,0,0.00264078584404225,0.00205768238803292,0.000470968176007535,0.00113256632801812,0.000470968176007535,0.00173249007602772,0.00240530175603849,0.00111574603601785,0.00548902195608782,0.00117742044001884,0.0891307273094261,0.000100921752001615,0.00464800735607437,0.00160353450402566,0.166761981654668,0.00433963533606943,0.000560676400008971,0.00434524210006952,0.00560115723608962,0.000274731436004396,0.000370046424005921,0.000274731436004396,0.000280338200004485,0.00940814999215053,0.0111967077081791,0.0223541680683577,0.00204086209603265,0.019438650788311,0.0306970329004911,0.0174146089842786,0.00237726793603804,0.00076812666801229
0.000135521758771269,0.00382472519198916,0.000368920343321789,0.00250715253726848,0.000542087035085078,0.00941123324800482,0,0.391913868393314,0.0264342719469959,0,0.000662550820659539,0,0.00355368167444662,0.000127992772172866,0.00376449329920193,0.000519500075289866,0.00127239873513025,0.0037117903930131,0.00227375395271796,0.000127992772172866,0.000511971088691462,0.00425387742809818,0.000135521758771269,0.000120463785574462,0.000120463785574462,0.00112934798976058,0.00367414546002108,0.0285649751543442,0.0727375395271797,0.141236259599458,0.00238668875169402,0,0.223181749736485,0.00108417407017016,0.00146815238668875,0.00127992772172866,0,0,0.00052702906188827,0.000240927571148923,0.000135521758771269,0.00179189881042012,0.00137780454750791,0.00114440596295739,0.0187622346032224,0.000135521758771269,0.0132510164131908,0.000240927571148923,0.00134015961451589,0.000240927571148923,0.0231516337900919,0.00105405812377654,0.00356873964764343
8.74724076008377e-05,0.00766927197229697,0.00129150437104766,0.000133781329271869,0.00488301851842323,0.00031387158021477,0.000473380088192769,0.0427688618810684,0.175261259499761,0.0305844700458458,0.0013583950356836,0.000511970856251962,0.000311298862344158,0.000493961831157672,0.000460516498839704,0.000879869511749602,0.000257271787061287,0.302790884346041,8.23269718596119e-05,0.00246723643791774,0.000388480398462544,0.000982778226574117,0.0033985603070796,0.000208390147519643,0.00184463871322943,0.000128635893530644,0.000810406129243055,0.000735797310995282,4.63089216710317e-05,0.00417294838613408,0.000702351978677314,0.00242864566985855,0,0.211762980648016,0.00226656444400994,0.014553864994057,0.00206589245010214,0.000782106232666313,0.0073939911601414,0.0126989354093451,0.000481098241804607,9.00451254714506e-05,8.23269718596119e-05,0,0.00386679495953115,0.00252383623107123,0.00857744138062332,0.00186779317406495,0.0121380829135515,0.105823604171919,0.0136379774321188,0.000167226661589837,0.0102908714824515
0,0.00599331473950904,0.0281675147437672,0.00110711320232494,0.0353903638570121,0.00121356639485618,0,0.140592731376014,0.0708871809065554,0.00339585684174668,0.00079839894398433,9.04852136515574e-05,0.000729204368839022,0.00522152909365752,0.000186293086929677,0.00287423619834359,0.000180970427303115,0.0542751602120548,8.51625540249952e-05,0.00145840873767804,0.00017032510804999,0.0038589282292576,0.000340650216099981,0.000612105857054653,0.053870638080436,0,0.00258681257850923,0.00637122357299495,0.000883561498009325,0.0107677404245353,0.00301262534863421,0.00309246524303264,0.000191615746556239,0.000558879260789031,0.103946219847133,0.0656922651110307,0.000180970427303115,0.00348634205539824,0.00171921905937959,0.0436298409589304,9.58078732781196e-05,0.00409844791245289,0,0.00157550724946241,0.00622751176307777,0.000345972875726543,0.0135408460899742,0.0112574251101791,0.00326811301070919,0.00159679788796866,0.275894739083225,0.0187410845451255,0.00573782707743405
0.000932583055580953,0.00707499729866762,0.0504808371636841,0.000139638104578966,0.00356908345870286,0.000412264880185519,0.000279276209157932,0.0582041542336112,0.116351788282036,0.0109865265852665,0.00120520983118751,0.000167898197172328,0.00131326312639742,0.0102600759697783,0.000498707516353451,0.00448338057201752,0.000337458752732502,0.173001637423012,8.47802777800866e-05,0.0020762856264182,5.65201851867244e-05,0.00273125483122906,0.00075304834969371,0.00040561544663414,0.00719967417775598,0.000546915909600951,0.00179202234209673,0.00274122898155613,0.000613410245114744,0.00709162088254607,0.00197654412314751,0.0210554313404427,2.9922450981207e-05,0.00474437083890916,0.010509429727955,0.363044110679821,0.00243369267980484,0.000507019308292675,0.00355245987482441,0.0155962463947602,0.000388991862755691,0.000729775332263883,5.48578267988796e-05,5.65201851867244e-05,0.00559383597509787,0.00101736333336104,0.0167000523642892,0.0145672465526843,0.00557721239121942,0.0110530209207803,0.0461636924304511,0.00483081347507709,0.00402623201536019
0,0.0741760691042011,0.00016179787153249,0.000445769646058901,0.0002344418138532,0.000343407727334264,0.000224535821718558,0.0201851099730227,0.445617754179503,0.000742949410098168,0.0220606444838483,0,0.000789177373393166,0.000399541682763904,0.00111937711121457,0.00381710896921548,0.000283971774526411,0.0178538998240035,5.94359528078535e-05,0.00252932999171199,0.00016179787153249,0.00373455903476013,0.0156811855491387,0.00162458271008133,0.000723137425828884,0.00151561679660026,0.00034010572995605,0.000795781368149594,0.00039623968538569,0.00346049325236836,0.000175005861045346,0.00101371319511172,0,0.00034010572995605,0.000848613326201019,0.00247319603628235,0.224750451548141,0.000112267910859279,0.0559523455738376,5.94359528078535e-05,0.0348922062955882,0.000620775507104247,0,5.94359528078535e-05,0.00416051669654974,0.00185902452393453,0.0344068126809907,5.28319580514253e-05,0.00604595719950998,0.000653795480886388,0.00678560461222994,0.00352323120255442,0.00173685062094061
0,0.00141972897448995,0.000646014242360506,0.000736155764550344,0.0429298999429104,0,0.0364096631711787,0.0601544424746853,0.0321429644541931,0.000623478861813047,0.000488266578528289,0.00373336137736246,0.000743667558066164,0.000781226525645263,0.000127700489768937,0.00197560169466062,0.000120188696253117,0.022182326252216,0.000127700489768937,0.000270424566569514,0.000240377392506235,0.000240377392506235,0.00203569604278718,0.000120188696253117,0.0168189056819206,0,0.00564886872389652,0.00858597998858207,0.000984044950572399,0.00296715843874884,0.0289579640034855,0.000390613262822631,0,0.00124695772362609,0.00396622697635287,0.00909678194765782,0.000120188696253117,0.0777620864757669,0.00783480063700009,0.00562633334334906,0,0.000127700489768937,0.000127700489768937,0,0.00197560169466062,0.000270424566569514,0.00863105074967699,0.000262912773053694,0.000773714732129443,0.000615967068297227,0.596346263633905,0.00413148643370091,0.0084808148793606
0.0013802693058779,0.0175294201846494,0.000603228807754046,0.000433251198789453,0.00138921549582341,0.00157580745754394,0.00239502285112518,0.0340479209054567,0.461646405676485,0.000504820718353492,0.00695757972333269,0.00118473115421187,0.000323340865173249,0.000279887942580797,0.000236435019988344,0.00122307196826403,8.43497909147607e-05,0.0319302299426421,0.00129208543355793,0.000484372284192338,0.000548273640945945,0.00276437269316102,0.00372672712587034,0.000219820667232407,0.001045426196489,0.000848610017687896,0.00101091946384206,0.00149529174803439,0.00172789268661752,0.00828928399807785,0.000759148118232846,0.000789820769474578,0.000603228807754046,0.00149529174803439,0.000901009130225853,0.00336632347378,0.0173619986299549,0.000126524686372141,0.306234471970309,0.00630195180304068,0.0230875601950781,0.000192982097395892,0.0002338789657182,0.000498430582678131,0.00539455253713947,0.000884394777469915,0.0196701156358952,0.000341233245064259,0.00674414919177564,0.000704192951424745,0.014368859079616,0.00147484331387324,0.00128697332501764
0.000746675224746654,0.00156840619132226,0.00902998218073164,6.59972902289071e-05,0.0472915876748119,0.000424453160687873,0.000817848773032731,0.0565946174680593,0.0531109957955844,0.00162405096543683,0.000103525161143384,0.000706559224803593,4.27041289716458e-05,0.00128759419172083,0.000331280515658828,0.000719499869946516,0.000131994580457814,0.0718244627367653,0,0.000166934322343706,2.07050322286767e-05,0.000421865031659288,6.21150966860302e-05,2.32931612572613e-05,0.0117164601124024,0,0.00168357793309428,0.00314587083424457,0.000612092515260256,0.0046016934128234,0.00308375573755854,0.00193850864240986,0.000543507096002764,0.00146229290115029,0.0264338558334487,0.0491848040592216,0.000244578193201244,0.00229825857738312,0.00224908412584001,0.433551728287862,0.000160463999772245,0.000464569160630934,0.000306693289887274,0.000173404644915168,0.00136264993354979,0.000179874967486629,0.00629691792654631,0.0217195788078819,0.00137170838514983,0.00100419406309082,0.17048394130641,0.00168875419115145,0.00492003328333931
0.00271504260565959,0.0338599018482799,0.000239275337549137,0.000239275337549137,0.000175794125546305,7.81307224650243e-05,0,0.0386844739604952,0.355441072344166,0,0.0545791928119735,8.30138926190883e-05,8.78970627731523e-05,0.000507849696022658,0.00110847962497253,0.000737358693263667,0.000405303122787314,0.0177356739995605,0.00126962424005664,0.00089850330834778,0,0.00246111775764827,0.0140635300437044,0.00130380643113509,0.00059574675879581,0.000839905266499011,0.000752008203725859,0.000664111140952707,0.000161144615084113,0.00405303122787314,0,0.000317406060014161,0,0.00205581463486095,0.000981517200966868,0.000566447737871426,0.181346290011475,0,0.110457308884928,8.30138926190883e-05,0.115237932465757,0.000405303122787314,8.30138926190883e-05,0,0.0015333154283761,0.000493200185560466,0.035925482823449,0,0.00500524940791562,0.00407256390848939,0.00322289230168225,0.00142100251483263,0.00305198134629001
0,0.0062167366681324,0.00377553031796334,0.000970417431123107,0.00739943291231369,0.00072781307334233,0,0.470091431517339,0.0632742490636988,0.000500371487922852,0,0,0.000788464162787524,0.00148595169140726,0.00554957468423527,0.00536762141589968,0.000242604357780777,0.00231990417127868,0.00172855604918803,0.00124334733362648,0.000545859805006747,0.00529180755409319,0.00245636912253036,0.0010007429758457,0.0258676896483753,0.000773301390426226,0.000970417431123107,0.048247941653652,0.00254734575669815,0.0401055328956346,0.000257767130142075,0,0.000257767130142075,0,0.00867310579066276,0.00574669072493215,0.00153144000849115,0,0.0137223089869752,0.00383618140740853,0.00051553426028415,0.0919167260541918,0.00130399842307167,0.000818789707510121,0.0100680808479022,0.000257767130142075,0.0218950432897151,0,0,0,0.0914466801109915,0.0480053372958712,0.000257767130142075
0.000932273101179051,0.00473448496481126,0.00147152911068458,0.00194680559363861,0.000493556347683027,0.00455168631752125,0,0.594168723151449,0.0277853943880815,0,0.000164518782561009,0.000292477835664016,0.00456996618225025,0.000758614386253542,0.00318069646284618,0.000466136550589526,0.000594095603692533,0,0.0140754958413308,0,0.00156292843432959,0.00338177497486519,0.000292477835664016,0.000603235536057033,0.000310757700393017,0.000310757700393017,0.00412210949638973,0.00840873777534046,0.00835389818115346,0.207293666026871,0.00671785028790787,0,0.000630655333150535,0,0.00119733113974957,0.000795174115711544,0,0,0.000292477835664016,0.000776894250982543,0.000146238917832008,0.000484416415318527,0.0339914084635774,0.000164518782561009,0.0206014075495841,0,0.00937757060597752,0,0,0,0.0137007586143863,0.000301617768028517,0.0159948816378759
0.00293246782826557,0.000967999088942034,0,0.0143206924040542,0.000483999544471017,0.102180845006264,0,0.18050335952625,0.0402004327525339,0,0,0,0.00651975856963899,0,0.00874046236191778,0,0.00985081425805717,0.000512470105910489,0.00466917207607334,0,0.0254242113654481,0.00429905477736021,0.000455528983031545,0.000483999544471017,0,0.00597881790228903,0.00737387541282314,0.00287552670538663,0.0071176403598679,0.0256519758569639,0.00774399271153627,0,0,0,0.000911057966063091,0,0.000911057966063091,0.000967999088942034,0,0,0,0,0,0.0721728732490605,0.364907185969707,0,0.00432752533879968,0,0,0.000911057966063091,0.0855255665641727,0,0.0100785787495729
0.0042627344395874,0.00428380766092647,0.000140488142260454,0.0108791856010461,0.000563573586067899,0.0125466717818759,0.00437242325835229,0.144624437372007,0.0337511955000567,0.000150214244416947,0.000781870545580297,0.000672722065824098,0.0429158854265166,0.0001999254332168,0.000434972901998714,0.000353381711685912,0.00336685236317265,0.0104269218507692,0.00135517023380469,5.40339008694055e-05,0.00832932581901885,0.00305831878920835,0.000497652227007224,0.000130221701095267,0.000988280046901426,0.000303670522886059,0.0214757739005452,0.00327499473169467,0.00850223430180095,0.0307420475606395,0.00626955351787712,9.23979704866833e-05,0.00183823330757717,0.00015723865152997,0.000592751892537378,0.000836444785458397,0.000527370872485397,0.000303670522886059,0.00125574785620498,0.0017993288989512,0.000104825767686647,4.75498327650768e-05,0.000325284083233821,0.00421302325078754,0.572607513954255,5.34935618607114e-05,0.00716597593330055,0.000273951877407886,0.000600856977667789,0.000172908482782097,0.0227342234517937,0.000249636622016653,0.024339030307615
0,0.0658126731675722,0.00281865831864033,0.000203902942199513,0.000191908651481895,0.00207501229414799,0,0.0238446499466254,0.352320295539323,0.00175116644477229,0.00201504084055989,0,0.000995526129562328,0.000419800175116645,0,0.004557830472695,0.000839600350233289,0.234044594772888,0,0.0225132836769698,0.000191908651481895,0.00417401316973121,0.00161922924687849,0.000203902942199513,0.000839600350233289,0.000407805884399026,0.000383817302963789,0.000971537548127091,0.000407805884399026,0.00491765919422355,0.000215897232917131,0.0138174229066964,0.000407805884399026,0.00405407026255502,0.00154726350257278,0.010842838808727,0.00564931092799827,0.00155925779329039,0.00534945366005781,0,0.00103150900171518,0.000215897232917131,0,0.000623703117316158,0.0108068559365742,0.077135283605004,0.0194547395439771,0.00125940052534993,0.10460220934835,0.00424597891403692,0.00442589327480119,0.00358629292456791,0.000647691698751394
0.00139099878905223,0.0564112398731771,0.00191189056917895,0.000508330081249068,0.000815672980455671,0.00171257828032017,0.000172513997919783,0.112222030540002,0.178840069474569,0.000391925004982807,0.008139143426128,0.000143203367205256,0.000814835533863828,0.00308515324435184,0.00168745488256486,0.00678164250074951,0.000464782858473201,0.0276960336854517,0.000512517314208286,0.00302653198292279,0.000599611759760021,0.0101724637511243,0.0141335861305445,0.00412609935801344,0.00157439959266598,0.00210701562507851,0.00173937657125917,0.00231386493326388,0.000714341942842595,0.0165856297514626,0.00120089841270373,0.000960551240844615,0.00118414948086686,0.00103089675455948,0.000772963204271648,0.00528931267408421,0.00522650417969594,0.000284731841226826,0.00462521752675223,0.00523822843198175,0.000834096805476231,0.000541827944922812,0.000277194821900233,0.00032995395718638,0.0104655700582695,0.00110291716145803,0.469423987485198,0.000846658504353885,0.00193366418056688,0.000928728270354558,0.0185653534945809,0.00316471067057698,0.00497694509532655
0,0.0095805166315978,0.0249809732730447,0,0.012289027174643,0.000119383384817418,0.000775992001313217,0.0385384489113728,0.095051558699318,0.0187133455701303,0.000238766769634836,0.000746146155108863,0,0.0045291071615108,0.000395457462207697,0.00313381385145722,0.000119383384817418,0.121577054513438,0.000477533539269672,0.00126098700213398,0.00144752354091119,0.00172359761830147,0.000768530539762129,0.000134306307919595,0.0111175777111221,0.00076106907821104,0.00184298100311889,0.00130575577144051,0.00212651654206026,0.00422318723791616,0.000738684693557774,0.00664070078046888,0,0.0091850591693901,0.0218695438062408,0.158332214114101,0,0.000387996000656609,0.00628255062601662,0.16092880273388,0,0.00279804808165824,0,0,0.00237274477324618,0.0012460640790318,0.0129008670218322,0.165860828819149,0.00533494500902837,0.00694662070406351,0.0736147796630404,0.00371580785244214,0.00286520123561803
3.64604222116892e-05,0.0153110985525212,0.00150171363984395,0.000223320086046596,0.00019597476938783,0.00260008385897109,0.00019597476938783,0.0180570241003391,0.396807890035367,0.00212609837021913,0.00213065592299559,0.000225598862434827,7.5199620811609e-05,0.000781620301163087,0.000501330805410727,0.00206001385496044,0.000152678018011449,0.281303551245123,0,0.00486746636526051,4.10179749881504e-05,0.00186631786196084,0.000697305574798556,0.000410179749881504,0.00235853356181865,0.000232435191599519,0.00136042950377365,0.000501330805410727,0.00122370292047982,0.00199620811608998,0.00221497064936012,0.00359363036423962,0,0.00478543041528421,0.00192100849527838,0.0129047106865497,0.00397190724468589,0.000113938819411529,0.00843375141284136,0.000496773252634265,0.00146981077040872,7.74783971998396e-05,0,7.29208444233784e-05,0.00549640864841215,0.0150353666095453,0.00984431399715609,0.00043524629015204,0.157117074415722,0.0127315236810442,0.0127315236810442,0.00171363984394939,0.00499735661938965
0,0.00581059250225693,0.00323690587434074,0.000203915171288744,0.00187285196154516,0.000162340233453175,0.00299735504205008,0.01648743249022,0.162744104277863,0.0149333217187475,0.00202529340027558,0.000510777807694135,0.000475142146692219,0.00030488287746084,6.33522862256292e-05,0.00110272573211486,0.000229652037567906,0.376435325234799,0,0.00159172619141893,0,0.000924547427105276,0.00065134069275725,3.56356610019164e-05,0.00301715263149559,0.000475142146692219,0.00100373778488731,0.000589968165476172,0.000653320451701801,0.000970081882829947,0.00162340233453175,0.00975625207874689,3.36559020573655e-05,0.0582742045328561,0.00226286447362169,0.0324205324759657,0.000946324775495336,0.000556312263418806,0.00274790541503667,0.0033675699646811,0.000334579261629104,6.53320451701801e-05,0,6.7311804114731e-05,0.00091266887343797,0.00320127021333882,0.0065292449991289,0.00354376851074613,0.0175070083466637,0.240271464546477,0.0124190278591679,0.00134821584123917,0.00230245965251271
3.1789371999724e-05,0.00217128803635324,0.00168902601307061,0.000501237074786346,0.00958782245266094,0.00105397786079705,0.0104007925164368,0.0866883852970458,0.0361913375193447,0.000302861536338456,0.000278711470788278,0.00160721150528837,0.00390762846356297,0.000452690514445682,0.000330215182012637,0.00160400792516437,0.00035140809667912,0.0202357834971266,0.000102268134727794,0.000201332689331585,0.000279204329268894,0.000974627645417895,0.000279943616989818,8.89609557511656e-05,0.0170733570562549,6.55501779219115e-05,0.0101679168843458,0.0176113120878471,0.0034211771431951,0.0106689075298919,0.0219122416189415,0.00069074116058315,0.000262200711687646,0.000415726128399491,0.00492710623071691,0.0088879634101864,0.000231397056649154,0.00693673668542815,0.000890595274472888,0.00784285700204043,0.000121736044712121,0.000501729933266962,0.000122721761673353,0.000210204141982671,0.00809495411487545,0.000142436100897988,0.00670632534574022,0.000765655649636763,0.000922138217232304,0.000321097300121243,0.655223807036048,0.00296232589774172,0.0325865705921202
0,0.00970214961499851,0.028551239127143,0.00010094722142773,0.00374065537179422,0.000297233485314983,0.000942174066658815,0.22613860053502,0.125797062435856,0.00111041943570503,0.00172171094323962,0,0.000179461726982631,0.0209577648041904,0.00231056973490138,0.0186976686800029,8.97308634913157e-05,0.0228645456533809,0.000280408948410362,0.0024844232829158,0.000381356169838092,0.0184509088054018,0.0016319800797483,0.000280408948410362,0.0283381283263511,0.000286017127378569,0.0024059087773609,0.00698218281541801,0.000919741350785986,0.0109303408090359,0.00311253932735501,0.00236665152458345,0,0.000577642433725345,0.0268912181525537,0.0359035617544627,0.00210306711307771,0.000672981476184868,0.00228813701902855,0.00941052430865174,0.000274800769442154,0.015018703276859,0,0,0.00334247466505151,0.00089170045594495,0.0689469522351397,0.000280408948410362,0.00208063439720488,0.00425099965790108,0.122606008602947,0.159064780075262,0.00334247466505151
0.00107867378644242,0.00157359470022188,0.000438607796987248,0.00108739835383276,0.00155019699676596,0.00314401683048364,0.0194807692689011,0.0531813936703264,0.0193447453318607,0.00019630276628272,0.000461212357953137,0.00798496201838901,0.00656682324621324,0.000155852499291129,0.000191940482587548,0.000607943718608907,0.000513559762295196,0.0119586058934453,9.43839563137116e-05,7.41588228179163e-05,0.000254598739300012,0.000703517388657666,0.000189561055117454,5.59165455471989e-05,0.00182422772707174,8.72456739034309e-05,0.0404879412598672,0.00349022352738225,0.000929562998316555,0.00624560053775061,0.0262772072659783,0.000265702734160449,0.00118733430757669,0.000185991913912314,0.00110048520491828,0.00299609575609282,2.65702734160449e-05,0.000747536796854397,0.000737622515729007,0.00365836973526886,1.98285622507798e-05,3.331198458131e-05,3.29154133362944e-05,0.000755864792999724,0.018690402777585,5.98822579973549e-05,0.00418699920487465,0.000137213650775396,0.000285927867656244,0.000243494744439575,0.0764053989209296,0.000910131007310791,0.677102174598422
