0.38901792818621,0.00287386518877949,0.00011334898651881,0.000226193202133338,0.00198636688307632,0.00530983048415328,0.00134719226730795,8.52050571013018e-05,0.00151966844205454,0.000812346948251069,0.000884215983264566,7.31495220510358e-05,0.000361227916726441,0.00560804388168609,0.00440353824351163,5.42350035668845e-05,0.000631763277384337,0.000225099723934699,0.000659286589017422,0.000122359720883324,0.0886472719659396,0.0297959635355214,0.00163607111209256,0.000201212095062498,0.000273473333767521,0.000386630643891992,7.47328858030856e-06,0.0647691175842102,0.00159597835185253,0.000196999973360265,0.000918182739924655,0.000648109065279439,7.8395257305667e-05,0.000533374676484363,0.000774675512466594,0.0234152093239279,0.000364288056790104,0.0054176805794753,0.00251742191048038,0.00263819861578653,0.00158840823172687,0.000123957410981854,0.00016123917346635,0.000824164546887952,0.00105748639696048,0.00247743803012367,0.000187833133739164,0.00358504461507925,0.000781595232296134,0.00197141486721415,0.00240520472676638,0.000157530937359411,8.33560341672709e-05,0.00134998885648475,0.0013845731323478,0.000696167538792854,1.90996241711706e-05,0.000254904060419067,0.000500312710421219,0.000900675670272555,7.75303012391142e-05,3.73664429015428e-06,0.000629189397656254,0.000123580628900496,0.00152475941488786,9.92739361320647e-05,0.335900941617404
0.000165349291767094,0.817303562744258,0.00388590452076969,0.0174461611648684,0.0010388580932459,0.000518001816061747,0.00179957780362428,4.66756367467971e-05,0.00074157569577065,0.0320178498302977,0.00286086534393289,1.38661832896999e-05,3.135541536159e-05,0.00268338972742901,0.00079242977719409,0.00124573016505557,0.000682578815862222,0.000226639904387759,0.000176648044540831,0.00137450175072211,0.001274156301516,0.00136562598943635,0.000554405686403494,0.000210448709805899,0.00338967034447322,0.00562214075193016,0.000198703800253678,0.000253294154831641,0.000339510639444793,0.0011543047410271,0.000151060333323395,0.00316549298905783,0.00073069914733491,3.26107061853761e-05,0.000323967746937209,0.000997357172269263,0.00363253202074127,0.000264074013414224,0.000453607300575429,0.000583594183670068,0.000294166078332886,0.000417173607364611,0.00280889182124634,0.00010350750427637,0.000184771298827929,0.00118910178183213,6.20707351871996e-05,0.000336584859318118,6.96712385054368e-05,3.05373728719665e-05,0.00107698601134601,5.62651048820278e-05,4.38693060564217e-05,8.33691670947589e-05,4.99332318653851e-05,0.00299214237911257,6.01483753787075e-06,2.6200060977593e-05,5.48263959361608e-05,0.000166547897083904,0.00100723660365773,0.000238693249150312,0.0313327353407001,5.58681997360514e-05,0.046718629988824,2.96361167146091e-05,0.000815791353744672
0.000139077624052174,0.202815170360045,0.358229910558605,0.00445762180316773,0.00125220664689165,0.00028890798642548,0.00431686349644187,0.00015171324043685,0.000161425637264239,0.121120578818484,0.00583804317284841,0.00013074692627009,2.25554870447943e-05,0.00264874379611086,0.00025071930201408,0.0359252443452573,0.00512456242174964,0.000341568035258441,9.41524360760222e-05,0.00127043842143736,0.000463216299726492,0.00126468006782402,0.000205503478456496,0.00114861700114752,0.00533740707042136,0.00362351582058126,0.0012219484679028,0.000290944622439841,0.000319674620589044,0.00055743210995876,0.000159346383672579,0.0749845757254106,0.0153108401369398,6.95544227800625e-05,0.000109059293616788,0.000441898498690047,0.00420903022221104,9.13284356685116e-05,0.000106025532030448,0.00043467422615446,0.000286910216215345,0.000496221935758322,0.00460582285729255,0.000268584208828015,0.000107155510091928,0.00032361411712015,9.41131858675344e-05,9.09324661258378e-05,5.04942038809514e-05,4.02180983798929e-05,0.00030451172729084,2.25030623107966e-05,0.000170437918831132,8.7122649576168e-05,2.60507551904775e-05,0.00179222021688563,1.56173754874258e-05,3.00468423468301e-05,6.67959593892217e-05,8.50039968936546e-05,0.00405428579435145,0.000633002242971429,0.00651926284299824,0.000126139875927734,0.123563604531487,0.000457034978192169,0.000752769478207166
0.000193518836351766,0.269629367452626,0.00161336179584934,0.534678812189015,0.00063420921762988,0.000250501622978576,0.00136208397324192,2.69506640063205e-05,0.00012633839977163,0.0874795343970719,0.00124817481747351,3.80041980375381e-05,0.000105068463242718,0.00231944893480517,0.000322883718690623,0.00103700994578971,0.00101818125446797,0.00017473897010756,0.000127970464594323,0.00270320184816307,0.00106570332955612,0.00131025101423395,0.00033257049252066,0.000228514634183696,0.00426953284675504,0.00248766510934074,0.000432078922539088,0.000232006649965549,0.000220593330686387,0.000996272976269577,6.16329239461663e-05,0.00175849353152401,0.00084377303282768,1.19734289251173e-05,7.03485669590164e-05,0.000600499040054144,0.0405700939883846,0.000234432020879192,0.000197047171210306,0.00029460392811779,0.000189969668092173,0.000243251879010469,0.00716443749907978,7.10427339254524e-05,9.2985308972677e-05,0.000382754174956776,5.1393282389256e-05,0.000204513681836065,9.86907767202667e-05,5.20441950198798e-05,0.000390410675222908,2.56149798614895e-05,5.185915791474e-05,5.00146321962653e-05,3.15008251926655e-05,0.00162682935129533,0,1.32343405484199e-05,3.47318179128012e-06,5.43195124963804e-05,0.00220472793626348,0.00041920830947769,0.014694585881924,3.09515982826741e-06,0.0100166968900196,5.02076170541382e-06,0.000550877101465954
0.00198941394694353,0.0228655232053232,0.00112270256738141,0.00142008555617497,0.417072856583432,0.00320675501230945,0.297979471238905,0.000102025915169383,0.00307878470502645,0.00328338280302518,0.0531130099534206,0.000163766872054881,0.000129211098578528,0.0152262103466512,0.00163588009202064,0.000826840703833269,0.00497578774457209,0.00169593773518377,0.000583083569642217,0.000954905827325311,0.0122587455323618,0.00921301309247713,0.000827292271411242,0.000362501831149529,0.00192091162725197,0.00245247778441643,0.000114392547458796,0.0136803474037962,0.0156701996685271,0.000417161482745891,0.0209931184563121,0.00294344434454182,0.000922542350208347,0.000679786540073859,0.000830422716284595,0.00628635771714479,0.000300649105927095,0.00159213897588303,0.00121002064703341,0.00134819198234966,0.000670868355867448,0.000572052933132002,0.000511637972985262,0.00156948735666601,0.000663493301288201,0.00258605620879915,0.000257656261356338,0.0008642450144611,0.000735198810976001,0.000361243260946672,0.0011403272828432,0.000737574267486973,0.00028277200098195,0.000855974273654901,0.00147106671246963,0.0340904627080504,0,4.83264240597893e-05,0.000331406027046308,0.00136372365310101,0.000101579201831673,0.000395986085557877,0.00236257113038946,4.99112735037457e-05,0.0146365118956473,5.79469290504304e-05,0.00783256910351949
0.000973675899294102,0.00185392714494337,2.75118008609431e-05,0.000101068279220051,0.00044858155550381,0.604683005474751,0.000401780598709752,0.000226646846284697,0.0143100213480261,0.000244798539290745,0.00028922584202615,2.37811641154958e-05,0.00238894143460304,0.00204039761649038,0.0442549885044933,0.000121961453707431,0.000277759115263251,0.000480329555829428,0.00102494087292523,8.41252602732996e-05,0.00483667885806338,0.0109888418420481,0.0100788353226973,6.3272715719431e-05,0.0001948111412017,8.77022903760837e-05,4.85320376215751e-06,0.00102030530499158,0.000186958139487109,3.48257969489927e-05,0.000228484533491353,0.000156085182887462,0.000203658124730495,0.000377710607873044,0.0015595499435859,0.0608927524346998,4.03499760766166e-05,0.0236253943866892,0.0526939366498462,0.00335540197886568,0.000969826250923749,6.06785646969571e-05,9.59878804395975e-05,0.000408089082757832,0.00258870770230022,0.0903438649539812,0.000374434061218919,0.0128995596615754,0.00118710424154963,0.00043416826126376,0.012889046185758,0.000391370439014765,0.000194928411440948,0.020515098475462,0.000536029688822474,0.000408663960787315,0.000215704189107021,0.000256227603287095,0.000457533583165941,0.000527609149962319,5.65630449845086e-05,1.66686756536067e-05,0.000315248168673163,0.000346797118218974,0.00056662215659998,0.000121677756444963,0.00793391399125714
0.000644654142822718,0.0232119144136503,0.00134640817540954,0.00103686224534899,0.031072062017967,0.00154362806641115,0.708540143886218,0.000773948066349067,0.00127390754855503,0.00278536718535875,0.0547910667857331,0.000105797064998778,0.000127683957541439,0.0517110453023828,0.00151365097151987,0.00151435089387488,0.0132197291206386,0.00283185736804886,0.000986361985878978,0.000258423504859605,0.00396511822522753,0.00594840755446677,0.00080273126767139,0.00122384697323222,0.00151074231963795,0.00131457657688258,2.91064599019604e-05,0.00250190329324162,0.00153927510180618,0.000188680981257666,0.0222250373682134,0.00900797468044679,0.00145727538798091,0.000766066166658542,0.00103064435663913,0.00414917882581815,0.000501324962130722,0.000734137364245375,0.00080116551459621,0.00119256371507221,0.00309867141109816,0.00118589658703985,0.000758569613257167,0.0031818692933192,0.000888872941617729,0.00147157469831405,0.000501067253965365,0.000638911336490908,0.000598000223525352,0.000489938427018625,0.000833986296505951,9.36739454785734e-05,0.000310382243080123,0.000631331305311779,0.000444940886297728,0.00605262286808826,4.56603217462084e-06,4.8628980788589e-05,0.000726675240686601,0.000791628436154088,0.00024416898581055,0.000313363469536085,0.00201182852377801,9.963683396538e-05,0.0107868301912788,3.90443126236487e-05,0.00357469986409998
0.000954276684855122,0.00217674038975278,2.25923409347768e-05,7.73698650769182e-05,0.000158253862920921,0.00150449667424213,0.00228301627568639,0.714664757268693,0.00323144928101515,8.76634056805061e-05,0.00100981273358256,2.64697353815186e-05,0.000700199092173282,0.00346336879093371,0.00132253978799021,0.00205767107848237,0.000696575434986905,0.00386632896390093,0.0045124193893983,5.66269379679243e-05,0.00235808949325282,0.00463222079314395,0.00160632863017261,0.000259946645934237,0.00127675676406262,0.000313674770864086,3.76539015579614e-05,0.000913896024098039,3.40118761397898e-05,1.50729210698634e-05,0.000268152475945852,0.000946338337350913,0.000351787873635172,0.000125010847792204,0.0176893123405368,0.00320024085797122,0.000100875552477908,0.00102512820786345,0.00235562792797747,0.0188964455269807,0.0464193301059621,0.00152996315549655,8.86221939334341e-05,0.000451427027396551,0.0025629144271864,0.00439301345473699,0.00324244443400867,0.00113720959131801,0.00337981086832933,0.00124951187921951,0.00168043214805084,0.000493539465573498,0.0015450475973743,0.0016758274467657,0.00404522915920727,0.000145427698696534,0.0207364060064215,0.0167008049048097,0.0454330544103982,0.00365952010057228,0.000412950390331742,0.000489523441146856,0.000518584826821714,0.00116761553934923,0.000670077746354655,0.0345431764953424,0.00234933572271319
0.000247607775243996,0.00139854430187137,1.81068967256201e-05,8.41564314110156e-05,0.000245536994435428,0.00502537266616539,0.000176224128129668,0.000119433711479025,0.652133975058953,0.000163574426820494,8.31200343151324e-05,0,0.00201324968714487,0.00230230696391538,0.00998993476142964,0.000114732578827427,0.000102634568098127,0.000145191056247247,0.000546606772507513,4.88350455798691e-05,0.00143614511728665,0.0018661564414527,0.0118527270350196,2.22870555821953e-05,0.000107420418334657,0.00018048365473581,0,0.00037659861505038,0.000134084865582321,9.05065872585465e-06,5.53855396510389e-05,0.000119581516669727,0.000122576757343487,4.16620979241699e-05,0.000910149174707549,0.0042500288528332,2.81748328017658e-05,0.000628325234297709,0.0165388220796583,0.00120978461930831,0.000336870184020712,1.23646678848519e-05,0.000124306297880029,0.000114303107043191,0.00266632460969042,0.14529644124629,9.70469024924804e-05,0.011370889139186,0.000164093569504055,4.71268012573564e-05,0.120133364480559,0.000523984081509201,6.53166827872519e-05,0.000731642890912062,0.000108098539546334,0.000326694844723331,4.95164045131887e-05,0.000215913038169931,0.000210088700308606,0.000159417241797421,3.4771472400707e-05,1.66018310279793e-05,0.000126489034706068,0.00048355416251085,0.000373287661341288,9.61546219829401e-05,0.00126674935968877
0.000381677336667237,0.287466985136257,0.0231222387691342,0.0352737333513484,0.00129458723288794,0.000554469997835578,0.00152833524607077,0.00015053189600655,0.000400687315134524,0.502201542423485,0.0024122229560703,5.48891175252795e-05,6.44202204771924e-05,0.00380873867578821,0.000652135074848701,0.00983882273403401,0.00169219129531926,0.000370749057788405,0.000164448972969011,0.00383974220689437,0.00117202174455936,0.00144955311884317,0.000389392643766639,0.00102437098111575,0.00821748133861487,0.00260290695413707,0.000726141411609031,0.000379441304090432,0.000241488691985076,0.000787377770361148,0.000177239364105665,0.00474830192955193,0.00200122032449475,0.000100077952258362,0.000246014227421352,0.0012673917763885,0.0222208158398641,0.000381173615040489,0.000458435161713592,0.000655239927656273,0.000742904425640631,0.00068394652317721,0.0249739279680802,0.000107407885180449,0.000110613599320939,0.000677102473889417,8.10015624717167e-05,0.000256664615212532,0.000170590148224911,4.28022420951674e-05,0.00107641367113564,3.0688196367075e-05,6.1551691216843e-05,0.000112241652385353,5.63153308495891e-05,0.00266621554412175,1.45032430108525e-06,1.71955302276557e-05,5.34156258082718e-05,0.000312617162938833,0.0080589650849148,0.000741503202131791,0.00890765647807828,6.92450015480633e-05,0.0241791762269939,4.62507286831678e-05,0.00124290201088572
0.00104315341984014,0.0408142462591549,0.00306012811730996,0.00133197221081432,0.0135251254909661,0.000705611023167638,0.123161190846708,0.000117379684052042,0.000715833615427257,0.00477175881805857,0.611955195182002,0.000104873261171002,8.30402719358257e-05,0.00984936352501884,0.000908128164444334,0.00087802506468896,0.0113796647910842,0.000945751246824146,0.000341266455318668,0.000369663964600257,0.00305337416281157,0.00396999831349424,0.000296733788851675,0.000762942245329291,0.00212408538802419,0.00274399687653112,0.000324689077154044,0.00219027119972716,0.000838281181203616,0.000546696979388802,0.00272857288956377,0.0460440842774492,0.00305804500851778,0.000290844849287367,0.0004312860645516,0.00243164619741647,0.000631921739254304,0.000556303316710418,0.000642063665899998,0.000554360113173298,0.000872206834857306,0.000684347516749759,0.00116939471838732,0.0010452506358086,0.000284396471417078,0.0012006645958858,0.000223914070684405,0.000458186272149286,0.000250368373020026,0.000152029153386075,0.000971312798475378,6.4723919767847e-05,0.000220238547215094,0.000137943118097195,0.000154123906121018,0.0474519731011438,1.20181858635854e-05,6.57220993010786e-05,0.00033036210915334,0.000385772109392878,0.000254497985031747,0.000275118822030767,0.00282167460183677,9.03088356628047e-06,0.0374112519612339,0.000125290541542838,0.00268661792095365
0.00128731814112978,0.0143813354946416,0.00533732370227951,0.00106619321610976,0.000518211044744735,0.00103094910900143,0.0145749303841895,0.000854115222198201,0.000292450599613078,0.00099760403176072,0.00150570657590578,0.188829863855895,0.000146225299806539,0.0301614244389492,0.00131602769825885,0.0108071961507537,0.123337024115574,0.00846608746373657,0.00179268419503082,0,0.00627297925661957,0.00469678446649714,0.000584901199226156,0.306605348997428,0.0145942509489296,0.000438675899419617,0.000256369032128348,0.000110143732321809,0.000146225299806539,0.000851378731954181,0.00171286596450804,0.00187328090984715,0.0145053386064321,0.000777316567117103,0.000438675899419617,0.0100441223076438,0.000879250828706851,0.000371985744938196,0.000146225299806539,0.00134171767994625,0.00729757664149857,0.101444878054298,0.000774580076873083,0.00170002097366434,0,0.00259871031927699,0.00180898518432925,0,0.000402594331934887,0.00158987724134253,0.000731126499032695,0,0.0753054455371474,0,0.000438675899419617,0.000292450599613078,0,0.000110143732321809,0.00603527615471175,0.00218388434776,0.00144091545129197,0.00165383090557993,0.00733358154007559,0,0.00369560648411599,0.000225760445131657,0.0095855714683053
0.000477885759584967,0.000810057961628888,9.5275554415068e-06,3.8142330699317e-05,0.000180128944699029,0.0208764031907977,0.000287150902743979,0.000261821883953845,0.0230916885589933,0.000106868332379682,0.000145694142903196,0,0.292876409865437,0.0010152928625365,0.0060255009532961,6.57077278953373e-05,0.00036016354350993,0.000567358153591634,0.00461922971124721,6.23249805399011e-05,0.00265936270844037,0.00515961023934733,0.00561119347270284,4.93897687711106e-05,3.48255068379049e-05,6.19489563809747e-05,0,0.000601596129953546,6.52715555366456e-05,1.99801228784588e-05,3.70021201716554e-05,1.97649243462424e-05,0.000304616374524677,5.8369761043282e-05,0.00904838761768006,0.00586459616106595,6.37518074278008e-05,0.00259317455836419,0.211053503706474,0.0837014529631285,0.00140607228812814,0.000218063347777133,0.000191101036038841,0.000412711291427484,0.0771742250352358,0.0184880327105793,0.00072432407026602,0.126373362118681,0.00175757595243284,0.000274092468615766,0.0116842916285716,0.00206829139811863,0.000163860139430608,0.0726332890669418,0.000452209885419392,0.000136024895512568,6.23321805013433e-05,0.000637716616691303,0.000440299616683611,0.000808428324002108,0.000152156634743241,1.9549725814026e-05,0.000242932434619614,0.00149399982639534,0.000232346697694799,0.000562501789531863,0.00230505300319121
0.00104025458204382,0.031773992600419,0.000848959016233939,0.0030326023094253,0.00207797847990195,0.00502599041942257,0.0476860892448134,0.00165633115755505,0.00921476721260352,0.00459022938312866,0.00555066884039736,0.000294211793454509,0.000914998574225791,0.630111731150236,0.0105446271716649,0.00104070439646844,0.0279737934978741,0.0253030664606886,0.00393178868995181,0.000955871634410023,0.00881589893257173,0.016842143986128,0.00738549907210231,0.00281661538965289,0.0035619112712376,0.00105052075671268,3.22608097581286e-05,0.00214503275980594,0.000233889081462652,9.79076144526143e-05,0.00838409375576641,0.00365768690450486,0.00242552993287869,0.0027955928227781,0.00474766895240681,0.00865700071087949,0.0005551027430983,0.00208120578524145,0.00564379859983108,0.00715772767751137,0.0130855191022135,0.000547171906419789,0.001386625164783,0.0168081425617092,0.00209398862964358,0.0141228667910737,0.0020006479316297,0.00347528987226181,0.0019178887942762,0.0012198592130116,0.00755299119661525,0.000557520269891781,0.000304193364660813,0.00166916703751981,0.00221039649537304,0.00113956097436718,0.000272128520264637,0.000256720201324588,0.0012515217003094,0.00614880989788542,0.000849139871458829,0.00026364864446304,0.00316948101038854,0.000402664670474248,0.00813778573730703,0.000315225566297415,0.00618530070067704
0.000695670704224231,0.00302346038879791,4.44283464919014e-05,0.000133513140188422,0.00034886983776865,0.0252733837674166,0.000322168272610093,0.000175186880552397,0.0168995630232407,0.000242553809446582,0.000148674504209962,8.25261369584609e-06,0.00174425696396685,0.0042069226185029,0.587117245779487,8.28965838285757e-05,0.000129385832875246,0.000214161708702356,0.000527878292284213,3.78505137590642e-05,0.00318078068370151,0.00400058907731857,0.110599826607878,6.18655416415255e-05,0.00029869583516158,6.00995767993805e-05,1.01903704016064e-05,0.000678323382544284,0.00023609958206827,2.16348781080542e-05,0.000181444620075471,0.000151444343670066,9.88836737053826e-05,0.000212819268421377,0.0017914796422565,0.0434922020831452,3.73050101454776e-05,0.00202302056987364,0.00579849174667865,0.00144595721882128,0.000469566722860797,8.0351450790997e-05,6.59270817791089e-05,0.000287060420460207,0.00217951728346408,0.123336401661368,8.39915299268546e-05,0.00292287155085771,0.000302354695461997,0.000166481418736814,0.0443554650110266,0.000269472196243923,4.79210981174292e-05,0.00166328718716367,0.000293577381311208,0.000303093983703137,0.0001481618105824,0.000242199678952983,0.000273538958981795,0.000410486287852836,3.55627252925814e-05,4.23545294337995e-05,0.000302311966841942,0.000330779119485331,0.000654971495502057,0.000172249232031806,0.00480256622730369
0.00016359513968112,0.0602635403583259,0.0469825458593502,0.00379366407351142,0.000636614929986972,0.000745050217818478,0.00425285956374051,0.000280136256926625,0.000348528859326649,0.0781254647184856,0.00418922994916272,0.000247733717313586,0.000112195294200007,0.00554363242029829,0.000459648245851906,0.492777746166104,0.0310921553620998,0.00120423828941222,0.000543694219126344,0.00853309263087594,0.0044481343039932,0.00228112885627898,0.000123703392543595,0.0044781660116283,0.0159757222356901,0.00108156185852249,0.0116710718454203,0.00158496738246829,6.7997817106167e-05,0.000647271469876844,0.00056844678345364,0.00918304141521347,0.0557526576253635,0.000620602990704723,0.000284336374232395,0.00275430606476393,0.00478700355209739,0.000183917079907932,0.000363987995421878,0.000652540954474295,0.000992998427940478,0.0037978865451098,0.0209595181066934,0.000993419838515202,0.000353931342105873,0.000563957983579035,0.000326545352909898,0.000366624535623924,0.000509525677904608,0.000613677805738226,0.000303104277444487,0.000113338702072074,0.000393874316634799,0.000231153506062004,0.000269484727317891,0.000694408449935826,2.66195637099174e-05,0.000241110755817294,0.000440397525330171,0.000337558480571649,0.0894178954491204,0.00518494070726673,0.00259301278426549,2.98782381327914e-05,0.0115749029893566,3.9262986845443e-05,0.000825038643236034
0.000604333200683383,0.024179478536684,0.0040354735522827,0.00225392460670418,0.00281692299657971,0.00137118603335859,0.0905540636087898,0.000275160634073085,0.000553055148072672,0.00478935085181366,0.0291912784925273,0.0010483011824068,0.000353974535577898,0.126400409959481,0.000605652283772639,0.0126273598968165,0.50193518896564,0.00597177724287525,0.00137594407118527,0.00101700549123228,0.0022876181748262,0.00758619942606391,0.000363922918516755,0.0226497294362896,0.003673790443888,0.000780130075615491,0.000775472945232272,0.0010968340335722,0.000241322484410153,8.19715744278741e-05,0.00470161151998715,0.0200284357354901,0.0714002008866671,0.00107327494112706,0.00073883528564649,0.00222988733074369,0.000842339735972539,0.00165531236113892,0.00124009394551564,0.00148028464734632,0.0048977362643493,0.00499912158272535,0.00259435577744571,0.00290186028812827,0.000934659254340453,0.000805799722661866,0.00139770145272115,0.000616543957567687,0.000963061379919622,0.000606457528752014,0.000604350974209595,0.000275361577891999,0.000733869445768161,0.000692706642566518,0.000729280133782475,0.00177077230555246,5.86166861622871e-05,0.000113179804615219,0.000964651832371489,0.00102595980278405,0.00255107084305768,0.00107354684000764,0.0020827371249392,0.000104767425799786,0.00675150384876076,0.000150592486385552,0.00271262582369923
0.00105787753590963,0.00538480791334814,0.000102110471209979,0.000153810685488755,0.000834076610271895,0.00397759566597732,0.0119275690367119,0.00495798201809664,0.00311275170908184,0.000663715869841708,0.00295177065096307,0.000650711877616866,0.00125923573719927,0.15864510614617,0.00228306191539944,0.00105787282861419,0.00987832304683555,0.436871760569093,0.00535078455602277,0.000542224324500952,0.00542589414252405,0.0113591845115384,0.00184140178509449,0.00188823390818428,0.00211243127814332,0.00078251797533306,3.86133293746241e-05,0.0011206116572486,0.000172890816337636,0.000258663439505637,0.00172247053001946,0.00183497965252864,0.00268652670068821,0.00102458931043538,0.0015611294288811,0.00488303749956692,8.11805598789677e-05,0.00239637109626144,0.00252224698180956,0.00675657683940174,0.212596633786813,0.000735712359012026,0.000786617719114619,0.00501867173814131,0.00277624333045299,0.00356086673252982,0.00749658653627081,0.00339857611254497,0.0101264781283121,0.0017147924039559,0.00483634922982115,0.00027328199959538,0.00295326798815203,0.00269172906245422,0.00734475472497844,0.000441644489840353,0.000711591664819156,0.000446037881487402,0.00553998425121885,0.0155438632884044,0.00038846922373155,0.000190495923291199,0.00112592466363743,0.000147553964134753,0.00237931123854875,0.000357832956266728,0.00428402799136182
0.00111705446985274,0.00280672118965595,4.67282287911764e-05,0.000363733016037005,0.000187029735969673,0.00973500623934153,0.0026860558292385,0.00179345585410061,0.0154229269842844,0.000696267468089939,0.00112285860460547,6.73388297498616e-05,0.00603825105494526,0.0062890243637014,0.00455233500990327,0.00120778374178232,0.00123741170200021,0.00399355770762554,0.429345335826163,0.000198532414751543,0.00538583358306939,0.0124867249834272,0.00394489848731165,0.000152337544928717,0.000570681188530986,3.64674292566856e-05,1.03598199615172e-05,0.0008649396789491,8.85658270420554e-05,6.25027186917388e-05,0.00028041387369191,0.00047148718452071,0.00162019074965103,0.000495091277833562,0.0136250142091138,0.0106397665286903,0.000103933098348837,0.00490509598015265,0.0107757978556748,0.136018046061926,0.0445060951722252,3.1441059185128e-05,0.000265049025473225,0.00134919714351116,0.00623148149665318,0.0116070400911434,0.0527886990280926,0.00555411138974298,0.081697184698243,0.0013132063636418,0.00868426938410053,0.001521357832365,0.000192156221517685,0.0287909421092616,0.0262561740686318,0.000187062214669737,0.00321364400359638,0.000739912923050157,0.00146392202387259,0.0221829937793461,0.00038277471405096,6.75023881963853e-05,0.000294266109166263,0.0013748323671221,0.000721173179091323,0.0020310561143161,0.00510689874837232
0.00080219855698257,0.0387450592390063,0.00102748324884499,0.00386153615010523,0.000691376769696801,0.00035562518799775,0.000321744174643168,0.00012207757583845,0.000206149607364772,0.0211723043391185,0.000942583820815533,4.99950088073792e-05,6.46978483542824e-05,0.00164427958671413,0.000202618111397435,0.00525500150712755,0.00247451317152164,0.000177114081487777,0.000201162267456642,0.525675074532654,0.000742162526944876,0.00156777246097842,0.000156496699427565,0.000758478481025433,0.21275366890808,0.000893243119057894,0.00208444579034845,0.000162272260814775,9.92108542748521e-05,0.00039821880485174,4.33201414385048e-05,0.00121543124910223,0.00293631122573703,0.00012758249612993,0.00010087969897438,0.00118656256943427,0.00577723224920485,0.000501120135820681,9.57800503661991e-05,0.000556525571845353,0.000273321056916429,0.000959427347025122,0.0798889178075539,0.00030025144344602,4.40223145278368e-05,0.000301519011294665,0.00010734975523234,8.91648704072746e-05,0.000110045215344634,6.35860530431218e-05,9.26718967446437e-05,1.82795349783789e-05,0.000136575604274439,0.000114023854779357,9.4907004694838e-05,0.000708783764385294,9.63636164574895e-06,0.000176086954645773,0.000197338338756586,0.000302797684355439,0.0575439725856296,0.0112466681078496,0.00537352505710063,0,0.00494101210506449,3.23398888458999e-05,0.000724466301665168
0.0170013955072014,0.00546219438124455,0.000177966062539272,0.000454396786820096,0.00160572200474991,0.007477262149159,0.0036058585750533,0.000190796747825306,0.00447029683325197,0.000713482598433354,0.00125071295215483,3.40679905578103e-05,0.000474317955239036,0.00591404049521011,0.00675977298444404,0.000159351858766463,0.000710138299815131,0.000758139043686768,0.00103570327545493,0.000127082986191585,0.558972724129621,0.143638206493153,0.00238858851090371,0.000122419105619209,0.000791979061110358,0.000479693593713627,8.29541767516681e-06,0.0392336993596511,0.000977625524560716,0.000148573680385458,0.00125360166425813,0.000366201618317358,0.000313263253536974,0.00195663372962892,0.00183913848647327,0.0298089346450368,0.000257268928286596,0.0116532342570214,0.00382069744688718,0.0032092473063205,0.00179349809054967,9.89057541439207e-05,0.000392595643079868,0.00270737104526562,0.0011582748656082,0.00580699577542369,0.000308961512446247,0.0020327447090477,0.00161728416116685,0.0136602777545429,0.00600993550324328,0.000271395765399128,0.000272449186130268,0.00455346536698833,0.00300303304129853,0.00110717314613847,0.000140828065803502,0.000144863208222747,0.000478731273100074,0.00212772286722994,0.000106110274807483,0.000153195372334662,0.000775634250689985,0.000153844380409184,0.00195090118426019,0.000145433014179179,0.0894056490885303
0.0055384714517692,0.00698508256695317,0.000421822494373789,0.00126985034284479,0.00129990468204255,0.0129674501176809,0.00240148632292266,0.000517209253287287,0.00411497662897344,0.00140861019406501,0.00127680704348826,2.52390786087019e-05,0.000639837417969701,0.00670230156471239,0.00726481807134225,0.000451184928062903,0.00109012169246398,0.00123109431640908,0.00144109763809151,0.000354836930120017,0.13866246303799,0.54082583910621,0.00326329087490869,0.000157811913242693,0.00119034871288201,0.000711984563976643,4.77300216413403e-05,0.00689410490462235,0.000610420322770205,0.000132761762779621,0.00102792981806697,0.000866273498741812,0.000458310148044047,0.00183610881384559,0.00257285783893571,0.0645037980362813,0.000837921826266139,0.0473791837927043,0.00535237330259011,0.00470126575537864,0.00238858445159947,0.000131601373441924,0.000467950222965,0.00230877541689961,0.00137012090480352,0.0056969372388262,0.00074662574120185,0.00292799272260155,0.00645133168222653,0.00888704152352813,0.00717424232738498,0.000317570596372088,0.000197406906407972,0.0145925789785377,0.00575461265137782,0.00094748182195809,0.000200094827390872,0.000216231737929559,0.000790714795494657,0.00250302473162582,0.00025110934442149,0.000109591835369449,0.000943813305207476,0.000442382862734486,0.0028511170619741,0.000120874034139535,0.0517752101155205
0.000316656022261182,0.00100810206397696,3.83484183038824e-05,5.01801245230221e-05,0.000125915239579198,0.00291645011522715,0.000180487911662074,0.000174599369660372,0.0133421365090888,7.71900262178766e-05,0.000144356822657366,2.54887541858737e-06,0.00122464014333744,0.00182793900009572,0.0712889830277823,5.27678996265051e-05,5.78788734734048e-05,4.9431996888616e-05,0.000261180781746752,1.71166348874354e-05,0.00100258116976051,0.00156280696136088,0.649230419181467,5.73496969182158e-06,6.79242616784225e-05,2.9865744894659e-05,2.46960402471256e-06,0.000171915151743781,7.91001478870474e-05,1.83643847046044e-06,6.98222676241224e-05,4.36207725931586e-05,2.37558958687108e-05,6.05368929272737e-05,0.000901002210297662,0.00577844697175088,1.49964334379986e-05,0.000597980570492143,0.00252604089661871,0.000837982124745792,0.000192168888846167,9.0074363629737e-06,1.68112760482432e-05,0.000180625996859049,0.0017146384091521,0.0835433052225461,5.22955157456911e-05,0.00138874427608755,0.000137171566358617,2.52351157898342e-05,0.153213543646109,0.00017477675116164,9.25335714538757e-06,0.000460120515911025,9.51021078077998e-05,0.000123814937736393,4.13585564974598e-05,0.000200954402694889,5.79951947813429e-05,0.000129493813188397,8.59048913013014e-06,4.46458528292262e-06,6.26567706152145e-05,0.000259590542470928,0.000191622335538619,4.82227048337244e-05,0.00149268706154804
0.000847967756630309,0.0276573423292535,0.00262859711220763,0.00181529666283014,0.000712216525793556,6.96369500802555e-05,0.0158684971766611,8.03930122253831e-05,0.000261880306050746,0.00596800518786076,0.00312751891784259,0.0119222850360719,6.85816991038332e-05,0.0227912347954675,0.000294199694182038,0.0175266166111656,0.145448658993652,0.00167363850264287,0.000693203747873288,0.00178418181390148,0.000850050518712949,0.00421863281689113,4.19947108171085e-05,0.55085276612442,0.0158590296292397,0.000305591158300334,0.00320091491861369,0.00167697812518871,0.00016647154558995,0.000114354981488185,0.00104001170342631,0.00818606381712133,0.0611966941955185,0.00067866591686405,0.000104656331814742,0.000754062105695551,0.00106757270479001,0.000644086738553706,0.000286815098842344,0.000790742463744293,0.00211790267563571,0.0480763464646862,0.00495889385296882,0.0013411578386541,0.000106558958396157,0.00031486779747526,0.000615589805655292,0.00046386167011267,0.000254267413499693,0.000152994324349264,0.000765253057418718,1.24476834772841e-05,0.00445246876996884,0.000386846451867417,0.000290791931417402,0.000279190655162544,5.7823475463443e-05,2.72211971471963e-05,0.00107649657077686,0.000452400811372837,0.00508644038079781,0.00939619968668126,0.00125649908283989,8.54700377171153e-05,0.00421791602583642,6.45642475790487e-05,0.000413420695912697
0.000232999110100371,0.0222835014905316,0.00142504232412849,0.0014883221008587,0.000447831028896387,0.000598327833859628,0.00149211499352412,0.00014557369000943,0.00034264836457444,0.00733981707182399,0.00131429191121384,6.83710522890992e-05,6.88891996274768e-05,0.0020829597315839,0.000428500026154906,0.0023690789878459,0.00194019687963364,0.000220730611708258,0.00021289044617737,0.0343112719127049,0.000932803571112016,0.00136887350701459,0.000331184309119409,0.00118831821576295,0.866284020034445,0.000777472372843566,0.00055097454237361,0.000220356109186985,8.27110302719328e-05,0.000390717586992131,0.000180087384026857,0.00149675155222281,0.00152940528603492,6.41454123719368e-05,0.000152841224571307,0.00097999082423127,0.00387007961799601,0.000285631123172136,0.00057662155255769,0.000462659494301137,0.000535309370191913,0.00248549261591197,0.00918520081112531,0.000157375185651395,0.000130456805723715,0.000471634537221553,0.000130899759938018,0.000362867742597013,0.000120097510747548,7.06899751629209e-05,0.000342625536645627,2.08484357749596e-05,0.000273438203825661,9.35665889159611e-05,0.000213570502257186,0.000549701716741364,8.03384387053576e-05,7.05444569701964e-05,0.00016658732941748,0.00040451176426731,0.00662696178481161,0.00912152858374596,0.00288588835671649,1.2729423505252e-05,0.00418554596841238,4.39019155083994e-05,0.000718683161652845
0.000244210077204957,0.113465792570684,0.00104806998180934,0.00318556923902514,0.00130455557480078,0.000193074627271268,0.0018152264023253,0.000369021270028605,0.000138561294442569,0.00451995896072865,0.00297968561180455,4.30175205238839e-06,1.81145891336344e-05,0.00154630384128359,0.000353575762726532,0.000306963809624381,0.000664451828759921,0.000253896422502833,7.89463569193406e-05,0.000592065810554441,0.00107744082353547,0.00155687201628066,0.000281353142258241,0.000129028411892818,0.00185665947997953,0.58270437577647,5.68309593765569e-05,0.000363774351043272,0.000337649264804669,0.0286731114553561,0.000177192048684087,0.00412807612109025,0.000376299668177368,9.57675925253352e-05,0.000101952066160818,0.000698691419333394,0.00112960151880012,0.000231193554995689,0.0001450762224152,0.00048798224955333,0.000265737755336671,0.000496457357403853,0.00100814980056427,5.91479934022728e-05,0.000103111272813305,0.000623081173228217,2.62780674559978e-05,0.00011483787667106,6.09761652614719e-05,1.07681401859558e-05,0.000201556327995511,6.63204414034632e-05,5.26126567212608e-05,0.00011095514917056,0.000177571033611013,0.0131943717369265,2.1810305676608e-05,6.16452414595972e-05,0.000171089718876745,9.06108276541371e-05,0.000507204190564959,0.000163712907165112,0.0605961972841257,4.03823846209549e-05,0.16355457744096,1.16206808900972e-05,0.000517942143439396
0,0.061913880909647,0.0112381474349482,0.00701544442663321,7.40107512620995e-05,6.01635784453196e-05,0.000132660780564141,0,0,0.0322158034224716,0.00178441137537769,0.000208185080969519,0,0.00171388719267779,0.000117300058604082,0.214549188742014,0.0215606877304238,0.000502948776623003,6.01635784453196e-05,0.0593168828379717,0.00335132213517783,0.00160984870751957,0,0.0108811300215563,0.0429328755279618,0.000515282400296504,0.132037510636774,0,6.01635784453196e-05,0.00019282435900946,0.000132660780564141,0.00593250001461746,0.0504152588745175,0.000740107512620995,0,7.40107512620995e-05,0.00903734787918926,0,0.000402522989122257,0.000134174329707419,0.000282195832231618,0.0261503723506572,0.0731986150268564,0.000911048473600554,6.01635784453196e-05,0,0,0,0.000909075454181638,0.000132660780564141,0,0,0.000239140764638,0,0.000148021502524199,5.86500293020411e-05,0,0,6.01635784453196e-05,0.000787586107770267,0.14429549589307,0.0721340944719717,0.00248064398128579,0,0.00723876499903552,0,0
0.0431893816576609,0.00293353328593797,0.000104289270285259,0.000307447549932505,0.0046198841828358,0.00344196501458481,0.00289854427147635,0.00010949464113233,0.00185805547962063,0.000652513721849834,0.000927614212419265,5.61151603838211e-05,0.000225375635331727,0.00404945036717251,0.00279262398255275,4.09076803261224e-05,0.000656195419909847,0.000352835379665982,0.000526188573364226,0.000123116587683814,0.106503975426505,0.0252564840326704,0.000911538726491625,0.000171291301285156,0.000402462405693577,0.00088618886052486,3.36196723355899e-06,0.700592758674952,0.0146394347834602,0.000264384918163296,0.0059685028422083,0.000460705294035735,0.000190755371600447,0.000851967591166933,0.00124359024280318,0.0122442785312569,0.000120185793909073,0.00357024896714285,0.00343510204914988,0.00219423516022397,0.000948556805530624,0.000147235291564985,0.000218080050917973,0.00116692644903124,0.000890676618695746,0.00209879737054632,0.000165094897374153,0.00391898743854598,0.000752330857789548,0.0019298399945031,0.00271046874571182,0.00021711792234825,4.75192093577891e-05,0.00200794024952177,0.000739242693194369,0.00182186340241959,2.68202404940174e-05,6.58121499644025e-05,0.000356759064556455,0.000407913208528187,4.93912259167031e-05,3.40454925166823e-05,0.000583364919772976,0.000111188366155696,0.00174986669421606,0.000221402345052004,0.0268357732811701
0.0112550064044474,0.00925881841845813,0.000242025499879703,0.000729860104969907,0.134429523205039,0.00294210909362983,0.0448748314111321,0,0.00112713866470381,0.000433638084132313,0.0088615497461946,3.21606453117921e-05,0.000216496051367186,0.00564347805852893,0.00180729116026683,0.00148697007829787,0.00101220011739868,0.00160648322856393,0.000396197529639388,9.64819359353762e-05,0.0469008762618354,0.0196645504423734,0.000302424760587215,0,0.00086498886678416,0.00215070607721218,3.60826752278643e-05,0.288371896690286,0.285274626160694,0,0.0401493753146642,0.000176491346223249,0.000132564611163241,0.00203216519486649,0.000644432360915629,0.0155864105523477,0.000990816814797441,0.00279827935788413,0.000833111662289832,0.00215265390887638,0.0013780628879225,0.000180413376139321,0.000844950260154144,0.0046949928002374,0.00159884350978623,0.00437976046968896,0.000727572803489442,0.000485263862792275,0.000771216097731986,0.000626885396820529,0.00166483248708001,0.000168647286391105,3.60826752278643e-05,0.00191907230869834,0.00261031195437704,0.00745113175937623,0,3.21606453117921e-05,0.000110673751749332,0.00099135073819778,6.82433205396564e-05,0,0.00227359085487668,0.00040011955955546,0.00646656382585684,0,0.0246045448710738
0.000550793346785638,0.0925860292427537,0.00176590804445303,0.00314153771764349,0.00110708163027131,0.000238029165347188,0.00125232289516326,0.00021565431076222,5.8699136993624e-05,0.00494134469175698,0.00346556906342854,1.15480181090022e-05,2.4067525809809e-05,0.000789677881778118,0.000179744480266742,0.000815679989018343,0.000410297594988713,0.0001445558314043,0.000414568049326955,0.00223320060181695,0.00136361823415588,0.00393554943518572,0.000320699217861524,0.000271659244729255,0.00303194204413519,0.14478713029223,7.0937825526728e-05,0.00151832369902101,0.000384075639325563,0.486440562368713,0.0001293737424194,0.00350926780804023,0.000644908133846642,0,0.000260966682533334,0.00126851618626246,0.00102779828078543,0.000821450982203509,3.10264719842995e-05,0.000252780950165398,0.00100726034548784,0.000681241283007483,0.00160333031064431,8.29132939588803e-05,0.000228314269429142,0.000116439227538635,8.69577713579571e-05,0.000144697861902968,0.000146775029098833,0,0.000465950320346705,0.000170297960373207,0.000779511123504422,7.6515430853015e-05,5.60654873859131e-05,0.00465972628539937,2.92176808129459e-05,0.000135227010989831,0.00119380333705166,8.33107020720876e-05,0.00028409109516094,0.000407322740075108,0.194020668125337,0,0.0285563885916781,9.16810313047244e-05,0.000475397228226334
0.00282924487960534,0.0117742649608617,0.00056147553742268,0.000542571473401123,0.0260785976832796,0.00314268991935395,0.192913978113767,8.93841795473586e-05,0.00102495054869973,0.00114476298631632,0.0120515602848474,1.08409232283629e-05,0.000204857017053319,0.117615090221562,0.00188875763873073,0.000747617035773276,0.00915192014210728,0.00273741564436334,0.00103512702049738,0.00034455859450801,0.0177258748279178,0.01688122558313,0.00138102090150594,0.000833679970169461,0.00190793225261146,0.000635883200754535,0.000356049854625649,0.035722301545854,0.0172054547253122,8.38494462523537e-05,0.37954132649244,0.00337528228309252,0.00124975384049856,0.00635766964439264,0.0013689821524328,0.0136438509576524,0.000201065584505843,0.00225474585255376,0.00224020675121486,0.00190913142571945,0.00209344326101392,0.00165916877408646,0.000531286911201362,0.0651101457029852,0.000575380254750037,0.00282454380834001,0.00104676212677592,0.00173590922180078,0.00164236963155938,0.00244990146328132,0.000823504845635027,0.00032238840805594,6.11583211356957e-05,0.0014875702157797,0.0027980602442715,0.00172252511160925,2.06725677967936e-05,0.000126503653316367,0.000286278212946864,0.000933162988426499,0.000186117975980873,0.000650369031393178,0.00171464397108543,0.000163661777864979,0.00764701979415428,0.000166429817211078,0.0104560698099807
0.000529323100690682,0.089552763728208,0.0363129998961981,0.00256026402551924,0.00363808429681673,0.00149599729581581,0.0248195388924947,0.000323252406790507,0.00137056731331954,0.0123176685171199,0.0790294413500486,0.000214644724015959,0.000132700208044524,0.00791045465321619,0.00233645905783061,0.00376787763786223,0.0161439076321476,0.00118478435860847,0.000509975179125426,0.000832943455056744,0.00341924301194267,0.0035517113864543,0.00110662844274562,0.00453509390026998,0.00393415247433263,0.00537001489623331,0.000621815968832373,0.00129620965829461,0.000448502467941181,0.0013489396166986,0.00100993438752836,0.499692924582533,0.0279419622784749,0.000208845466600575,0.000754267439899338,0.00261207705171354,0.00169087212576809,0.000759200092810096,0.000965904889250133,0.000998042844452992,0.0016929960034291,0.000932584181380523,0.00247910849610399,0.000512079585884414,0.000284525840612343,0.00253735387772318,0.000255965672040172,0.000674597849620821,0.000437528754080702,0.000416913581670533,0.00179499149540308,0.000164675357635693,0.000228414201138503,0.00035918096815058,0.000659591439763834,0.00749494063980311,7.85358844276768e-05,0.000229137513792915,0.000249594169298458,0.000511325409241873,0.00120696463600176,0.000401369438486827,0.00650211608365654,3.02460977926446e-06,0.120022563016832,0.000151127410456185,0.00246880317188064
0.000351903858232805,0.0377164716270759,0.0188664951681297,0.00166720136888473,0.00118272993877259,0.00250183140435301,0.0154146409253292,0.000420435244858816,0.000518139588294005,0.0110889312639537,0.0108363610499912,0.000848581920935562,0.000164733775698389,0.0119818887211616,0.000856733431493241,0.0842839148059843,0.20386914716229,0.00133420265922087,0.000773020158881996,0.002679111798449,0.00106253110738948,0.00359085107106289,0.000561363488716916,0.0267059896220239,0.00606868668551081,0.00203111473389741,0.00405174750384095,0.000583803995819039,0.000189875841018732,0.000236960892181121,0.001212782440715,0.0593908611506622,0.42720200709703,0.000401688080352801,0.000354165425192515,0.00176267496904405,0.00160510446824945,0.000800610260870073,0.000487720104508702,0.00111635941245902,0.00119554849978901,0.00674895865476462,0.0058708795948868,0.00126664777876389,0.000509560258959497,0.00316745627199483,0.000370012355612484,0.000285228616171531,0.000793526643356514,0.000247061357726877,0.00193354803207687,0.000203094518399074,0.00054219267288559,0.000588555500641317,0.000199544249525734,0.00120353036804107,2.03514079559836e-05,0.000137059460274867,0.00241951869941834,0.000416845872665263,0.00880389135031938,0.00241526529140658,0.00212393728481551,4.19789563184474e-05,0.0104219004599975,0.000128101326781878,0.00117243029391429
0.0041973919842277,0.00328461614314974,1.79540353617761e-05,0.000330690818818016,0.00118945746666189,0.00965297125993422,0.00410143029310362,0.00209454222273368,0.00645738986083472,0.000906182385672941,0.0027656737833597,0.000165444549126449,0.000180951193798932,0.0397182977374483,0.00302948205200552,0.00137170294856203,0.00562820410043777,0.00329437249913154,0.00177488590432363,0.000249886328071963,0.0764617341085651,0.0887604653575398,0.000596645817131143,0.000984227976683479,0.0004900646893952,7.24628257850667e-05,0.000829364666227722,0.00767783144897011,0.0012685765344491,8.90645596985924e-05,0.0094035523133449,0.000675546918438919,0.00216667280464138,0.263109786541373,0.000742875774955855,0.0252313987058908,0.001465597186568,0.00765282115593619,0.002395399458425,0.00231549308796465,0.0055068098284279,0.000850224294434368,0.000401573092843943,0.168978941771127,0.000585404899777542,0.0031295457082685,0.00371858645740464,0.00494897068663603,0.0118766785072874,0.0650040219666319,0.000675564942756582,0.000109017580846581,0.000775120043404178,0.0110090783885271,0.0958701300799593,0.000553999033748928,0.000312299316131814,0.000108488368013865,0.000596386942197049,0.0131009916131826,0.00194042119594897,0.00105053931598964,0.000433189316212252,0.000127089087713603,0.00113621798164446,0.000322537021099131,0.0240770630610362
0.000325419465382146,0.00135826355576337,0.000131961105377243,2.27753839540642e-05,0.000110054324789824,0.00235913104384523,0.000369616105603904,0.00209005777941742,0.0034053847643874,0.000126919623119985,0.000347901802184898,0,0.00294005514840703,0.00327853464359734,0.00189129961196947,0.000139705798051359,0.000312907747830086,0.000511690848985527,0.00232311083618976,1.09244337103941e-05,0.00161574075766631,0.00367305710506404,0.00272167169092299,0.00032018800864328,0.000105845557968255,3.90681326077862e-05,3.10188553071009e-06,0.000399533902397323,4.4211991627461e-06,3.19685602196766e-05,6.12032463999357e-05,0.00011320236576118,0.000207570397202896,3.26461511564781e-05,0.745769535253001,0.0025622794728913,4.5784083097971e-05,0.00126285445639051,0.00785471379704815,0.103392132207081,0.00261520930400485,3.8866631540229e-05,8.50542912702414e-05,7.42617936794357e-05,0.0178699495702521,0.00475750151066701,0.00116967584364126,0.00634322680723866,0.000807169476462899,0.000154333949141629,0.00552762238988613,0.00809335927684462,3.22399353142871e-05,0.00362532813190973,0.000454603326690196,9.31258596630923e-05,0.000198180727332565,0.010170104417766,0.000277384064965721,0.000536767330644472,0.000130784754822333,6.01824043503012e-06,5.30483533419613e-05,0.0274394815668158,0.000293836636063436,0.01559354087257,0.00128709268425645
0.00253816555809818,0.00250315517393415,1.36668743725605e-05,0.000140114912191836,0.00078652602543026,0.0398726107970716,0.00110271876899539,0.000310285548886832,0.00524382675780356,0.00039042259166721,0.000758955827407091,4.05075016815721e-05,0.000769734126593705,0.00273227529861513,0.0409686218200005,0.000218261652435645,0.000695320754089484,0.000509614218499054,0.000685809136958367,7.75880841464305e-05,0.0133473530725122,0.040012316152161,0.00705462816498558,9.22410490277766e-05,0.000347286118710203,0.000210479067945499,2.0014696575689e-06,0.0022119552530722,0.000392070735627749,6.22333960429424e-05,0.000869943765757767,0.000315151038302109,0.000297146281538299,0.000886493800213151,0.00113376676002163,0.709386277796316,3.90037160049777e-05,0.0283421075969341,0.00497890741727192,0.00223169734545767,0.00175389045103255,5.71634357177412e-05,0.000124550425239334,0.00131177489516626,0.00129299316806792,0.0121663983337821,0.000217506809127175,0.00337450383084563,0.000987738240244763,0.00137926187387743,0.00787168609595996,0.000220024908046562,0.00046457709373554,0.00325743821146669,0.00148307433811986,0.000555512370098463,0.000155670657949083,0.000145945493146519,0.000892659796244486,0.000944790111897466,0.000116749147917782,2.69003073698726e-05,0.000304819695553958,0.000293778283450245,0.00111877842308691,0.000278566567513252,0.046632005608904
0.000353847158852972,0.106815153441953,0.00272398184425811,0.109695700360758,0.000894160142837871,0.00031318100821851,0.000799360834541883,8.80972695257129e-05,0.000564434986326485,0.110730751914877,0.00152725054624358,2.7413293351654e-05,6.4740723417517e-05,0.00168575185809792,0.000163708364670557,0.00284974764833303,0.00142521557236432,0.000160270762395495,7.30799432268819e-05,0.00547450107065643,0.00105489352335572,0.00392620187585346,8.7429789927525e-05,0.000445742661215963,0.00746309025303146,0.00133683895617306,0.000777970169292975,0.000217987895564521,0.00034536477572474,0.000473146161118122,8.36369431904801e-05,0.00165136095403008,0.00121851198121345,0.000111931308117831,0.000100404606713331,0.000738693066959554,0.525808531372234,0.000360295741899733,0.000208365649327878,0.00026748590529546,0.000328397342143313,0.00118294098307583,0.0834840813558946,0.000124493632885677,0.000195980102510002,0.000535064824416712,0.000112962991881539,9.18087434962822e-05,7.4373553597891e-05,2.9894436096647e-05,0.000431087306760776,5.86876391349796e-05,1.01413120628834e-05,1.68488585497275e-05,7.64924801072916e-05,0.00144695778454897,2.88639637994464e-06,6.54756182160961e-06,9.4804816012557e-05,0.000313970689061285,0.00442635036779564,0.000366556148010606,0.00585791230646862,2.30764510408681e-05,0.00682517725561657,3.29229480377347e-05,0.000741349377445141
0.00243216914937669,0.00183043982215528,0.000517352209219866,0.000234590066288427,0.00081039741947531,0.0655265682743608,0.000583824769284939,0.000116318272978805,0.00368565487503702,0.000376261402903241,0.000368291792334434,2.0605379728665e-05,0.0010380527926819,0.00428224768927663,0.00890577258195606,0.0001803256817063,0.000545915847512963,0.000584001013308406,0.0012186357398715,8.86083952585377e-05,0.0278897116717516,0.131096240888026,0.00326260851352265,7.87535498864904e-05,0.000454901481923684,0.000227012549680601,1.51904714264894e-05,0.00262779419643664,0.000461171543915404,5.56429247424978e-05,0.000472774263264789,0.00045592983374206,0.000272252018371309,0.00130356168736533,0.00210570005241617,0.151133042752059,0.000133497059158485,0.502739080252357,0.00767327715878702,0.00390833430814118,0.0018322831101691,0.000167197935059375,0.000125541670529265,0.00149171291180555,0.0013380766187098,0.0077519493053177,0.000518661007548167,0.00339158059024671,0.00194198205250522,0.00245077207397804,0.00514407681967328,0.000394991984509616,0.000330316803448656,0.0189320807256766,0.00151594044376284,0.00040812273929359,0.000154048326896868,0.000176619223477123,0.00077347650205986,0.000872475546063547,9.43173718028128e-05,7.44725369639039e-06,0.000323930667095103,0.000421593824704083,0.00117251055177606,0.000124429513475728,0.0184313540750289
0.000515996795723378,0.00217013225563726,2.87783786021489e-05,8.07041376534075e-05,0.000198454086018378,0.0328144164510705,0.00024983083399776,0.000162670573877836,0.0440819151640072,0.000178547571619609,0.00029479290579198,8.23841205484185e-06,0.011654647725725,0.0020565974383122,0.00532939675752106,0.000111674940502429,0.000229433504530145,0.000277197125232513,0.00108796967296087,4.15803124808384e-05,0.00261353378889113,0.00408800739527011,0.00473424732136553,2.30064152786516e-05,0.000166104305974281,0.000324832943615617,0,0.000939802721698688,9.94673508119982e-05,2.34090916858964e-06,9.74317296735303e-05,0.000180886252198977,0.000157615524489761,8.22817503463338e-05,0.00301029673055885,0.00571953920483125,4.20578486785548e-05,0.00160754411292847,0.624871409199159,0.00613762253506344,0.000564131934655618,7.45975054260924e-05,7.27354722995749e-05,0.000165098800245364,0.00901355283361063,0.0316787828190675,0.000182441985663973,0.175130107500975,0.000564758477566787,5.51842882844076e-05,0.0113041214776764,0.00103058284828438,0.000140814185667031,0.00700144864682689,0.000438148566471136,0.00020471211417503,3.89322192374578e-05,0.000260291680897256,0.000233076588277422,0.000413922668289247,5.98524897928623e-05,1.0308577662058e-05,0.000225158867557041,0.000856802271249471,0.000408313363262451,0.000297437482819331,0.00310368125073712
0.000713256408375141,0.001983427085948,2.99487458833818e-05,8.8381254823604e-05,0.000260462823697146,0.00528380737568067,0.000582382166846042,0.00261073557783169,0.00411211075832948,0.000296711292230587,0.000440724765975601,1.98711983903399e-06,0.0104768903548531,0.00374793615210309,0.0021565745795078,5.64624603396119e-05,0.000589783895986134,0.000913285006668291,0.028374800206881,6.01614477402534e-05,0.00281376393088535,0.00496902764918341,0.00270602342802485,0.000150346282218512,0.000286970756876985,5.33350494299211e-05,4.86071078457466e-06,0.000679751292523745,3.00315625353293e-05,2.09599542842411e-05,7.97798740155918e-05,0.000166837964457552,0.000645530605985651,8.15971064890114e-05,0.0979470077227415,0.00370389114329537,9.17815236907806e-05,0.00203094356640395,0.0144707783672205,0.711765278317375,0.0037149825690069,0.000169293906905379,0.000203164561453196,0.00018973029515123,0.0142369259973726,0.00548551674284439,0.00318598867012737,0.0070959775929139,0.00286340115950581,0.000127592477322506,0.00514966274063781,0.00252307501942469,6.00264020976758e-05,0.0202184180765684,0.00122925210806411,0.000141524246412751,0.00100320084223944,0.00281206025838285,0.000395452361216805,0.00159177284877453,0.000166773755083059,2.07480974484067e-05,0.000280639668377449,0.00485947589516188,0.000558485853931374,0.0139649818457151,0.00227354971989882
0.000941997339824893,0.00580121346263623,0.000267163874468368,0.000262041050275282,0.000311877764800109,0.00503304585888064,0.00770733836041328,0.00956308791473407,0.00319258346232524,0.00105758696556092,0.00192005706939697,0.00026028917952007,0.00205049903845695,0.0217199666759145,0.00427116275430157,0.000650344272789613,0.00277409894306572,0.0511672495370037,0.0193259996521529,0.000181968449616648,0.00543470942943665,0.0117911067820149,0.00227058175964278,0.00150105660821895,0.00126096693622855,0.000613442253959101,1.7085942305774e-05,0.00134768286845686,6.28696062824153e-05,0.000362327971084394,0.000573985734337198,0.00128784934497836,0.00100441211381194,0.000798970675623826,0.00432976416381238,0.00621823051287011,0.000158139581332185,0.00169946984916455,0.00519553835700181,0.0133719741402569,0.636276384978463,0.00185735859536917,0.000254239151523443,0.00126077692581487,0.00195472291083424,0.00500958179035183,0.0134787441970561,0.00142061548246865,0.0382118932013142,0.00192483246167366,0.00321362183611481,0.000324396743533192,0.00172903257737502,0.00511601103223187,0.0178829599374079,0.000376123488981112,0.00534687577546397,0.000965498596588465,0.0143947035575827,0.0343379979052743,0.000474247136025612,0.000122943188887007,0.00110186115062466,0.000537343036256797,0.00241421292985685,0.0013518057050578,0.0109014794509109
4.01921018102592e-05,0.0174478759348703,0.00195523962316846,0.00166205527440628,0.000836591963484229,0.000721299404796752,0.00285844636062353,0.000730969980558473,0.00048082466244674,0.00500554249938205,0.00113199272198423,0.00502610775518693,0.000247642075140565,0.00548293428247709,0.00102871258131968,0.00978301405889037,0.0212356430405647,0.00179430431334948,0.00016413058334262,0.00196358893272996,0.000774586364461913,0.00231915185934775,0.000413164061703543,0.0590962843754052,0.0365008141998279,0.000838099000303591,0.00420034450280751,0.000263369298422043,0.000132175328382747,0.000179096287070232,0.000388416879781257,0.00157139844156104,0.00649850750970263,0.000262817000845646,0.000658249567591748,0.00355404347935126,0.00127612893517031,0.000747675642953285,0.000497885734816869,0.000742657565024977,0.00472046366042649,0.694429929255495,0.00350345395752023,0.00151817669586092,0.000715337179271819,0.00111472362930248,0.000209176395955271,0.000270844805024724,0.000512619265378506,0.00021534845058204,0.000331806719511443,8.36705583821083e-05,0.0401274206330257,0.00022908808709762,0.000440315761254329,0.000245266142688869,0.000147392985576957,0.000565248341304682,0.00508373711998289,0.000545180323502127,0.00255487161623804,0.0365877795340697,0.00216568361301332,3.05503156972793e-05,0.00207374330038184,0.000150697560361002,0.000915499908030499
0.000100219253123451,0.0604776133878715,0.0028879629451283,0.0129863350792021,0.000847277376799205,0.00034818348366411,0.00141337465208894,0.000101044161973492,0.00043949418313143,0.0705884473567589,0.00223133732579772,1.94105187577188e-05,0.000152767203012761,0.00293567505906071,0.000175711924954317,0.00872175032653327,0.0030981412143565,0.000256159028148823,0.000224195696910195,0.0451635093635014,0.00149558495324719,0.00314150684223406,0.000152814850982322,0.000807877718136121,0.0248907033613673,0.000936200702939753,0.00104441954224602,0.000471298287280547,0.000216770236768712,0.000554179275750066,8.94515220816535e-05,0.00215945009950456,0.00256873074296035,0.000358406974215669,0.000349411271720148,0.000992554028113573,0.07722855126331,0.000241804749752857,0.000244532251356218,0.000486181605755498,0.000254457472851293,0.000837007698767957,0.62573362911139,0.000231009197916492,0.0001978137858495,0.000413795078587501,0.000136859473540075,0.000216095103461209,0.00030131360212622,0.000107647534743292,0.000557104779167789,2.92342359504831e-05,3.44210927043195e-05,0.000287514286223218,0.000118946845792307,0.00123766806069966,0,2.56115029097717e-05,0.000148200287697094,0.000295998732666412,0.0261515434750196,0.00127101142013438,0.00371392633518925,3.19359110537867e-05,0.00490919136988349,0.000212326820775725,0.000946696964401712
0.00252845319428916,0.00367817349732305,0.000231331724576559,0.000302177733983703,0.00144597720406297,0.00397569705784868,0.0295309978857224,0.000554954123526508,0.00195799908987264,0.00141884535598301,0.00428605080548452,7.39220517380606e-05,0.000376098823574608,0.129867898159397,0.00244355863372197,0.00264208152007737,0.006272830813023,0.0054778042938685,0.00219922141231263,0.000414641724263676,0.021729730469967,0.0367711168763702,0.000587526105352427,0.000454217240345074,0.00111202261245033,0.000200137045553023,0.000170363226384694,0.00503529620898161,0.00100387651434616,0.000135660604044439,0.0532959617811201,0.00183411836091089,0.00134283266337093,0.0365453489883654,0.000643021478278747,0.0110668785624392,0.00022261505113906,0.00309128706791132,0.00155316392389713,0.00270063382622398,0.0039507051841956,0.000223980475402872,0.000673795547077185,0.528808279505975,0.0010042503266017,0.00228716035478196,0.00311787628127228,0.0010775553924333,0.00458241674021235,0.00818394160182421,0.00135043484667193,0.000288591682620984,0.000220254835440847,0.000915087239965412,0.030979412696839,0.000371337640182198,5.31177969827133e-05,0.000106926806269575,0.000546516277441112,0.00784808907547647,0.00311098064856495,8.23053194834744e-05,0.00067627887239767,0.000177505141635725,0.00502591939046523,9.1912366069298e-05,0.0150708442416155
0.000962603197352791,0.00206793264078348,0.000185633634161107,0.000223980836143868,0.000341459404017137,0.0117423183813436,0.00248038143530954,0.000674524313788269,0.0187115649878414,0.000341355124718508,0.00199393498640093,7.35645128461426e-06,0.0287931069673485,0.00380944771630297,0.00684467833314443,0.000643838550668815,0.000810155187671403,0.001266637742431,0.00332515017048987,2.43377782857884e-05,0.00396055467492547,0.00535055309332134,0.00648299502316782,6.66446944192637e-05,0.000349545027235692,0.000569425904920658,0,0.00158232884797331,4.07451801949445e-05,4.8090605751169e-05,0.000321516354642824,0.00108410769534793,0.000471307914702424,0.000131868327166792,0.0408226344933653,0.00591001594071545,0.000398776644101383,0.00257177098135245,0.0786501654230756,0.0313554931483405,0.00250321384135281,7.74977952344984e-05,0.000162678108310788,0.000633805051393879,0.500856716381366,0.0171062923087798,0.00112937084450541,0.149991837918524,0.00121744902530071,0.000133800629960832,0.0173432599186385,0.0175984821163671,8.7376705442742e-05,0.00521488137009817,0.000673479661833675,0.0001801340064649,5.30728050297408e-05,0.00108342788977079,0.0011898480490763,0.000790274356307643,0.000500578216933373,5.16946494434099e-05,0.000162086263210104,0.00841456738602705,0.00131028153426865,0.00130801322119071,0.00480694213096012
0.000329902036859068,0.00186053829616747,7.37499580532063e-05,7.86149111771236e-05,0.000233066096852391,0.0237107338587279,0.000291964428510459,0.000204910482127546,0.117499006283095,0.000168806685620003,0.000126443040040665,3.33053222732447e-06,0.00174418988052263,0.00246147416630804,0.0545805272932457,3.32835304934011e-05,0.000207799107955983,0.000158789415651391,0.000574017734925647,2.01722308589715e-05,0.00149337994041622,0.00236719894058746,0.0418019753413969,2.93326534803248e-05,0.000216670531825726,0.000131937664002356,7.30810911354485e-06,0.000377203698386699,0.000118904867158174,1.8155294389576e-05,0.000123915753924005,0.000182508280222723,0.000120792831751269,6.91620603006949e-05,0.00126384063029314,0.00694151469627867,4.0705576802113e-05,0.00111941079501901,0.015264778119381,0.0015432839369407,0.000561992653514498,2.11441243228215e-05,5.87290105762697e-05,0.000109959041236089,0.00205780565367115,0.583654142015058,0.000139075192900406,0.00575423957758825,0.000301446969441808,5.97791958850879e-05,0.12363537118111,0.000469825121230169,5.96187944934035e-05,0.00105884048254908,0.000166255836064666,0.000198313336869722,0.000119853974721818,0.00024662562135332,0.00016934236436234,0.000351917103749668,2.61778271582011e-05,4.88052349598652e-06,0.000114212146866342,0.000426704013624716,0.000465590945823011,0.000133325573263649,0.0020415320279799
0.00114426090827404,0.00292087836727874,2.22840447921238e-05,2.22840447921238e-05,0.00108542503168515,0.00716067318217186,0.00788087752628994,0.000619343956741709,0.00902339695538763,0.000170037258436909,0.000636451912548971,0.000145636135575143,0.00311658478405871,0.0247083420484495,0.00497853826422017,0.000113011941445771,0.00149088986573771,0.00525089174719719,0.163289608034812,0.000267104360667006,0.0126620254546158,0.0325613553370422,0.00224014806141839,0.000833737204348492,0.000667395447368106,0.000192321303229033,0,0.000903895932284455,4.35095505494268e-05,0.000123352090783019,0.000492478458918974,0.000818154102033294,0.0010627556860953,0.00135627493560275,0.00741124684810963,0.0102748216479569,6.36765172719088e-05,0.00360802804724066,0.00889365708690345,0.0336255746155646,0.0899758912733249,0.000324487314091713,0.000150695618370762,0.000912571058043147,0.00313863189907342,0.00667271561993044,0.15516353005805,0.00328019308126096,0.194206571770258,0.00382791838286981,0.0146760755147066,0.000329501155158084,0.000759613166916489,0.0228737819528433,0.0585012058762791,0.00030162444912001,0.00236296042135103,0.000805574902504459,0.00246256772631191,0.0724455398101132,0.000406213720016462,0,0.000605109310333655,0.00172937518680277,0.0013085625003774,0.000418149797605497,0.0104800097363875
0.000361181730488261,0.00159484721827737,2.49353046828257e-05,3.40721514037572e-05,0.000103742720196653,0.0125214490939085,0.000199515324405042,0.000186667543573734,0.0285412844960858,0.00024765068681456,0.000278053969637928,0,0.0119223043627075,0.00214744626259759,0.00340075907700146,0.000100236063324966,0.000254586077082939,0.000490387245757351,0.000923080620174055,1.53325707543377e-05,0.00169579326504311,0.00382966436154546,0.00299119619272578,7.30196468666536e-06,0.000150779895148093,6.23403405756008e-05,4.53958903006235e-06,0.000495232425160187,8.33736677139789e-05,1.00563666066012e-06,7.34831271830093e-05,6.92873685769551e-05,0.000222079610224133,6.31841346946669e-05,0.0034829633849034,0.00483721630886687,5.10001449334774e-06,0.00160204160367379,0.237468084763904,0.00565909209132542,0.000538721111717358,4.00435571209529e-05,0.000138674796914623,5.04613909429174e-05,0.0312247181240222,0.0156507181637987,0.000270352159117613,0.608349002609053,0.00035836679056321,0.000146074727897099,0.00722804878943347,0.00152020567956758,1.975937983932e-05,0.00337289572779975,0.000287197792087378,0.000166836677748622,4.06068201703995e-05,0.00031685581011178,0.000147551788576117,0.000264955226974466,8.18344703927883e-05,5.36871134796542e-06,0.000132230218938232,0.000932326670018326,0.000447391283986392,0.000223693490785418,0.00189381576606508
0.00135676238267653,0.00184069471062981,3.46618466738049e-05,0.0001550168826898,0.000308611989766945,0.00860430057237828,0.00124783609609197,0.00194230369617099,0.0021260177247351,0.000212290166506002,0.000600809748823497,3.34549384257183e-05,0.0021619469150938,0.00966257849017643,0.00219078554308708,0.000228468173021637,0.00119274156583213,0.00497373573798108,0.0560880978157614,3.49180312718998e-05,0.0100717501138051,0.0375951079977381,0.00114033838376032,0.000163681373899634,0.000803876589372343,0.000151423020344936,1.10159377180779e-05,0.000797076937284387,3.46618466738049e-05,4.69952148259973e-05,0.000320080850614136,0.000464741881203576,0.000420834906114121,0.00165691028103185,0.00390892402844448,0.0082101936169782,6.37684691642475e-05,0.00592681569445097,0.00501456685580927,0.0183886439504431,0.064380649974233,8.28668809365036e-05,0.000232754249287178,0.00178497893594009,0.00264494585995536,0.00359192847529663,0.046486035680633,0.0030158671419523,0.438996992698036,0.0029445729933274,0.00268403745046476,0.000302220605481534,0.000398152754125667,0.0516243578403858,0.092638118179999,0.000128911372112509,0.00156883218373831,0.000261052355235174,0.00310183754655281,0.0854557639736843,0.000210983380971239,1.27371264958619e-05,0.000280727873264257,0.000573685723296531,0.000507441273985322,0.000296661052337484,0.00560544544080183
0.00672264749308736,0.00194952869229503,0.000196297006621725,8.05758333286565e-05,0.000954526005061309,0.00962415676261907,0.0018265266817253,0.000391784816731584,0.00408753273599953,0.00076343275178295,0.000820398391079294,2.83909669953249e-05,0.000427106145486565,0.00894943223146571,0.00395027323023789,0.000218416467672376,0.00136028780742451,0.00163696511047069,0.00213386768707524,3.38653817295795e-05,0.319457631308085,0.183322161603527,0.0013335723984771,0.000289867208537734,0.000783402916818389,0.000128108485631408,0.000236110982793259,0.0114418845786382,0.000438480797296543,0.00017045205961799,0.00174402655821369,0.00100010547354288,0.000341378023773161,0.0274201412073677,0.00163056402122547,0.0373284358751734,7.7207612633392e-05,0.0140513854938008,0.00339928915212105,0.00256405195675591,0.00329986036587415,7.36074716210846e-05,7.61948024122683e-05,0.00938571115536574,0.00121007444551372,0.00334654458014774,0.00116032858058773,0.00214339989762263,0.00552591209108347,0.226086944098478,0.00243925589824544,0.000131739819239899,0.000211175192578393,0.00619781343142057,0.0262295222530882,0.000508001500950942,0.000921456577170673,6.09706251173691e-05,0.00133391673805844,0.00494993630957,0.000111428211618346,0.000139065703031108,0.000107602233391923,0.000218324045600003,0.00176182223702398,0.000134578096738454,0.04892054372553
0.000139235306955911,0.00162535699372018,7.63930073690346e-06,8.02213537641182e-05,0.00023625880717484,0.0032382263680935,0.000178332260409684,4.07896568039428e-05,0.0874142566038615,0.000107382261231513,7.60850107643123e-05,6.34017511980929e-06,0.000750523049826707,0.000843848601778053,0.0114270392194014,0.000106125382472712,0.000211208940557946,0.000184054142260007,0.000321507972504672,1.13182950822061e-05,0.00139381377447546,0.00128572930867209,0.0527371844362867,3.88384637033404e-05,7.91211519243018e-05,5.25570317198601e-05,4.88438329295019e-07,0.000276276631549105,0.000128635069844282,2.22966468286949e-05,5.05532480282098e-05,7.05910442966555e-05,0.000207556654410013,3.10122469436493e-05,0.00105711587346074,0.00324997022152333,1.45714411969927e-05,0.000585184218930101,0.00314558710446342,0.0013485625598883,0.000190936115426982,4.57959261349416e-05,5.11994899389727e-05,0.000113611372259288,0.00137139106855978,0.10659067321122,7.09917564905266e-05,0.00171999652056226,0.000146302795336206,4.19368181334897e-05,0.713689065406314,0.000176840305735952,6.87614924494404e-06,0.000565064019856219,6.33294820431184e-05,0.000168437633968328,1.44567526536006e-05,9.91728011704498e-05,4.27810750069045e-05,0.000122307810188624,8.62715069719182e-05,4.88438329295019e-07,0.000135884087041317,0.000204024172239306,0.000371554316482883,7.05403120638072e-05,0.00105867538763243
0.00136783817795127,0.00182578498259059,5.20687953733228e-05,0,8.5929454621686e-05,0.00642164665751213,0.000603031196931837,0.000998237575416987,0.0141901088150891,0.000387571234094048,0.0024856736619398,0,0.00211126515443441,0.00266877835635857,0.00239813775604513,0.000728341062834211,0.000334484471028719,0.00138733564976625,0.00209050442667549,8.33313289382543e-05,0.0029937761586003,0.00437829161667956,0.00331700052907795,1.81601732422646e-05,0.000409948518878165,0,0.000228087824231114,0.000653022479917723,5.46881773976923e-05,1.04137590746646e-05,0.000191330396659573,0.000524337424774841,0.00117867407477067,6.48942788014582e-05,0.108257048538545,0.00562286088803912,3.63203464845291e-05,0.00119971282863804,0.0235061534747326,0.0319387565099474,0.00087988820955781,0,0.000146939898168875,0.000137534971770516,0.139666610623116,0.00792850665819101,0.000943682978800122,0.0314008162733927,0.000458709934209947,0.00014631967429261,0.0134778597754717,0.438909753828386,6.3560606347926e-05,0.00262128194031258,0.000204985610150915,7.53772570997557e-05,9.08008662113228e-06,0.00218349992788811,0.00055731780820108,0.000317347952852387,0.00043625378578222,4.54004331056614e-05,0.000129677572274792,0.130388555295784,0.00037762149982126,0.0013472540881174,0.00234261655418869
0.0010154949509917,0.00815684552405878,0.000363675181104479,0.000628625910577425,0.00146328828165854,0.00790645892671963,0.005278714214211,0.0193923410061438,0.00299050958106293,0.00210682555509237,0.00119171139708305,0.0156379143326179,0.00195648152258346,0.0165699002816594,0.00433051371442859,0.00881683070433662,0.0155601762152519,0.0153825543415575,0.00386614780974299,0.00062713427414898,0.00376400685629294,0.00999912833458988,0.00194693935066953,0.0377144528805906,0.0150270017691489,0.00177353597094183,0.000993593855537432,0.00337184817396535,0.000187566528949085,3.67376474765002e-05,0.000522222055744396,0.00167558602992749,0.00324451876537921,0.000598406624267524,0.000864542323660048,0.0212273380785069,3.80304113320283e-05,0.00496921157976608,0.00110266041801319,0.00189868291427045,0.0390545237172124,0.163960543603111,0.00200218067617826,0.000865650113647954,0.00130664029130618,0.0033822792312588,0.00262669480746948,0.000315402476902614,0.00190237030922568,0.00132704975033201,0.000335879086680726,0.000418411704583985,0.336037797749617,0.000909807063744482,0.00467499383588235,9.87856796400844e-05,0.000541184391051349,0.00743999958219565,0.152337287241757,0.00519991513601748,0.00142905382259355,0.00460971030094875,0.00189887586409964,0.000187566528949085,0.00110627063303674,0.000638945383378935,0.0211940267251185
0.00162852644048266,0.00104870617657869,9.71979512976799e-06,0.000205106199155527,0.000276175992375402,0.0949923978850078,0.000316235556710047,0.00018674668411426,0.00665534840851209,0.00038996618012525,0.00033731311581304,2.23316544561559e-05,0.0286801800021174,0.00370350055470647,0.00539510139401677,0.000118579389582736,0.000542475920322895,0.000728775584266509,0.0109978939881531,3.29649156328571e-05,0.00935186271927105,0.0420086874256144,0.00233858492945888,0.000118565901886683,0.000226164209133376,5.88141408609584e-05,5.90430280920487e-06,0.0011376070595266,8.37185674269892e-05,1.31879586685448e-05,0.000140672785030396,0.000313374750811843,0.000284202242844823,0.000266547822626168,0.00475452465458061,0.0157768158944086,8.77348996951018e-05,0.0333403449548238,0.0458093128167041,0.0643028761853867,0.00276783875175352,0.000179454905125399,0.000140822085567344,0.000602609619916969,0.00488215540740288,0.00827253099704645,0.00470994294801091,0.0146623076866782,0.0262511105754504,0.00115257100239217,0.00518305299977037,0.00045598980853562,0.000171743887945271,0.537097734619049,0.00470645952971699,0.000186160697011814,0.000151871486751439,0.000398701441849338,0.000420040595491498,0.00185737460701731,9.54225907188934e-05,7.63591793277094e-06,0.00019628285156196,0.000664481917287815,0.000315168381316555,0.00063801433984016,0.00714497029003102
0.00245528004596181,0.00241584142144442,2.5012912794227e-05,0.000183670246603251,0.00204425952357129,0.00870487211447979,0.0044223726914897,0.000824597089955674,0.00401327694721852,0.000454193855001093,0.00291845056048203,5.88376654559808e-05,0.00127159102683821,0.0193321332583652,0.00394410373356882,0.000302995218874791,0.00265168229078636,0.00564049355907642,0.0178211066011621,0.000227034556679075,0.0223763193231592,0.0521082979343773,0.00221366451213102,0.000174711873571887,0.00122134725893094,0.00202097049691957,8.39360279102359e-06,0.00327425820189568,0.000319622480891847,3.38461150767608e-05,0.0024492455305076,0.000455740117132736,0.000754452634831942,0.0248815206783109,0.00384460297109689,0.0242494470970991,8.46607417155673e-05,0.00815222814135711,0.00723446437611707,0.010929897261929,0.0306623549199418,0.000200771880927979,0.000507492532631822,0.0327762284514135,0.00239237811379742,0.00638071535144034,0.0198502309399231,0.00245784357201609,0.121293018296668,0.0170817045197492,0.0028697573101535,0.00127689909104938,0.00028479035475703,0.0121826100580557,0.344810600695705,0.000577353055688608,0.00100483379968126,0.000444657730434122,0.00206534759105256,0.136216995592519,0.000346236812847875,5.10942825653253e-05,0.000626066480410383,0.000869112852022308,0.0010278864443316,9.19724771285649e-05,0.015151550123436
0.0012210911341231,0.0762891223553783,0.00213112101788565,0.00369020817849107,0.0231526535448221,0.00115608617348598,0.0244660032271624,0.00013761871709263,0.00236055556142444,0.00812150803314421,0.217590034456594,9.20283173667229e-05,9.24928264880501e-05,0.00545920150967097,0.000993217648954967,0.00145680578194833,0.0020815588150494,0.000660075963423632,0.000254567978173177,0.000634325393232535,0.0053956714806805,0.00447286357842156,0.00116029543382365,0.00152705614794101,0.0019176410346723,0.0378821699012416,3.0198138634219e-05,0.00236229367143823,0.0014651766006907,0.00192346942547545,0.000828089338182031,0.0102307008040043,0.000616524210904694,0.000164169798577855,0.000449078289347781,0.00558083183016646,0.00145655885548894,0.0011294886819416,0.00137976121353223,0.000726461559741633,0.000459399245032139,0.000223782952767754,0.00122130563793186,0.000652018221843207,0.000138622224373049,0.00167419081018589,0.000130338028812981,0.000562030437413383,0.000116210033303678,0.000138984858084695,0.00304162959297369,0.000175270701089764,9.05370323562664e-06,0.000433127630345969,0.000188595229551783,0.445191966538882,0,9.64212997451595e-05,0.000137096886651294,0.000139001774191428,0.000298314426220117,9.87534052179517e-05,0.0092618251350337,2.0063200603037e-05,0.0798899707286197,5.65323571191495e-05,0.00290671831195297
0.0010044318518517,0.00858419075116337,5.16868216895889e-05,0.00168012936456456,0,0.00353153576820047,0.0010010184927295,0.205762393373246,0.0091413935643126,0.00146851357167698,0.000417095022968383,0.000103373643379178,0.00275652447225804,0.00208451263903584,0.0226910468897778,0.00012347961745341,0.00040875703061812,0.00461917708347683,0.0457863045151675,0,0.00241619884781751,0.0105757527569532,0.00893619081216313,5.16868216895889e-05,0.0013917753548707,5.92244831859873e-05,0,0.000340279891248882,0,0,0.00018018877509868,0.000298637741470654,0.000233590591475121,0.000246158904052955,0.00760610745404605,0.017900869245161,0.00322673443976434,0.00404777203553902,0.00175678443011328,0.0544060673743084,0.23379917432589,0,0.000495340356317648,0,0.00208593452553985,0.00887380450240902,0.0151392954127885,0.000182704100639397,0.0103983162884793,0.000961891668491993,0.0123440577937993,0.00022433793529187,5.92244831859873e-05,0.0035779050669701,0.00632892076841582,0,0.216129690085098,0.00680492429979152,0.00883724913081107,0.00733701959072523,0.000391966712938471,0,0.000350324563160243,0.000118448966371975,0.000429663335546217,0.0387376410129176,0.00150258064189291
0.000945371961610056,0.000811753530440549,2.35856799813387e-05,6.18124245012702e-05,0.00024497785284304,0.00380853679222604,0.000293919013966056,0.0356812458612762,0.00436136555796078,0.000276872944493712,0.000641622319881073,0,0.00266034807236319,0.00328760053890514,0.00291964850736002,0.00131614244975253,0.000257950755940177,0.0011164186055774,0.00287403814599554,0.000341946894009869,0.00223373966833324,0.00530095802794303,0.00671985244354335,0.000488245618305282,0.000770118493436272,0.000349841866790467,0.000125174934760773,0.00120748509883794,3.83449447180364e-05,0.000209126194109649,3.6603461799291e-05,0.000423890475411461,0.00043859281016561,0.000282114167183254,0.328648303082993,0.00707424815751465,2.60355636359046e-05,0.00211315621092924,0.00806502230050145,0.0591166611948328,0.00427878538533424,0.000583704898747603,2.43973213416589e-05,0.000433325848471304,0.00660499965014581,0.0111862527965053,0.00173127239607944,0.00352622562471261,0.0016039432738256,7.15686813043363e-05,0.00622172777897412,0.00216327940960898,0.000162102953492287,0.00416773100733223,0.00167261197686096,5.39308103886596e-05,0.00128222971896406,0.318080500376865,0.00261503943723803,0.00111268715250628,6.10157427145551e-05,0.00040753944800695,0.00113495867574784,0.036191288378777,0.00116201143702537,0.105544359795372,0.00232983739882981
0.00206498106642643,0.0048883722909468,0.00103733495117063,0.00017898403328894,0.000508190569571603,0.00243420990235765,0.00695508590805225,0.0920165479374827,0.00328145118101692,0.00170457192572753,0.00173595456621328,0.000369630129959339,0.00133559120757207,0.0100067916283616,0.00262437154721213,0.00151200809937793,0.00161784310948139,0.0113027736409601,0.00408345736291289,0.000325277143145002,0.00494085794169955,0.00965832921557771,0.000788894518058881,0.00107948535310239,0.00285634148804806,0.000911498160686889,8.07561651530801e-05,0.00179188095639546,4.58643823132014e-05,0.000377887657978934,0.000720415278498992,0.00233319330239632,0.000766910366365239,0.000701072374701485,0.00484012823819607,0.014257782641563,0.00032132046075375,0.00485080849882053,0.00415940892001067,0.00934605375216088,0.118031623129598,0.00443685600200938,0.00119343307438262,0.000931509781173495,0.00215274038037139,0.00449037972629214,0.00429124729443742,0.00355413742999212,0.005702824859204,0.00219529701313246,0.00486861128068499,0.00068032510985836,0.0264695737676067,0.00177080186115689,0.00700094131543038,0.000200786472679541,0.00259685420762221,0.00467344475666118,0.568860074088226,0.00838586294742575,0.000520308086644698,0.000861746385836504,0.000959460041925637,0.000669900793059149,0.00230112069727955,0.00251496819007186,0.00487285343351888
0.00206693867752561,0.00460922287025696,0.000134903526694183,0.000278198285317656,0.000779727368948351,0.00405816412482268,0.00384428108861366,0.00230015612392263,0.00205024841990822,0.000739510537505808,0.00108001356694225,4.13411577797835e-05,0.00241871713438788,0.0325009592629826,0.00367087574297101,0.000325195000389143,0.0018346257487965,0.00790008294851738,0.02601197607027,9.91860295311096e-05,0.0141054278213708,0.02760640273628,0.00319811445610921,0.000151407240665725,0.00147692597620201,0.000245395433336919,7.97205960437711e-05,0.00160151912289849,6.84047315610296e-05,0,0.000764531489428195,0.000725542719293266,0.000726563176970912,0.00456282434366675,0.00356522138074124,0.0158954554127059,0.00031633606065695,0.00383765675632382,0.00289228198782863,0.0125094987401824,0.0801671757754103,8.03509957629138e-05,0.000737068350025707,0.00557611480855749,0.00317349542116551,0.00382345522576312,0.0260386808300498,0.00239169113514143,0.148863326125096,0.00737516103532967,0.00222018440447586,0.000497700051370397,0.000155492232733148,0.00420738095412926,0.126710796063682,0.000487001783897999,0.000986996948878739,0.000763696112679044,0.00398208111807667,0.376576977923981,0.000272720644785088,0.000202791101169183,0.000245038593217463,0.000238841594586184,0.00145735617075448,0.000612917046200158,0.011081953684731
8.73078985860527e-05,0.0356068372889574,0.00334394273810555,0.00410833920434439,0.000345547542326244,0.000867305477399828,0.000901731062899968,7.5411962602676e-05,0.000419879709735829,0.0650017873948362,0.000697736945060486,6.70880815885539e-05,7.50165479322581e-05,0.00212822953370951,0.000158356976878638,0.0704457719262336,0.00460104598479863,0.000882606419928782,0.000479579469464506,0.104929235095118,0.000549405279631298,0.00101113747398713,0.000108877605462855,0.00124486791700793,0.0535581175165032,0.000284027289648411,0.00782179939389509,0.000123780062941378,0.000107534565583405,0.000351092971827222,6.00322675197103e-05,0.00183819721817417,0.0075936927738205,8.18561426086228e-05,0.000143127227664016,0.000790929630938403,0.00965943794655044,0.000101971737262354,0.000603868874334671,0.001170894499263,0.00047676051048172,0.00202198618860955,0.0758737504050254,0.000283176112078201,0.000217927556203795,0.000698967063186133,0.000109997575949973,0.000192770244947849,0.000142911008271537,0.000189440507601182,0.000613109694713136,0.000124482219348336,0.00013186624985837,0.000294176071671883,0.000183451165789935,0.000265370430743207,0,5.47898809349062e-05,0.000123152879468592,0.00038152229614178,0.521442843546332,0.00803528660602636,0.00130170354187013,2.71188351981459e-05,0.00370478348416669,6.13753073991603e-05,0.000619874962851121
2.43653910768216e-05,0.0215774887614185,0.00119917837492515,0.00295783583243944,0.000359272163792022,0.000466316538756888,0.00126714542226008,0.00054408596966213,0.000273013712559779,0.010732681118386,0.00234558473351354,0.000244216658682553,0.000124724984269248,0.0034634195097556,0.00255968331333898,0.00802616264365248,0.00651787062498095,0.000500567775617527,0.000244206852612772,0.043105549430755,0.000450712290698124,0.00216959481112809,0.000646878904523172,0.00876249639353808,0.192331280932852,0.000273234585687249,0.00815256809760595,0.000266522288375722,0.000115440317615978,0.000638208936510747,0.000233044073424194,0.00159634169609986,0.00490103477061242,0.000217544611781357,0.000131092802960732,0.00225866585318209,0.00193468944286758,7.83106640097609e-05,0.000518916714016939,0.000477787843245448,0.0011546707923474,0.0521238145964908,0.00915010911670512,0.000637601251200961,0.000148480183208657,0.000122951658149867,3.88645485093883e-05,0.000198109783047187,0.000117165406449368,6.72812963835374e-05,0.000581058794225917,0.000104992516980738,0.00138773606573884,5.16288110387834e-05,6.38213126469754e-05,0.00036325376849354,1.27642625293951e-05,5.56703617663297e-05,0.000480025349429533,0.000247784825731134,0.0291313159000017,0.566844406322571,0.00173731786694826,0,0.00190967492298717,1.21826955384108e-05,0.000569581747689554
0.000395764831891203,0.351722401881144,0.000990249802960243,0.0100158351872035,0.00106926269329986,0.000560609042768335,0.00140458948414701,0.000146106162172957,0.00039278449079192,0.00905952035609288,0.00211021540216977,2.41066285720899e-05,5.00460171555672e-05,0.00291438210680327,0.000576607678385157,0.000516548994894546,0.000948216015004233,0.000198915396210615,0.000187268993849276,0.00137558478212424,0.00197652669321923,0.00188067060108467,0.000264944692317688,0.000366661246955207,0.00314470267871177,0.0357410175196962,0.000338261888768359,0.000348284156251125,0.000276693019072716,0.0179923664739672,0.00024698961206268,0.00233348186938938,0.000642991109070517,8.61052724764122e-05,0.000346651536560939,0.00103252174213232,0.00244317054798381,0.000393537475621623,0.000537520952045203,0.000480024397274853,0.0005023156618523,0.000173020714402356,0.00211621487996657,6.87697241886695e-05,0.000100703037471367,0.000950409847218621,3.69328077103772e-05,0.000189974762122392,0.000141695785703154,4.92339211624344e-05,0.00058405410290336,5.45686942642914e-05,4.50480125725001e-05,0.000116976355907061,9.76468812250459e-05,0.00340487235992322,1.09532373510577e-05,8.39511834621296e-05,0.000718599448208999,0.000128708775316991,0.000723832727064177,0.000191501964262888,0.476470563267002,3.54961663312509e-05,0.0566161755383783,2.63977312317739e-05,0.000829242980493594
0.000657208297667448,0.00151047864874921,0.000114412345311673,0.000174248374920522,0.000402571570049659,0.00237972545901508,0.000723033242427436,0.00325842520172471,0.00645074763002725,9.30430454876133e-05,0.00042304320035457,0,0.0024494633802186,0.00252437561407236,0.00220098786535945,0.000209744657058569,0.000428379193751283,0.000675677097776152,0.00147377639855064,0.000560977634048898,0.0018887691088467,0.00375548257684101,0.00344124672232513,0.000101389746128863,0.000117893393418886,7.00147763334609e-05,0,0.000340099451121592,6.81029014064578e-05,0,6.85591640490262e-06,0.00282652164128133,0.000333258197696096,4.23313063971145e-05,0.310432061396809,0.00382457764198949,0.000155904342927533,0.00147875925092717,0.00906699900843396,0.0450727968704543,0.00088711120764306,6.41117296055883e-05,5.72011890027156e-05,7.32291214041127e-05,0.0307656741700499,0.00715843238956129,0.00110040323219279,0.00844621266527462,0.000704250768151521,6.06207141921333e-05,0.00989746394605006,0.0688072185531891,7.24752962729054e-05,0.00284327673906955,0.000270252096734994,0.000316889962580925,2.6175819673932e-05,0.0141765745310009,0.000297897808499438,0.00026285012153764,0.000157891734198342,8.76779133190579e-06,0.000103722711746522,0.437368142570675,0.000386533287168691,0.00418572946779421,0.00176750726908313
0.000322084057650737,0.265924995070554,0.0160700233958368,0.00361742776898963,0.002300803100099,0.000449595252314454,0.00436934275938588,4.16009790597086e-05,0.000333776965863656,0.0159887138540327,0.0115122013442068,7.9205851120037e-05,3.24919231443025e-05,0.00346644080208018,0.000493991766279764,0.00131833661342969,0.00148723614759334,0.000315499709868126,0.000260531565065481,0.00128874740725813,0.00162591219480957,0.00164898506327107,0.000274313575044434,0.000413036967818679,0.00302775695107304,0.0424958336720613,0.00030041771207345,0.000624975655738291,0.000488001850315197,0.0018202847303578,0.000453050467583199,0.0232254891415178,0.00162134362867251,8.27820725273818e-05,0.000174906978829371,0.00126596641569834,0.00140555128559169,0.00044719703224167,0.000385468029235053,0.000306936219359057,0.000371533441402454,0.000355362792834259,0.00188049217466323,0.000230220597901662,0.000153358414162261,0.000806504822724321,5.23485554271558e-05,0.000441794072364836,0.000140547073963715,6.78567378522862e-05,0.000554257872029885,6.60208109170283e-05,8.11417416917524e-05,0.000105826133800925,0.000104011077621979,0.00916048397237543,2.2965474344744e-06,2.5479877025646e-05,9.70075867879739e-05,0.000288652416343529,0.000817229903451406,0.00020458285745029,0.0240895590773265,1.81256685364599e-05,0.546911328780303,4.2214794574289e-05,0.001170506221382
0.000289328526004133,0.00112285060690048,3.54315114447894e-05,0,0.000225960351353914,0.00267992297418765,0.00070455338716777,0.0458586917731297,0.00161792185221264,0.000197635426132306,0.00159074932359642,0,0.00185442134869933,0.00233665209733124,0.00107713248225361,7.11303677717752e-05,0.000453747108806105,0.000896753093326066,0.0112615680138828,1.04358248755057e-05,0.00515099056826698,0.00381224261496418,0.00277509884757189,1.04358248755057e-05,0.000186664911492407,6.39896281924585e-05,0,0.001209050638302,3.56988563269859e-05,0.000105454545159337,5.82125298996179e-05,0.000140663902731014,0.000594725265082567,0.000178154438946134,0.271849445113312,0.00247075873362298,0,0.00157148015394534,0.00463264217071534,0.217712862055692,0.00375558238006684,9.04936661422644e-05,0.000102304169957194,0.000135788358169725,0.00778787095831853,0.00364241408517138,0.00164229408206637,0.00434582624547904,0.000953395707288641,0.000140132831206942,0.00454722193978058,0.00176775719615655,0.000139244032782506,0.0041183003771803,0.000569624723533832,8.18335375294775e-05,0.0073095788497047,0.0413849367641249,0.00296026196781539,0.00106443763256967,0.000115935561043926,2.37546800709578e-05,0.000545698599425318,0.00472175436492278,0.000321830098465724,0.321536240371289,0.00135202995156171
0.037466658466433,0.00253703542258565,6.43588204614969e-05,0.000194056739103586,0.0008769162155106,0.00589327418015648,0.00126976357264572,0.000191018523785761,0.00209924391029903,0.000444123703388632,0.000452454471960528,3.2535819041657e-05,0.000376930978927446,0.00313961287469877,0.00477935274333154,0.000130943374296707,0.000443267523975376,0.000481648384405337,0.000509941607540908,8.967721680011e-05,0.0783823261308861,0.0448100602993078,0.00156282924258069,0.000107513627021319,0.000352766680409064,0.000244210007185016,1.98043587854392e-06,0.00563356367438079,0.000372481871866676,3.84996323040638e-05,0.000764045860314084,0.000275057062066145,0.000215690956926541,0.00062198983932816,0.000771303870037008,0.070696961458832,0.000198285357833413,0.00595647235550323,0.00239846933694871,0.00155756244639112,0.00125555253663578,0.000113613791294745,9.44385044700871e-05,0.0007516978514085,0.000883856604147081,0.00304512432392032,0.000148864786164243,0.00105875422505865,0.000542881835767254,0.00222858500647966,0.00284337470068631,0.000143936504715845,0.000314754099449982,0.00148296044871478,0.00102431810285893,0.000594815509838245,4.78725916653566e-05,9.34568698306701e-05,0.00045473104124446,0.00076183561883695,5.5769528397698e-05,3.50376755202171e-05,0.00030122810077021,0.00011627983737247,0.00109007074714691,5.75825393340754e-05,0.704023721922922
