0.603550110975518,0.000995806566064692,0.000126059927378345,0.000132323157208656,0.000544165314272962,0.00142179796346117,0.000337916161797316,0.000100379115342278,0.000547552868480188,0.000296505061219121,0.000256421362031165,0.000118967141476311,0.000124110587250641,0.00106411324353032,0.000921010513892619,0.000195307443117,0.000176364598713867,0.000277088025716979,0.000453968985223012,0.000193563626660598,0.0220236398787362,0.0100904489046584,0.000304298231822963,0.000164036971746269,0.000279441805986588,0.000229123825363295,6.85310015295537e-05,0.0176938810051532,0.000381051809923188,7.37801846254343e-05,0.000786984267146457,0.00024646555004877,0.000106480139554595,0.000398063051437616,0.000302400855533521,0.00414757568737981,0.000118779591849093,0.000854338197464171,0.000432491517037069,0.000353455167958087,0.000303145594051259,0.00010303952003025,0.000127801056906462,0.000175458805334528,0.000231782110727197,0.000752911674274533,9.98972441890454e-05,0.000286571256006817,0.00030419530666422,0.000739692577650292,0.00129326027483127,0.000105129472559165,0.000242501323231569,0.000363700343578472,0.000194198172971056,0.000236740265729877,0.00010972250776806,9.20641608870529e-05,0.000269232294272588,0.000235213394915413,8.4424361458747e-05,0.000117134548713632,0.000142233724251661,0.000153425197277746,0.000307861571801505,7.66657004793096e-05,0.127576155576173
0.000141540022665738,0.752273525336895,0.00114889413072125,0.00543027966453974,0.000442016000621991,0.00014993781922012,0.0003480600204565,2.4007144294748e-05,0.000213154257490339,0.0116109538736513,0.000816853043901331,1.56560316978744e-05,2.4842783919548e-05,0.000571886062266931,0.000280787253476713,0.000327737100668319,0.000241432234507278,7.11902574264016e-05,5.6315801362821e-05,0.000925342013051245,0.000419479173397503,0.000583863676735889,0.000168133136438159,0.000107862320773872,0.00147481132442922,0.00152752858811168,0.000172230741388067,0.000105149346068027,0.000145855223812155,0.000400113111908063,8.38920822940147e-05,0.00079096908882399,0.000229548429675451,1.49332288920537e-05,7.61396538814627e-05,0.000359606110594653,0.000805156858343767,8.61322564287163e-05,0.000120672964820558,0.000125445999157812,7.88563809727926e-05,8.77908108132028e-05,0.00113821859401568,3.10933569406199e-05,8.36706915503846e-05,0.000393276265553915,1.96202966424948e-05,9.68378122181705e-05,2.77119505130732e-05,1.18453752287535e-05,0.00133551151805982,2.55618238198596e-05,3.1633351391383e-05,2.55864814831823e-05,1.70463960306429e-05,0.000901454327052062,7.08838557426402e-06,1.09151718062172e-05,2.81168010239191e-05,4.10157549733881e-05,0.00034255527094962,0.000116579112256137,0.0128326292732447,1.8617379011533e-05,0.0136906009572936,1.24273321839344e-05,0.000288430862710192
0.000330840215991395,0.0649967286031233,0.541405406121297,0.00211079433723083,0.000499995178642169,0.000200040173454796,0.000802353166679135,0.000199460640423381,0.000138068899663075,0.0461727902619753,0.00253271948709898,0.000194090609906714,0.000138412743424971,0.00121849633121832,0.000226571651678317,0.0166533512568747,0.00150280402664224,0.000286723072161373,0.000234542081693899,0.000911648595176295,0.000447231868333196,0.000546547474164358,0.000174281899495466,0.00327821363942026,0.00206288223373757,0.00151352834526065,0.000643753129638431,0.000225634845109516,0.000191088745443304,0.000446513448977023,0.000279748158826057,0.0242468353666113,0.0052091103631283,0.000156011292329274,0.000223317145794191,0.000387361692124254,0.00104238039795092,0.000244300992826978,0.000183446658225996,0.000219689993924518,0.000289303408654013,0.000375513356702562,0.00162031203114468,0.000134403837746503,0.000151283440603207,0.000330198057187064,0.00013776057695096,0.000138618592240296,0.000143122697125308,0.000107607468211487,0.000196957660097817,0.000107185478140069,0.000250226499767683,0.00013334886256796,0.000279638753992726,0.000747475702280563,9.45257759975423e-05,0.000112643216397069,0.000153223233673433,9.5018097747528e-05,0.00127389064328556,0.000309527046561569,0.00209514824381366,9.60027412475032e-05,0.0551043724274025,0.000148770681541581,0.00048594026300002
0.000165054673640759,0.0941203441505696,0.000704266858172371,0.65124877052233,0.000344641803181458,0.000118596756495634,0.000284047954886161,5.24581850386679e-05,0.000102473512389278,0.0311477664318215,0.00071569337797842,6.16541484404516e-05,5.89075100644373e-05,0.000412516267382564,0.000175356161928334,0.000480023515602856,0.000242497428703512,0.000103149276343356,7.25605401222162e-05,0.00120200832235713,0.000342812554931034,0.00048468168701226,0.000126261002285129,0.000153462796272212,0.00177372692260343,0.000807416483502346,0.000335794573662582,0.000128795208043021,9.93771056635472e-05,0.000376048085986473,0.000115702384350293,0.000458760008078966,0.000255484139521229,3.60133249302242e-05,7.16911219884267e-05,0.000313951456156421,0.0126711498639112,9.65856019018128e-05,9.62663877942515e-05,0.000103078955540079,0.0001311913979601,0.000215050997440479,0.00216337187616561,0.000100690316641645,7.56402317837176e-05,0.000174493133888107,5.06680978455532e-05,9.59655364029871e-05,7.73508789614277e-05,4.68837064183794e-05,0.000704436465668118,5.45023087113653e-05,8.58335076689729e-05,5.23245548905039e-05,6.65389051091753e-05,0.00064645897003869,3.60133249302242e-05,9.26056926777172e-05,5.87053944653394e-05,5.77107939875635e-05,0.00055515360149503,0.000297050107875459,0.0051371566349251,4.13724506638885e-05,0.0030032399271875,5.17048450783932e-05,0.000246890707507199
0.00123463388617096,0.00505866485758008,0.000381527576424498,0.000546557255637806,0.611118537266093,0.000661258351303997,0.0821994312784929,0.000201448364607776,0.00045043362988825,0.000827446989961133,0.0105015178251486,0.000263725389520062,0.000225916970845503,0.00210046770414212,0.000579607320099503,0.000244008355515661,0.000832867269960592,0.000427340768579553,0.000289902389436547,0.00029946537376701,0.00455988712973935,0.00179022084473031,0.000282136896556368,0.000285012957834767,0.000642587527267179,0.000985261530494657,0.000240053451901949,0.00485790220571165,0.00611797765430641,0.000462978089787987,0.00923908287681288,0.00155565725443854,0.000393501761139616,0.000422653250575403,0.000256140367255103,0.00167904053302535,0.00028969891489386,0.000383859484011203,0.000742232903376723,0.00037553816528601,0.000402154905969515,0.000313574096002978,0.000297740055650968,0.000567923926081966,0.000306795585877722,0.000428262026344527,0.000215959198025864,0.000245967812311129,0.000391121572495424,0.000527628033698706,0.000549737431675627,0.000178928730352843,0.000268920094594821,0.000454112415132794,0.00036526921206576,0.0109199699748529,0.00019604365238659,0.000227161692447958,0.000290380447519993,0.000402784131044284,0.000243806225504036,0.00030281742734715,0.000817367185611845,0.000211913852817887,0.0042667962271394,0.000213158574420343,0.00172871085220902
0.000465678336381578,0.00056769113681023,2.49209580203655e-05,4.00490229319342e-05,9.17930608040054e-05,0.668960319051065,0.000118900312709348,0.000115693650309571,0.0030019490721753,7.44580578650656e-05,0.000102251487113995,2.52650428826917e-05,0.000689156779439403,0.000715814378010486,0.0134138044944165,2.40491111959055e-05,0.000106115387625248,0.000166689680041243,0.000495599907914477,2.78415743006107e-05,0.00117548875074993,0.00371397549494247,0.00218903422762517,3.218561164086e-05,6.5072575669848e-05,4.21451967702391e-05,1.39073630546927e-05,0.00033887462425967,7.93367067357577e-05,2.92551315686214e-05,0.000189026608049494,7.83908818144934e-05,3.75580450400703e-05,9.19989596357469e-05,0.000569841647423868,0.0175950193562875,2.70087738029814e-05,0.00695303746579201,0.0152500130695372,0.000896839339969646,0.000430014792347291,2.93875826453326e-05,3.74228574937746e-05,0.000121149070000766,0.000692606329459248,0.0310537771639374,8.20854129722365e-05,0.00315461349314851,0.000420244706056907,0.000111766633564933,0.00692498258113694,0.000208894269556197,8.47421988799259e-05,0.00371214155695724,9.19939697405901e-05,0.000111455397793101,8.7289989948381e-05,8.40910324237221e-05,0.000231414106194193,0.00047712953249176,2.65396373858208e-05,2.04520044921951e-05,6.57207705328457e-05,0.000117812949095498,0.000127393192188588,5.30750385964798e-05,0.00208959767341387
0.000307580113079487,0.00533550606755131,0.000228010429969753,0.000154804338865661,0.0088689106503845,0.000376667572852417,0.716106568164647,0.000135618030930646,0.000267051850202033,0.000563219701862843,0.0125203365396088,6.13313069709702e-05,0.000110251300438944,0.0167323906290003,0.000345005660931489,0.000287941433469403,0.00354582219512503,0.00058625527249118,0.000293165851119702,0.000154137943829158,0.0013341554632509,0.00164833905077396,0.000170196423950814,0.000313505036179437,0.000511641619502832,0.000532085688435481,8.75093472657131e-05,0.000745488654459563,0.000349528791205907,9.6623420862141e-05,0.00805078796228746,0.00237439144251587,0.000459199703244257,0.000214614733020672,0.000164096046955704,0.00144094692896071,0.000163264606828337,0.000335288729341963,0.000193948706766865,0.000385583858393369,0.00041784891276662,0.000278332863066226,0.000183839673827968,0.00112107643493878,0.000241044395205556,0.000461099337974893,0.000166511632477258,0.000162867783131185,0.000235287181568987,0.000182958325923607,0.00060356794354154,8.23152247309055e-05,0.000105534354491002,0.000137974969620938,0.000138475373401298,0.00120861160332646,5.54083458616244e-05,6.68931375199442e-05,0.000143570393710413,0.00018282879675487,0.000143055253327047,0.00024332361276244,0.000477772132063355,9.08915230143865e-05,0.00415781251917756,6.71450890736918e-05,0.000593201936758788
0.000446661572297734,0.000710041060978431,0.00025728546680159,0.000310061972812175,0.00023886255683308,0.000511247662990336,0.000421616184307128,0.728921770327578,0.000675555173473428,0.000546950397112235,0.000296891835630442,0.00024870928457487,0.000406578744248308,0.00120583071240006,0.000383421316166887,0.000269759913676819,0.000365792815844004,0.000971642463640881,0.00104156254491405,0.000225772983270851,0.00067751839591087,0.0013730662658211,0.000338902134325875,0.00024870928457487,0.000448393527465664,0.000390402730059809,0.000166759098852879,0.00034289135848285,0.00017152364453439,0.000202765451217441,0.000191126346766893,0.000289940929895639,0.000307912607043195,0.000216242309002287,0.00415671531089792,0.00112418614553074,0.000308497526384004,0.000404872602733055,0.000712208571209962,0.0070325636696711,0.00739879492388026,0.000270974373048085,0.000331085771752575,0.000208278711220333,0.000865596066603822,0.000866876601212199,0.000629491775441238,0.000664499131325729,0.000815690220674692,0.000337380882954707,0.00100302349406138,0.000230777267191728,0.000371975903743995,0.000301636580602628,0.000532227779364084,0.00026157355791495,0.00462981898977851,0.0055763090788219,0.0149592178974179,0.000512616866766722,0.000230017605362788,0.000187042450468455,0.000294448923117377,0.00045290926898576,0.000331696459651072,0.0134214424535345,0.000579606982155817
0.00016982388223846,0.000525790572360148,1.16029448406611e-05,2.94729642805465e-05,5.64661749464538e-05,0.00143600911172179,5.49058716809181e-05,9.93124207521847e-05,0.684936799132253,3.97297831842651e-05,4.26761971212603e-05,1.63893569164277e-05,0.00059722901120988,0.000639889232457324,0.00371455231073522,1.91040499663897e-05,4.90083719356238e-05,6.63814735441893e-05,0.00031419390289722,2.59574451721075e-05,0.000384512484527478,0.000822869676242795,0.00381007120136719,1.5959021846555e-05,4.39722934311053e-05,3.04244952204311e-05,9.93433086833743e-06,0.000101266082399825,3.89606736976846e-05,2.06240371252812e-05,5.14243061038027e-05,5.47557452045583e-05,3.16747836850436e-05,2.50946620942122e-05,0.000260976034027203,0.00134180728586995,2.58786429706135e-05,0.000252855308404237,0.0056359033155,0.000534453618774933,0.000108133131387155,2.67177576547568e-05,2.58815462096158e-05,2.67802537444632e-05,0.00100053255901756,0.0559871982993722,3.5768224315693e-05,0.0033937378683015,0.000134147673371067,2.29523554328721e-05,0.0444801723503928,0.000266138646240243,4.15870804663922e-05,0.000250488817676295,3.91483657584001e-05,6.94893334419399e-05,5.52698535367076e-05,9.55553724479648e-05,9.26136006757894e-05,7.17148815910155e-05,2.14332717216312e-05,1.83664947706964e-05,3.90735087379077e-05,0.000228711468477503,8.33554100154355e-05,4.50444915768908e-05,0.000299804794096075
0.000157175209628275,0.100073200823317,0.00735919194741155,0.00989052169272652,0.000467058617450185,0.000134278856410418,0.000377718388757347,6.21038673066178e-05,0.000137616524145347,0.629578963000512,0.000794779050097926,5.83589676834735e-05,4.64014690387521e-05,0.00094391208809821,0.000343387126367863,0.00223278448109974,0.000492604339092044,0.000138030225455775,0.000138039959604255,0.00170328076630278,0.000589389586842618,0.000753291681398689,0.000120255670330087,0.000273524871155323,0.002846789162202,0.0010232015410631,0.000398993823252861,0.00019995563337358,0.000121208400112632,0.000270347254534054,0.000138179318109719,0.0009779497846028,0.000486043416047414,5.58836332397024e-05,0.00013973370143989,0.000433928282643259,0.0055720151226019,0.000131237496452694,0.000116893094626988,0.00019861475442037,0.000158762159099493,0.000231525099254445,0.00925178558894184,7.81561380934979e-05,0.000101877307427002,0.000261673598202041,5.21114320452487e-05,9.04085113753397e-05,7.7586404855436e-05,4.66473161289654e-05,0.000534412774238145,6.38599756051931e-05,7.15605925555801e-05,4.49238557186015e-05,4.49739782871278e-05,0.00077644569066825,2.91111877999776e-05,6.40446131599495e-05,9.58866528325991e-05,9.89373235719498e-05,0.00243296243101463,0.000254537045523804,0.00294620343230734,4.59162825754192e-05,0.00593754229265221,4.63510600555481e-05,0.000217212875016622
0.000285075770678757,0.0112597984800717,0.00121262299810615,0.000399341793803454,0.00402489298568865,0.000372868726695488,0.0387836217735056,0.000121059838693271,0.000283105293493927,0.00113946477923452,0.669764650690432,0.000123394096281454,9.94739107413231e-05,0.00271216232250327,0.000258001816297396,0.000357522514271718,0.00329184763259493,0.000325555834000048,0.00020937995664655,0.000204831103363067,0.00111881034255774,0.00138275839083087,0.000226452257540606,0.000215613560989645,0.000711201515353251,0.0014774897775,0.000149484476090543,0.000439663503800562,0.00023213159559765,0.000238017364597869,0.00162475897344251,0.0133593713075303,0.00073107178253811,9.82877652009157e-05,0.000251882613339063,0.00127193219600999,0.000251095092695466,0.000232954919010537,0.000166135623065352,0.000190086469672043,0.000366473569285774,0.000224226714135815,0.000422446180135471,0.000297509698962108,0.000187232865457598,0.000426720592923476,0.000105589427432812,0.000144064979379531,0.00017645771346331,0.000106901738428696,0.000734780734099509,8.97159743814843e-05,0.000215204258257493,9.54633308480352e-05,9.84493453983699e-05,0.024705904810813,6.50257470993863e-05,7.82757332193056e-05,0.000252344032257607,0.000256059370510693,0.0001433220548313,0.000112812969914429,0.000902364095933356,6.2210779692487e-05,0.00997585472533529,7.75745754869873e-05,0.000472073161878668
0.00667158256961269,0.0058537469981212,0.00520766497802208,0.00470827474706764,0.00260921002520076,0.00177458694260548,0.00474033498367218,0.00379846450325627,0.00179079321605393,0.00249055695173888,0.00272433045038631,0.599449218220945,0.00248604234699252,0.00521515460724399,0.0047286304528483,0.00293783723679436,0.0160615095451764,0.00265580306136505,0.00193827030443485,0.00764340287890148,0.00237769183308001,0.00740356592036778,0,0.0691394353039776,0.00564970536829501,0.00216701027825014,0.00222386085653757,0.00275641700902419,0,0.00347624565469293,0.00236264315059217,0.003072439341269,0.00386249517188104,0.00189613399346887,0,0.00315242030189886,0.0020717019558271,0.00239942881889579,0.00256329225043014,0.00189613399346887,0.00298146321531974,0.0148425155377647,0.00288370378173391,0.00312510972997647,0.00179079321605393,0.00373959759823028,0.00212186423078659,0,0.00294954176761824,0.00210681554829875,0.00329566146483875,0,0.0180468430758118,0.00263853566286938,0.00222971312194951,0.00212788370378173,0,0.00197716536071113,0.00398077253599605,0.0018539976825029,0.00232228532028384,0.00344464342146845,0.00196429567297265,0,0.00785917442927872,0.00255451385231223,0.00379226798693774
0.000252156841555444,0.000451349489382392,0.000128812264085402,0.000140487383152318,0.000230040143792965,0.00509133164344706,0.000180674879775217,0.000181194433706993,0.0041697171904661,0.000170245598644706,0.000192997704146444,0.000149943264710647,0.55924911393788,0.000543459907062189,0.00130333814885606,0.000137726970523489,0.000169258263714654,0.000269290875547963,0.00173827901174311,0.000294182981814685,0.000939205064671102,0.00160683186700369,0.000739134741809402,0.000104014697141618,0.000152934410917874,0.000266308501030494,0,0.000175016755158547,0.000113920858774154,0.000154671205489812,0.000180626635481552,0.000198123232650706,0.00017951955590061,0.000153545505304295,0.0022204992824218,0.00156014623513408,0.000112979364073542,0.00050221237609793,0.0510529279981379,0.0342272481395516,0.000431706021145148,0.000114821418922567,0.000135493367783849,0.000146971416220886,0.0322000971417408,0.00426924887939639,0.000240606178782329,0.0296808543485477,0.00120469712380881,0.000119119546903627,0.00383460490447036,0.000760072765259988,0.000141318669443159,0.0253787251274688,0.000200734857081102,0.000127171958100793,0.000139962056399075,0.000210538097553818,0.000201017890270602,0.000282725150818453,0.000156922605860843,8.78046144702004e-05,0.000177595758679543,0.000570540269305932,0.0002562502967755,0.000230768538030652,0.000484253452838673
0.00046574433274389,0.00396006177190512,0.000218948556989387,0.000306028205905058,0.000592791623782931,0.0013626581981433,0.0110089604489472,0.000197493301079667,0.00150649299878671,0.000741432552728595,0.00144250973764554,0.000109089922995589,0.000293626840089938,0.634804783660324,0.0015985137983496,0.000228928942696904,0.0111870019951608,0.0110551422404548,0.000856403733679701,0.000225136233599956,0.00154445872738663,0.00331528878279726,0.000910076641367992,0.000331766560729408,0.000773303358844653,0.000160276690051216,6.72529051300335e-05,0.000469416430772578,0.000136331710868207,7.31408208854058e-05,0.00293445010213157,0.00127872547706596,0.000391847130966938,0.00082869465877509,0.00047110797313594,0.00207380408760407,0.000211314885581148,0.000503789347259276,0.000673167034253437,0.00110350316812459,0.00242282566191127,0.000289119189628866,0.00027395938193297,0.00332667313140148,0.000459777324289288,0.00199510709288952,0.000531896098701869,0.000637899420139275,0.000890341980462092,0.000364352855092597,0.00226333738193706,0.00014261736093418,0.000170808683472377,0.000406327270594901,0.000522847689551817,0.000360351318101755,9.15670366114548e-05,0.000109622043906289,0.000378470461020175,0.00174669201438423,0.00016766253864032,0.000287647633204174,0.000429864769332508,0.00014521577940884,0.00329925940516349,0.00012606994448099,0.00152144838126914
0.000287439117162152,0.000846380417418033,2.11828873219832e-05,4.54294731142493e-05,0.000103571850637023,0.00872293094393904,9.68857454292723e-05,7.67775641816486e-05,0.00330601920740777,0.000131306309688899,7.06269465830676e-05,2.36002508917729e-05,0.000376876499759165,0.000893399062537644,0.663937661610351,2.69522209248664e-05,6.13935131482778e-05,6.99021118571685e-05,0.000227019316840142,2.43277654009703e-05,0.000659909865427563,0.0014492621415189,0.0351125330828635,4.2472809247523e-05,8.05041568400954e-05,4.2238547211981e-05,1.84676760027085e-05,0.000130553581236441,6.8820678685296e-05,2.89664090346263e-05,0.000163372691114496,7.387588973944e-05,3.30160162683831e-05,3.98214260473986e-05,0.000289666038401263,0.0105484945843159,3.53703963441484e-05,0.000481038286385715,0.00120846072515637,0.000415586755233887,0.000200574950719283,4.0096136342548e-05,3.87451712893605e-05,5.39302810836547e-05,0.000643663476328676,0.0452014600637948,4.08278895412632e-05,0.000623053054416133,0.000129922973180755,4.8644658057627e-05,0.0191631491247901,0.000189447861851529,5.1427365289702e-05,0.000290624871072846,0.000103591008750345,0.000110220951967069,4.98334114358793e-05,6.47869197205897e-05,8.96072405540575e-05,0.000145242760832156,3.3988198723322e-05,2.51626368393119e-05,8.44182108187548e-05,0.00017072679650107,0.000139550478453917,4.61221813769458e-05,0.000776914334519761
0.000649173158398248,0.0164921521010082,0.0234796181905653,0.00176028927566443,0.000401905253620433,0.000409817395077408,0.00108464255678761,0.000368644037317564,0.000318892077809664,0.0220922874674412,0.000976705169350542,0.00028042255731199,0.000271661213344156,0.00181072628797106,0.000430959865154203,0.606507075449265,0.00699685263030896,0.000572639059723927,0.000535898752380914,0.00432807136374172,0.000683044348481,0.000978329399206198,0.000423981512542395,0.0018435166036642,0.00508734099686676,0.000468686419444229,0.0058506934275692,0.000384828409687602,0.000263574064312068,0.000556813026273333,0.000441893307821964,0.00273598889835052,0.0222920330546407,0.000380323668556547,0.000256252562525622,0.000862497941218726,0.00169798514464545,0.000332416518609627,0.000355630796451331,0.000518736843552918,0.000385707560779308,0.00121465634131997,0.00592128021402314,0.000438165997821591,0.000590119069914976,0.000613476284016568,0.000350618585550931,0.000308153875189541,0.000424879532242031,0.000203863149742607,0.000525581387501114,0.00021756922550068,0.000271326242674188,0.000313635614988625,0.000399184547401026,0.000493306520366788,0.000267641565304538,0.000334970669968134,0.000309638513051794,0.000366725889481113,0.0333089533581538,0.00199801072084795,0.00132850840107913,0.000307503075030746,0.00445159824003612,0.000271437899564178,0.000507313079666741
0.000371385012244991,0.00614463445236017,0.00085829246369992,0.000384784286451589,0.000660670442960466,0.000730315727957998,0.0176376639268219,0.000259462091213663,0.000430051944218651,0.00144994806485658,0.00830986159179872,0.000605144353447732,0.000216673494267281,0.0444404338806858,0.000315435148487971,0.0025782025130524,0.633805572244141,0.001353714421742,0.000504669396708695,0.000353703505340399,0.000860162513346722,0.00174079680024628,0.000272454168702605,0.00678873762103036,0.00144187819889541,0.000239510204763473,0.000255879443957913,0.000294338920214372,0.000173969695753673,0.000303935165762624,0.00165267709108308,0.00597746354845003,0.0241913957696574,0.000332084622762724,0.000209898964778654,0.00115647423318849,0.000316423537010971,0.000460661898411926,0.000437777003862657,0.00058122688406146,0.000673635501802065,0.00144505583997413,0.000896410717790812,0.000652056423949574,0.000423754178029651,0.00042462945871111,0.000362849955661723,0.000227715169894439,0.000432649194703367,0.000199727883098313,0.000601898237491915,0.000176991150442476,0.000385600790074428,0.000228785493240673,0.000168606089122945,0.000528439835676924,0.000129960909929963,0.000178968921843125,0.000296267139608252,0.00046993223400737,0.00062149154390861,0.000689626050394818,0.000768317951661235,0.000136169613339925,0.00446105281872696,0.000155681633096257,0.000582369654523406
0.000418117308037232,0.00193486290491882,0.000256906062582179,0.000323053527330257,0.000344420000901716,0.00169297567230025,0.00235649150028941,0.000816164329932399,0.00075071062124867,0.000357343084938115,0.000834510809268191,0.000265735269637298,0.000476490828315158,0.043388625144219,0.000888956138525842,0.000325745803821786,0.00186543339813029,0.609875836311303,0.00236577226346418,0.000561548174359664,0.00177262576638251,0.00306511888598888,0.000413311151917747,0.000377730977147272,0.000464512677779332,0.00026693852930476,0,0.000531635643511715,0.000184029310294795,0.000412970030570864,0.000636221769200887,0.000648694018446316,0.000420747510259057,0.000404195203487362,0.000677751898755042,0.00194766800853971,0.000307509069630992,0.000787367708178204,0.000915058697447935,0.00159288440363049,0.0776871539317953,0.000374909873151282,0.000320982243080569,0.000902425600575662,0.000904297461956667,0.00162281780181952,0.00176008861823374,0.000729217826470553,0.00331323245339559,0.000733444616340883,0.00217005389068976,0.000270927797894578,0.000883434671826924,0.000735506355501862,0.00132294929496157,0.000250597881897647,0.00039494619441561,0.000351680564930218,0.00160856380268189,0.00343176777040003,0.000320909353312253,0.000472520071412533,0.000585007881273685,0.000284968623384394,0.00054928803819664,0.000369519434165808,0.00128345383901771
0.000575720949494665,0.000553376824163803,9.42720313737297e-05,0.000130657727693415,0.000206061277087829,0.00222882563845647,0.000260120975457146,0.000524392588000996,0.00175946833060601,0.000222481994042005,0.0002617086455872,9.32245643584673e-05,0.00136697898679874,0.00124066137113386,0.00129320277704455,0.000199318009190173,0.000289875734826805,0.00062772050780648,0.608148321881871,0.000154834669710794,0.0012204947534334,0.00227067827656085,0.00104590157005406,0.000125995318121714,0.000269750321351851,0.000421938758603034,8.79872292821499e-05,0.000385128975229743,0.000123541252543097,0.000130235065564449,0.00020526802763523,0.000236676449497627,0.00018431610497676,0.000162381747063898,0.00258436587106597,0.00225783241734069,9.36435511645709e-05,0.000935376275338166,0.00254341106183182,0.0389884949446019,0.00935765593181031,0.000167755871213766,0.000186228609345299,0.000228731388797859,0.00218510827885239,0.0035229423592484,0.0275530558158108,0.0010839557013998,0.020284785792535,0.000346861220197315,0.00464730035980837,0.000325385153621509,0.000219539563971855,0.00684256101127024,0.00402413806011227,0.00017129428679397,0.000509627618492956,0.000250676093551583,0.000588227548143078,0.00481305338200395,0.000156596318781918,0.00011501187827595,0.000237775012464854,0.000409218293491215,0.00018546327740845,0.000572193245370963,0.00144508549425778
0.0001600471784392,0.00834702105066729,0.000466681371281377,0.00116120626205963,0.000213096145020114,0.000163488890215033,0.000324878413385412,9.031929296156e-05,0.00018996207223515,0.00390360436908148,0.000487565727092489,0.000138416449510319,0.00011100686989694,0.000677755138577478,0.000231391690371517,0.00118062482298324,0.000702916383676659,0.000197823992789488,0.000351598434843799,0.674444569954655,0.000286861875302524,0.000445057301620336,0.000291959247544971,0.000232666724132974,0.0648444360139473,0.000573733501675816,0.000919243888599976,0.000119871131798981,0.000101912909806625,0.000213882423928969,0.000166308751494434,0.000320099476422204,0.000647206426880589,0.000159047383471438,0.000203084066965739,0.000275747234029119,0.00122923042822189,0.000107749331954141,0.000198726362236174,0.000190485426133212,0.000300071724460966,0.000387770831114961,0.0190889190113395,0.000160501609056688,0.000126306161346242,0.000161623997931211,0.000245976332089596,0.000118139446106862,0.000255769976726142,8.64066758170708e-05,0.00029179683950824,9.85136749295012e-05,0.000180223584994723,0.000115157098525988,0.000134013231617963,0.000230566734548743,7.54245323678993e-05,0.000197964908981197,0.000152092326258344,0.000150233354267487,0.0130023842203827,0.00314379397001585,0.00096589579716034,0.00011125118524265,0.001139123569302,0.000158221387448448,0.000234289096188089
0.0044455439194802,0.00151527623318271,6.86294059969793e-05,0.000112811776085706,0.000813378464291313,0.00202938883756524,0.000459798061284675,8.69783799158577e-05,0.000839636234950318,0.000274079834990959,0.000302404543865104,3.13969403415561e-05,0.000180577115302497,0.00111871117062787,0.00146685629166136,9.50189284876773e-05,0.000187000493519772,0.000182120222734024,0.00041756990284352,4.3417454115985e-05,0.641179162223627,0.0549941064510309,0.000823732293683821,7.30152063203687e-05,0.000165678813737203,9.49059907166697e-05,3.12034306938424e-05,0.0164621676911184,0.000354192829144452,3.08260868808006e-05,0.000675544306648347,0.00019102663627904,7.07761536513034e-05,0.000649133429454887,0.000391646515135466,0.00718377773493772,6.63450442181825e-05,0.00296745343585321,0.000907519844664231,0.000761226550992634,0.000489041409365549,4.57972832922542e-05,0.000103317798951166,0.000540772279694477,0.00037811572515302,0.00143906745565781,0.00012111944768265,0.000596043738632673,0.000511777729732092,0.00431042740282381,0.00273268370358353,0.00010458568180851,7.5272407230535e-05,0.000923308956029886,0.000595527004078888,0.000359551557850372,5.72580162227467e-05,7.05216463972455e-05,0.00023404247623102,0.000289964637940648,5.15087498641694e-05,6.68878191675554e-05,0.00015482898296745,7.69506391211172e-05,0.000473960415721748,6.93810536910969e-05,0.024249606214778
0.00132249042049801,0.0010711964782767,4.77899907754201e-05,8.043696510114e-05,0.000229188170868501,0.0038108291026894,0.000281809328248176,0.000105562182537407,0.000482401319758164,0.000142664324621934,0.000218004430191985,4.83529051940977e-05,0.00021503622711072,0.00127211996912031,0.00138784813122223,6.8403724338018e-05,0.000196579104839784,0.000184784707496063,0.0005288461211324,6.12951255893334e-05,0.0404266926822691,0.687853981313103,0.00060392199653185,4.85257030474296e-05,0.000163884628028046,0.000115569412908361,5.21561859459319e-05,0.0012776682211252,0.000125934059050297,3.76749719637344e-05,0.00049063646109875,0.000130966008773669,8.37850376641464e-05,0.000560408347160196,0.000615890867209057,0.0153603531228607,6.89157024278407e-05,0.0137871096274752,0.000825450788060276,0.000966686951517993,0.000576547130507742,5.92657311669469e-05,6.5713442465278e-05,0.000506775244446296,0.000412158355696303,0.00119503765038576,0.00018134758282637,0.000524920471128942,0.00151338169466612,0.00272003926906211,0.00389694914009858,9.10766662014188e-05,8.61815286206112e-05,0.00310422954940046,0.00101871489956381,0.000206049129662939,8.33779837106815e-05,6.7849366608275e-05,0.000196858068314104,0.000467239587078145,5.73209045112642e-05,6.18544315822499e-05,0.000114241081247893,0.000122401650792238,0.000308939931605402,5.93139023706431e-05,0.0122400720267794
9.33809448594524e-05,0.000425265077639221,1.37918577690573e-05,4.14528058383744e-05,5.4070156143626e-05,0.000886019583541458,4.54846448731335e-05,4.5570703979331e-05,0.00367927341710432,4.38644122755957e-05,5.54112864866348e-05,1.43140967895724e-05,0.000355789940810385,0.000468536049908963,0.0287544895996131,1.78961817075599e-05,3.55365752570087e-05,3.91689738093935e-05,0.000148776729112409,2.26364719243509e-05,0.00031302842548723,0.000711744222571285,0.674822267110857,2.1634938331702e-05,5.04633755926959e-05,2.79403665765152e-05,1.71982804710534e-05,8.97736328936419e-05,3.15740629835996e-05,1.47888595354952e-05,6.40811016309293e-05,5.97569157334694e-05,1.92634984158176e-05,2.75495046931879e-05,0.000220208656638201,0.00159104226123682,2.05711162341092e-05,0.000194908367306919,0.000922371801794655,0.000330202054815706,8.9923694616422e-05,1.49550264965682e-05,2.26331559539526e-05,3.36488096172783e-05,0.000589490989485602,0.033918271256785,2.4925044160947e-05,0.000417680742773105,7.02714348482413e-05,3.54940669188706e-05,0.0779336176448211,0.000131587238821507,2.85454068253244e-05,0.000121891682994554,3.33817555726967e-05,5.83335051381014e-05,4.0298044474983e-05,4.7731459568213e-05,5.06509585932945e-05,6.44537125565202e-05,1.69846372353882e-05,1.71982804710534e-05,2.92157124772243e-05,0.000114729055123054,8.08516863524225e-05,3.30584796239927e-05,0.000315723617075622
0.000514443404727243,0.00747596653710191,0.00945576136624172,0.000597082543043238,0.000629794879367688,0.000407749452509273,0.00242717314223864,0.000331048843603425,0.000271842725445343,0.00118320723739887,0.00093952958851417,0.00392593214645616,0.000333575934012612,0.00383195770750356,0.000575702783842791,0.00302601025854301,0.0322953823226749,0.000518452548158359,0.000382854196991748,0.00047526727902424,0.00072712311803428,0.00114311355228044,0.000365585745862306,0.656435616179066,0.00331659788537518,0.000513901885353846,0.00067704963879454,0.000644652611478922,0.000277591161870634,0.000892062914442824,0.000501501091703053,0.00183518454192581,0.0182288750793118,0.000338630114830985,0.000369174946733325,0.00057652121653213,0.000448558547630597,0.00041120815138282,0.000365585745862307,0.000320746090396741,0.00092779405351955,0.0153095024819916,0.00100128252920083,0.000526495091207528,0.000461615181411392,0.000339753266123956,0.000382096069868993,0.000502593686674084,0.000523107714701598,0.000320746090396742,0.000527722401535765,0.00041949700792495,0.00152085411794209,0.000267239810771467,0.00120794921559113,0.000363491220478117,0.00033357593401261,0.000404896041116318,0.000452665069545524,0.000382380367540025,0.000731051154086084,0.00201847134616421,0.000622074039104604,0.00084531174187287,0.0107840667338484,0.000469407043506386,0.000534163735241789
0.000122571155781486,0.00596952306205248,0.000381971993056025,0.000376546797907234,0.000174253915530461,9.38496402175813e-05,0.000131477166140981,7.57964507413313e-05,8.67939581996522e-05,0.00164446011413915,0.000455955584726374,3.17302532057549e-05,5.8719517493007e-05,0.000644050651012982,0.000113107879238679,0.000369243650591554,0.000366252837881323,0.00010748531713964,8.67313183272067e-05,0.00911770120849004,0.000224236376154496,0.000404368311490775,0.000117479239180831,0.000211612750775875,0.782986368918974,0.000302175242154445,0.000230720647060381,9.4824565943166e-05,3.57448488061869e-05,6.25766120439927e-05,4.63845320523629e-05,0.000172227087005771,0.00036151390673426,3.55014105623309e-05,9.6982655213592e-05,0.000171160335150672,0.000439719022187861,0.00010714760418861,9.1817858685943e-05,0.000104881787391174,6.98267825608903e-05,0.000439597303065934,0.00219946453323881,5.83178735100515e-05,9.02657942843249e-05,0.000158786013631521,0.000107409821954136,6.09436903570926e-05,7.78624631340053e-05,4.88702274540885e-05,0.000271433641899418,3.91631274803314e-05,5.77946335659398e-05,6.38693428880329e-05,4.8693181458556e-05,0.000199481411623719,2.4368168209984e-05,5.54308881260069e-05,5.82425998425434e-05,7.25193342098138e-05,0.00121060099824982,0.00280459984212682,0.000429129458580127,5.81038400435455e-05,0.000692129704174538,3.73829853221345e-05,0.000120755276322956
0.000244832166393343,0.0279527477571255,0.000485648131338377,0.00108483068456479,0.000474219922489231,0.000135126615039372,0.00101331332516936,0.000130674552591837,0.000126022822594683,0.00149699468820118,0.0012137775966654,8.98373055440613e-05,6.41411705513719e-05,0.000375082705390887,0.000105963344051612,0.000164837462183406,0.000172102822004962,0.000154087559718818,9.527879334631e-05,0.000283805886347165,0.000486151077291095,0.000549998604019318,0.000100001065902832,0.000148102745320349,0.000776369171032289,0.649645048144645,6.32328014693518e-05,0.00015736601843624,0.000145564203956624,0.0115496709105749,0.000103202363303971,0.00080578775797426,0.000170115174916893,0.000140333106479059,0.000107930216018701,0.000454236107813807,0.000466080300845977,0.000145407808861584,0.000110789294588733,0.000168511448071938,0.0002091631539426,9.17968440878067e-05,0.000324526303824528,6.31642861356547e-05,0.000152011545107787,0.000159816317974843,6.23585458113733e-05,0.000157479068736841,0.000155869076524838,8.15092667331396e-05,0.000314300159319625,0.000131973181685918,0.000100897393286167,6.94631291469044e-05,0.000184068499438139,0.0045959643129768,6.01427599195986e-05,7.91352104205236e-05,0.000105302586666243,7.35491955673098e-05,0.000155426918364919,6.23133256911326e-05,0.0237958360269742,5.97111133173046e-05,0.0598314367840981,5.71883787305654e-05,0.000151011084205137
0.0183687807370505,0.0130627021314893,0.00318952938228662,0.00368388397704359,0.00277374793565635,0.00341700197994507,0.00418947401127895,0.00176704775286879,0.0018841412786613,0.0114203863296957,0.0036587925072309,0.0022098741776841,0.00198485808755976,0.00428517744496481,0.00175640288688765,0.0730635526573446,0.00641117371370269,0.00222306007618977,0.00419407719656809,0.032385191611097,0.00199591237146324,0.00329603759379579,0,0.0036813785694766,0.0143095073158304,0.00237684650407394,0.468762699266627,0.00194801047454813,0.00210768346426519,0.00367109030271222,0.00276140346922444,0.00370561844060346,0.0183845023852688,0.00249089863958613,0.00190010857763301,0.00172446828894424,0.00383887482646067,0.00213505597678811,0.0033973499196722,0.00300894878400148,0.00213429562921803,0.0060593081838982,0.00887406121674575,0.00167656639202912,0.00175640288688765,0.00253347810351068,0.00217155266015201,0.00172446828894424,0,0.00167656639202912,0.00484607523791276,0.0018841412786613,0.00190074726959188,0.0053650124544932,0.00204381426837836,0.00278895488705797,0,0,0.00355344980752147,0.00187349641268016,0.048923804049307,0.0410447315984775,0.00278076652861094,0,0.0061991595429428,0,0.00298056247471844
0.00944354297981294,0.00104962705477466,8.87139616030778e-05,0.000111000922956417,0.00120882118041841,0.00120634076989118,0.000606908225809543,8.77077233810956e-05,0.000273338943424806,0.000314407657067673,0.000330153183749752,6.45142448607633e-05,0.000124996613837708,0.00100074229730042,0.000557231114972433,7.37836006486667e-05,0.000193478705481003,0.000150864740977519,0.000191480258723569,0.000116223029853336,0.031626887829256,0.00802419695589551,0.000261630104286292,7.43574108965044e-05,0.000217357455830976,0.000172069746486995,6.91536023217885e-05,0.712453414359159,0.00346516795669258,6.71314556056212e-05,0.00185503702305538,0.000265872549726508,7.33902948127514e-05,0.00037278503215559,0.000272463144152227,0.00280069353656347,7.17492545145976e-05,0.00081639956492221,0.000392427739966632,0.000447162897826408,0.000335131022346324,9.49809152754123e-05,8.66469024646711e-05,0.000303200826034327,0.000180434554680201,0.000485850412022022,8.77789725471247e-05,0.000308117018490295,0.000203121193894993,0.000701921729061103,0.00100174135154056,6.54542338581922e-05,9.98834141979675e-05,0.000299617953646006,0.000181497875567363,0.000393855889916805,7.4194131557689e-05,8.73744611528977e-05,0.000149758738877237,0.000204196258531439,8.74850697372573e-05,5.77923670186047e-05,0.000197684953539476,9.62576233045174e-05,0.000472277054414657,7.9941564283989e-05,0.00392493960803244
0.00377683964573713,0.00386084883609547,0.000865765668100071,0.00111764432582558,0.0308306227794538,0.00093854017353457,0.0113662581410928,0.000690203447403602,0.00132428933702632,0.00107861398650254,0.00176766764234693,0,0.00104795287825678,0.00130358378470256,0.00118816174610631,0.000849203194449461,0.00159535099729513,0.000991489899902429,0.00102807790987605,0.00059624905142196,0.00887801534641415,0.00570230910996278,0.000954759246615071,0.000801021452920412,0.000972066635348533,0.00105999831363904,0.00065045351064214,0.0759632807477277,0.614306085631927,0.001112998229321,0.0121024857410504,0.0011753333574242,0.000999771136727733,0.00109372553270938,0.00112022549055035,0.00229239692118672,0.000608294486804222,0.00112745275177971,0.00110922748433177,0.00072082421208588,0.000786968444974442,0.000635998988183424,0.000903407653669638,0.0014738450578439,0.00187908791963285,0.00139666823257326,0.00132499789204881,0.000740794276009104,0.000990360640335343,0.00120763628514866,0.0011180998254829,0.000632385357568745,0.000617328563340918,0.00074554905313368,0.000935528814689006,0.00186222431009769,0,0.00089618039244028,0.000888953131210926,0.000708271600476996,0,0.0012647707151375,0.000788115629296561,0,0.00116470094426948,0.00112022549055036,0.00261127831322606
0.001123248855035,0.0213693993920621,0.000436205201991728,0.00136777874404914,0.000496527500927635,0.000337473878223843,0.000457641375804792,0.000218492703209025,0.000375601936580865,0.00125098075548496,0.000799738921307392,0.00023688070298404,0.000428332230053345,0.00056114842541872,0.000512029332477559,0.000639050595122199,0.000494111036825786,0.000300157055151013,0.000246615526394343,0.000696106550709357,0.000697557668884527,0.00111982918629856,0.00048674117051516,0.000457448999172446,0.00111052842644291,0.0375186512797977,0.000278474948464428,0.000529013106404946,0.000364515054363574,0.676429303858142,0.00029915266860868,0.000538563364788915,0.000470379354642445,0.000318004231403235,0.000320954177891206,0.000937857029826666,0.000784531014509031,0.000318004231403235,0.000324494113676775,0.000433455821321921,0.000320322046500927,0.000617577197149638,0.000599083270560501,0.000523997902085458,0.000399640118949288,0.000380406945571847,0.000211384736909436,0.000328820701859127,0.000218060044390786,0.000214166115026665,0.000369699500547606,0.00044347528869159,0.000449212720846455,0.000266085173214953,0.000318004231403235,0.00105283963566622,0,0.00034760442616302,0.000298534584582628,0.000271811539926894,0.000572667211816773,0.000376413171865055,0.0637031154144974,0.000294207996400273,0.00505697332144901,0.000316706254948532,0.00042833223005334
0.00140789804118533,0.00329702854367416,0.000291041831097076,0.000466324651407521,0.0135182398501262,0.00156318512672104,0.056819019575531,0.000364487415592383,0.000538674033149168,0.000509289873930754,0.00338462839449422,0.000229380426203627,0.000267918804262032,0.0347080800020816,0.000819419278099534,0.000426741766520768,0.00370553873908254,0.000862320066148004,0.000428482976349233,0.000329800428458671,0.00556009696696358,0.00470610683712499,0.00049846478141182,0.000540690092996119,0.000704701770210844,0.000407581886345695,0.000222967640094708,0.00975697546336852,0.00841544012420098,0.000497103035086458,0.566767348673426,0.00191175296861559,0.000613037687450667,0.0018037112847689,0.000682548328645905,0.00340154123697928,0.000421194827272172,0.000437106203095524,0.000730268350434094,0.000797252602698535,0.00183829587933771,0.000622294372294369,0.000401621283872661,0.0221657978958689,0.000584667568684928,0.000919146664190536,0.000492212164561953,0.000317115796594877,0.000460593077009806,0.000950955888801191,0.000653364246250983,0.000212894113737378,0.000304970054320066,0.000396954361855235,0.00059825265281066,0.000753700293295134,0.000216225993159691,0.000413706919231777,0.000580052462974137,0.000710561088300237,0.000224799864697256,0.000369624272682215,0.000633385951065506,0.000387949690658651,0.00358042707095588,0.000279531702183631,0.0020995776126005
0.000446424979988493,0.0194541457528823,0.012100622470604,0.000774657048414421,0.00104159497599746,0.000511455713589056,0.004710996927628,0.000277939985949533,0.00057380910644638,0.00372559417558151,0.0217992014140152,0.000214741996952471,0.00012357316506033,0.00179208439534979,0.000354929474259486,0.00114801210808161,0.00419005025673382,0.000223698253899641,0.000294902231377812,0.000414603272884786,0.000817174173616265,0.000908275195101387,0.000253288033250033,0.000456370482535581,0.00120798086940432,0.00131290893518023,0.000311787278717008,0.00035449330900694,0.000252765552515757,0.000754616812792967,0.000759880119441254,0.573827034566274,0.01169201051998,9.30901267577216e-05,0.000323219009105619,0.00101827495162596,0.000682511746661184,0.000260765485283998,0.000249389598844759,0.00040931116964212,0.000422956714814945,0.000559585040814447,0.000590764265962467,0.000299193077855783,0.000289903805542943,0.00067610818389155,0.000108944538971146,0.000306441869094593,0.000264812071322947,0.000120672386537786,0.0010603565827411,0.000159152756606618,0.000284198307065326,0.000245587161664793,0.000330152107543228,0.00227822172397345,0.000114035405278208,0.000139108445592171,0.00025163629464897,0.000230208252296688,0.000402384129825931,0.000386567748598637,0.00234003317031953,0.000118158378484917,0.0458109840780079,0.000168709278871098,0.000736898131218608
0.000472993981437845,0.00877121347807612,0.00596963374186732,0.000487759107683847,0.000478357877278531,0.000336812082669544,0.00299716754358217,0.000336018942397897,0.000253620937576759,0.0031156701182183,0.00277975311644204,0.000411286348958139,0.000216525623111452,0.00285566716470399,0.000412042056827977,0.0230181402633951,0.087661241491744,0.000514964490219062,0.00033103706646255,0.0010247615725714,0.000517439085033621,0.000846241809638836,0.000455377818255802,0.0113939214035134,0.00193298674080761,0.000442550274079582,0.00126498570462876,0.00041414850017017,0.0002078707255481,0.000639466723508151,0.000838319651236876,0.0144789277827423,0.584164776712083,0.000207956658051428,0.000266141690323702,0.000781450823920455,0.000592306344483452,0.000271040479932939,0.000255209478950059,0.000546591794617679,0.000568060933294911,0.00119690084713193,0.00130022771020339,0.000361718550671275,0.000410287215957151,0.000289859285024525,0.00022874204931813,0.000309398546020608,0.000270804468515949,0.00020966757419267,0.000483098808374211,0.000207157690371685,0.000391526446459906,0.000406933369505185,0.00015017779112691,0.000724590540598521,0.000159866680877035,0.000243103051912186,0.000321240522381869,0.000217578763301683,0.002906773396353,0.00118939107031461,0.00105481132697224,0.00017440001550222,0.0065442594339708,0.000192067990928915,0.000565807814684922
0.00191657468661081,0.00124976339841003,0.00044616299821534,0.000532474292512954,0.000883289130147396,0.00211863320273236,0.00140587819750148,0.000698457550777596,0.000878383402736462,0.000678539559785837,0.000943806342378617,0.00040898274836406,0.00110526742739711,0.00672451804590413,0.00149547227179589,0.000672962522308147,0.00107770358019623,0.00125268841806617,0.00178310281578425,0.000717047675703231,0.0244431542579966,0.0380063868314909,0.00090246606457195,0.000449881023200471,0.000922746200854467,0.000644457664088828,0,0.0047030973190997,0.000744999256395,0.000452359706523892,0.00332865379712495,0.000563100880812108,0.000818528833847093,0.584462087585229,0.000668580564289959,0.00501157082061306,0.000443064644061068,0.00189577023957601,0.00286287923854848,0.000856017158685302,0.00153164492680025,0.000969784850287525,0.000680863325401542,0.0532030989533964,0.000659300942130235,0.00142312298443908,0.00137515992600621,0.00122288165526472,0.0033787041334632,0.0287822119878931,0.00161471638030584,0.000494497323022006,0.00085068411659726,0.000694805919095772,0.028805500715822,0.000804843055604154,0.000390392623438428,0.00043253023993654,0.00122003098930592,0.00374172228723091,0.000443684314891925,0.00175462179105844,0.00104166666666666,0.000495294042661678,0.000940129174810908,0.000532916914534996,0.0072505572951736
0.000223890057462916,0.000444685514658072,5.32893770280746e-05,4.61133573326607e-05,5.22948803714382e-05,0.0016375967177346,6.64221603252604e-05,0.000682839405830604,0.00091946047791871,7.0421285090756e-05,8.68961438219356e-05,3.77865401302415e-05,0.000870032311826297,0.000647647559453849,0.000691490384772862,4.40433516512912e-05,0.000123733756417311,0.000164156758239468,0.00112114167389051,6.21001704410823e-05,0.000507636084728187,0.00168236343400861,0.000566828098413197,3.25837331545117e-05,7.43609733230399e-05,5.03170611779028e-05,0,0.000156507803559028,4.19880442351149e-05,5.81193902846029e-05,0.000100333030620333,8.21633024297398e-05,5.61695590985236e-05,4.31835031374912e-05,0.71758956933831,0.00148861930124111,5.42093795531269e-05,0.00042087432504516,0.00211957383093988,0.0338270704585279,0.000446974244523862,5.5974452270876e-05,4.58585874026457e-05,7.06155784279866e-05,0.00771241071958759,0.00217622514449865,0.000345745192386429,0.00128933182274362,0.000428601413032418,5.29396928104072e-05,0.00418554098896815,0.00208982034268459,4.03212409645713e-05,0.000885570477887633,9.85379140708733e-05,6.31411147446875e-05,6.80124943604453e-05,0.00411845390712225,0.00023864208355216,0.000113509678629016,4.52853550601125e-05,5.54124597781973e-05,7.31652917196751e-05,0.00827537527400716,6.91190820129872e-05,0.00522311252647473,0.000879586184201848
0.000765131476532232,0.000818942057787323,2.62996367031728e-05,6.430866342939e-05,0.000300640983090075,0.0140039135523629,0.000201468911034871,8.21593431643409e-05,0.000950365564998662,0.000100212206296819,0.000186403693963292,3.20120654196642e-05,0.000254127343591555,0.000916350993197999,0.0129231806164598,5.5171407603516e-05,0.000200508787119533,0.000233484679411785,0.00043901229608877,5.3227365488335e-05,0.00363536082264115,0.0148393697414941,0.00176771032572684,4.73606850477096e-05,0.000111537605277478,6.48321690105011e-05,2.0063033816067e-05,0.000658662462720458,0.000153872950031788,2.96675930812683e-05,0.00056998192654013,0.000119672172380879,3.55640808740303e-05,0.000282782678264785,0.000406080045792669,0.70961294830095,3.01597818043388e-05,0.00731895477942921,0.000917965747055614,0.000546712014192024,0.000546022470652826,4.61650932860108e-05,8.20514184578915e-05,0.000368495558706794,0.000410810838175517,0.00294559907346297,8.0152114274568e-05,0.000674897285288903,0.00040031057390141,0.000390203087592668,0.00469511068679453,8.50330460210554e-05,0.000192925990288169,0.000830559557162915,0.000288988570117562,0.000197785526559664,9.3328408770486e-05,6.06085666368334e-05,0.000275511921705906,0.000554122425138589,3.24506953227731e-05,3.43454427863024e-05,9.29050814078139e-05,9.9571126622263e-05,0.000227322429555159,4.21479851501415e-05,0.0119844674644336
0.000590844458679709,0.0284754578434605,0.00088701995904232,0.0357127258433182,0.000319208732308563,0.000131980716542054,0.000327711558366556,0.000101911569874939,0.000158635183708531,0.0324767801874096,0.000632866437167104,6.86343225688371e-05,9.04725161134666e-05,0.000548440486661478,0.0002175068165793,0.000597177268163041,0.000296375483819976,0.000139297119317597,0.000107041812167962,0.00166002268292367,0.000279852406164515,0.000364597918891519,0.000167426150508829,0.00016593294069381,0.00205508333683971,0.000532498981987238,0.000309543339722616,0.000201758062346131,0.00010629104500313,0.000250632432242164,0.000176265419324511,0.000581071933729638,0.000324075010696931,0.000103031477236202,8.09173644866235e-05,0.00034062335516759,0.643256496489277,0.000117683598546061,0.000100856584679546,0.000124393519691859,0.000140908344061777,0.000297276742601183,0.0275081245279391,0.000121323297470166,0.000113290858465244,0.000283140731604144,8.03429836580207e-05,0.000125056322007708,7.57596590869263e-05,6.8426339773174e-05,0.000491205957481508,6.74557533934126e-05,0.000107397492890982,8.02755818260931e-05,0.000127996078831023,0.000489452845793926,7.21007024965561e-05,6.47057586507555e-05,0.000149419218989572,8.62498351106083e-05,0.00117099646850546,0.00026610243245123,0.00194106610167874,9.27449207327487e-05,0.00199498164178526,0.000123970351233151,0.000215123538314242
0.00086480710605705,0.000757014244974775,0.000121658491334883,0.000124596714727562,0.000290161785794953,0.0216852463108501,0.000222036512155439,0.000113731749889391,0.000847391083089477,0.000119344849495557,0.000165437981134885,4.22650089426379e-05,0.0002814322905692,0.000822915410276542,0.00187733405510483,0.00013484930211698,0.000139394784210811,0.000246396477638001,0.000663909747601161,8.36093221501603e-05,0.00702318608790769,0.064367323171922,0.000863241995006427,8.49500097980378e-05,0.000148132210902287,0.000156724434693541,5.75761065218577e-05,0.000744027153278115,0.000128439006856449,8.36705407642187e-05,0.000353511923854388,0.000129911000582942,8.86048903924202e-05,0.000265759186419308,0.000470865324591706,0.034003569385602,8.41312913858158e-05,0.615464202946551,0.00153663934959579,0.000728475943477242,0.000673297453883999,6.99304937512439e-05,8.84853847599068e-05,0.00026053954293628,0.000482258815036585,0.00168089596813407,0.00012545530578973,0.00067962449855673,0.000740497328355433,0.000617852562409798,0.00340175221841171,9.96109933133778e-05,0.000218717903103153,0.00344843914804945,0.000303974906245219,0.000226763376366391,9.5923446367993e-05,8.74385464595084e-05,0.000312936116833817,0.000229329150235877,6.30128596144784e-05,8.61958085941255e-05,0.000176230898841336,0.000147845539652863,0.000302190383645419,7.51651459284196e-05,0.00522180986911076
0.000198787976970657,0.000457972834844769,2.66126519881318e-05,3.95453662372237e-05,4.98943414769848e-05,0.0104175334532841,5.66883974585197e-05,5.29723975642808e-05,0.0115835431801758,5.51493288329699e-05,6.01110892247649e-05,1.72436189987895e-05,0.00406494631606629,0.000602591846052199,0.00147640750155789,2.90746575896255e-05,5.7204399693711e-05,7.21261187185315e-05,0.000447500336566384,2.83336327862463e-05,0.000601669659834682,0.00109227272755409,0.00114578479354594,3.07151963415935e-05,5.47615536688822e-05,3.19964930310872e-05,1.59171867681134e-05,0.000114587041509731,3.35240809003492e-05,1.99607953258715e-05,6.43761775954793e-05,6.94235285732496e-05,2.96062573192331e-05,6.59145788983129e-05,0.000606255325546448,0.00159285561872335,4.50250051635055e-05,0.000490211454394154,0.681526665892451,0.00136654101479418,0.000162865012700923,2.62191437596979e-05,4.27897212192182e-05,3.81791410396271e-05,0.0028029407937373,0.00940954601947352,6.19220295731802e-05,0.0610024414311638,0.000241701217805007,4.48334093968521e-05,0.0063112150843086,0.000528096885439847,6.45198744204699e-05,0.00162727969328137,7.41208274017724e-05,7.35995086878555e-05,3.21561561699642e-05,8.27009441346687e-05,6.5877386778904e-05,0.000130859908624146,2.60119429079779e-05,2.19696479095688e-05,5.07072631745221e-05,0.000289099062847834,9.38103404285773e-05,7.3116094074318e-05,0.000666487981507054
0.000264920257082059,0.000530451599994385,2.55407593788829e-05,3.58279622283774e-05,6.09545384733519e-05,0.00126731926365438,0.00018688231490571,0.000914475395327425,0.00100887360644059,7.12084738321496e-05,7.80012869467573e-05,2.31703377308427e-05,0.00384793472485919,0.000755665827771915,0.00063266297993735,6.05458316685838e-05,0.000120471044874837,0.000238279824815074,0.0121154458694643,4.00232119497658e-05,0.000755694927097166,0.00171946457939923,0.000567407743062732,2.62486826007974e-05,0.000127105852694907,7.43657506218464e-05,2.87501333476579e-05,0.000154313721804278,3.18543466618981e-05,2.14995514727003e-05,7.04994933540389e-05,9.16012299163676e-05,7.68675024431865e-05,4.33442107325832e-05,0.0253204141253013,0.00129908117716548,3.14755496967033e-05,0.000400581311400663,0.00337694759601453,0.704501619057358,0.000912336594921501,4.07058956547162e-05,4.40499119127857e-05,5.65917945789668e-05,0.00480594271076161,0.00233447881857205,0.00124901578807171,0.00151181179441047,0.00163081348502307,4.48585643061943e-05,0.00444997066497021,0.000923947225696518,4.07557213281213e-05,0.0065533571920641,0.000205914423630857,5.101486480479e-05,0.00016534236607428,0.00115390464348991,0.000243808696612701,0.00034562723566478,5.87397267784921e-05,3.03389565063443e-05,6.52607193561863e-05,0.00142892236643395,0.000117092005583645,0.00463608994927347,0.000753948967582126
0.000422964541898637,0.00140545526215959,0.000108325048319168,0.000169196209647024,0.000171456295213287,0.00180040063130652,0.000647184077397645,0.00242302273521658,0.000866208298773118,0.000266520007229297,0.000437513254006839,0.00014570912291505,0.000564287416877054,0.0043117029270775,0.000956401779339534,0.00010564641989051,0.000633068917309002,0.0175409572901572,0.00532149510008566,0.000111493090397144,0.00111717106034917,0.00295708616523717,0.00061512591719632,0.000258183157732497,0.000271849043286155,0.000196179459454225,8.1381473844407e-05,0.000427442136017665,7.94484478600458e-05,0.000128609222289144,0.00027845331414084,0.000379381628973422,0.000244108673027251,0.000129635457177744,0.00107873316677444,0.00272051767708485,8.77183433842024e-05,0.000774738871532023,0.00109209073352499,0.00287913379808096,0.683418012331865,0.000230408058113625,0.000155117235974133,0.000273738780633804,0.000753885118067729,0.00203158621942503,0.00375447309024476,0.000494668576439848,0.0101809778839365,0.000367353022306972,0.0035170273887536,0.000166151585919051,0.000593394950393183,0.000981402359496537,0.00273742397052436,0.000152563348958095,0.001445647582412,0.000529637489992786,0.00439675274761161,0.0109521680287796,0.000139584234292224,0.000231096216853579,0.000458563960351042,0.000155868848312187,0.000523975476623894,0.000424730749333971,0.0013193687349523
0.00069917235472509,0.0040414158068146,0.000553467391261664,0.000526989326776442,0.000527554854766752,0.000397918412647423,0.00150778038236368,0.000665279963486957,0.000743903194763329,0.00117838970276745,0.000604519152868248,0.00259654590400353,0.000311789546841314,0.00164212001439485,0.000367937216468339,0.00112220609308736,0.00367935693580917,0.000615608702310168,0.000313806792079437,0.00065691073807818,0.000780348837314661,0.000895417830473097,0.000294488355930401,0.0137074944891844,0.00625713325229186,0.000363645621452125,0.00107337733643789,0.000468727299855893,0.000193826881539646,0.000485732558840501,0.000701794786245416,0.00166353200172243,0.00141262792246972,0.000357543509788441,0.00064051217414863,0.000659457591713487,0.000354588020405995,0.00039748377067119,0.000512620088144568,0.000437228594334317,0.00114713487484519,0.729968934390972,0.000713935284512361,0.000298414867342808,0.000547748342030553,0.000423327011649956,0.000367128817059902,0.000301417493717,0.000573495038291897,0.000274553759528959,0.000325077146449625,0,0.0147804676682205,0.000349459515704079,0.00038715402526317,0.000535497626423847,0.000230542312928371,0.00061073890223126,0.00158376485046528,0.000315803703597747,0.000900069953402714,0.00918946060477164,0.000594054097307885,0.00020025208203267,0.00357735393604075,0.000341045562677495,0.000455018752744559
0.000453714275247727,0.0151693096172817,0.000557605740556765,0.00260333761008418,0.000305083736804505,0.000133115218991012,0.000248236216357456,0.000173029605524244,0.000217333265987918,0.0190103610176632,0.000450247989412223,0.000124537472739708,7.94916383455145e-05,0.000670077600786384,0.000153844055083734,0.00117670249426738,0.000538120111191271,0.000164144420633028,0.000142980272299721,0.0146144077368778,0.000345555880354419,0.000410470007771008,0.000109018923070457,0.000168964828858468,0.00433681724260342,0.000386980568443379,0.000502553112680897,0.000195805155372834,0.000106028181332149,0.000251071752682605,0.000140419790155582,0.00038063373248705,0.000430016491608677,0.000110351820036919,0.000120278166154821,0.000374186443368518,0.0166694286743497,0.000127442270123842,0.000142868481625523,0.000176176113750521,0.000158405006814115,0.000179075548813884,0.682104981295393,0.00010805846268978,0.000164695610762756,0.000205132110442052,7.02026159711625e-05,0.00014453528057782,9.74388109331964e-05,0.000103085997920855,0.000277566380151549,0.0001031827922851,0.000162244435832906,9.35259412122632e-05,0.000102426874392901,0.000434357640297826,5.95285340106358e-05,7.78831653305808e-05,0.000144852766092545,0.000153620534667754,0.00599598433156652,0.000377459955355825,0.0010366687047376,0.000173090660430923,0.00140810059057539,6.21742466333302e-05,0.00019361324972881
0.000702580191209558,0.00116176113965384,0.000288677904543835,0.000239900638621568,0.000508831255988885,0.00153128138995258,0.00508812769481515,0.000365165212585365,0.000445247776580921,0.000399115708025735,0.000843827720974298,0.000269291720478009,0.000322586102855334,0.0304250839760689,0.000570254705744716,0.000307507547440307,0.00115537696626995,0.00121403975007267,0.000887143114058748,0.000256109115313249,0.00477328522016849,0.00979406287131998,0.000523474601679169,0.000406568255805327,0.000595643097158326,0.000632624057478974,0.0002340441130856,0.00122850729074328,0.000622112073358037,0.000436224389088464,0.0239230391810235,0.0010337549449934,0.000405413574276573,0.0149155944525255,0.000468306662048001,0.00580175617679072,0.000213572302712088,0.00106935818119743,0.000553105455201697,0.000689058681242168,0.00107788785569963,0.000421913860487146,0.000325029936967873,0.666013627918014,0.000682700180050905,0.000633516996866249,0.00126766061786392,0.000431577579513899,0.00111374242242018,0.0018686654626807,0.00115370225487276,0.000318096099944423,0.000299668749394375,0.000548364652007417,0.00731653566125162,0.000391656572246609,0.00018011527377521,0.000269213392461582,0.00040239950330353,0.00149959589973802,0.000460062617103393,0.000629895477989068,0.000408386071856886,0.000319974069633833,0.00173589317880698,0.000257836248075475,0.0025232948725902
0.000158549435228331,0.000362870639533066,4.81100111282652e-05,8.21775867678133e-05,6.89743933828491e-05,0.00165597752331788,0.000107181151602247,0.000173410183982303,0.0021175714183473,0.000122040137848633,0.000113083973944817,7.68468634129339e-05,0.00807124295368098,0.000568117883088472,0.000729230891075871,9.29445923558889e-05,0.000181233674181978,0.000135600153165148,0.00124794721911318,4.94015550511717e-05,0.000445579105205131,0.00101550656906471,0.000672771971017388,5.06490690676155e-05,0.000158099421062885,8.68084938553499e-05,5.58054603355829e-05,0.000146683599870812,5.11168868237819e-05,0.000169246068230862,8.0256735057879e-05,9.70819636457566e-05,9.07873375014465e-05,5.39025856225002e-05,0.00708465951727442,0.00111289217422969,5.39104271391754e-05,0.000421742905159073,0.0148435989895422,0.00704484874031011,0.000220172362635466,6.87962396268159e-05,7.46872325910235e-05,6.20531728081785e-05,0.713394284638188,0.00270490101728901,0.000246092931643796,0.0308513616084953,0.00051295281328133,5.47013387348223e-05,0.00360046254090897,0.00542213734350105,8.53357611155235e-05,0.000789278812997045,0.000151751443464879,0.000112006528719622,5.42281437630675e-05,0.000380765953920047,0.000104586228649999,0.000388181507480739,8.58404798453252e-05,6.38103419410948e-05,0.000150165044322211,0.00189788831273513,0.00016771761000096,0.000313751146030118,0.000510814492003474
0.000143054693819348,0.000671667966697699,2.08783888159419e-05,2.35334440410906e-05,7.68241953458597e-05,0.00961985126173741,5.47961707520863e-05,6.10831098521514e-05,0.0369791370481685,5.73926922694971e-05,4.59007575835119e-05,1.37924946760971e-05,0.000606455990907984,0.000602668359677702,0.0224373650987925,1.82152879688988e-05,4.79174252538735e-05,5.70649142229423e-05,0.000317699505252602,1.33697247305906e-05,0.000430506197286141,0.000801137053261094,0.0149039469451534,2.02749671738627e-05,5.09400130406428e-05,2.7470362538332e-05,8.68927164594114e-06,9.78508534795692e-05,4.39124494291046e-05,1.77540056469538e-05,7.19607736435947e-05,6.0929591541418e-05,2.38279138024253e-05,2.83690832276161e-05,0.000302092767046034,0.00178653653058921,2.32442570654526e-05,0.000252222289180654,0.00407905603317668,0.000567492193448009,0.000130307245855247,1.97638335476308e-05,2.79921513525638e-05,3.46070466078961e-05,0.000848763598338786,0.655143263703162,4.04349968920911e-05,0.0014650706133289,0.000121580074320089,2.46061936270092e-05,0.0532648373291959,0.000252699721688674,3.05797996961973e-05,0.00027901155768615,5.10147915151865e-05,8.6754791512649e-05,4.95059818775325e-05,9.63630462308289e-05,9.76623560523292e-05,8.8850785787865e-05,1.44562584823842e-05,1.34142459584647e-05,4.5157881432694e-05,0.00026116619149754,0.000126493090596741,3.19287410408905e-05,0.000407562912873018
0.00125145574221942,0.00130917034181915,0.00042465850378653,0.00094761758715329,0.000555201673469061,0.00166253089319123,0.000851086418005517,0.000670409952737077,0.0010684379358737,0.000738728855545328,0.000745384070460151,0.000532297638426872,0.00121483788268415,0.00281674236032194,0.00127682283849228,0.000619829836334892,0.000784307557610689,0.00140326043362351,0.0816648376277508,0.000479706828351455,0.00148714733964928,0.00404945960894719,0.0014960412016113,0.000542619199282795,0.000945370716762886,0.000395168329912468,0,0.00121767608850912,0.000923632245735717,0.000448250642885787,0.000587658737563185,0.000829285946073708,0.000539342513296787,0.000853606487409301,0.00232303929663969,0.00267562612843283,0.000396347936867432,0.000973175737844147,0.00204154301368179,0.0103019871580987,0.0186383083969608,0.000436454573336159,0.000537672460439403,0.00126637804283612,0.00157823275353618,0.00268529097533273,0.539372817241032,0.00106444006541231,0.0735175127559585,0.000748778199411644,0.00347800557298752,0.000694568569752554,0.000633055732496593,0.00287798171583294,0.015119190857035,0.000557785574418029,0.000863359947513104,0.000560056867312676,0.00110665280174799,0.0257906153581715,0.00059615520723879,0,0.000707764172977559,0.00087964975784354,0.000886756706578408,0.000871633895910204,0.00112789815693685
0.00018633897160502,0.000482067218038902,3.28331826397867e-05,3.18010757328476e-05,4.67278073451964e-05,0.00366103809451858,6.91182150314361e-05,6.19138223875591e-05,0.00719585897931909,6.44296305658437e-05,5.58194078921831e-05,2.50436775747352e-05,0.00330036910758813,0.000490704428901533,0.00100838282113877,5.02727875626104e-05,6.33272294477214e-05,0.000109042687672828,0.000475400707693949,3.62520367690223e-05,0.000490304130358879,0.000999591649298198,0.000812913963541698,2.73014424968952e-05,6.88920046570723e-05,3.63662523858119e-05,1.71628000162521e-05,0.000100633673283187,3.58335042885153e-05,1.76531657310021e-05,6.03368024659666e-05,5.68168420859332e-05,3.347759917241e-05,2.9471102355154e-05,0.000652409644035595,0.00146464617927435,2.75538830192891e-05,0.000331231647947651,0.0934115278559365,0.00126277254499483,0.000125871147429023,2.34675020630386e-05,4.37231747814872e-05,5.26283411259019e-05,0.0101036583853469,0.00478881765405255,7.53143089464952e-05,0.635392337143503,0.000214614605026972,5.28644262891258e-05,0.00468381626709508,0.000786986934856013,6.8377825450513e-05,0.000844537548411294,7.24991402813561e-05,5.96499663969928e-05,2.64447224740211e-05,0.000113878188780156,7.32884613513762e-05,0.000106940282378386,3.16757977229851e-05,4.7168511609291e-05,4.39849166268765e-05,0.000391091676172086,9.74797592279597e-05,6.47519064296457e-05,0.000429782069929288
0.000457619667156251,0.000606638275494533,8.17775929395333e-05,0.000124565868951906,0.000107670498283469,0.0022791557311099,0.000314769567092102,0.000334555522797986,0.000849982489413282,0.000131325307188409,0.000273410799726586,7.1395822160112e-05,0.000897547478584272,0.00134385595929133,0.000602828231657928,0.000116358593935735,0.000287670575852574,0.00116920930697956,0.022784258212151,7.10091149310799e-05,0.0022949623890966,0.0105959230906995,0.000335383660432594,0.000122401244667655,0.000225721009586228,0.000114164067882607,9.5307219155283e-05,0.000378687350776994,9.04502166406386e-05,9.51239360415239e-05,0.000204363676483788,0.000167462887098757,0.000146931169431001,0.000510211850304661,0.000817354066963671,0.00235949415794138,0.000106144829360232,0.00145256902905307,0.0013265024723885,0.00489363496819454,0.0168161088696862,8.20245840874878e-05,0.000129357148733838,0.000281278485250593,0.000791299667407611,0.0019477476358291,0.0242112562256843,0.00053428437531193,0.563379163779454,0.000715408373709995,0.00369189391557263,0.000136162691422548,0.000143003954171457,0.0141497625255076,0.039170880365593,0.000119727194748637,0.000279973287319271,0.000136686077426547,0.000534746812706648,0.0331018487747544,0.000106882994761188,8.99309144849862e-05,0.000118657487848328,0.000237293885584936,0.000209107704488967,0.000177829323545832,0.00115190415848035
0.00214765501146341,0.000862176143989552,0.0001593252202334,0.000157736054457346,0.000731736610780667,0.00226828092659276,0.000732915503887354,0.000334596583911082,0.000378569084714065,0.000357392555750953,0.000355977913281757,0.000218760020257773,0.000327811122905486,0.00205224868319453,0.000934275100215062,0.000224154102949061,0.000450648495743023,0.000585225477530663,0.000929474484137957,0.000271433007221842,0.122456247913621,0.0814727782084592,0.000426702638912425,0.000304701456787614,0.00055369616673366,0.000290811414660721,0.000146089739555703,0.00352186179233908,0.000364408463094064,0.000208192665277766,0.00117481467657566,0.000233244131188082,0.00023763930967728,0.00782527281857517,0.000341919995731891,0.00720080401469917,0.00018399815402503,0.00360109355641257,0.000653283348167057,0.000705779976233538,0.000901465637650041,0.000343175260876745,0.000326763988883783,0.00212384596515205,0.000351340386048114,0.000925584633656876,0.000322734567774085,0.000508997185642901,0.0018575995759026,0.491611855640516,0.001497657070194,0.000343680125759181,0.000417142394792908,0.00097682497472686,0.00708541411390386,0.000274908951196323,0.000274544978005278,0.000186795085790883,0.000554484038701848,0.00135652288340789,0.000286685505999914,0.000276125661577816,0.000309478683702156,0.000274463619291985,0.000446270441325862,0.00033663071610443,0.0131401237457893
5.81206048068181e-05,0.000529421636173354,1.11736181773273e-05,2.24559784059737e-05,5.72683309995127e-05,0.000858293988581182,3.17295899194986e-05,1.93511906784858e-05,0.020223353002653,2.60800645636903e-05,5.2789903465244e-05,1.35361509635212e-05,0.000246884888959716,0.000166841375881082,0.00425345916950744,1.04437057780618e-05,2.89102766770296e-05,5.0743807920364e-05,0.000147188005725349,8.42906630424498e-06,0.000291675548375866,0.000569695563614458,0.0195583751426038,8.22408313636684e-06,3.42042875289825e-05,1.46669591985201e-05,5.96442703399791e-06,6.49483713754574e-05,3.16139317885946e-05,7.3141691257825e-06,2.18401148190934e-05,2.85791427665974e-05,2.64396402468628e-05,1.36805817588521e-05,0.000284126381505912,0.000880880840493146,3.64083709592799e-05,0.000144985500380626,0.00100512129415588,0.000433641382008514,9.20870676665132e-05,1.25062838398823e-05,1.84045177049078e-05,1.87247667700856e-05,0.000425003730613125,0.0381941016440831,2.80520850488173e-05,0.000561393076075874,9.95819699120319e-05,1.32076627983492e-05,0.735923011878944,6.53250317097719e-05,9.98568513702386e-06,0.000165759275429109,2.35285027477515e-05,5.08587212426975e-05,1.16377540472749e-05,4.20455078270766e-05,2.56916897106167e-05,2.68992935361962e-05,2.04426294026216e-05,6.75355171463237e-06,3.78096750844005e-05,5.87526280796512e-05,8.58721721503193e-05,2.12079637751268e-05,0.000368278045857963
0.000385803322720741,0.00078378386197997,0.00013164328431188,0.000188061834731256,0.000178658742994692,0.00112279115175267,0.000324255002141474,0.000351726458470351,0.00115079376560551,0.000174897506300065,0.000188061834731254,0,0.000746049846644119,0.000788394288977277,0.00066869075159507,0.000243696794172586,0.000213262120585242,0.000381737455573895,0.000655359786095133,0.000155151013653285,0.000427349467728865,0.000928744451635465,0.000511349083959754,0.00012224019257531,0.000223964548634496,0.000240301233267716,0.00014104637604844,0.000240987808219909,0.000148098694850861,0.000212292878821629,0.000167912352438617,0.000157165961882548,0.000181184946744813,0.00016925565125813,0.0164446641484292,0.00087860798742986,0.000169255651258129,0.000375714839387012,0.00418964568737014,0.00640433211802678,0.000463142111634775,0.00014104637604844,0.000185849342557946,0.000281644985823714,0.0705159548767327,0.0023065784029789,0.000266225034791434,0.00543447037034128,0.000300323236075936,0.000168667958024593,0.00228040474213416,0.647797692584619,0.00026015220471157,0.000573707622408015,0.000257202215147159,0.000145076272506968,0.000134329881950896,0.000532946343868971,0.000311947568360472,0.000271644872389593,0.000225482301846148,0,0.000273338149445602,0.0399777095060504,0.000211142150811909,0.000275593556337789,0.000467405990782072
0.00134897360703812,0.00204040634664595,0.000892515619023331,0.0014320389495705,0.000720664785546788,0.00222656674269577,0.00143230990148885,0.00223090032124343,0.00151568277444855,0.00122107906119126,0.00112581757414797,0.0074550274410022,0.000952911412791827,0.0024365676399337,0.000907551259505529,0.00105720600110502,0.00307931899797257,0.00185940753963194,0.000869848555683056,0.000961958798564688,0.00151650381154397,0.00190204277941953,0.000561806706617362,0.00465978621658846,0.00319095584172723,0.00208725874925033,0.00094776658591525,0.0009921267372179,0.000725168940456457,0.000955300808673241,0.000919609843172254,0.00151539537187802,0.00139854009945174,0.000858363235642334,0.00114231590889575,0.00323196667177631,0.000689518645523663,0.00119361041520929,0.000935016362786346,0.00145200302199318,0.004923002819216,0.0386836165237287,0.00114179882763333,0.000640408934429076,0.0012977905684778,0.001338773428535,0.00105559986834653,0.0008765778401122,0.00176870473282063,0.00197905637261695,0.00106728160846263,0.000595010412682217,0.660604122385329,0.00122414401867417,0.00104658081516426,0.00085320243104254,0.0005592711508815,0.00124444779824463,0.045723210870476,0.00134915151712829,0.000684261974584552,0.00195061855140906,0.00128403062270981,0.000729153385184239,0.00112428874284961,0.00126479807736258,0.00190643961269322
0.000597539714629022,0.000382938846842807,4.3422303973212e-05,6.26420122892239e-05,0.000126480742863286,0.0346368712636559,0.000193995418441147,0.000203884519913867,0.0012292165098812,0.000127876400935055,0.000125406054472516,5.85182434551365e-05,0.0120878432505359,0.000884841890872605,0.00128469317710837,9.05769637154988e-05,0.000154198330034456,0.000376041898015004,0.00510936037499098,8.30644865151766e-05,0.00286523062304521,0.0163516929082045,0.000632427748446446,6.50148157850273e-05,0.000126569930989076,7.37263943339075e-05,6.69130585816709e-05,0.000418249639495529,6.88492662342464e-05,4.41341450219532e-05,0.000193918251069013,9.72752584157327e-05,8.20040888149829e-05,0.000134550023314602,0.00132227212653862,0.00445715752576192,8.26625417850687e-05,0.00922101685195289,0.0122330588244791,0.0248884036618731,0.00073039585058309,0.000123360129852118,0.000141474919020402,0.000170910462883301,0.00161320390988787,0.00300575273952419,0.00159596327613594,0.00351364741658647,0.00727442101352273,0.000212571555844086,0.00354133881562541,0.000243588534483869,0.000142484428694968,0.643052202949356,0.000743537531482927,0.000120868546768863,0.00015890129217061,0.000132865131747539,0.000253095084879924,0.000333016451945156,9.2963943277707e-05,4.48459860706944e-05,0.000125080641421662,0.000179681924256666,0.00014174412992468,0.000173895049449108,0.00320015574769249
0.00101978288045828,0.00113714731952698,0.000253544552848821,0.000354117225478857,0.000423501191822971,0.00129547335486363,0.000518373623824442,0.000455736272453982,0.000675541633005016,0.000401702761122223,0.000372076631305648,0.000275276943093007,0.000396871797135718,0.00447575790875115,0.0013194689025301,0.000316568484556959,0.000517802255818021,0.00100517595536157,0.00605219206261782,0.00021044197886452,0.00440688294890035,0.0128960003708995,0.000560772939020841,0.000315277139629406,0.000470406064008883,0.000273828117076729,0,0.00098037227101546,0.000260305740924791,0.000425954848786025,0.000921503305871249,0.000457587550141449,0.000285790219057288,0.0072682028828963,0.000628527068153035,0.00392564981518553,0.000277728802505172,0.00109689007885799,0.000768920236615194,0.00201877188145215,0.00813827862974939,0.000216358018430994,0.000369954573635066,0.0107526294520473,0.000852038074560838,0.00187395063892088,0.00858273387228175,0.000413277621143583,0.0479959281302053,0.00461451086184864,0.00234420049433944,0.000268880906289433,0.000406798149237446,0.0015045500938282,0.590426358291108,0.000468493990430662,0.000297190436589227,0.000326741762888657,0.000847544879953391,0.05169968466859,0.000327917621684478,0.000257166617889518,0.000407482317078465,0.00044147484868768,0.000417334333989164,0.00035766684921874,0.00259395580991492
0.000459984598315239,0.0117024177436828,0.00029923142418854,0.000599945131418057,0.0087775652389935,0.000288012059569076,0.00415347613968617,0.000246284142504126,0.000220718961467639,0.000928875048803534,0.081391724238468,0.000137725004222012,0.000107318185108062,0.00101528919015627,0.000217158978218162,0.000192375233716829,0.000490983007769149,0.000247762067945038,0.000198683005717614,0.000220644709606324,0.000923248597084168,0.00105566523085842,0.000189728568184065,0.00028365139171165,0.000764312123761764,0.00909683204012894,0.000148498418928596,0.00068974231427574,0.000385486767910655,0.000580056613263722,0.000419289653445451,0.00378525381582702,0.000235063475007799,0.00012708861227799,0.000205331147160528,0.000990447485050534,0.000300450289460183,0.000220446419497416,0.000181134100866335,0.000234797249786975,0.000234844558419697,0.00017639470635541,0.000369590746653875,0.000207589485284266,0.000140248506765896,0.000309495987417898,0.00011016059181958,0.000156796859986369,0.000174546631257883,0.000117141286726479,0.000399082923158922,0.000224619457202917,0.000173990944627022,0.000120739890945865,0.000139472044444701,0.618203429587144,0,9.51166343464213e-05,0.000516369502183532,0.000221921325584866,0.000127284359081653,0.000113469380120128,0.00199674538565401,0.000151410152633077,0.0188650266801199,0.000173248155416695,0.000482477621653067
0.00255307144368432,0.0045733126454616,0.00193948797517455,0.00197827773467805,0,0.00365618348550854,0.00310318076027929,0.0806520089685334,0.00604790122641666,0.00229413720492076,0.00323409619860357,0,0.00232033288666338,0.00436069063813665,0.00383392977802247,0.00186190845616757,0.00240496508921645,0.00294802172226532,0.0151382364726042,0,0.00346840126514293,0.00662151678443377,0.00256982156710628,0.00182311869666408,0.00190069821567106,0,0,0.00253377636605823,0.00159038013964313,0.00162916989914663,0.00172614429790536,0.00196534781484355,0.00186190845616757,0.00191362813550556,0.00578921263147185,0.00526570985259891,0,0.00313720686510691,0.00337470907680372,0.0176514718795557,0.08724541556194,0.00166795965865012,0.0065166795965865,0.00271528316524438,0.0030852777943546,0.00394547268092652,0.0045573236958126,0.00328604676936717,0.00567204624176401,0.00348699522273488,0.00401942163131002,0.00190500818894923,0.00206789545491025,0.00316813105526188,0.00380614619781194,0.00193948797517455,0.493457744737807,0.00343318319187615,0.00565335879532932,0.00456374450478407,0.00386346004654771,0,0.00207913110938712,0.00601241272304114,0.00298328513999577,0.0215253326967834,0.00354797000258599
0.000532740196716474,0.000892483813337048,0.000342105596594143,0.00049573635062022,0.000330553011088241,0.000888865080321034,0.000402790994820396,0.00715316765137477,0.00106683135289076,0.000787525134040088,0.000353255704927583,0.000295382841503739,0.000819627991840145,0.000860807369207959,0.000743625928933124,0.000652112396470817,0.000475997670883065,0.000428908509162809,0.00111203872253672,0.000759417202475418,0.000706978637406076,0.00154031988985044,0.00068947435621282,0.000291423285987603,0.000812808100697427,0.000327782334900992,0.000487817239587945,0.000409212730082435,0.000251827730826242,0.000334810415521991,0.000533572103329964,0.000375172713880119,0.000360597791004638,0.00020272924242616,0.0820201300669605,0.00129630959258148,0.00100308739742111,0.000557075905565107,0.00154125476018654,0.0145852272482026,0.00122518305121725,0.000367830708795949,0.000681229880799673,0.000279657749596799,0.00210359436440553,0.00132633276636139,0.000566293075365819,0.000951430426995216,0.000705208150439575,0.000240740975381062,0.00190002351096075,0.00100445656240545,0.000412497694658784,0.000977293721487427,0.000422216345617386,0.000298462495794067,0.000411196104920985,0.634686499972918,0.00128561111101055,0.000449262481876545,0.000290631374884376,0.00134990384980882,0.00069622639613381,0.00818937027646783,0.000586151940058248,0.0342424449592195,0.000798931288142288
0.00057398982561291,0.00146118188188368,0.000391737628267252,0.000359343838151531,0.000296818010313166,0.00185748822649841,0.000641047628847902,0.0290966234118039,0.00094930766010306,0.000544800316573153,0.000659750850502535,0.000490703974542482,0.000640604027537517,0.00164912869101021,0.000755834304391503,0.000299430163598189,0.000589813908893266,0.00128808615692464,0.00105439937262793,0.000500794639896636,0.00103204803842138,0.00206387751350649,0.000486544902341654,0.000481572821940177,0.000868878217107952,0.00030634062202418,0.00021380958370016,0.000427886763875543,0.000381503374837543,0.000457756589298127,0.000500156481706261,0.000550108545274586,0.000459294661281829,0.000283353185318898,0.00110209919477731,0.00266177037652324,0.000285079444933548,0.000711475845106832,0.00107863042085152,0.00304626828334538,0.0202653339617244,0.00116809206389133,0.000558810646242716,0.000316712591898101,0.00052304491997612,0.00118773464481443,0.000790989388316689,0.000381698367617936,0.00162824221433201,0.000548198988646728,0.000971982806454235,0.000280288193758193,0.0119763772889166,0.000502920129382206,0.000948114896045971,0.000810631786358107,0.000431620951052465,0.002070926181101,0.711310623724157,0.00155333772296492,0.000381634385611869,0.000342419902548265,0.000541955843175811,0.000271192302854983,0.000829086088801845,0.00157544631195744,0.00124849002465684
0.00063528629444035,0.001397377916654,0.00018766382749456,0.000212483882098682,0.00040300944537909,0.00593036986804126,0.000722877385328701,0.000617474529175667,0.000752547082432846,0.000232824219530351,0.00124017035032599,0.000218941132076989,0.000544181859220992,0.00419020530529166,0.0010535452778883,0.000270836014715154,0.000730173720203319,0.00172250247618462,0.00722848333766736,0.000253749745241304,0.00193949556770326,0.00454524318098769,0.000527678396664826,0.000290008717287466,0.000592503132775181,0.000317061063387992,0.000223380491437076,0.000478542760111141,0.0001770699017489,0.000262266430644679,0.000643418837124225,0.000424765975135547,0.00028219424184046,0.000699523403062982,0.000606093626088901,0.00932428449091181,0.000180911655041282,0.000812200973834009,0.00102397859421632,0.00191459014080375,0.0221364818281078,0.000229149284616225,0.00029035477322428,0.000929578723615256,0.00163379290016051,0.00222038594175964,0.0105792904950234,0.000536476399760271,0.0582422771279172,0.00120291781661485,0.00273053862578589,0.000264753555018792,0.000315742227733942,0.000887593542276858,0.0404718231843525,0.000260307889750523,0.000269597144837852,0.000338140813596196,0.000896423298722569,0.535935261367948,0.00027105315729255,0.000311500897391047,0.000256848648690716,0.00028482526076191,0.000592558501725071,0.000462349187899916,0.00109874144162141
0.000269256522874034,0.0113637171449299,0.00150649459491514,0.00136039099642654,0.000346065360875885,0.000227748091286953,0.000345709923184299,0.000134060808280272,0.000244477735029637,0.0152333111714815,0.000543523059802989,0.000205830735945471,0.000162149739538997,0.000671343272473319,0.00017962827513416,0.0192442384485556,0.00109687420022578,0.000237169626192808,0.000182598319365875,0.0477062857472105,0.00042920738143066,0.000662759493749242,0.000327096212493368,0.000273618819016486,0.0130678538036136,0.000375599946605356,0.00269908158641944,0.000231479366988007,0.000173073212806278,0.000410806219525522,0.000321393727568476,0.000722793458400006,0.00163725825092479,0.000155004309657391,0.000189499488396176,0.000457482171555595,0.00208875765547312,0.000232892233079489,0.000240964929773614,0.000233555415122429,0.000324115891291993,0.000589269430132863,0.0201565908811151,0.00015959620033366,0.000189551179473207,0.000248214993723232,0.000215632199561923,0.000194597298062006,0.000203219161758193,0.000180091712376508,0.000374388132721178,0.000133351491834347,0.000249225426441044,0.000221600241382829,0.000240032685301824,0.000403398395890986,0.00012767696026693,0.000129804909604707,0.00018969148382515,0.000225562629804905,0.647532645081248,0.0018496790397645,0.000800989481766553,0.00011065336556467,0.00142969822841124,0.000168533587552342,0.000278907113204102
0.000531943302107474,0.00419632422537816,0.000369002862798634,0.000629682529787955,0.000481811028388108,0.000303357224495023,0.00151336161194911,0.00056378462043978,0.000291231073871345,0.00156081392751962,0.000551410880390382,0.000306806488711332,0.000311292121715215,0.00125448064434808,0.000392812491520715,0.00132434752463806,0.00181414130932925,0.000355660194235545,0.000430393215652164,0.0104576858889552,0.000290539313600867,0.000822471987258186,0.000305239219348531,0.00126519110357861,0.0450596676490993,0.000356986730692918,0.00285710294789648,0.000515841790583024,0.000222746807093998,0.000342549437640529,0.000458083651110703,0.00112597898738422,0.00095551398290829,0.000409396305528496,0.000511470249984864,0.000479110502716818,0.000532466255069302,0.000268748865080801,0.000313782458688938,0.000379430508357324,0.000491371510074975,0.00634942806724176,0.00121643382947178,0.000388730840882643,0.000690030869802068,0.000401627874683553,0.000716836580283099,0.000274398240623041,0.000636622907743082,0.000277088419452679,0.000540835006061078,0.000426124326614608,0.000453335284716778,0.000223957387567334,0.00019369287573391,0.000369490214035887,0,0.000208825131650622,0.000309741624557247,0.00032080382543429,0.0042301140539746,0.705966099755822,0.000520933914796268,0.000588782321122975,0.00204428463008452,0,0.000394649234307845
0.000133284840413404,0.109670191709503,0.000379090484626201,0.00386245046882969,0.000371071511563484,0.000116036214006963,0.000372192443281929,7.12836577559868e-05,0.000127435080665553,0.00297372406713691,0.000557469522513263,5.65603462931721e-05,5.25281058059899e-05,0.000710821604148135,0.00020588101335577,0.000272795978786795,0.00019496427652887,0.000128737704454359,7.48956959254031e-05,0.000904031430925382,0.000382474836160736,0.000548264948594498,0.000121575472137089,0.000101835262754351,0.00132231141293874,0.00992102173788391,0.000212483816548313,0.00011416205199144,0.000133881282121697,0.00684503420781815,0.000112496203473539,0.000812244368288149,0.000175877483481914,6.2608707023944e-05,7.75793226426569e-05,0.000303985854860739,0.000539944186222969,0.000108717240770527,0.000101115513881803,0.000181646984973907,0.000223778449091326,0.0001302621979896,0.000760315050793293,8.68110664493405e-05,8.03778100357004e-05,0.000241629286707552,5.25601585920565e-05,7.94163138703913e-05,6.86971010303754e-05,5.38467574247715e-05,0.000566027405056002,4.50322133844605e-05,7.1060755841099e-05,6.24779316567925e-05,9.55492387090318e-05,0.00121483130624329,3.18387720796603e-05,4.69047650184608e-05,0.000104224526162987,8.15837098154955e-05,0.000242013469287976,0.000155162551359601,0.633920988972188,3.4165064668419e-05,0.022053361523329,4.54931330411196e-05,0.000198517007336495
0.000468351936263845,0.000560747266721968,0,0.00014436654666197,0.000150569796713852,0.000901889898452167,0.000315528399333175,0.000538255519653285,0.00146785876152739,0.000320458806199258,0.000345878184710976,0,0.000739778297096324,0.000649922881468773,0.000809354952223693,0.000186704812750338,0.000242833946695002,0.000382829146058982,0.00156790398514135,0.000237603274714497,0.000607542550535807,0.000950613607950584,0.000810343175608581,0.000266677093139477,0.00029215557611119,0.00014436654666197,0,0.000318007420841512,0.0001353436374956,0.00020451927443779,0.000245874274783671,0.000214616339457305,0.000193777715906396,0.00014436654666197,0.0862744794748151,0.00169420157780605,0.000159131307116036,0.000363683392132621,0.0021456676303332,0.0129800993293401,0.000547510128215535,0.00032869169106074,0.000197601710743574,0.000286477366032351,0.0113484400629462,0.00188767191988371,0.000366845706964264,0.00216698549264935,0.000605745304401041,0.000144366546661972,0.00213535573414305,0.0370685896766616,0.000606790641438613,0.000880973054321182,0.000473647034264437,0.000175044437827639,0.000221963565492782,0.00812547673928721,0.000376384210940145,0.000321172600088764,0.00025891826303506,0.00021526083296919,0.000179764113391588,0.601445212251048,0.000374103695436556,0.00125299453995012,0.000534329264742904
0.000255017637165018,0.0899936273215629,0.0065891699779918,0.00134042763379998,0.000677118661580686,0.000201929716671038,0.000994901807930005,4.60603396983427e-05,0.000119046920343096,0.00433107615604732,0.00307369160961251,5.14513138583879e-05,3.38074705045674e-05,0.00090852959902235,0.000192324584516997,0.000393452846001886,0.000558441643631197,0.000116901486460164,6.52629672526156e-05,0.000553817863711087,0.000501624635972885,0.000719743747404206,0.000115183358342295,0.000403908753661228,0.00123258875598323,0.0100198297275166,0.00020501405810684,0.000118196144837796,0.000155186384198674,0.000660707325384242,0.000265436614619095,0.00863489050568567,0.000540267106025218,2.02901737960914e-05,5.6073092844497e-05,0.000456940426824942,0.000457532270654716,0.000113437967048008,8.03481854439203e-05,8.70202231009004e-05,0.000124184590588548,0.000153990366459339,0.00062064689615641,5.78129698531023e-05,8.82624249945112e-05,0.000207675533851761,3.48326567228643e-05,6.06167272459916e-05,5.42548170785803e-05,2.44725424139182e-05,0.000484054272276468,2.7226577609577e-05,8.92912151826721e-05,4.84951104256266e-05,4.96756496289725e-05,0.00311191485695209,2.03213414977751e-05,2.07352485761347e-05,7.05280563814096e-05,8.54291119299477e-05,0.000215739406032433,0.000160274828024463,0.00920830086617824,2.79106768577571e-05,0.638273275405303,2.82512953118716e-05,0.000347498638635886
0.00040594336645574,0.00113464498329023,0.000316627359863287,0.00026618427557134,0.000307135702582318,0.00165544149304192,0.000444998542324201,0.0221214713644759,0.00104976506488391,0.000675161282061427,0.000554452162292573,0.000258423801064887,0.000905278279164367,0.00107078152820379,0.000806110854059449,0.000249344045892336,0.000481925466850741,0.000674054460287556,0.00202046540600345,0.000239798662249399,0.000882598765618921,0.00149496517559256,0.000627822387572062,0.000523948436303185,0.00106139412865183,0.000253082768610446,0,0.000440580869911189,0.000260751943416825,0.000305198297408328,0.000793663727774968,0.000691961660655127,0.000649237102358788,0.000297420185459815,0.0917791323586535,0.002301435615531,0.000316353460763059,0.000606248268444123,0.00197677194466686,0.090554350393662,0.00139910651248584,0.000754732014000928,0.000421911130667504,0.000454834355846394,0.00337186647709618,0.00201416060838169,0.000672374566215928,0.00121459454103068,0.000836885198677599,0.000401992579434272,0.00310233922789129,0.000698163328498555,0.000574782529118342,0.000804637038727093,0.000373779499535005,0.000327298012309659,0.00163525137042518,0.0206628006370514,0.00160210586825212,0.000487513008495387,0.000296062102421185,0.00030964293280748,0.00034585848050426,0.00147234309161266,0.000527051800523372,0.554820499329226,0.000567914898501594
0.0135597258380102,0.00105979072713228,3.23991518009854e-05,7.39198392948827e-05,0.000308393120740104,0.00226596499580135,0.000182574034434329,6.07126434652265e-05,0.000392556812835013,0.000114877584040297,0.00015737353082831,4.0599879211109e-05,0.000128581883722333,0.000722956954278031,0.0013048583825579,3.38293471356634e-05,0.000178920237217148,0.000184985330004169,0.000459894084315926,3.67135148354823e-05,0.0301741525056841,0.0172832610925677,0.000520997788210178,4.34590256344265e-05,0.000110770146621214,7.48342700688826e-05,1.71604984837349e-05,0.00148633733079457,0.000157629234412706,3.26709490363413e-05,0.000463895360807364,0.000146488838286544,4.10261075826078e-05,0.000287955021608837,0.000406540221205091,0.0190880157946809,5.14948180239299e-05,0.00175083223655361,0.000549312084224592,0.000511700085205073,0.000413837285964477,5.05868985195326e-05,6.1465051520917e-05,0.000194314622034207,0.000308340472365217,0.00104277477236869,5.62552783194516e-05,0.00030803511179087,0.000331337282516009,0.00068294418936365,0.00243054381569918,7.09786963299956e-05,0.000163044800057861,0.000574635952545404,0.000260672633742215,0.000213025854469169,5.63851386815028e-05,5.55392371732465e-05,0.000194163345703698,0.000195062228957607,5.12348611692842e-05,3.45566383302232e-05,0.000115500004827855,6.26183976397599e-05,0.00033552809315704,4.09930118443152e-05,0.686603030295149
