0.731538404424538,4.75288923903755e-05,0.000180359659094222,0.000262243317184637,0.000298359560096756,6.38133781026675e-05,0.0274005102476428,2.41526239421977e-05,0.000932383757412109,0.00113831956339091,3.77280739403962e-05,0.00013159313943231,3.23571148730321e-05,3.70590711651393e-05,0.000837982215472522,0.000178557494508123,0.000112728502040794,1.84626100818654e-05,0.00648088916585124,0.000167776929742706,0.00190718998283972,0.000103439740123357,0.00021081543003051,0.000575457901111037,9.6370392720823e-06,6.67645412533468e-05,0.00126140983632779,0.000824659166635862,0.000395171193206955,0.00264301621505017,0.00109196313489961,2.69703251850636e-05,0.000880961274049842,0.00358957682041319,0.000103941936472589,0.00082588852928455,0.0019535193923717,0.030831785687344,0.00521738806207271,0.000671091507595241,0.0212644073196738,0.000569094936193102,0.0377835207476427,0.0011873265517907,0.000212177185579827,1.32186355694536e-05,9.51121405694848e-05,0.00273919290261654,0.00165369540468025,0.00175423025038361,8.92084979598512e-05,8.68362333322726e-05,1.16466212612133e-05,0.000284312403150536,0.000293028719424532,0.000314062979248787,0.000765522770390071,7.7317453966717e-05
0.0173676501360117,0.462703676410382,0.0204723791588198,0.0336367440887215,0.0301392999133112,0.0108286252354049,0.0250952568650637,0,0.118710595267338,0.012241054613936,0.0142419962335217,0,0.0296610169491526,0.0179763739085773,0.0123587570621469,0,0,0.0235404896421846,0.0248985948138491,0.00894538606403013,0.0128688010043942,0.00988700564971751,0,0.00941619585687382,0,0.0164783427495292,0.0224419334588826,0,0.021114008402144,0.0206728299948639,0.0166854990583804,0,0.0250117702448211,0.0231481481481482,0.0108286252354049,0.0169491525423729,0.0323410111545705,0.0277777777777778,0.0184322033898305,0.01530131826742,0.0326086956521739,0.0266792215944758,0.0143181566411875,0.031120527306968,0.0263653483992467,0,0,0.0138888888888889,0.0277189265536723,0.0171845574387947,0,0,0,0.0131826741996234,0.0247356221932493,0.018361581920904,0.0327514607175624,0
0.00490498568442925,0.000608012029485311,0.647210698624014,0.00162067490657517,0.0164571076506759,0.000530188426826378,0.00429744977469587,0.000370810073505263,0.0218435072544306,0.00163757331859582,0.000317199222006109,0.000649386734410349,0.000494211355006017,0.000715476521255901,0.00105320260919038,0.000428917329643719,0.000621283689913863,0.00083356487913309,0.00267622648803412,0.000549260940110246,0.00100702576112412,0.000409515463697177,0.000886125775678426,0.000962436655684777,0.000309345188478278,0.000683095731720348,0.00126582780931211,0.00110272177054012,0.000784263434999748,0.00222002919073945,0.00935018181378885,0.000427102766641524,0.00072455438535057,0.0780199813957984,0.000475131981105859,0.000681725315855708,0.00160329436239411,0.00179185576240314,0.0318950916317335,0.000918032786885243,0.00284753011102118,0.000671767798747512,0.00331553450837793,0.00141874034777102,0.000883187426867398,0.00041122534037232,0.000528829067505828,0.00229085373956534,0.00153981044117193,0.00371153822921826,0.000561108244353587,0.000628110983209618,0.000328486307925037,0.00062615202188401,0.00260857484566969,0.000442980192910724,0.00400268190439373,0.000698787637916295
0.00275491252295822,5.31362676408175e-05,0.000248419211603732,0.752674209457884,0.000274060838376198,0.0014967252301418,0.00271439531350821,0.000244090793628863,0.00178045614756703,0.00138568488148099,0.00569547523097018,0.000917551514286616,0.000135417771602062,8.0364698469473e-05,0.000991097700853616,0.000165015071423011,0.000558938678114717,0.000552274784511399,0.00269836147005935,0.000307630527983028,0.000518200566114327,8.78900681894249e-05,0.00110068377439104,0.000804711173965247,0.000101662879831731,0.000101085927484023,0.000721169956160121,0.000399798012857591,0.0017130440526075,0.00176946624568531,0.00526311371422676,0.00135796161140752,0.000880996188031953,0.0143601752758649,0.000146506205310903,0.000779288972124967,0.0017444858489458,0.00147708331170329,0.0026189470031955,0.000589070231029165,0.00120393730815073,0.000427870967882222,0.00274002000935301,0.000897324568214668,0.00459902542212821,6.25845246083937e-05,0.000684264058367163,0.00210779691014767,0.00142213380229472,0.00106764043456244,0.0117212181833136,0.00604532964514435,0.000158049229540581,0.000573757557536459,0.000266958663765797,0.000585287073780714,0.00195114018483211,0.00636254570749896
0.00914041350941672,0.00156593749699782,0.0424705723628949,0.00125895588486511,0.568532425432095,0.000280242592609511,0.00595883284400397,0.000250467653989568,0.00508240490239936,0.00261696183063899,0.000306622730751613,0.000464737585382017,0.000406695423555666,0.000337445120135262,0.00115335953949993,0.000368517691250921,0.000356040445961761,0.000405414493087776,0.00207542407156207,0.000667511386295098,0.000777414714048282,0.000858707486048095,0.000498252839953848,0.00252172743498268,0.000171858171108822,0.000577292072233995,0.00199751253156447,0.000769609044009566,0.000839940365239447,0.00164213830380934,0.00346665731030499,0.000351979816069424,0.00111277195391095,0.0258005850232217,0.000435877912037881,0.00078173994892215,0.000716587999402281,0.0018141353703506,0.0860548232670995,0.00104175673209019,0.00274373217748851,0.000542438471750321,0.00474542968882161,0.00175070426972106,0.000644915219662313,0.000178262823448283,0.000460882153217146,0.00180277040198522,0.00152615207512824,0.0242388244734018,0.000428943163261158,0.000538988924151903,0.000332549256087311,0.000567404755406917,0.0375992077166593,0.000502334126278555,0.00161888030247781,0.000602797193915555
0.00227208873640618,0,0.000740891328409114,0.0192399480276125,0.000954208172392762,0.61795721116876,0.00214105877858673,0.000808655779178241,0.00126550111811344,0.00168408213051433,0.020274534414029,0.00192983475154648,0.000670868062614348,0.000747103069729615,0.00132359610302281,0.000792844073998777,0.00230265179630952,0.000693133525009919,0.00210837250200232,0.000824015721352576,0.000708021675277422,0.000730161957037334,0.00286267157582466,0.00208597673108963,0.00207765806058142,0.00050823338076844,0.00161803027222828,0.00237483597922712,0.0019061741386939,0.00175762608494905,0.00623907298231348,0.00146879447042082,0.00152034385618447,0.0236111970442914,0.0004574100426916,0.00127026580605814,0.00130410522809946,0.00177105958635153,0.00334373370338616,0.00106538422443586,0.00145713499874436,0.00105712543199837,0.00213533313756936,0.0010236418210301,0.00216223755064605,0.000460798265230057,0.00111448319925653,0.0139828261311507,0.00157333614684471,0.00147541690538234,0.0685215711924481,0.00271238508278557,0.000581595764427196,0.000997448996321042,0.00112124102772608,0.000810733889001827,0.0608498987952659,0.00900346482583063
0.0756897230826052,3.53969580796548e-05,0.000243503334480241,0.000385478312292625,0.000416187645247879,8.74633848389067e-05,0.703086539162325,3.20010843120526e-05,0.00126138500881103,0.000940649742249,8.55017012513715e-05,0.000166945263172802,3.23135797788177e-05,2.23770224588926e-05,0.000751261171619562,0.000192709206778563,0.000124619319202051,1.91012210846539e-05,0.00437683803949462,0.000153104911601968,0.00449985132385115,8.78826759873879e-05,0.000247475369377903,0.000442793914821568,1.0456522255757e-05,4.75948067279898e-05,0.0011896038616595,0.00167751649899438,0.000552397369768653,0.00250036789054608,0.00149743095072186,6.23271601351924e-05,0.000837399296935594,0.00394959533387653,6.76743400989996e-05,0.000594648440320033,0.00166113793850685,0.0272222344765052,0.00450563155182664,0.000747483807612266,0.0116831323049409,0.000590893538338549,0.0118766389136358,0.00103202900692104,0.000318320598787289,1.58495936451204e-05,0.000108682511888811,0.00897936328333002,0.00237914033724156,0.0010442109122528,0.000113129992999483,0.000123997869821267,1.49467164500208e-05,0.000167484351792279,0.000308560848572205,0.000261173461451933,0.000989695575608352,0.000106571081462533
0.00246268187961347,0.00032723640246632,0.000493725098457964,0.00114313804822314,0.000445770950728122,0.000646037065234273,0.00108596967773365,0.797620572012227,0.000794716977418225,0.00109955057116802,0.000468934461907486,0.0163079047435051,0.00162182953853926,0.0005138185617673,0.000758075584984747,0.000489239950397847,0.00069378610271179,0.000585180396576871,0.002131055308693,0.000500790931709601,0.00102322097775234,0.000430574213771478,0.00202617336917294,0.000678872010379705,0.000491637465906348,0.00080373853237344,0.000742544803204094,0.000788998153883961,0.000482243119424059,0.00144107038289119,0.00125776878902847,0.000382036756946334,0.000746479715875403,0.00413557172018517,0.000760271040316504,0.000875986677371401,0.000946871839193837,0.00113252655362813,0.0010103116373138,0.00103433494463772,0.000953990992387445,0.000906119512092436,0.00120459468276305,0.000948028735566193,0.00398948301190732,0,0.00156960053634844,0.00075245235935532,0.00193788789671082,0.00101972972287918,0.000599359305569905,0.000938412578125296,0.000713282941447784,0.000766568057873841,0.000408654071979475,0.000876022809473255,0.000961752434316242,0.000491361161598043
0.00366031905330515,0.000332249742110911,0.00285228034302298,0.00112400844432553,0.000582893077584644,0.000192529056909982,0.00285386248465208,6.99290857359235e-05,0.631689306272628,0.00133656573275674,0.000110876485367297,0.000268572985757711,6.65785778229223e-05,0.000221801188384244,0.000775891426745967,0.000153402556157789,0.000166100899212589,0.000125978027217053,0.0032736573969065,0.00021732664290733,0.00090046788284594,0.000130489014361926,0.000415646185315894,0.00056585639308579,6.33442630020974e-05,0.000227159521706491,0.000935206209919649,0.000675528616447867,0.00216813020117596,0.00246211045953372,0.0304401985775767,0.000165031893988009,0.00101816546229765,0.151360898612421,0.000103155634217292,0.000739295802977229,0.00227179487226522,0.00275294936422212,0.00363505064641721,0.00102044619206637,0.00200711862842904,0.000495274079204579,0.00426749456545815,0.00106773923334278,0.000631068143711286,7.26320203432934e-05,0.00018873869458142,0.00304926844064029,0.00165657107443376,0.00121054471256063,0.000519194679821765,0.000249556472963306,6.67376105365642e-05,0.000309589764932231,0.000329589909806917,0.00038700356204538,0.00400307054709907,0.00062276763255572
0.00214278909630015,1.07652820463425e-05,7.67848962564993e-05,0.000276575193207599,8.78887481615375e-05,5.49877515443285e-05,0.000828009961774623,1.68050947805418e-05,0.00027481558515818,0.805956714908902,5.07382981049828e-05,9.4205015945742e-05,0.000120383584700966,4.47848242341434e-05,0.00390506735093366,0.00685617639493544,3.96154592482943e-05,2.04905152143794e-05,0.00579476322344569,0.0109602466182181,0.000116156126362238,0.000239874168316852,7.89140219962961e-05,0.0038550240980082,1.19136462495943e-05,4.07804691406117e-05,0.00136170788120351,0.000163256434825047,8.69114405809031e-05,0.00220130046296343,0.000531137689716977,3.03397485240904e-05,0.0010381819462173,0.0028820620241426,0.000154273635732765,0.00148242139241375,0.00136820963294611,0.00125816374553548,0.002440558768463,0.00327337685923266,0.000936393019578558,0.00056293380716997,0.00275846275573132,0.00053506161566718,0.000162323842558854,8.4179649084182e-06,0.000102778706166534,0.000375918264657645,0.000327375077594312,0.00219423563664502,0.000155100651515993,0.000142303901976596,3.57745719163757e-05,0.0125146183837726,0.000215591577234876,0.000452887919759335,0.000350909835255284,7.03975190371107e-05
0.00184184959473874,0.000413753745184755,0.000348757946132746,0.151576079202516,0.000570694820944495,0.0124195909606903,0.00171240872125449,0.000609154689312495,0.00103610628699061,0.00117056561307211,0.59880696868002,0.00161145194274028,0.00123650544537975,0.000307640176915389,0.00106868468524812,0.000604936510201166,0.00124784617579595,0.0007360906347923,0.00238866723850746,0.000435905715208261,0.000599878078833704,0.000373805107718643,0.00243339732032841,0.0016062814904112,0.000577208185748754,0.00027108003994863,0.00100238468907323,0.000953207944465487,0.000874352023588716,0.001449735201862,0.00225732499773019,0.000917218986843752,0.000709132900556424,0.010529319446426,0.00053074618347838,0.000838208018262231,0.00150967803300518,0.0018156618670244,0.00276089127643341,0.000953684548437722,0.00165433558214269,0.000700459952849734,0.0014800698421757,0.00084681040343088,0.00967141625363663,0.000285347410472247,0.00236759958546233,0.00239279656314897,0.00170813085413418,0.00101826751848153,0.00367314238051861,0.0286215859112818,0.000475734945000452,0.000979692775954722,0.000840273032416965,0.000709026282977782,0.00471490071771077,0.00221603969499532
0.00270207318011221,6.99581184064473e-05,0.000116791192117429,0.00125042532508219,0.000127824710174741,0.000519008127713914,0.00148743802285244,0.0038102503311013,0.000458339986213218,0.00131695517258027,0.000239491951786855,0.770313944998454,0.000118390661918601,0.000149157617886337,0.000904620826827396,0.000152303882470753,0.00105721249274902,0.000226086871548452,0.00464978154817113,0.000215870765368464,0.000884461955100996,0.000108100658416162,0.00512542916095004,0.000401879066518498,0.000165321081979461,0.000143516420684101,0.000493299739617607,0.00058416310153603,0.000424037330724133,0.00194345004780809,0.00138354778443578,0.00013126863606543,0.00107975455312443,0.00554037881205843,0.000108046427316622,0.00081575095333525,0.00168521334116864,0.00271295555408655,0.00120743656826432,0.00064146508460364,0.00208961858022736,0.000507795346257932,0.00160008073234456,0.000401593551230264,0.00441831142596545,0.000118151488864218,0.000600461036813137,0.000738010113026813,0.00432178950028004,0.000737928597116893,0.000485151416483777,0.000765661282232025,0.00232345443590572,0.000426296424527441,0.000199803089864208,0.000560149505647466,0.000818442392970496,0.000285526521281892
0.000354049023055675,6.54892225167568e-05,0,0.000121966166705517,0,6.38870397028912e-05,0.000158215552869227,0.000132351744588253,0.000125461838299406,0.000531783842966996,8.83749474829952e-05,0.000104342155752997,0.791697147323949,0.000122111191874014,0.000925391187736779,0.000216459287695197,6.30859482959584e-05,7.9788704130507e-05,0.00714344527331863,0.000154925356019324,8.12662727255154e-05,8.10246737297737e-05,0.00012153701059466,0.00018514337857948,0,0.000156885741133718,0.000566802981612915,0.000157414461462294,0.000129055825656872,0.00317334075074316,0.000154898533762396,9.85342430527338e-05,0.0215885078352487,0.000452370155253359,9.64444393824738e-05,0.00440475756344357,0.0254418707002943,0.000266556259696483,0.000364828076253844,0.000217576426122947,0.000158953400217718,0.000212212928417482,0.000315650295126634,0.000149844147666779,0.000149882248355646,0,0.00010450995192607,0.000194471399447507,0.0001490030016895,0.000211709485634805,7.34333789688396e-05,0.000105400740826442,0,0.000369386010120874,9.3247039766976e-05,0.000273868770987503,0.000150347205914691,6.64905867754228e-05
0.0016802690389008,0.00048065976877735,0.00050595765134458,0.000950778753151693,0.00050595765134458,0.000611365495374702,0.00268546753405971,0.00106251106782362,0.00193677612713228,0.00221215928671215,0,0.000900604619393354,0.0017853077126016,0.715525310531509,0.0186657126798487,0.000662344561760179,0.000657744946747955,0.000782427367972156,0.023028497514758,0.00117297848836719,0.000699908084360003,0.000839046438479765,0.00371878873738268,0.00147116917083271,0.000716124675749254,0.0457872426077937,0.00141510030610438,0.000699908084360003,0.00236956833379713,0.00583397280758712,0.00131639338930189,0.00104986212654,0.00533702829073207,0.00251865718839333,0.00055655341647904,0.00753574425820559,0.00310757940177691,0.000961319537554706,0.000708340711882413,0.00244496594458573,0.000608637292352746,0.00258389761665837,0.0013319885125615,0.000853317038902304,0.0013850590705558,0.00050595765134458,0.000790558830225907,0.0020314199701485,0.00240540700076737,0.00170807555259477,0,0.00050595765134458,0,0.00176391526351825,0.000607149181613497,0.00324487507062326,0.00129709143344702,0.00062738748766728
0.000599710886162919,9.36388662083275e-06,2.5226960701014e-05,8.38656293527029e-05,3.34917935402032e-05,4.62950968483644e-05,0.00036127216095083,1.95015704967159e-05,0.000154633175780667,0.00321972369299648,3.20190074100459e-05,6.40897585295448e-05,0.000174421576605262,0.000468317803530931,0.816357951738769,0.00102944520533531,3.33394346747835e-05,2.10209217684823e-05,0.0319944634001412,0.000465074147866123,6.18492559101931e-05,5.75710170209354e-05,4.89261752608007e-05,0.000517057734407828,1.29573304432835e-05,0.000220388382114407,0.000607825030966395,7.40650637172e-05,6.3413468246983e-05,0.0031051846051537,0.000298070931901668,1.43681932411466e-05,0.00197703315590737,0.00116944298563367,5.15988270673845e-05,0.00466187903090541,0.00202837602034245,0.000372900266057848,0.00080485709003761,0.0036912050619289,0.000271005428538066,0.00151848636450252,0.000723395280949531,0.000173875961686336,0.000113913382660524,1.04384309871578e-05,8.37694098002322e-05,0.00021117800183162,0.000210307020217922,0.000508703318814366,5.53347228899531e-05,8.98262359644552e-05,1.88812795797119e-05,0.00586491988200542,4.75538213804989e-05,0.00244677256161239,0.000162888578685947,3.44041400075296e-05
0.00160607103967061,0.00011234723516194,0.000110063754772472,0.00030931966044587,0.000144772656692422,0.000134568353701975,0.000649719668033574,0.000157651486089035,0.000223476614116168,0.0548148474674813,0.000146864619371807,0.000209314124990937,0.000272021715729354,9.51913477140964e-05,0.00720261341352122,0.725916112475904,0.000120567764564035,6.82303940373747e-05,0.00656489690979577,0.00236724440706155,0.000119670979538352,0.00017428328266693,0.000102705873517512,0.00157646522001234,6.76612804633844e-05,9.73873528266014e-05,0.00110837159652212,0.000163749166135952,0.000177763511462198,0.00220506765853112,0.000523492843373892,8.403207833251e-05,0.00121774037900214,0.00271685518286508,0.000146142744926103,0.00147323205005707,0.0021182159783264,0.000762245610356434,0.00202341182946095,0.00524064706288824,0.000489776759014581,0.000608944650818118,0.00173736123388955,0.000307492234932359,0.000373874775209938,5.80917411081274e-05,0.000146378459030823,0.000340010229992141,0.000205048798362951,0.00147323205005707,0.000188250123307937,0.000132632152621737,8.49454704882974e-05,0.0397370860248617,0.000125296778789971,0.000647261918961696,0.00037091751346149,0.000139748999835586
0.00460485593835563,0.000141133555769465,0.000679715747713167,0.00151038078997659,0.000197828232018737,0.00287600921506142,0.00272000707398514,0.000654751976080173,0.000756572360500936,0.000957017673319714,0.000660293479852416,0.00177083044193135,0.000217786512632601,0.000565811449826912,0.0011374129942495,0.000282060322446228,0.699359643858834,0.000382915240252733,0.00232075802407987,0.000598638757533425,0.0028012729397097,0.00032845000890916,0.0348073582032581,0.000538873576574327,0.000245475885462274,0.000171290298455247,0.000521218174492831,0.0173779934238371,0.000690921131673985,0.00105095512729646,0.00167975679085266,0.000255729177975441,0.000972306407033944,0.00733674214663352,0.000226296197114116,0.00087504569849812,0.00120682871046649,0.0047706131301094,0.00108901480882489,0.000586581121730611,0.00202527439226821,0.000673098496746688,0.00216153042269893,0.000743613577358246,0.00122635550069927,0.000218033249618211,0.000709852026894986,0.00428333261481616,0.0475299897005546,0.000827192438675069,0.000867480243887053,0.000673860351298749,0.000197024052213783,0.000698430160602746,0.000276794766036926,0.000491938718866998,0.00329288029199699,0.000491473401068308
0.00139683165713534,0.00030245889630858,0.000739221851951861,0.00503622106276183,0.000372166220067198,0.00061056834944358,0.000931409722416731,0.0014044844257298,0.00120305762065834,0.00235917939120695,0.000831499413723334,0.00148924752797146,0.00105327042066331,0.000646242118566301,0.00088662373476327,0.000655193540008883,0.000544831092234431,0.70345348677369,0.00289683158553049,0.000522668603566903,0.000961005610078288,0.000701799157841008,0.000669899196120961,0.000606371921926339,0.00347817457015187,0.000381913430592767,0.000849118981057219,0.000567110430578589,0.000800435864873783,0.00120851232756298,0.00347416781167495,0.0137288497089552,0.000974668150464551,0.00714867354719561,0.000303809159238527,0.000861880889457689,0.0012427115522244,0.00119033284390105,0.00205542524268038,0.000964087731983607,0.000886717666097528,0.000470104699032251,0.00115410910889623,0.00143968716126429,0.0255729818728082,0.0012751741803853,0.00167973493522247,0.00130277868357916,0.00123735263704063,0.000998075514638147,0.000887975542616479,0.00242424298462822,0.000459713892787768,0.000533438248762985,0.000473021654596232,0.000589952378476896,0.000862304106196926,0.000580130823117384
0.000646905596246457,2.40952516187839e-06,5.44039368416144e-06,3.31649608841578e-05,7.67923991087378e-06,6.59893157891751e-06,0.000271422142140208,6.38408444890475e-06,7.95187130961969e-05,0.000437039531539802,8.18980066792981e-06,3.0986896983649e-05,0.000130663216235178,0.000114539687917535,0.00152817532163146,7.78189820477496e-05,8.30397794031897e-06,3.90704344933251e-06,0.826187029527373,6.5433872382513e-05,8.45362597719617e-05,3.13143075737672e-05,2.04862538131726e-05,0.00012810784667981,2.78455696845055e-06,0.000265369582138001,0.000201668841632396,7.3079775609176e-05,2.58477053153336e-05,0.0230323610301585,0.000121969929004864,2.84189427435767e-06,0.00538592606230638,0.000421036823502894,1.48345037525188e-05,0.0111982838004463,0.00318779238745043,0.000747974029039851,0.000171358208336144,0.000443726707282806,0.000406871573387355,0.000866353575162905,0.000719279006187029,9.68685878811083e-05,3.94748309723035e-05,1.09724734870824e-06,1.89658975842487e-05,9.99468247264895e-05,0.000117665345692214,0.000129941181042108,1.24020162574219e-05,1.63371286774438e-05,2.63414893857912e-06,0.000227335110348671,1.49000683417238e-05,0.00492075519843855,7.73159078412708e-05,9.46934104719501e-06
0.00235598660421491,0.000105823958447105,0.000245392510227956,0.000257726993911678,0.000234689034248502,0.000128848682345753,0.00091538832105773,0.000123635542137741,0.000398276381269923,0.156379162241066,0.000131728695904008,0.000192114595485594,0.000252850429061879,0.000114493981925595,0.00414308764720563,0.00231184667978386,0.0001472433586971,0.000105927112535039,0.00489938651018904,0.65168895428137,0.000215191563209181,0.00452740389917176,0.000173756895371217,0.0183463924825733,6.11103694804126e-05,0.000229085359948274,0.00198130510235471,0.000252232503565679,0.000177192222503736,0.00202759253132745,0.000591260236921983,6.75477239353884e-05,0.00103950827950062,0.00328373758655314,0.00038588730719287,0.00152501842791059,0.00123446686748736,0.00116000069648796,0.00310378251002653,0.00267799620414062,0.000992176118588681,0.000634123266760689,0.00413333681577313,0.000723683234696447,0.000218303116002574,5.69572375739777e-05,0.00017393316424153,0.000547787780118747,0.000537372119270393,0.00444365122204617,0.000255973835268986,0.000264382299409694,0.000138054554354111,0.00471858984404474,0.000698519382679501,0.000652328581843997,0.000461946276924247,0.000133676393407246
0.0158224115880108,8.61679393990444e-05,0.000142568772460236,0.000231202797666999,0.000156523916854493,0.000146727270096779,0.0117896372344636,5.3557581188767e-05,0.000967385364477864,0.000615502220557003,0.000130639149524606,0.000259227113405307,7.6209097417899e-05,7.89677977769172e-05,0.000448124138726456,0.000121306834642878,0.000231687725464482,6.53036100611519e-05,0.0048079162106237,0.000150820005445115,0.689508351899743,0.000157366993940315,0.000594512109129685,0.000226172402081052,5.12945848005093e-05,0.000117239975847959,0.00145149900224817,0.00316853931257647,0.00118928003524239,0.00228946360688565,0.00257873357999338,0.00011278858994246,0.00106223082641873,0.00277561426577181,0.000132614061572,0.000485370817940764,0.00184803172445441,0.0540298422973572,0.000887110982721594,0.000818442071055828,0.0125625980877746,0.0010016038593157,0.00569815931153484,0.00106993813295845,0.000342231670248467,5.86493230623466e-05,0.000173848411426822,0.00537681382440224,0.0280655172219273,0.000598086987482151,0.000107718628081068,0.000135900476436171,5.04716770229607e-05,0.000218041687093184,0.000290129448718103,0.000481350603411944,0.000785653311314703,0.000108303235481368
0.00329036635006784,0.000612211668928081,0.00187137042062415,0.000889868837630026,0.00166569748659301,0.000705563093622789,0.00204726074468272,0.00091451831750339,0.00248515943012212,0.0287154150197628,0.00145318860244233,0.00107327001356852,0.000633197648123017,0.00103883989145183,0.00280509677318735,0.00177500925126434,0.000938037087290816,0.000976933514246945,0.00546557919692248,0.0607616069848387,0.00123616367921159,0.570116217332311,0.00231499843440142,0.0593295380803492,0.0005427408412483,0.00150728570585806,0.00320548035873846,0.00140710588471782,0.000815539527244158,0.00321664405246495,0.0021203745581855,0.00260515603799186,0.00192437024364344,0.00552563270603504,0.00113541383989145,0.00326370707283047,0.00257590442122328,0.00278542353169219,0.0106020293787977,0.00354570124583693,0.00166463425106916,0.00166047976242287,0.00475459692134937,0.00337593557140981,0.00132018042465803,0.000610583446404335,0.00105291723202171,0.00164463096778265,0.00309743150277321,0.0413925432127898,0.00112248673985444,0.00103120759837178,0.00074174581637268,0.00234283129805518,0.0224815645094685,0.00173741681204368,0.00188673855602371,0.00100407055630936
0.00420798002692224,0.000125505613730007,0.000311125874795197,0.00145909315784024,0.0003224133368616,0.00128634214250377,0.00162919797047758,0.000629647160549959,0.000814034213844307,0.00101037899503102,0.000490344548344207,0.00412335906669581,0.00015083355385022,0.000203276480069279,0.001000142955778,0.000267097566056534,0.0101824154078028,0.000214492203687704,0.00308265356604577,0.000352570425076375,0.00215677025207957,0.000257034488841841,0.763131090580669,0.000589610885124029,0.000170559792152801,0.0002311017023904,0.000878287276805401,0.00193552469597432,0.000585503849594875,0.00118509170110123,0.00141755928069307,0.000221398959160267,0.000638824463365655,0.00433154618774233,0.000290695047728456,0.00133121253609765,0.00159121111754083,0.00458166986895544,0.00119484872541236,0.00120705101432456,0.00291450464235995,0.000308236990263795,0.00307275906899686,0.000763429478698065,0.00110178257836368,0.000142306900708591,0.00046112216066718,0.00209446943635882,0.040142549788879,0.000714285714285711,0.000650598335832521,0.000641463590656495,0.000194650546595501,0.000475434418276436,0.000405299790149969,0.000554162957973486,0.00150551675736622,0.000432105538308621
0.00672155491874975,3.31699604258625e-05,0.000193572883651124,0.000573421652446889,0.000392017706810319,0.000258974824069976,0.00222605772672229,4.80057933800005e-05,0.000561248120429967,0.0142930088887767,0.000167470292290459,0.00013325339700897,0.000193100625810445,6.56067016671211e-05,0.00228565973915535,0.000720353352837181,0.000101206134615101,9.19633556109342e-05,0.00537137532667865,0.00797607819357708,0.000258124767737924,0.00142756728466021,0.000158722016043266,0.707812849614347,7.08078551004609e-05,8.52987649814852e-05,0.0026222887079516,0.00021380538624657,0.000262921646351797,0.0018395855550168,0.00097962793556148,4.44308938729797e-05,0.000968869930523269,0.00643182152609529,0.00173716801479236,0.00134425103201909,0.00112119728669124,0.00226492643223186,0.0105797152519268,0.00086104008126257,0.00272728750325488,0.000414424574718979,0.0216971975296956,0.00173541942264218,0.000280174422233509,2.75777961970219e-05,0.000169839286691518,0.000760570972291173,0.000585545224688092,0.07265491976893,0.000200041162414321,0.000362957770600293,6.36145095374178e-05,0.00166484291280947,0.0017858288363429,0.000341556112899408,0.000780454963027431,0.000218227363009891
0.0015274589440226,0,0.00241038318912237,0.00688092295014421,0,0.00305341503826631,0.00225930504051641,0.00146013597033375,0.00250995742343085,0.00197273911736211,0.00252911326523974,0.00264215080346106,0.00214256283477544,0.0026782035434693,0.00313712117983036,0.00232282653481665,0.00291965389369592,0.0211741548879454,0.00667932191417976,0.00137000412031314,0.00256489493201483,0,0.00354346930366708,0.00225587144622991,0.710224646638362,0.00162752369180057,0.00261897404202719,0.00164400494437577,0.00246568212868388,0.00303217589991385,0.00408012320411761,0.00275268612722259,0.002376905644829,0.00755901594862673,0,0.00310511376642403,0.00451901403330182,0.00212343280946495,0.00252601778380318,0.0040327564894932,0.00168932838895756,0.00210135970333745,0.00234576918754916,0.00416151627523692,0.0348887515451174,0,0.012894340839469,0.00304216453783821,0.00246303163484869,0.00225710754017305,0.00186100810328251,0.00600549018348771,0.00133910177173465,0.00243333921949497,0,0.00207045735475896,0.00287454907797482,0.00233312731767614
0.00213043294487871,0.000870731616049092,0.00199044929751388,0.00195266961995803,0.000847128312738008,0.00071889329291987,0.00115891541974682,0.00069946374446257,0.00254585962210117,0.005335652922503,0.000767467164063102,0.00145544981171001,0.00117224942359006,0.0782732031046729,0.00904952338472872,0.00102093445530144,0.00161265252195539,0.00118088477845997,0.0283417978583569,0.00204124550263099,0.000913188777492807,0.00137302142431543,0.000941253680820011,0.000867853164425788,0.00091318877749281,0.69410963671813,0.00201152972263748,0.000738322841377161,0.00151356182482319,0.00847212789035652,0.00156829449623213,0.00119005984300924,0.00509927407714011,0.00617133701768815,0.00139892748892516,0.00988414920541594,0.0089820643679352,0.00312852389687822,0.00179624192880696,0.00276691162289981,0.00276945794548965,0.00194905039034344,0.0021955389756742,0.00182498973009581,0.00165715245551887,0.00077718193829175,0.00101490817823982,0.00109828079174387,0.00147988394083055,0.00103840142310648,0.00077718193829175,0.000922903551721455,0.00170980026424186,0.00199508290256602,0.00205176031709023,0.00320376867694607,0.000976658635786635,0.000728608067148515
0.00460815544307828,7.88855808312288e-05,0.000107752905365818,0.000266744931372509,0.000201555716604441,6.65789241392417e-05,0.00156588276764858,6.84286550001111e-05,0.000608542832697645,0.00269098816484656,5.888212380824e-05,0.00011525856027186,0.000437719258045071,8.28721956048989e-05,0.00182674837024145,0.000348021806150472,6.51975566457166e-05,4.64193158698574e-05,0.00523977410283596,0.000592380062554331,0.000583044205316323,0.000159262541590073,0.00012964531723596,0.00146356521808046,2.17944348901164e-05,7.00625740568144e-05,0.78898716437001,0.000386377427236734,0.000216504441733474,0.0020273347008408,0.000702299821130572,7.36662906576272e-05,0.00132808222411433,0.00289510639991427,0.00538537901814434,0.00114244187949693,0.00168414772733146,0.00328038549100536,0.00142901070149825,0.00626959345539825,0.00321390385018936,0.00135473302764844,0.0257691841852,0.0238779139504024,0.00027682234497552,2.58985817200734e-05,0.000111957008508731,0.000724417296063525,0.000771667286329252,0.00130075303649026,0.00010301520271327,9.98992140279214e-05,6.27415549866978e-05,0.0007431105465424,0.000267432631598534,0.0011194845004526,0.000475428799045658,8.40691289413411e-05
0.012093671761844,9.51648744379621e-05,0.000233257382453921,0.000447681536383391,0.000199775015280408,0.000343717441889487,0.0167726713869749,0.000136337720929077,0.00117516839255005,0.000700866225140636,0.000181660674402669,0.00032858898596967,0.000162711247272735,0.000183318810058637,0.00074328518359547,0.000240537635606163,0.00173474356343815,0.000168110413848904,0.00374148675485181,0.000248152035771186,0.00767155208547065,0.000237251930259308,0.000869342046666013,0.000602035325259854,0.000138166393788036,0.000166926430569852,0.00134328438405038,0.69431372672698,0.000497086064682785,0.00230270550117624,0.00177527914514508,0.000174344173214115,0.000971353511441065,0.00579674278203829,0.000119473293452008,0.000718704555504034,0.00139022900392064,0.0111191481430499,0.00175790233590077,0.000648413010485357,0.00494373314959677,0.000644599367941886,0.00503179214021564,0.000628718930914379,0.000527640635976316,9.7980743307202e-05,0.000203185873217702,0.0680502750050121,0.0217558270130601,0.000941006783881591,0.000158042753032804,0.00017459261482721,9.6716475651626e-05,0.00040653821197009,0.000322258952070948,0.000426188345129226,0.00241908683568798,0.000191165514747053
0.00349558576418961,0.00011111126269537,0.000371419333450655,0.00354331997724417,0.000308719574297515,0.000406766026841904,0.0034115059294523,0.000126445207328133,0.00504652506495501,0.00100175117387016,0.000269334182921103,0.000552344726074837,0.00013701898994227,0.000233351142151833,0.000759120793628223,0.000280734049811494,0.000482265323690751,0.000257580776526162,0.003456481968034,0.000296650397128021,0.00135184359050967,0.000145815141550227,0.000713416162004765,0.000779606178794988,0.000162109480308323,0.000350534143253382,0.00107377511695994,0.000702967842077169,0.656216240166886,0.00181510123656969,0.113676292458315,0.000735720797293925,0.000867803231790082,0.0249392356368954,0.000133015188288113,0.000846359183003805,0.00192209171410578,0.00289439270247536,0.00191381719068719,0.000870681666971973,0.00162064993623278,0.000560828809482328,0.00319120786510356,0.0014625304172766,0.00103275839334735,0.000675485825741381,0.000269812307927748,0.0025586072037467,0.00217157304384483,0.0012255191996525,0.00646280317008559,0.000595291827965303,0.000123874657400622,0.000507739319962375,0.000383473055015977,0.000453509059012339,0.00235396845253422,0.0084582089411475
0.00064096881675669,5.99713610195547e-06,9.68885731328983e-06,4.53672930743397e-05,1.21114942803123e-05,6.65098540157759e-06,0.000299828241006958,5.88383530742958e-06,0.000113913894830084,0.00042802604542546,1.01601422321301e-05,2.69551946893101e-05,0.000195994283082076,0.000127450206993308,0.000681003164009097,6.06943031242558e-05,9.52070106455807e-06,5.2926754651329e-06,0.0583442849200067,6.67407498671909e-05,9.193680362973e-05,3.8741688190954e-05,2.06763727072001e-05,0.000105028598405002,3.11364224924404e-06,0.000363970079554819,0.000223290428935989,0.00011409321718545,4.10819994653821e-05,0.79919110741551,0.000178954870821755,6.77462459537012e-06,0.0100675156750091,0.00047719699296716,9.56181001824584e-06,0.00785316367242869,0.00655837797100331,0.000681207743034233,0.000161886413391196,0.00057633826164878,0.000446906668912014,0.000679033143767037,0.00098614919683613,0.000111368022517268,4.86228778076904e-05,2.51724808707541e-06,1.89018046482474e-05,9.82446569047838e-05,0.000151757225979943,0.00010890928571516,1.44709492595463e-05,1.54154083941118e-05,3.40473939982635e-06,0.000176853515896891,1.97952967190962e-05,0.000817997866508485,7.45879971647254e-05,1.12681592198279e-05
0.00351842659826479,3.19393261618293e-05,0.000486644872592278,0.00179215059234144,0.000271779783788339,0.000244738572983071,0.00262691740061316,5.12343633910477e-05,0.00636477518620098,0.00126488467348971,0.000125546171074392,0.000257230729308883,5.70235825539096e-05,5.94702024810535e-05,0.000843629777802873,0.000173048672413314,0.000199314507998358,0.000124549191701724,0.00351051130955835,0.000179827880211002,0.000722197403035772,9.68300062054409e-05,0.000416710335368301,0.000496918594260229,3.18670954283922e-05,0.000104604392535613,0.0009391516972942,0.000757595435658994,0.00821947271297371,0.00290830322185204,0.712227542301349,0.000193229966339666,0.00082936071993072,0.0971830424405504,8.396667488995e-05,0.000619244804350644,0.00209754073810638,0.00285968073408391,0.00332537970662989,0.000825096156219495,0.0022730663035843,0.000408321206249503,0.00353456947958581,0.000797602643202431,0.000759318491703933,8.01302427432248e-05,0.000255432289561977,0.0035831058145517,0.00180934884548999,0.0011909117236604,0.00216527837887306,0.000292510301829015,2.79281376491541e-05,0.000409139657870849,0.00015865038533779,0.000335123631640423,0.00591721137852797,0.00366543558619896
0.00270307818173398,0,0.00129242354856765,0.0303856696289315,0.00107057446700249,0.00128438941958774,0.00340019335470412,0.00125578792041927,0.00320227174351715,0.00252240000370057,0.00168505662801851,0.00216641075602887,0.00163782808192732,0.0013949719948804,0.00272013552787929,0.000853304838955883,0.000941077698061363,0.0264632681369588,0.00381100734100276,0.000872276860675577,0.00101492603996411,0.000874113233013841,0.00123026399930689,0.00121508166692108,0.00163173159581904,0.000801913193914413,0.00165451223895884,0.00104309774589121,0.00468099792265369,0.00256020910159692,0.00660816820181802,0.70886721575863,0.00333409657558642,0.00936431875651245,0.00122510166778217,0.00258169379580797,0.00127788560088972,0.00220677816723934,0.00233367101020894,0.00301141471191845,0.00145950145471695,0.00200418436341106,0.00343045965142277,0.00290627757445335,0.00824334817784208,0.008781144058201,0.00228581269643703,0.0030762903034312,0.00256359603832374,0.00125171729506945,0.00433848703578516,0.00513670423607838,0.000890911866335464,0.000933787418609423,0.00100069539849726,0.000948768831534821,0.00259958556822947,0.0020611357044726
0.000453261758500347,3.42754427437401e-06,1.6008100634197e-05,4.45347345110384e-05,1.27357838422929e-05,1.26745362662516e-05,0.000201980928834833,1.21081296663973e-05,6.60533925143762e-05,0.00043862871196491,1.51527740451041e-05,3.5374267833272e-05,0.00106135371760644,0.000119701911591533,0.000915683983678466,7.72427355829455e-05,8.37255195524125e-06,1.04251321184252e-05,0.0310832624944259,5.83382758318276e-05,4.59639253137633e-05,1.90951382225367e-05,2.04699678443616e-05,0.000139581309289735,6.39051176457082e-06,0.000116425186447095,0.000172723813093124,5.32499256623277e-05,2.84518293661823e-05,0.0295913524792378,0.000108889616347804,7.74106932503747e-06,0.751173397967422,0.000425986837037792,1.1733812801514e-05,0.0495125055308427,0.0195601764414328,0.000382299562399727,0.000243461575964672,0.000363865514696742,0.000267497477065272,0.000441131591335511,0.00052846843582916,8.27494292914337e-05,6.27317807241239e-05,3.4688399885231e-06,3.23722489612171e-05,0.000103469104999279,9.1951191683349e-05,0.000142879580024164,2.24061368147566e-05,3.32466408216781e-05,4.59379220154988e-06,0.000235559730835536,1.33300575118346e-05,0.000788931277762432,7.02709417550806e-05,9.86871531618586e-06
0.00510035056311943,2.55583545627159e-05,0.00102387380835957,0.00128037023739212,0.000343664220709929,0.000281406762856795,0.00339040641100788,4.56910916330073e-05,0.00836702236169371,0.00170179902990661,0.000201781902815214,0.000233358740686412,4.03750399891291e-05,2.84752894282114e-05,0.000964435054719668,0.000234891075374047,0.000216296674561183,5.6897113632184e-05,0.00357793364316801,0.000241399257017837,0.00065036298747001,5.45279319564686e-05,0.000258927808795205,0.00104076907052434,2.15734422053119e-05,4.97273705180862e-05,0.000891389055966141,0.000786028323855302,0.0010302151860429,0.00178973298892782,0.0356204825176049,7.79709563658134e-05,0.000735158770285917,0.760230850235296,7.90424597728493e-05,0.000806610236264857,0.00146343617040634,0.00411372210010099,0.00959972907418023,0.000470751875467393,0.00308926023710114,0.000259818372312927,0.00376954898595236,0.000596810434604379,0.000665086970963,2.35454926545898e-05,0.000257454845008752,0.00594030180117631,0.00136808084873745,0.00183334232943845,0.00138372366760587,0.000324886052821981,3.96880338468871e-05,0.000527739459044235,0.000290965477947002,0.000207280779138921,0.0146570442155004,0.00142379054434601
0.00641834554374965,0.000136584686855676,0.000225885101958418,0.000387171699584262,0.000273505150123341,0.0001360047094168,0.00135709047005028,0.000312792377831044,0.000754055961340747,0.00200882750878382,0.000146589297676316,0.000612166186735332,0.000487273317795207,0.000278606662200835,0.00137655414435147,0.000385528849081613,0.000345213446196939,0.000154273998741444,0.00317865776325649,0.000596529102710208,0.000411444980705739,0.000340156767901724,0.000469096297608565,0.00369436802821414,0.00010961573594787,0.000235470840184313,0.0421955714183588,0.000411715748963245,0.00045696203549757,0.00202391953039983,0.00102007031926458,0.000273650631586171,0.00115657057758635,0.00233257784967817,0.589913498886632,0.000664268591769959,0.00136417312931744,0.00296233878676033,0.00182368547167863,0.00193442648993997,0.00630211050007546,0.000765570219318465,0.150328781014766,0.0196447152770975,0.000526210894032582,0.000110552622579901,0.000210858047621942,0.000664974132506242,0.000786605805528544,0.00202822208042194,0.000270920192911809,0.000237589018656735,0.000122404238475117,0.000517629864198279,0.000503477597820033,0.00052862114395457,0.0005676584244164,0.000229022855716791
0.000432439262654259,3.95702238647233e-06,1.14460130464965e-05,4.5445894024143e-05,1.07649521297481e-05,1.53391447776675e-05,0.000173740749511911,1.14005440296415e-05,6.96045570152364e-05,0.000490507786442115,1.95702360300052e-05,3.01243300553344e-05,0.000504299513590288,0.000186361367059816,0.00165171124828717,8.59075294918183e-05,9.1608258828415e-06,8.44027646999774e-06,0.070191814149945,7.84985508866875e-05,4.06004783584297e-05,2.31878390572991e-05,2.75044126506728e-05,0.000172845313477341,5.66327872760189e-06,0.000146056684425166,0.000181910345692474,4.37624654342483e-05,2.20114297135817e-05,0.0192903684316437,0.000100463898647038,8.37598118306137e-06,0.0404873696956452,0.000446444284678082,1.46819214847727e-05,0.742766090206814,0.00474390943927779,0.000283152971857218,0.000291775316594585,0.000367054322188441,0.000196764522787281,0.000447369903949771,0.000434201963702085,5.67464980019861e-05,6.83006411716393e-05,3.90817025824428e-06,3.24088804775481e-05,0.000108408126657103,8.7543460943739e-05,0.000191349650047898,1.60357894800245e-05,4.32405054985528e-05,4.44616429470132e-06,0.000274377698718441,1.85146430417684e-05,0.000901442498756065,8.61671053310532e-05,1.18296428401593e-05
0.00061644636949527,5.32446746114535e-06,1.46687337657246e-05,7.23006770181286e-05,1.37116759288669e-05,9.57369451325164e-06,0.000323331955417234,1.61262486513977e-05,0.000131620897648061,0.000365050790867114,8.96929511152471e-06,5.50052177182093e-05,0.00125263341913267,0.000100167060850709,0.000564466410927213,7.74409274130956e-05,9.59513407060569e-06,7.43217770307257e-06,0.00997743658733136,5.57418105786486e-05,9.37985499882244e-05,3.59043698426085e-05,2.94068164627033e-05,9.19651383180008e-05,3.4466418833307e-06,0.000238015942201746,0.000231799585101824,9.99887862705364e-05,4.35571018696467e-05,0.00882648814667044,0.00020943129266934,6.54663874965974e-06,0.00869286488960739,0.000592764270917603,1.68848567887306e-05,0.00334636372382857,0.846319115136343,0.000724899322789641,0.000163874386366619,0.000462895114796449,0.000501339123719252,0.000491966789812369,0.000988111405655738,0.000127045183423639,6.72224351727862e-05,3.58750081087422e-06,2.3584324797173e-05,0.000127874547774875,0.000174427466405947,0.000140865338921342,2.37112022072813e-05,1.97200106255784e-05,5.57850873789085e-06,0.000146431898094982,2.2054914922243e-05,0.000654900713176345,9.08102290812325e-05,1.17834823628478e-05
0.024825983686434,5.63444847120824e-05,7.75958026736901e-05,0.000151591919945877,0.000130732169225955,5.57672054352956e-05,0.00875985411301983,3.44742724509102e-05,0.000841877645546777,0.000881780479316166,3.41945887963833e-05,0.000179939272906457,4.51686069888923e-05,5.98176756753284e-05,0.000585239712028293,0.000141380346352599,0.000152968262473667,2.22053557853852e-05,0.00964707336522807,0.000154533297122202,0.00587278141909173,0.000178036565691516,0.000281129060837577,0.000423236426831873,9.95628425344717e-06,8.38469817116431e-05,0.00136576466949154,0.00127590837163894,0.000515234935231759,0.00277475093417029,0.00136721870877493,3.3768617503292e-05,0.00158272730973918,0.00327913052269094,0.000101397559328427,0.000878195329022004,0.00279858163906678,0.73047502730819,0.00135078584496531,0.00061583558443033,0.0701287697189371,0.000636530670261492,0.0151395624642623,0.00101774980161798,0.000115598575252753,2.98858720496637e-05,7.08044984023981e-05,0.00240684014709461,0.00375108836505292,0.000714138629570414,9.15792486342702e-05,6.27424903941066e-05,1.42583823876527e-05,0.000234766296816787,0.00012702630240395,0.000378505294678706,0.000741138252141775,7.06001266616645e-05
0.038840898390783,5.03654455185378e-05,0.00174509517427321,0.000712197110588791,0.00130717987477655,0.000151427418680815,0.0106708948973217,3.5342150431558e-05,0.00140795511052506,0.00264317328951174,0.000164601556003308,0.00016172140457589,6.11265540942336e-05,2.57975746504146e-05,0.00160691404702163,0.000323082038618076,0.000109211253394999,3.68068071005566e-05,0.0034568130613364,0.000462447695788661,0.000475327203841961,0.000125061105509144,0.000184101203350111,0.00218652798647351,1.92645452156716e-05,5.13807979317516e-05,0.00118982122016202,0.0005589778649239,0.000342515544700366,0.00187838786079308,0.00228071314713966,3.34213813863649e-05,0.000774321796492946,0.0208512080100679,0.000184600269255071,0.000989238816263774,0.00107376735231106,0.00500739880236209,0.727184119843161,0.000576787903604515,0.0049915188860368,0.000237549357918638,0.0133420940444602,0.000943986165652598,0.000352436734377278,1.6467787284698e-05,0.000149930220965936,0.0025495413103306,0.00102028913353139,0.0259976658146469,0.00036630836139827,0.000308224305471622,2.00303156318474e-05,0.000732857236485683,0.00101113157481749,0.000198946910812109,0.00135097140472621,0.000297593600411755
0.00207687913624587,3.54533234410804e-05,0.000132425603437289,0.000239076902097851,0.000132085765403133,5.37639325328463e-05,0.0013778707699281,9.75225141457703e-05,0.000563834015359969,0.00410709819933778,9.91892803133271e-05,0.000130414471626014,0.000116699639343551,0.0001263468906741,0.00470768297384643,0.00143034847337644,0.000102089145260068,3.73802489503521e-05,0.0106105095625178,0.000551082841031865,0.000288859343761344,0.000214064186218797,0.000155810623670975,0.000454310801556966,4.6267271517702e-05,0.000186610534916075,0.00590053524579324,0.000216339799496319,0.000235211814896921,0.00437897942278871,0.000891897775873812,8.53759426208752e-05,0.00186622437995964,0.00158415114435615,0.000282608874198368,0.00158968607650324,0.00311769932034604,0.00166134261741823,0.000719838756118626,0.769493986385495,0.00143384500309301,0.0342790250949062,0.00446917501062647,0.000918798736416648,0.000357195731016117,4.98871303675429e-05,0.00016587011025388,0.000453551980214221,0.000700168916606662,0.000752825166253289,0.000132824484603583,0.000149497128600199,5.59363597289062e-05,0.0020924721708968,0.000238804410177882,0.00358255922645217,0.000311752780481303,7.92110289494402e-05
0.0191726181397713,5.56792882600528e-05,0.000135888357747003,0.000190853465906074,0.000270924017517408,7.02068711989581e-05,0.00603826350603856,2.72888253586462e-05,0.001000819724367,0.000819108065413512,5.11469594951708e-05,8.35292617037375e-05,3.77852025773982e-05,2.7511031749282e-05,0.000584286346435058,0.000148269188339234,0.000137239540149965,3.22884758356717e-05,0.00556633326480492,0.0001285104839681,0.00211709868651426,0.000115471852140322,0.000166714986873962,0.000397282062403754,1.46101320457517e-05,6.16497243608368e-05,0.00141233619109138,0.000970820974053636,0.000586027128125616,0.00256705291044318,0.00157832134713235,3.84349293699824e-05,0.000894161705817277,0.00272077150233547,0.00010149549762529,0.000573376727020321,0.00191702232134082,0.0827180913472705,0.00176510938499091,0.000775512836989112,0.6864034494465,0.000616798958506529,0.0520881346741375,0.00148622210216235,0.000153751741717666,1.37273070455403e-05,5.96272817044169e-05,0.00204726739118217,0.0018032660221709,0.000911585741185809,5.32788375256386e-05,7.14622310958902e-05,1.76456876955906e-05,0.000157043376798163,0.000259466653676115,0.000229247558018051,0.000669044033840533,4.27218185578783e-05
0.00209968180700966,5.93078114816185e-05,5.39742558476773e-05,0.000175046176108115,0.0001128650941738,4.04993551830773e-05,0.00151180822764159,4.00742467441357e-05,0.000268339152737515,0.00144458992800268,4.77987781346612e-05,7.41174835211717e-05,0.000155258149590513,0.000112643367821031,0.00240682490816643,0.000441589843530968,3.9659506803705e-05,6.04403705497182e-05,0.0192318483001753,0.000225328209636106,0.000317431581907299,7.87389381501848e-05,9.04381329962851e-05,0.000270193645282993,3.73265946387807e-05,0.000285255478621776,0.00142168681640095,0.000203637310751571,0.000147465614983895,0.00601734120556624,0.000458067303582791,3.95039793260431e-05,0.00243315638634096,0.00101875231313312,9.77774698586595e-05,0.00232769861339004,0.00384020671468111,0.00149317535961131,0.000391006221937599,0.0326892926959238,0.00111586231777217,0.785979114715418,0.00312986538975091,0.000430824785867885,0.000219733510853467,2.26292479997611e-05,8.91102807831791e-05,0.000400774023741171,0.000430023107235778,0.000316568489860935,7.80811418464288e-05,8.85914137041854e-05,2.14627919172992e-05,0.000675337499359967,7.04238452882479e-05,0.013597611844475,0.000224353570776093,7.54308266658693e-05
0.0201774632082707,4.90519591709521e-05,0.000103235489270989,0.00020013315012855,0.000259191099593387,3.83570022380234e-05,0.00374071651925661,1.45094177905002e-05,0.0009116062201762,0.00109903027435507,3.31503137143105e-05,7.74472377456528e-05,3.7091871237632e-05,3.56382879973731e-05,0.00079393840549243,0.000176850603540496,5.9535651219528e-05,1.35544688215721e-05,0.00536123883122151,0.000255182863403677,0.00059929373005746,0.000126114537110245,0.000139487956966789,0.00105899249795508,5.718483405118e-06,4.83489326885031e-05,0.0030268113103419,0.000571920464110053,0.000347312105345897,0.00290481870243898,0.00114965487704256,2.36208868175118e-05,0.000762416459039434,0.00284835117035592,0.00127611495175537,0.000640800598587047,0.00201812685804486,0.00944148282802955,0.00217410921966552,0.00107374806822187,0.0203584535752174,0.000708746666899697,0.791419697194921,0.00428959073991327,0.000191496939339377,6.9947605141883e-06,6.06095247640772e-05,0.00113876486937475,0.000913251425019363,0.00115727453849775,6.08034716764828e-05,6.68581821832959e-05,1.23985300964144e-05,0.000277945988950461,0.000225491151606827,0.000294114919475468,0.000528690366117372,4.46292006908349e-05
0.00818666786546487,0.000128563422860889,0.000201184675998673,0.000488353448923265,0.000357803801688803,9.23996770160978e-05,0.00310943170775645,6.77920384814215e-05,0.00100251128678282,0.00155122207378407,8.89941167313092e-05,0.000280057080614518,0.000113652729805034,9.45756424638825e-05,0.00104420861564542,0.000197133698768187,0.000133212608206425,6.85624137212274e-05,0.00621091486219847,0.000422332046905582,0.000766807362575536,0.000228974157111197,0.000179416289016413,0.00138018158535199,6.78605412359812e-05,0.000103243437229686,0.0238745386011393,0.000390896170067764,0.00048000755646958,0.00253566994739947,0.00132292919826135,0.000118732034964732,0.00122976172908398,0.0027693215812018,0.00244167178924867,0.000930941730914755,0.00237425567824777,0.00566797003395401,0.00155447967760146,0.0017822513365134,0.00748167353532432,0.00096501626684466,0.059066546656542,0.73862824257812,0.000354353551773135,4.74167504219872e-05,0.000155418819499121,0.000932342500556233,0.0012206241503762,0.0010424820856222,0.000117019052036695,0.000206914661075524,4.92106663070272e-05,0.00043298260160855,0.000385723777029803,0.000890628883674548,0.00048952012563926,0.000129682493300464
0.00160182055035683,4.67100998733797e-05,0.000151584880182227,0.00612521724883073,0.000103268785747802,0.00120729986065705,0.00117447000283635,0.000509254593513861,0.000774840884153763,0.000765912850014085,0.00188880646665246,0.00236447619106537,0.000100516541842906,7.1243347320291e-05,0.000637874061197288,0.000124230900240159,0.000393028177632812,0.00199369329292332,0.00231418862869332,0.000205200185466261,0.000370285136612469,0.000103373044104392,0.000692168694009974,0.000536642807959997,0.000522207981109494,7.27461437081266e-05,0.000578072635673778,0.000400004049250126,0.000467556122783841,0.00133578387952281,0.0018067669718414,0.000709485799598483,0.000777957494496485,0.00751128869072559,0.000127531171782162,0.0007880103203388,0.00125149480130648,0.00110881028719494,0.0015829568561772,0.000554873806806898,0.000881813261706595,0.000305833449674931,0.00156491332261407,0.00047404493752223,0.790845287525816,3.89400544136733e-05,0.00470451159575886,0.00179097302168355,0.00108415860237882,0.000630023952439304,0.000723358230597668,0.0163309678963827,0.00198408569712996,0.000473138943081974,0.000184408157606617,0.000323402394401842,0.00190687343337606,0.000407221462675377
0.00902075456470048,0,0.00512190124974391,0.0121092528493945,0,0.0098340503995083,0.0216514753255132,0.00676090964966195,0.014403407150795,0.00727309977463635,0.00512190124974391,0.0170047121491498,0,0.00722188076213891,0.017080192799146,0.00737553779963123,0,0.014756766600651,0.0192091784470395,0.0068121286621594,0.0101755104828245,0,0.00894625418288603,0.013880352386806,0.00676090964966195,0.0060438434746978,0.00942429829952878,0.010185266485205,0.08343183143429,0.00903503380454824,0.0301467612094683,0.0406500806142719,0.0114218397869289,0.0185164490634681,0.00471214914976439,0.0112985347568425,0.010430053454024,0.00762769293808015,0.00973161237451343,0.0383886498668306,0.00618725670969064,0.0274533906986273,0.00955686515540451,0.0072218807621389,0.0118535428922645,0.528522309220313,0.0161852079491907,0.0066926176329987,0.0217373489039131,0.00937877028841995,0.0098340503995083,0.0205621053807901,0,0.00737553779963124,0,0.00794919073960253,0.00696578569965172,0.00786100496156347
0.0018984388095152,0.000447413470767385,0.000272861344587045,0.00359283206566955,0.000322634825031144,0.000927672771729999,0.00163999526073138,0.000882111121675411,0.000712347751627264,0.00209199469916666,0.00234015540068586,0.002395051551434,0.000578399090685379,0.000475414858053509,0.000854679572059665,0.000469808918030603,0.000563320061539354,0.00103214653254873,0.00261183403072248,0.000354468648566302,0.000552697672420187,0.000388646066472143,0.000782346944332048,0.000889774106005838,0.00095731880164383,0.000242562017366031,0.00104308258826562,0.000988662025233813,0.000763470935373579,0.00143266155874693,0.00283460286519696,0.000483122214540435,0.00122219858235129,0.00886540992267667,0.000696047528093836,0.00108260274076468,0.00140587762308195,0.00147945904633937,0.00162982823899872,0.000855411945300504,0.00124649925590878,0.000661228411729351,0.00150589254193702,0.000949634004693403,0.0293232056091384,0.000279100784145367,0.775365460615642,0.00174084296456261,0.00144764093655957,0.000771998487764892,0.000931978238660995,0.00386629386533605,0.00101827858780269,0.000540349702080012,0.000350721622682937,0.000632770480085303,0.00174597780616131,0.000607288541292919
0.0224825666564615,2.64666796034918e-05,0.000187495193076255,0.000511052698835677,0.000189770302533181,0.000274936779706601,0.0429839694859764,5.85573118722364e-05,0.0015075237230714,0.000878954705293138,0.000122441731455511,0.000156303209413681,7.1540499379865e-05,3.63614838867889e-05,0.000764077653381197,0.000160284481297188,0.000402360198025383,6.19062135123909e-05,0.00344121028750048,0.000194665639532215,0.00653301313378059,7.22977111267013e-05,0.000326264614645738,0.000496585970223706,4.48845739187957e-05,5.59918530947723e-05,0.00089640538133154,0.0244909700826871,0.000446489136698114,0.00217486436137065,0.00273529498890641,7.73669741053896e-05,0.000751038886408937,0.0145240144937516,6.03736809627365e-05,0.0007616058025428,0.00123005600445855,0.0150384844525112,0.00324402355707332,0.000386672316011176,0.00689769484054021,0.0003984899295812,0.00624601254022125,0.000509890633501292,0.000492075581044481,2.8604252274491e-05,0.00015615353034219,0.70699417777693,0.00620631520663728,0.00102030321160193,0.000338003444125295,0.000267511379180103,3.43962897825611e-05,0.000248888789796007,0.000136385765143468,0.000226336843899879,0.0108242446693503,0.0003321143333629
0.00761623838798486,4.52637800993407e-05,0.000125168054582756,0.000558091989274291,0.000137299352192609,0.000182127120716772,0.00483213709335649,0.000112178856209881,0.00110890590013452,0.000756370217615057,0.00011980283393222,0.000651538391580069,5.12134977013867e-05,3.60733639855679e-05,0.000630855587869724,0.000118431455632705,0.00176897691493203,5.07714341184141e-05,0.00331248806893521,0.000136825452584925,0.0222678351416766,8.53387500406722e-05,0.00332558345441696,0.000403697050733582,3.40289419205373e-05,5.36058074363449e-05,0.000964177830797856,0.00781066705418925,0.000671164284257439,0.001881456308604,0.00186659940473396,0.000125469210804309,0.000802633705432465,0.00391197144394807,0.000101583757982426,0.000561907180320155,0.00151983806541904,0.0115888232500355,0.00111711199799218,0.000716267747770361,0.00508909536595897,0.000495072594836537,0.00455348206987381,0.000878868784168728,0.000466450069219935,3.47290239285153e-05,0.000245748610131523,0.00472699592750697,0.76934740950934,0.000749693633284796,0.000197488384631698,0.000227699881811565,5.51477272906935e-05,0.00025542188485698,0.00011246059066363,0.000322872094761613,0.000989002350913845,0.000124482325288511
0.0162528234184092,4.76713404971604e-05,0.000580735094507704,0.000338788263808976,0.00091036903702559,8.4760154356821e-05,0.00370465507269785,4.24623959430944e-05,0.000778705130031488,0.00326245746375641,0.000105596036605244,0.000150812378972925,8.50104349749474e-05,2.42715978601495e-05,0.00141694472395081,0.000374222070792745,9.95220658803096e-05,5.30980243609163e-05,0.00291089390567989,0.00104345155031566,0.000353530796641639,0.00037122810612391,0.000114352033452033,0.0140841114088425,2.64006122975527e-05,4.03793350100368e-05,0.00141097246982083,0.000287263856131184,0.00019259343928603,0.00156509894943504,0.00117292876583697,3.47428835687466e-05,0.000785555195792119,0.00700006966062297,0.000259667652992531,0.000835190740943238,0.000979778856677936,0.00355232340436418,0.039367735481748,0.000940481110998526,0.00363442230464177,0.000273186486095179,0.0089339592213861,0.000916584256874767,0.000239164481333707,1.57360643789115e-05,9.16141819831322e-05,0.00102137302028397,0.000768853261998177,0.75651865268204,0.000224664914220243,0.000163092698413013,1.73311814169356e-05,0.00109963149467745,0.00335085779752547,0.000173070140362876,0.000715722145532136,0.000139564211669977
0.00250431440530603,9.92611003688527e-05,0.000254347600318646,0.0241411195927084,0.000266099157868821,0.00707295759928311,0.0015751873488534,0.000177558256339804,0.00193131891417678,0.00138270712813814,0.0010369763998534,0.000296385257439393,0.000157388400744854,0.000106937292130711,0.00127343360373208,0.000290564311988824,0.000400167222610613,0.000270400928591014,0.00293053293888986,0.00024087360356175,0.000267396169580307,8.67825620367693e-05,0.000859623435059526,0.00088802689046474,8.20558429715859e-05,0.000116135487431558,0.000646060292400756,0.000509962084004906,0.00427275880087757,0.00156629700682036,0.0235797764916225,0.000428579767155817,0.000756149004587623,0.0393581483782549,0.000182971295013252,0.00106761786996727,0.000925933438440766,0.0018521258188825,0.00389742237048282,0.000540803526838892,0.00146789904645471,0.000313241563137336,0.00198448833837436,0.000476453281770497,0.00182485059478114,8.84326166922511e-05,0.00116105277531447,0.00386678090036896,0.00110517963619476,0.00126920421771636,0.655526823542938,0.00156383705781122,0.000166531766104544,0.000377942154159985,0.000165015526857097,0.000289689703691869,0.0116302936592182,0.0608078248129619
0.00177258136884173,0,0.000268812508612671,0.0533624263487059,0.000223168258426229,0.0022557508619848,0.00131292927830234,0.000391088234552011,0.0010534859583873,0.0012044612581303,0.0158377022222368,0.00191649690255924,0.000278416540726682,0.000233391365781037,0.000934456793251998,0.000211811794265009,0.000509750490158969,0.00127495319002396,0.00178451147978353,0.000352202981341143,0.000377994615751026,0.000210963366666943,0.00103572560854536,0.000673751110886827,0.000353402726425204,0.000174152194207941,0.000389147350013291,0.000456859367624783,0.000844432450340567,0.000830858420122265,0.0020471110482152,0.000881668857219532,0.000704379347177012,0.00894388075812976,0.000177321367995802,0.000890658051357465,0.000924437597308241,0.00107303188069216,0.0021628468371219,0.000435598731033283,0.000742982595652184,0.000306815027880803,0.00188975699872416,0.000554679346942622,0.105659713194648,0.00011083837062188,0.00217923359870288,0.00214824273579659,0.00149071535687761,0.00112191037552149,0.00159369826857066,0.634576245201901,0.000735964430168532,0.000532689147062223,0.000329640833961941,0.00026962497190795,0.00281495767141787,0.000843129737076807
0.00311768713528244,0,0.00143771184826903,0.00528113138083813,0.00090346278029562,0.00195725584288634,0.00295730662299577,0.0018912830974542,0.00171718914171907,0.0089935856462373,0.00260780131834125,0.0402192265637376,0.00192170976628455,0.00102194970230161,0.00201612903225806,0.00130187505554074,0.00123259311920113,0.00186376725966169,0.00551334458959092,0.00125522083000089,0.00184173109393051,0.000939920294759002,0.00303137554123498,0.00296217305014959,0.00158134468984909,0.00137741046831956,0.00208611037056785,0.00170552809848997,0.0014396161023727,0.00156272690426184,0.00277838367681076,0.0012579978672354,0.00288461088738909,0.0187814650392746,0,0.00253195267858024,0.00325627451727158,0.0024235252665566,0.00222718386208122,0.00152137207855683,0.00195329175836335,0.00279925353239136,0.00298535527402032,0.0030087214837948,0.110458467114084,0.00100713883705086,0.00475266216271867,0.00311980297317541,0.00233325313791661,0.00164696821588317,0.00262675051358853,0.0102745548047091,0.637868066100248,0.00193726117479783,0.00168843863858527,0.00146223633293748,0.00222583287099416,0.00210082866791078
0.00153426233614543,2.04056800344025e-05,5.47986697662385e-05,0.000202528838795552,6.89808173553528e-05,5.01511971015679e-05,0.000565378632321943,8.79889983993699e-05,0.000187837554041188,0.0343007775221281,5.4531418439514e-05,0.000110903092714206,0.000151465349627338,0.000102024006184062,0.0149249148194296,0.0133087189681004,5.73122494793394e-05,3.96062198065124e-05,0.00697913688442331,0.00183633047646146,7.36900735569014e-05,8.331269672482e-05,5.9929876258444e-05,0.0012807275121109,1.81383822528022e-05,7.60998152849927e-05,0.000785743273171185,0.000106530444019245,8.1876124007317e-05,0.00218627063787268,0.000568560516406749,5.23997709525391e-05,0.00123492563246846,0.0022775389575703,6.61401418458511e-05,0.00180420494799076,0.00135744733770992,0.000775718421506404,0.00146053271486707,0.00424482504889559,0.000487892087666346,0.000767696623376939,0.00159020407531113,0.00030636176703287,0.000228252263143803,1.67528113862687e-05,7.81833707250046e-05,0.000246116817162113,0.000291473725923498,0.0014219571623329,7.32877489799568e-05,0.000118141822630738,2.10606771713092e-05,0.776478259259455,0.000143529807391736,0.000722958566425506,0.000366807980655981,4.91454346102786e-05
0.00656766348122844,0.000340380156918428,0.00267662452204319,0.0010287532270847,0.0148376980000086,0.000233185402026679,0.00274359407587493,0.000207898620645502,0.00176123933157396,0.00267289016030536,0.00027866637145845,0.000597608525807866,0.000257034735317838,0.000335926584771832,0.00168164646982185,0.000558409430688612,0.000425846327160253,0.000604136743364367,0.00292433718398586,0.00109001869836415,0.000512130500449413,0.00338407860682084,0.000646690934960889,0.00423435128161635,0.000579649544003149,0.000572443076985717,0.00198502072819722,0.000380904897258575,0.000542165148634785,0.00220235504895112,0.00200817377097176,0.000442549050941577,0.00103583282006284,0.01092416988458,0.000361421013080409,0.00117188280760165,0.00185095212618288,0.00253720835049757,0.0142834357322984,0.00124617096449961,0.00311047437016255,0.000688104163417373,0.00640550919599026,0.00127833962366443,0.000480667679536213,0.000241765345100937,0.000271116506295649,0.000948957898820854,0.00159487922984627,0.03869329869616,0.000394089080234394,0.00043970667760196,0.000390896389552678,0.00113748567341073,0.696876048733255,0.000622521293458296,0.000810368352225564,0.000399752635878481
0.000527483622826016,1.19218516662352e-05,2.54755067792864e-05,8.58982960110947e-05,3.50605608857502e-05,1.91122184524334e-05,0.000258007659932236,1.79266078363611e-05,0.000139800086956477,0.000522162524629877,2.75212914735803e-05,5.67991075812771e-05,0.000118827126202429,0.00020649262616304,0.00218115459647542,0.00010679614160415,2.19684954141356e-05,1.73015872306239e-05,0.0898691159514823,0.000154765504380508,8.50475093240043e-05,7.51232609427745e-05,3.66911776368762e-05,0.00012303642486579,1.28532463276599e-05,0.000494128355229399,0.000556815265485281,8.35626820017824e-05,5.97942525811687e-05,0.0049453946473387,0.000186325906972195,2.9352902754797e-05,0.0027611154242513,0.00047453019173622,2.56064902811457e-05,0.00334277220021939,0.00305601117222637,0.000479132091272059,0.000170284861177259,0.00173458082293315,0.000330476643858281,0.0111869942369056,0.000664384059704214,0.000185116224224068,8.43368230802801e-05,1.39868866869938e-05,3.257117175991e-05,0.000115481474697742,0.000149105026677294,0.000134320068711849,2.59539775224983e-05,3.13053799047495e-05,1.81063122180948e-05,0.000365863161725207,3.98798896769984e-05,0.753014569779152,0.000111482414015194,1.45258350564919e-05
0.00676998653869688,5.72211401858896e-05,0.000431916943428976,0.0011575271710584,0.000245369452889001,0.00158040770093007,0.00572692060603111,8.39082564052398e-05,0.00295382443858869,0.00158135268535436,0.000291370197490716,0.000378437199908849,0.000203444079165394,7.66749862045384e-05,0.00121414748781403,0.000213316961531268,0.000301004663690628,9.79452125411098e-05,0.00693626442302165,0.000326341621074226,0.00106192624680063,0.000106937456153377,0.000478739320717604,0.000875075264071956,6.23805526948926e-05,0.00010000953909277,0.001026154648906,0.00160397325001091,0.000865763230057557,0.00285151018748333,0.0104320571161186,0.000141426106444198,0.00117973430502931,0.102723744355884,0.000185111594168416,0.00127167341464294,0.00251397356343074,0.00579277420809912,0.00443050041177696,0.000790321973518068,0.00371050102916679,0.000479376233296616,0.00538928554610099,0.000816289358010654,0.000721259361842565,4.78463988717303e-05,0.00029110332688941,0.0276777275518556,0.00212026942765916,0.00122532980350151,0.00225959556871604,0.000413734430622243,5.82527560651636e-05,0.000602014139801937,0.000177596172771079,0.000756762692321572,0.643710219108814,0.0011639451902734
0.00213890910144554,0.00016481606885012,0.000302006717069111,0.0180034877759598,0.000177171096500053,0.00245635139284377,0.0018746854201805,0.00022001601582234,0.00231392881160916,0.00148609025595873,0.000694601691022312,0.000302136829427984,0.000269617590890685,0.000123880773488976,0.000775320959042581,0.00038581291943002,0.000359880571740876,0.000169607233642274,0.00226707774099793,0.000234929158293953,0.000497260411971843,0.000156575265407614,0.000840715506479265,0.000743798460737609,0.00018170715665153,0.000188105295970245,0.000607867360376757,0.000506149512484133,0.0102943836198376,0.00139392816184922,0.0564010947027212,0.00045529159391982,0.000614230199616472,0.0553044758778909,0.000227299361123627,0.000680378135152245,0.000824583568691402,0.00150554338128733,0.00339617685916965,0.000411837908366193,0.00100683067579106,0.000337064354671007,0.00195968331012979,0.000691430381656283,0.00089221496439552,0.000179446480758916,0.000317158135709973,0.0050718912737369,0.00122911038112236,0.000912544356630814,0.127667122792801,0.000819718482315062,0.000230252196871849,0.000361087176118299,0.000221178754602376,0.000349768361764102,0.0107174452823893,0.55848550000257
