0.597740548996759,5.69689145276718e-05,0.000648108701876981,0.00133949282700506,0.000950762295957003,0.000199890052988074,0.0861784284361684,9.85232978915515e-05,0.00330145335582824,0.00425862590179996,0.000289434012337611,0.000519878758975597,0.00015389588556731,0.000101940435058929,0.00303464228809509,0.000575051805794866,0.000435647574930086,2.07522490748787e-05,0.0175612665257243,0.00101808239241505,0.00588099283548555,0.000271899359573621,0.000978498475009004,0.00267489506645209,5.11323444753622e-06,0.000126184649122369,0.0043378935070403,0.0033907229465001,0.00123660457287781,0.00624864686356693,0.00613199029034192,6.66715886744601e-05,0.00326002368549967,0.0100642920639608,0.000658958735948582,0.00225416317054458,0.00583664488013082,0.060632534538028,0.0187077784018972,0.00260555461882209,0.0311460828633315,0.00169375267509461,0.0770305526982414,0.00480549256161572,0.00117190345016118,2.13758142514075e-05,0.000464506171299839,0.0088732825767908,0.00650156489916702,0.00688383529498624,0.000662650241793633,0.000401251719792757,1.66866041239109e-05,0.000955276907835071,0.00118978729942403,0.00108492857933894,0.00290122428292499,0.000342387167128437
0.033941622203291,0.0168587185580415,0.0540286060171277,0,0.0704837914181949,0.00430435367439358,0.0333587409765502,0,0.283728646370443,0.00457337577904318,0,0,0,0.0154687710173519,0.000762229296507196,0,0,0.00618750840694077,0.0164103483836255,0.00215217683719679,0.00573913823252477,0.00358696139532798,0.00394565753486078,0.00394565753486078,0,0.0167690445231583,0.0496794153252926,0.00161413262789759,0.00591848630229117,0.0145720306685199,0.0389185311393086,0,0.0135407792673631,0.0704389544007533,0,0.0204905169708111,0.0158723041743263,0.00645653051159037,0.0235842711742815,0,0.00484239788369278,0,0.0262296552033359,0.00618750840694077,0.0296821055463391,0,0.00448370174415998,0.037976953773035,0.00986414383715195,0.000717392279065597,0.00887772945343676,0.000717392279065597,0,0,0.0251087297672959,0,0.00726359682553916,0.000717392279065597
0.00877900922610163,0.000737773879804993,0.301450264898676,0.0055065214068698,0.0408311062037284,0.0015233995020562,0.0165459898097215,0.000337819017568017,0.0617030363716095,0.00722704151959993,0.000737059674693856,0.00167909621628416,0.000236401891786498,0.000449235014905461,0.00348460673723965,0.00117415320270998,0.00108273494848439,0.00033996163290143,0.00719990172537671,0.00182979349473417,0.00139555678716259,0.000231402456008536,0.00158482114161402,0.00389313206081028,7.35631264471581e-05,0.000360673581124416,0.00339604530345861,0.000982032027814004,0.00584362621932668,0.00322963551256358,0.0447385223667615,0.000346389478901667,0.00265755721854248,0.257953031015071,0.000725632392915657,0.00294038244255291,0.00297109326233182,0.00364316027191217,0.112051639886356,0.00321392300011856,0.00365530175880151,0.00104845310314979,0.00889542465921703,0.00455591440394584,0.0049422993690712,1.14272817781993e-05,0.000504943013574182,0.00626714985023119,0.00492801526684846,0.0165424187841658,0.00325034746078657,0.00125485838026851,8.49904082253574e-05,0.00696635665403476,0.0100838619641498,0.000652069266468499,0.00916610839633813,0.00210333405229981
0.00362492815695392,1.8468127664687e-05,0.000830456905537353,0.694731997025617,0.000463631182966785,0.00531719719576702,0.00748121527586106,0.000648921298987216,0.00352690501781058,0.00333572945451239,0.0166948829891903,0.00228761247292694,0.000296606248153187,9.42686296730451e-05,0.00337743495160133,0.000486767079162107,0.00165117238109773,0.00154442254426668,0.00661382211499433,0.00097465036384241,0.000972215006348165,0.000173316275007063,0.00433838642953861,0.00185523504446963,0.000456832476628686,7.54960823215776e-05,0.00209318976630309,0.00129449398141985,0.00794870244152707,0.00339164120365109,0.0223317208560769,0.00408206505326939,0.00273094901010836,0.0332847411864412,0.000348662014592662,0.00170860622867033,0.00452611190305329,0.00350721921139877,0.00533454911791351,0.00179110396378786,0.0023252590408588,0.00141839279393953,0.004973202949705,0.00285322425096521,0.0205033762172728,0.00026910700311401,0.00218908196763897,0.00570512934995438,0.00411260849517637,0.00295439306020528,0.0446291437607764,0.0174929699346999,0.000445568948217805,0.00139677899617811,0.000274079191331426,0.00187421053827895,0.0068888145653861,0.0234483322671879
0.0202812179783931,0.00152793454458448,0.0833446032051516,0.00418979157672442,0.153220625946019,0.000678142863830473,0.0290561135586961,0.0004011640910675,0.0185868360961858,0.00725476325466963,0.00104614752435593,0.00224313794843253,0.000469433506889359,3.18590607168679e-05,0.00498171680025799,0.00172494057309899,0.000812080955823836,0.000108580880402386,0.00665269202561208,0.00426781376623512,0.00246615137345061,0.00155849323547617,0.00200647064025009,0.0121402526878644,0.00015149308463327,0.000448627589686507,0.00534907127587086,0.00216901686839737,0.00315079608640697,0.0051488143227934,0.0226160319995007,0.000542904402011932,0.00270997071567154,0.0924257358792841,0.00100778661451317,0.0018621295896553,0.00471904209557198,0.00610393595938685,0.233446942310393,0.00379187841021987,0.00721900308447723,0.0018920380956344,0.0224138244916854,0.00764617457204829,0.00312999016920412,2.14561021154416e-05,0.000613124372571559,0.00990491695838296,0.00698623688577031,0.0858653701112596,0.00263324889598602,0.00156174416003912,0.000106630325664619,0.00571837630622149,0.0894563413834895,0.00148827326491654,0.00628403718017404,0.00236407234217411
0.00368527610666674,8.53985550564484e-05,0.000641146074885336,0.0703250531770233,0.000307434798203214,0.240971073538667,0.00707362800652182,0.000585965470079631,0.00351316517262989,0.00692385207919205,0.0411831247199913,0.0022216762553916,0.00096566058409984,0.000130068568470591,0.00554565078297337,0.00269465286801193,0.00467721316924548,0.000652970490200844,0.00657568873934653,0.00149119015367798,0.00150432839291744,0.000105105913915629,0.00539981632741543,0.00306252356671664,0.000522901921730254,4.20423655662515e-05,0.0015292910474724,0.00387709439956276,0.00353155870756513,0.00717610627258956,0.0277676686325852,0.00127309538230305,0.0026907113962401,0.0751809463999254,0.00021809477137493,0.00205876208882238,0.00265786579814146,0.00281026937331913,0.00922304394609643,0.00149119015367798,0.000731799925637566,0.000775156115127763,0.00334630953428883,0.00193263499212363,0.0109704297649438,0.000128754744546645,0.00332134687973387,0.0332397452758176,0.0050280041569389,0.00460363902950454,0.193250360973123,0.00873824291816059,0.000976171175491403,0.00121134565787762,0.00065428431412479,0.000698954327538932,0.155359679006539,0.0226608350402096
0.133989890991768,6.71454978918055e-05,0.000860983518161858,0.00213672236960201,0.00116234439504621,0.000335906748988106,0.626066235678956,8.55067953702283e-05,0.00419057561976165,0.00317670933180037,0.000349735341231269,0.000510198228260275,0.000108247147058986,5.11145742913973e-05,0.00263362978420635,0.000559340947731814,0.000445152627709098,4.67611285852162e-05,0.0101101862229935,0.000697345176617756,0.00951473728440456,0.000207736185697302,0.000955786200539991,0.0017803288172907,2.24330496389098e-05,7.6748686949558e-05,0.00357315458460855,0.00624327648723436,0.00175994444798411,0.00487224839183716,0.00665641848475095,0.000151115783012793,0.00262643379453908,0.0115549412018501,0.000297622035277866,0.00136385771423409,0.00464100359932648,0.055513014139377,0.0142569713006518,0.00228522608519109,0.0146139026315504,0.00147699608558649,0.0204525903616556,0.00303296879798393,0.00160690802715976,5.27279100530997e-05,0.000418724651422163,0.0232266571826425,0.00734177888142463,0.00428028220981314,0.000640622339916631,0.000450504805077285,2.95009967854157e-05,0.00073680788151908,0.00119345872759333,0.000787768804785553,0.0032784775273084,0.000442591777293697
0.00540806934861649,0,0.000633171667852504,0.0122603575788038,0.000218672689412978,0.00185545408852654,0.00395895480982004,0.667170375398996,0.0027774695326932,0.00609835701743507,0.00133814630834807,0.105114656292225,0.000652754296755158,5.71160009660764e-05,0.00300103787933184,0.00138547099486282,0.00229606323883627,0.00252289535695869,0.00481243105282741,0.00158619294111504,0.00312669308145721,0.000474878750889378,0.0166925592537713,0.00273993616062978,0.000775145727396751,0.000244782861283184,0.00162372631317846,0.000696815211786132,0.0012402331638348,0.00202027454845722,0.00604287290221088,0.000543417952048669,0.00585520604189377,0.0150296676827875,0.000104440687480825,0.0027905246186283,0.00358525297492771,0.00425595801484363,0.00952205330391587,0.00241029524076842,0.00111131419022566,0.00162209442743657,0.00350855434505898,0.00116516641970796,0.0334781359948302,0,0.0164363531922949,0.00251636781399114,0.0125508332408598,0.00286722324849703,0.00193541648987904,0.00572139141105896,0.00163678139911356,0.00363910520441001,0.000815942870943948,0.00191257008949261,0.00431144213006782,0.00184892654555899
0.00967362739884199,0.000628571411791066,0.011809096357751,0.00748853051720812,0.0024194346469267,0.000973617620085624,0.0138641034774491,0.000394380474671993,0.324800071417224,0.00543455119472617,0.000748383201564836,0.00100342373935532,0.000386451753289905,0.000802562797675769,0.00337675433972692,0.000642960572817818,0.000620349034061493,0.000294390488353442,0.010265785423545,0.00124069806812299,0.0023404410894533,0.000394527302845736,0.0022336970071426,0.00229976968532667,9.95495017973237e-05,0.00105173020851656,0.00376364657753805,0.00300337029390008,0.00806512475549438,0.00588164298377167,0.121662118419271,0.000504942089499994,0.00426036628930847,0.331250526746073,0.000486441739608456,0.00268166976523056,0.00830753807034303,0.00835349528872439,0.0126665728924064,0.00315196040572736,0.00594463227030714,0.00140910998340548,0.0125112286845869,0.00559239148149921,0.00366879557730048,0.000146240861047396,0.000921934102928312,0.0121525274561343,0.00738501665471975,0.00538653838191241,0.00305916499992218,0.00146005935969408,7.59101658248029e-05,0.00121984846745157,0.00200126800810844,0.00142746350512328,0.0129887139055971,0.0033222810872685
0.00252339112683067,3.96887176597252e-06,0.000202609807279481,0.00061517512372574,0.000177765985672592,0.000142024212310519,0.00202971610506766,8.79291479643635e-05,0.000640808334192159,0.798218634401128,0.000179520183138215,0.000228418437492462,0.000554633383693419,0.000114658731846797,0.0123319643283945,0.0247252378582126,8.52320693609678e-05,4.29339829711281e-05,0.0146161925582558,0.0274273817067903,0.000274707323116595,0.000673304842242829,0.000185725656672858,0.0105188039004581,2.95362998274308e-05,0.000106830625656454,0.00344188891983098,0.000353514644259718,0.000252670217454703,0.0046086275816853,0.00168979649116652,3.6575017158244e-05,0.00315189815129515,0.00477953026977364,0.000555356990147988,0.00376102129376449,0.00351653002199325,0.00226372604698179,0.0056196154360606,0.00967812669252646,0.00106591616251762,0.00201331435876408,0.00501505320700188,0.00152187593876974,0.000704924251560688,4.47320353733919e-06,0.000357680863240573,0.000973294536332719,0.000767176334121991,0.00582941745294913,0.000561145841784545,0.000365684389177479,5.10690737179558e-05,0.0370396163570143,0.000606601483612507,0.00155149994847045,0.00091672166806637,0.00020855215119428
0.00218056146029047,1.37142230206948e-05,0.000287141544495797,0.401069023684463,0.000147427897472469,0.0287612970912133,0.00361798346064704,0.000617997174870058,0.00220713276739306,0.00444855109233786,0.237394914766104,0.00296227217247007,0.000316284268414773,0.000102856672655211,0.00158570703676783,0.00141599352688673,0.00153085014468505,0.00147085041896951,0.003804839749304,0.0011339948160237,0.000845996132589108,0.000286284405557003,0.00899738744051456,0.00349026975876682,0.0023854176666621,2.82855849801829e-05,0.00152742158892988,0.0015111359490928,0.0033231276657021,0.00198856233800074,0.00958195619677167,0.00305398603892096,0.00205027634159387,0.0277010162239258,8.82853106957225e-05,0.00117942317977975,0.00337969883566247,0.00225684682584308,0.00720339564161992,0.00103370956018487,0.00226884677098619,0.000428569469396711,0.00292112950340798,0.00147427897472469,0.0574017375920567,0.000126856562941427,0.00626054280894716,0.0083142477062962,0.00325369941165983,0.00509826240794328,0.0184302014619362,0.0802144904480437,0.000860567494548596,0.00263655937572857,0.00120942304263752,0.00119485168067803,0.0235978921239217,0.00732596650986738
0.00599597318406089,0,0.00044386880681325,0.0116365790105198,0.000403021984100374,0.00260364455775656,0.00658314626055848,0.0323163041794809,0.00183538390056522,0.00625909480036966,0.00103376500482503,0.686637132144577,0.000777451192301735,0.000149771683280544,0.00228946441305669,0.00048335406876903,0.00469159797876306,0.00151099205018713,0.0127047234244615,0.000665803210219875,0.00448259840254884,0.000264142786876597,0.0316341622401759,0.00130029052302655,0.000692353644983244,0.00013649646589886,0.00169412197201652,0.00208965537195287,0.00166620997649606,0.00575838083194766,0.00830892452017748,0.0007726857296519,0.00505479431071838,0.0153859769453725,0.000492884994068701,0.00226427553905041,0.00689562445431198,0.00928754631434013,0.00335965116813403,0.00242425892800918,0.00353733484693504,0.00200387704425583,0.00555278515762619,0.00333888736658832,0.0313002394644981,1.15732664353148e-05,0.00589998315068563,0.00340151916141473,0.0304502851618811,0.00333276034318139,0.00195622241775748,0.00535876274974003,0.00992305479771462,0.00188678281914559,0.000514669966182235,0.0027704357505008,0.00445945186967821,0.0013152676913546
0.000279591395583914,0,5.13981574671863e-05,0.000365072728392816,5.26739982553789e-05,3.42654383114575e-05,0.000326432978807555,1.76795080649541e-05,0.000191922907138111,0.00231966081590383,5.55902057712476e-05,2.18715563690154e-05,0.754084422020429,0.000174972450952124,0.00270150173751289,0.000430140608590637,3.06201789166216e-05,3.49944901904247e-05,0.0173355778410514,0.000306930841045183,2.20538193387572e-05,1.91376118228885e-05,0.000202311896413393,0.00043961828301721,0,8.8215277355029e-05,0.000669634150831356,5.6136994680473e-05,2.53345527941096e-05,0.00749647594548004,0.000220902719327056,3.28073345535232e-06,0.0760734650997398,0.00117596068077406,2.53345527941096e-05,0.011663371959717,0.115546885508599,0.000662161369071942,0.000585064132871163,0.000485548551392143,0.000141800590459117,0.000660338739374525,0.000542414597951583,0.000145263586884211,0.000289069070010487,0,0.000121569400817778,0.000314221359834855,0.00016239630603994,0.000523276986128694,5.81418873476327e-05,5.55902057712476e-05,2.91620751586873e-06,0.00138592762191661,4.64770572841578e-05,0.00104272644989281,0.000221814034175765,9.84220036605695e-06
0.00285829612250561,0.000244708494159792,0.00335275864678726,0.00222003582330533,0.000577713867655592,0.000121092863089382,0.000761875930270693,0.000496985292262671,0.00620600923333081,0.0127828653598729,0.000126138399051439,0.000701329498726002,0.00357980776507985,0.253593682988975,0.202421857261788,0.00174323267489089,0.000350664749363001,0.00127904336638159,0.136834935291001,0.00367567294835894,0.000211912510406418,0.00165493579555488,0.000257322334064936,0.00137238578167966,0.000512121900148843,0.0832261156941396,0.00442241227074346,0.000615555387371023,0.00363783142864351,0.0336739070107722,0.00537349579959131,0.00151870632457933,0.0551552763692323,0.00986402280582255,0.000847650041625672,0.0604026337697722,0.0300764398698252,0.00144302328514847,0.00291379701808825,0.0106107621282071,0.00111254067963369,0.00454350513383284,0.00144554605312949,0.0003330053734958,0.00470748505259971,4.28870556774894e-05,0.000681147354877772,0.00200307777693686,0.000671056282953657,0.00206362420848155,0.00199550947299377,0.00169277731527031,8.07285753929211e-05,0.0104038951537627,0.00369585509220717,0.0163374454451424,0.00355710285325059,0.00291379701808825
0.00113783478424604,3.18341587836149e-06,0.000106439558626007,0.000991050945181389,8.02472953099837e-05,0.000126800812659884,0.00137687464584498,4.17941530169043e-05,0.000629591407626443,0.0142256769533865,0.000185867360739581,0.000326599557738433,0.0013082578501302,0.00167958282501116,0.762404873387356,0.00435324241623661,0.000102562725427607,5.59146511704285e-05,0.0918843508507569,0.00230971005511218,0.00021997088529787,0.000149368394530249,0.000232925181594964,0.00235301711864553,1.92265711465397e-05,0.000491475285062284,0.00173653760216165,0.000272796677497215,0.00024272758098279,0.00962283582090493,0.00129700557816411,4.35592152860948e-05,0.00867827535513526,0.00266401478668308,0.000194944823838275,0.0164125260669754,0.00735331245138593,0.000883981007173528,0.0028704325152711,0.0147382069098027,0.000390141799429292,0.00542504496023346,0.00194090659775864,0.000647903928669295,0.00066637404455761,1.383682743169e-05,0.000339364740220972,0.00080625522939096,0.000639299250106991,0.00229735461922784,0.000439405948121164,0.000286570466990719,2.08025196011741e-05,0.0207391349543287,0.000218710126534162,0.0103886837319191,0.000722982113048078,0.000209632663435468
0.00225331507064173,1.18310872295921e-05,0.000174085997806854,0.000862824290100963,0.000130479990589215,0.000138423720586227,0.00203765125199945,3.21129510517499e-05,0.000511948045977633,0.168362962882837,0.000215156772046724,0.000279382674150224,0.00118530592487327,0.000218706098215602,0.0231279163630021,0.554098491434969,6.01695293390681e-05,1.38592736118078e-05,0.0159239673489035,0.0096455473872227,0.000130141959525513,0.000404116136656494,0.000175438122061665,0.00543739867518865,2.23100502043736e-05,4.12397897717209e-05,0.00253692313308824,0.00035729883433368,0.000318932308603431,0.00482421032563208,0.00129956042440476,6.30427933805405e-05,0.00425783927839833,0.00335259208980268,0.000445524941960066,0.00423688135244877,0.00741961283274088,0.00177381800677955,0.00374724335667551,0.019154023178114,0.000852345327126182,0.00266114954899895,0.00378172252517317,0.00108474168342174,0.00117786924147181,0,0.000289692621593154,0.000616230629129895,0.00065037176656386,0.00413175369163725,0.000248959878416987,0.00031876329307158,1.38592736118078e-05,0.141579409581423,0.000600850215731425,0.00168508485255761,0.000891218899451984,0.00013369128569439
0.00804343384424098,2.03734393217857e-05,0.000803295607544692,0.0106250396554444,0.000497694017717907,0.0163779168216503,0.0102641387303156,0.00138888646347945,0.00356011299691546,0.00284995311198465,0.00418994332109181,0.00902135893168669,0.000745085780911019,0.000246809664926775,0.00243258865502121,0.000124569028996061,0.410386262946593,0.000594904428196142,0.00619527184862185,0.000984910266641753,0.00823610837039844,0.000164733809373296,0.114312457543208,0.00226901904218059,0.000106523982739622,2.79407167841632e-05,0.00129924333046359,0.0497635807891273,0.00266950264942026,0.00379877328611352,0.0107752210081593,0.00034925895980204,0.00152684375260125,0.0270879428239799,0.00023342140480103,0.00300537334909655,0.00255715768401727,0.0147474595776411,0.00599852263460004,0.00330922864412433,0.00368293573111251,0.00114324099508534,0.00595952205075548,0.00184234101295576,0.0114300815577881,9.77925087445712e-05,0.00191393909971518,0.0135745315709726,0.179716436650537,0.00226145176471821,0.00796776106961721,0.0037842208294551,0.000243317075328755,0.00114556938815069,0.00107513549792395,0.00133009453857944,0.0182662435976467,0.00297452214098071
0.00195033101566918,6.86150570544596e-05,0.00100011643767258,0.0714469875910709,0.000767241092518048,0.0021416214777604,0.00240152699690608,0.00273212681725939,0.00696546791310423,0.00737923749958415,0.00371353005755348,0.00726072058285372,0.0029358927442696,0.00300034931301773,0.0040129412156093,0.000467829934462224,0.00180686316910077,0.497041235570046,0.0102070095478892,0.00147834259290063,0.000765161848364882,0.000563475165507835,0.00150953125519811,0.00258034199407831,0.0219235503509764,0.00164884061346019,0.00315005489204564,0.00152616520842343,0.00706735087660934,0.00302322099870255,0.0258034199407831,0.0468869556538807,0.00466790312385642,0.0237990285771316,3.53471506038125e-05,0.0103858245450614,0.00485087660933497,0.00164676136930703,0.00663278884859776,0.00234954589307695,0.000584267607039489,0.00104793905319538,0.0012392295152866,0.00238073455537443,0.1185626601018,0.00248677600718587,0.0113131674373732,0.00613584949599122,0.00796974283908314,0.00773270900562228,0.00619614757643302,0.0203454040387238,0.000877441032635816,0.00380709604444592,0.00080258824312186,0.0002827772048305,0.00529999334641871,0.00334134535413686
0.0011225893100633,1.61916244406683e-06,2.43746642674168e-05,0.00017136135866374,1.9078313040444e-05,1.74100850677691e-05,0.000810145475612408,3.04642415402204e-05,0.000227347852668266,0.00165861930665583,3.26067696227734e-05,0.000115374864659213,0.000619247858974549,0.000378082608277706,0.00436259878134584,0.00024800171434957,1.66986349029519e-05,1.17321130627334e-05,0.869554164847664,0.000321676331417311,0.000220407806232922,6.51126823256303e-05,7.38245395162659e-05,0.000424149687915298,3.34190767075073e-06,0.00034327334159297,0.000559627789990324,0.000210303033202357,8.18849155214943e-05,0.0465510156721159,0.000543531570744172,6.98366023855088e-06,0.0146904155273753,0.000941979099256934,4.18828803924021e-05,0.0231487429541049,0.00876123074172891,0.00131463724076075,0.000517723102696318,0.00142495563011063,0.000453539939551541,0.00285270526948921,0.00122743689297338,0.000359813876459296,0.00017324492978975,1.15849164769091e-06,7.34592739144058e-05,0.000236583075497388,0.000365153841489476,0.000367626198958783,7.07443146647583e-05,5.66897665812422e-05,1.97897632052613e-06,0.000978535643932658,5.20012827364696e-05,0.012803458879891,0.00023495573546522,2.26955328439401e-05
0.00406304977764198,3.25058429252658e-06,0.000454359448888715,0.00170384793333268,0.000398738339883261,0.000214719151323006,0.00293726408433027,0.000323794313138898,0.00119928501592606,0.416510187150585,0.000374720133721814,0.000472418250513863,0.000987635860879326,0.00017607331584519,0.0163937801153091,0.00950308317920146,0.000218692087680538,0.000155486281992521,0.0156770262788069,0.34030547546477,0.000405420096484565,0.00598685391476896,0.000268353792149694,0.0518347200687101,2.51017342589553e-05,0.000291469058229883,0.00593376103799102,0.000410115384907104,0.00026654791198718,0.00593195515782851,0.00279586366760536,7.94587271506498e-05,0.00450982452984813,0.00645186805661651,0.00190014710699804,0.00417591728779915,0.00425248660668977,0.00298439755657191,0.00982615514027535,0.0111625064605363,0.00162402803014953,0.00315035794350701,0.0115130278000804,0.00359352093538814,0.00120777265268988,1.22799851051004e-05,0.000531470531828096,0.00142610356433791,0.00100280525424445,0.015224653298097,0.00059792692180864,0.000787183162840187,2.74493784702245e-05,0.0209292481434649,0.00166682739000113,0.00347072108433713,0.0013636201107149,0.000305193747464996
0.0343438723723236,5.33624007258974e-05,0.000315323277016666,0.00229584874269325,0.0006171477649169,0.000431961251725841,0.040869482317219,0.000258797097591605,0.00371511986713817,0.0028360112259305,0.000454318621199933,0.000964530666085094,6.98140499615496e-05,0.000102717348432854,0.00144901064421706,0.000212816847163757,0.00117987853620818,0.000150174028920312,0.0138202290322676,0.000488487431150903,0.514622563310376,0.000279045281266254,0.00277927412792549,0.00084747085421603,6.7704864162107e-05,9.00622336361984e-05,0.00444215621220603,0.0117861302472852,0.00338376677804574,0.00489014727600763,0.0126452016233981,0.000404330917753143,0.00383998366646517,0.00832094889738094,0.000279678037006087,0.00188033914020306,0.00630583278459349,0.145881203062707,0.00308362963878506,0.00401378057633924,0.0152732471295036,0.00326818339623628,0.0119468502052027,0.00493739303791515,0.00152241031003766,0.000104615615652352,0.000601117952841137,0.0177087239721199,0.100567244428902,0.00137666557129617,0.000591204779583756,0.000404119999173199,2.57320667531995e-05,0.000583189873545875,0.000866242607831069,0.00140218671946943,0.00378978504443844,0.000558934236852285
0.0133085557682922,5.63126478207005e-05,0.00308183763527834,0.00455279225410997,0.00352039371073046,5.80190916940551e-05,0.00751005948663343,0.000247434361636411,0.00603057264843502,0.127481596002826,0.000592136024054033,0.00089417658963779,0.000339582330797558,0.00117232694099458,0.010213066582027,0.00254430781517165,0.000337875886924203,9.21479691611463e-05,0.0254413717078432,0.140600736501176,0.00209721952035276,0.127582276191354,0.00281051305941496,0.178857501697912,0,0.00175081141406178,0.0113376130945677,0.00302893787520435,0.00247093072861741,0.0132761333346985,0.011820536710727,0.00118768493585477,0.00498964188568874,0.0118512527004474,0.00165525055715392,0.00630019078042504,0.0067711692894709,0.00954243413979871,0.0238919206708372,0.0144877084847802,0.00613125283696294,0.00355452258819755,0.0135764674564089,0.00739060841549861,0.00481046527898651,8.87350814144372e-05,0.000901002365131209,0.0034965034965035,0.0054230786295208,0.096838983368998,0.00114331739514756,0.00133273266508991,2.90095458470275e-05,0.0120730904039835,0.0523263949325443,0.00371151542454617,0.00198800711245806,0.00139928397615074
0.00833331625406572,0,0.000643034425654973,0.0153098554889009,0.000616903146206046,0.0070190666111932,0.00756782347962068,0.00259519471389836,0.00343600705851972,0.00263054879785867,0.00230365161573287,0.0161163385056187,0.0018389247439647,1.69084749375411e-05,0.00207820528323233,0.000566690099421833,0.0394572072118232,0.000348417059319029,0.00645032699965773,0.000903834842115834,0.00974645485642143,0.000224933954472138,0.559346697518656,0.00145566597871377,0.000320748645784871,3.27921938182616e-05,0.0023149239323579,0.0075048009821262,0.00485683133130158,0.00319057798291117,0.0109336347482482,0.000909471000428348,0.003082978596945,0.0192577281978025,0.000122970726818481,0.00191988047245353,0.00465290487599427,0.0143214782720973,0.00392891472185046,0.00265309343110872,0.00412771739687367,0.00127787080285538,0.00595639458027017,0.00273148726945551,0.0138485533518746,0.000102987983710478,0.00171390450503258,0.00838814070310563,0.170806851928898,0.0032664099311159,0.00401294471850976,0.00388177594323671,0.00041041480075668,0.000717329239774472,0.000689148448211903,0.000916131914797682,0.00614033829246948,0.00200186095699919
0.0110962036841631,2.7936167009312e-05,0.000726758861598055,0.0017535961014085,0.0014043416988726,0.00039926746557129,0.00582223202022537,0.000182369809352924,0.00194580111562612,0.0577818285801218,0.000569500213601816,0.000454616650394983,0.000967407491266286,6.03714170950299e-05,0.00965429987309447,0.00409311930113964,0.000266596829736805,7.40779260022205e-05,0.0140785726146254,0.0281920915954722,0.000772482101235019,0.00387046700377703,0.000733350541454185,0.502271252229793,5.04315823913422e-05,0.000100967794621671,0.00843797799488004,0.000780852488353914,0.000655715200926435,0.00458310083711195,0.0038283011786656,9.37483357316236e-05,0.00322469163755429,0.0126223345156156,0.00522877157349571,0.00367104253066936,0.00375495566153628,0.00537148667387287,0.031799205294521,0.00363023689346475,0.00418299633282877,0.00128025070983499,0.0404045910317789,0.00645995088884618,0.00131603411476826,1.21370613223977e-05,0.000714412540597686,0.00253947082203375,0.00171163953597503,0.185641061268827,0.00103761411322602,0.000734082950327089,8.11927550532812e-05,0.00757153829823543,0.00750666779806399,0.00100455108410638,0.00229149810363648,0.000477949104488903
0.00180791545793618,8.28843762950684e-05,0.000347078325735599,0.034744094488189,0.00119664318276005,0.00360547036883547,0.000714877745544965,0.00485909656029838,0.00257459593866556,0.00157998342312474,0.0138624119353502,0.0136707418151678,0.00017612929962702,0.00175093244923332,0.00208246995441359,8.80646498135102e-05,0.00280770824699544,0.0736686697057605,0.00657376709490261,0.00150745959386656,8.80646498135102e-05,0,0.00441359303771239,0.0035588479071695,0.41951409034397,0.00148673849979279,0.00601947782842934,0.000896187318690427,0.0022689598010775,0.00332573559883962,0.0113655200994613,0.00436697057604641,0.00397326978864484,0.0193845835060091,0,0.00289577289680895,0.00064235391628678,0.00116038126813096,0.0086924989639453,0.000362619146290924,0.00073041856610029,0.000740779113137174,0.00124844591794447,0.00167840861997513,0.246632822213013,0.000336717778698715,0.0377072109407377,0.0022326978864484,0.000590551181102362,0.00454828014919188,0.00190116038126813,0.0280978035640282,0.00216017405719022,0.00125362619146291,0.00149709904682967,0.000181309573145462,0.00526833816825528,0.00107749689183589
0.00465707406199604,0.000589672686986549,0.00165063680182977,0.000571803817683926,0.000866640161177201,0.000142950954420982,0.00305334304208565,0.000107213215815736,0.00967152551004454,0.0181391359508249,3.57377386052454e-05,0.00166403845380674,0.00263789183079968,0.101367861945116,0.0584892764448098,0.00170424340973764,0.000142950954420982,0.000690185076813802,0.203072998798319,0.00885179113078672,0.00141834150089568,0.00293272817429295,0.000145184563083809,0.0016930753664235,7.14754772104908e-05,0.110914305370042,0.00190080097206649,0.000292602734830447,0.00280987969783742,0.122080115075518,0.00971619768330109,0.000600840730300688,0.0684310686030565,0.00702023202726789,0.000431086471925773,0.0565840082554176,0.0979951128642457,0.00380160194413298,0.00423045480739593,0.00958888198951991,0.00232518661800378,0.0121776344297374,0.00587215717457439,0.00258875244021746,0.00102299276757515,0.000107213215815736,0.00115924289600765,0.00106989854949453,0.00203258388317333,0.00549244370189365,0.000145184563083809,0.000111680433141392,0,0.00968492716202151,0.00214426431631472,0.0319495383130894,0.00127985776380035,7.14754772104908e-05
0.00912829286555955,4.52330000827183e-05,0.000473864099103338,0.00205348705413308,0.000732045404361373,0.000170791604846334,0.00760278999878999,0.000323011474142333,0.00235279962646885,0.0175128048128824,0.000227646181776502,0.000503487726361542,0.00222063267408609,8.55667079650414e-05,0.00999011254471743,0.0030170524992201,0.000245192484075591,8.31740303788019e-05,0.0178427664457276,0.00367834300924553,0.00209712493582497,0.000537213086624727,0.000706979258219816,0.00735098916709526,1.92553577178322e-05,7.2350012726766e-05,0.625656932418708,0.00142956788926415,0.00123371013827626,0.00657940761404698,0.00711719038581128,9.20611185562629e-05,0.00613448352003434,0.0112129986653417,0.0166685314360236,0.00409444103519538,0.00746219170634144,0.0098383484235331,0.00674267937505084,0.0222474580079387,0.00738687933088885,0.0067099794480389,0.0775620620687911,0.0639207235274722,0.00157666059230392,2.08504761086585e-05,0.000512830562650668,0.0032573456910953,0.00343178328083495,0.00618883148235036,0.00049847449713323,0.000524224265442284,1.68626801315927e-05,0.00485462888545204,0.00160673996767379,0.0039409678585923,0.00203787768130856,0.000369269907476297
0.0258775927250434,4.4685126528388e-05,0.000400258846769524,0.00366717754844862,0.000556929259902592,0.000803787336943565,0.051730663124553,0.000223970573209359,0.00529791219645107,0.00661421613705255,0.000690984639487756,0.00101958380164163,0.000282279213923231,0.00010272129695855,0.00255386396921086,0.000447941146418719,0.00643029869554852,0.000244405844487586,0.0128011988692483,0.000777630189707435,0.0172599025918736,0.000253397363850005,0.00418078403324137,0.00207022921562617,0.000181192738666939,0.000141412077245325,0.00321296958550458,0.491206157828412,0.00247675487892102,0.00640250672661013,0.0104396989203365,0.00041252000953646,0.00457150642008106,0.0213785634004291,0.000356391131092265,0.00235959265692585,0.00684009400224788,0.0328909778277307,0.00627635298525255,0.00217077075031504,0.00901195463369776,0.00200020435271278,0.011667722489016,0.00261435237219441,0.00288518783420183,3.97806614216137e-05,0.000740574231122918,0.146956030107966,0.0700687306290658,0.00264323422226763,0.00142447464323422,0.000880896427233405,0.00010299376724226,0.00150921290146793,0.000723681073532918,0.00134627567180954,0.00895500834440244,0.000779809951977112
0.00739511029638936,8.12890911961992e-05,0.00194022780169307,0.0161229772129651,0.000727482441144364,0.00103753441398392,0.0112695241429974,0.000548701365574345,0.0129551742840861,0.00287505235044936,0.000731327195457697,0.00206325993971974,3.21311610471463e-05,0.00043583036394719,0.00156371650429445,0.0005338715989372,0.000895827755006763,0.000656354486347689,0.00655036284868832,0.00126574804501109,0.00286571508997412,0.000397108195505757,0.00439455418014047,0.002193706961065,8.37607189690566e-05,0.000943612558615339,0.00327408292311178,0.00185481933087544,0.402729226311851,0.00451072068546477,0.309165756970334,0.00211873425195499,0.0023156405978593,0.0740321174297817,0.000234255387805263,0.00152252270808016,0.00521568385134532,0.00652317494318689,0.00586132795067729,0.00221238148201548,0.00418858519906902,0.000859577214338187,0.00748134264313128,0.00489684386864672,0.00410097972578663,0.00276657535375173,0.00112211900887726,0.0086350435624395,0.00682800903517264,0.00338613004881465,0.0186300316505668,0.00188914749438735,0.000131545522577633,0.00111140862186155,0.0012069782290787,0.00103039415597344,0.00648307964820498,0.023121803189773
0.00138939396271123,1.68867940527693e-06,5.40443373727886e-05,0.000284555672597016,3.49741336202276e-05,2.75136007789456e-05,0.0013594528852872,2.97431853062253e-05,0.000365322042277527,0.00208209553187897,3.65704633705285e-05,0.000137000713157018,0.000744865931421371,0.000468338082403346,0.00232674296071846,0.000330816253336107,3.32392793874627e-05,1.83841777441672e-05,0.105615656527781,0.000383745798445255,0.000258572437529103,8.47571940562627e-05,7.21712553638081e-05,0.000452143910762898,2.40109102937813e-06,0.00046408340187052,0.000668064000500904,0.0003738116141314,0.000146591884466677,0.799219145408034,0.00105011452313696,1.40173583445839e-05,0.0277610384866461,0.00153104514063668,7.93679320480157e-05,0.0174448696141937,0.0192866053797856,0.00138002706913508,0.000741198330838035,0.00183773834481225,0.000589322726825941,0.00225575246165756,0.00197747656559892,0.000472038665006317,0.000229785730792273,2.6385615707452e-06,9.97969950095104e-05,0.000428086825641628,0.00054806881666734,0.000502995588635085,8.16370949988565e-05,7.05551364017267e-05,2.36810900974382e-06,0.00105145359313411,6.73822661129056e-05,0.00265387842066338,0.000332814963725946,4.20388822258979e-05
0.00744815196989798,5.87252876455412e-05,0.00207086625062879,0.00826865467074517,0.000835106616843403,0.00091111922554453,0.00931538905967501,0.000318654350800718,0.0178612085106875,0.00395059149472061,0.000593961389103848,0.00117579585149706,0.000109916399547454,0.000148825772908384,0.00270229210267699,0.00046557077780147,0.000650983746615555,0.00034471434224272,0.00889177228789799,0.000765596105016915,0.00232919559153704,0.000160901095675569,0.00168724253502514,0.002117154987903,0.000142323676033746,0.000233456240165578,0.00262044824836606,0.00277758225616982,0.0241122522004438,0.00540608071971401,0.53402351199513,0.000691131614619273,0.00287356559098591,0.246534175950044,0.000357150892614051,0.00176346155950007,0.00599926804966611,0.00937793303913581,0.00889791315716848,0.00272097273020571,0.00423327789693702,0.00115185162173649,0.00846903278315961,0.0031055769207349,0.0036674922609566,0.000281551115460521,0.000945177828221206,0.0111661128875482,0.0056433040477514,0.00417161118451485,0.00821622506420047,0.00141699268318007,8.42692396530481e-05,0.00102103562509198,0.000660117644606118,0.00102268695128237,0.0138988513168604,0.00913121458550371
0.00414141661964229,0.000117765401506416,0.00167815697146642,0.217770308398145,0.00124880394514095,0.00366054123015776,0.0143747393213769,0.00128560563311171,0.00790500257611816,0.00491670551289286,0.00677641747834834,0.00629799553472853,0.000495596064672833,0.00195784980004416,0.0032042002993204,0.00194312912485586,0.0038690841286587,0.0684584999631983,0.00742658063249834,0.00165116906695454,0.00385927034519983,0.000380284109031134,0.00674697612797174,0.00120954881130548,0.00442846978581418,0.00133222110454133,0.00582693392870286,0.00339556907676832,0.0292941436247209,0.00855516573026816,0.0491670551289286,0.258181015235899,0.00244363208125813,0.0292892367329915,0.00102063347972227,0.00335386049706813,0.00633970411442872,0.00369488947226379,0.0112465958438627,0.00217375303613926,0.00639367992345249,0.00181554993989058,0.0121151156799725,0.00853553816335043,0.0502858264432395,0.0232414926764641,0.00704874996933193,0.0144851443852891,0.0112711303025099,0.00478176599033342,0.0136926813709855,0.0268357908682745,0.000642802816555853,0.00292696091660738,0.00205108074290341,0.00450207316175569,0.00777987683701759,0.0104762138423416
0.000814895435435422,1.45331424801281e-06,4.67562954758029e-05,0.000336158322783732,3.33973539112878e-05,3.41865709201424e-05,0.000725454049297786,7.00959448230285e-05,0.000256495527877758,0.00167384265440167,5.63905177424309e-05,0.000115995651106294,0.00535748416943769,0.000435426423141375,0.00274449252369434,0.000253232789267981,2.51971966973347e-05,2.37053840586461e-05,0.0684070396732749,0.000279469442513563,0.000161991603366249,5.21749439634268e-05,7.60535707801142e-05,0.0004141175639023,7.39169100976053e-06,0.000291461691209086,0.000575627937385101,0.000199941391974955,0.000130884903700174,0.0731882606818814,0.000607235116129962,1.04041900801447e-05,0.66334789685746,0.00112006255372511,5.59766600426657e-05,0.109014728300447,0.0569470408534431,0.000865992424459926,0.000644174321983427,0.00121487446536202,0.000386013738708939,0.00157181229451304,0.00110144858183334,0.00028291504847905,0.000295840883148462,8.08466204192558e-07,0.000122703995681559,0.000314329735270533,0.00037602340632856,0.000459016312027993,9.17416649805174e-05,0.000109624167449443,3.37823378180462e-06,0.00105373945118831,7.62460627334933e-05,0.00281821694183857,0.000280557022050155,3.81230313667467e-05
0.00904893982450356,4.67092943593773e-05,0.00294802047172142,0.00450128735949405,0.00105726208129015,0.000779358272233958,0.00968776866000815,0.000187554237528995,0.0178281790073975,0.0047317791553012,0.000651305681096445,0.000853688721317363,0.000130418889439416,7.1261431891847e-05,0.00236436223965574,0.000525031398985816,0.000554230085911113,0.000181961168815407,0.00733893794193399,0.000936423114672981,0.00178149277369069,0.00013520885085054,0.0012082605953552,0.00267622601464469,4.80000025240515e-05,0.000130132065402821,0.00212125018623843,0.00225697532035484,0.00429196317758755,0.00282026904582233,0.102505446680896,0.000225142527524674,0.00195649845961868,0.686867717026806,0.000228311933129041,0.00170277391684739,0.0040284149115629,0.0144510697769311,0.0222260376192957,0.00131427075928045,0.00353170738619077,0.000856184090435734,0.00614306814495966,0.00176449844952248,0.00288398700555175,8.66638826569595e-05,0.00078923936029463,0.014063168949841,0.00428546661315869,0.00477500353761596,0.00551138122796627,0.00105042132801737,7.60083696974822e-05,0.0014218297730033,0.000744093256934692,0.000676029913050871,0.0295276597540688,0.00441364827511267
0.00929731470340496,4.64649619068356e-05,0.000780719418085784,0.00219249785369696,0.000781259708340515,7.23988941339066e-05,0.00689626481138197,0.000222599584949026,0.00308721851553091,0.0124952927211557,0.000295538769337664,0.000799089286746626,0.000962256943675281,7.45600551528292e-05,0.00674498354005739,0.00142258424070579,0.000277709190931552,9.50910848325938e-05,0.0118723380574512,0.00560064878053788,0.000582973184854367,0.000683467172234268,0.000297159640101855,0.020225225395587,0,8.64464407569034e-05,0.100307587242018,0.000722908360829605,0.00162141105444667,0.00550771885672421,0.00406946619863123,0.000177215203551652,0.00470754898946812,0.00825347393126536,0.366509676328317,0.00196287449543644,0.00313854608973033,0.0073058048244678,0.00791471194154924,0.00865220813925657,0.0121424831848165,0.0036123806431291,0.294377145289993,0.0592968554566884,0.00103789757933757,1.72892881513807e-05,0.000287974705771435,0.00182834222200851,0.00149768458611335,0.0096328349515927,0.00060188334376994,0.000238808292590946,2.80950932459936e-05,0.00210767228370425,0.00297699930356586,0.00181213351436659,0.00144365556064029,0.000316610089272159
0.000706498893762718,9.33395727726413e-07,4.35895804848235e-05,0.000199314990209379,2.14681017377075e-05,4.1267758612104e-05,0.000555137109065284,5.87805959535708e-05,0.000229965372418595,0.00192484866971741,7.06580565888894e-05,0.000138200904936492,0.00249782530462886,0.000626145189052071,0.00579349394242507,0.000312104196458519,1.86095773215454e-05,2.57150522988627e-05,0.144522455844432,0.000389086009102755,0.00010706048997022,6.65161130471035e-05,7.0669724035486e-05,0.000475471783703835,7.04713774433442e-06,0.000341517829328498,0.000511524193687267,0.000132507190997361,8.67708003387667e-05,0.0462909093929899,0.000571553206426672,1.67311184194959e-05,0.113544393397551,0.00117766538967242,4.39512713293175e-05,0.649435045901368,0.0158965576318892,0.000693851381652026,0.000974313462940619,0.00127093495776548,0.000236382468046714,0.00168595770065243,0.000862165966254291,0.000283740633782233,0.000319279676115416,2.14681017377075e-06,0.000161570800469442,0.000301591827075001,0.000275725097970382,0.000559290720053666,0.000140079363838541,0.000142319513585085,1.3534238052033e-06,0.00125773907566474,7.96653253614493e-05,0.00345491761639293,0.000303213602151925,4.1769458815757e-05
0.00126331172330677,1.92074125246415e-06,4.02760084334537e-05,0.000346180109455748,4.74899552304993e-05,2.97938236138044e-05,0.00116896461519639,4.73633947603757e-05,0.000417470877803022,0.00157733802861759,2.95407026735572e-05,0.000217907350618704,0.00559998067942753,0.000346187554189285,0.00159461725515623,0.000347773282432598,2.93396948680667e-05,1.57381666965473e-05,0.0233179253653849,0.000275745485465193,0.000268702767539491,7.53481481247662e-05,0.000111745450385608,0.00032391291144753,3.43946689394743e-06,0.000355709368382702,0.000668283950653864,0.000301623379238702,0.0001726284812486,0.0228584810799021,0.00103235375479826,1.59391745020378e-05,0.0305116001530101,0.0016856142331751,4.29858914408062e-05,0.0087887536162607,0.882279361809449,0.00153226016705297,0.000631291069710088,0.00140520834451594,0.000639792955408979,0.00174388416256672,0.00179602707625764,0.000530958395836214,0.000282133066839666,1.3400520366029e-06,9.98636556610625e-05,0.000355590252646115,0.000615128553201949,0.000389486124438632,8.67013667682074e-05,6.90945719539527e-05,7.56384927326968e-06,0.00080351009061417,9.21509117170592e-05,0.00235135208495942,0.000312864926879093,4.24498706261651e-05
0.0452265741015033,2.82154913952809e-05,0.000194226337578397,0.00114476548109371,0.000386070504213478,0.000130172407769223,0.0328390734477298,0.000312011456442375,0.00270376402066411,0.00355721646395627,0.000107303566713385,0.000950909703439834,0.000118049804524346,8.65522109404959e-05,0.00157339743949445,0.000538529444585728,0.000417515160665255,2.54627605274486e-05,0.0223858955999291,0.000601365820357207,0.0172989548304392,0.000387870366703984,0.00110680955739687,0.00157752653579619,1.69398822635833e-06,0.000126149185731622,0.00431120003608195,0.0047460256389353,0.00150902588689283,0.00648670441578263,0.00605230230998587,5.96601478470574e-05,0.0039085602095294,0.0092267833090493,0.000338268273950929,0.00171415727367841,0.00748758677190004,0.637916845505945,0.00469292969546538,0.00234516788799689,0.108250929628976,0.00222198318166139,0.0294827533999932,0.00417086369895458,0.000854775871593998,2.4351080753901e-05,0.000277178823537882,0.00826618611043999,0.0126893481808578,0.00259746625946013,0.000420797262853824,0.000232446946935607,2.12277899615528e-05,0.000844611942235848,0.000649273924883903,0.00148790397119542,0.00260408340096934,0.000282525473877325
0.0561103348563778,9.5595779789477e-05,0.00479317764909913,0.00218036384676368,0.00454220591180954,0.000458364700112588,0.0287473273778925,0.000120685452868787,0.00506263848777602,0.00945670656899771,0.00048431694790165,0.000617866014920217,0.000326315763024025,5.27670702878753e-05,0.0056219244289296,0.00127349780082827,0.000308089184374482,8.54323995137029e-05,0.0106293956385297,0.00224498194349858,0.00152135676851311,0.000374132404542889,0.000743126864075515,0.0086747263397351,6.22178888468978e-05,9.04953380274649e-05,0.0034971028928243,0.00189890196864676,0.00120062898947835,0.00446892456472886,0.0104122518311617,0.000112284725260767,0.00300446022381114,0.0531880067462343,0.000622816443689229,0.00282665732385746,0.00394391659247587,0.0132677116496753,0.615426316111804,0.00195230659415489,0.0088209515046622,0.00120460433379286,0.0241260271155235,0.00327879648476054,0.00166326905989145,2.83899589253174e-05,0.000731725876607488,0.00827209146652214,0.00364002777190539,0.0711281355856434,0.0020856681449322,0.000819333464519696,4.1703612054099e-05,0.00283172026237122,0.00415787262374262,0.00081693325663169,0.00489949935788813,0.000952920034786513
0.00440227157169371,2.26295715150761e-05,0.000552402052491204,0.00167896115617651,0.000326980910152621,0.000238430412919714,0.00631124537747273,0.000160046824628364,0.00206311726392519,0.028773773485423,0.000260622698028702,0.000634393253632784,0.00083084417156801,0.000540813962729861,0.0277073412625749,0.0101262413057897,0.000320530935662816,9.78428333622853e-05,0.0374986211813008,0.00385161866482686,0.00121707738974561,0.000457182937565449,0.00088637954514124,0.00239020749567934,2.63465059668277e-05,0.000440675375735611,0.016017801055019,0.00114295734391362,0.00146982893246472,0.0177424586406318,0.00565378526591878,0.000140150293151341,0.00956290709314627,0.00671354887107408,0.00156920226824832,0.00712612859521851,0.0136035428070048,0.00439363516517346,0.00340536788741362,0.601927580342358,0.0031679213689076,0.109735602427071,0.0135094169080943,0.00486885616699006,0.001513229608269,2.54719331546508e-05,0.000436521154877771,0.00176423200536376,0.00339771537530707,0.00372469628545969,0.00044789060143607,0.000484513337945976,4.87574342788595e-05,0.0130499382168969,0.00108239317667038,0.0189558190959257,0.00128113984823757,0.000220392348668567
0.0383811185767886,5.28412174257573e-05,0.000434843339249888,0.00118144986131174,0.000836735692916356,0.00022781543739218,0.0223576674450942,9.06775231108043e-05,0.00368298300437017,0.00325581659670855,0.000274874031024175,0.000618142543471124,0.000105881835671989,5.73775860915535e-05,0.00196778699685316,0.000430456521199448,0.000464304810475004,2.46260013286077e-05,0.0149054605814987,0.000602788680294583,0.00747294454892494,0.000285741375740039,0.000716496998170198,0.00167835670593434,2.91623699944038e-05,0.000107377341825548,0.00502659558293285,0.00426867306430906,0.00179435813324541,0.00595470670183167,0.00762344231817811,9.31700333667363e-05,0.00324569700506947,0.00971306321634122,0.000658720610437696,0.00152656283134808,0.00614887325076877,0.195632244667997,0.00653097507300313,0.00276120286152141,0.497267510856627,0.00207277152883301,0.115883431875557,0.0063725511211361,0.00116335423685368,2.57227058412177e-05,0.000296010517994478,0.00759766976213177,0.00779303271599172,0.00339679297678406,0.000499598755699,0.000464653761910834,3.32999370192509e-05,0.000879158217472317,0.0011866841328492,0.000869886079320251,0.00260038609980869,0.000375471744953589
0.00360990296393107,6.9717149024317e-06,0.000189681657894209,0.00108954300578856,9.98995732970396e-05,2.60163995139524e-05,0.0040605138051858,6.29154759487739e-05,0.000767398764748153,0.00687385583105732,7.15025882066471e-05,0.000309476124937212,0.000880986705109723,0.000452141217696729,0.00909647255031793,0.00174837006406836,0.000101514970652481,6.06199112857781e-05,0.0584250113843003,0.00124989244854449,0.00163214647539002,0.000169616722321357,0.000349861058823249,0.000929703688513301,3.92796620112615e-05,0.000533336190036025,0.00418872534265979,0.000807018510413191,0.000426549922749998,0.0177732818718748,0.00254612129491612,4.54861886926946e-05,0.010064605691708,0.00350804790962481,0.00043709251601709,0.00748592138694276,0.0167754764316927,0.00330918399307862,0.00151838849320156,0.0912761571091257,0.002008364017381,0.666088779517986,0.0060412460256974,0.00234946792211948,0.000830824366177592,8.58711225787319e-06,0.000195037975441199,0.00072590855898734,0.00164345425687811,0.00141432289514575,0.000204390275920071,0.000150487016796392,8.5020913444289e-06,0.00265928413071047,0.000270536546579728,0.0612193087255603,0.00109727990891199,8.55310389249548e-05
0.0304187941696624,5.50225582691439e-05,0.000533432729259582,0.0012459631018881,0.000678533172273475,0.00014022130590242,0.0111151250232837,7.47938407810977e-05,0.00309880072377394,0.00522447812533911,0.000162657498643933,0.000318397987647906,0.000223989623780123,0.000104362587372315,0.00265329043716167,0.000596175689223185,0.000210136009572044,2.0672649207246e-05,0.0138663117215253,0.00125613286960238,0.00200550170716893,0.000311167459157409,0.000545718749214978,0.00369936567690464,4.19331462592479e-06,0.000124329819165854,0.0094752450806247,0.00197438496125318,0.00107676089723922,0.00625289833481125,0.00605073746099972,5.09468132121703e-05,0.00310844142842794,0.00734165132808349,0.00497634755006769,0.00184445099263399,0.00529219819705498,0.0248774464610717,0.00780001588756775,0.00382828070925959,0.0341159064298288,0.00214973997334384,0.765493425568489,0.0173416485847935,0.00104235220339285,1.42847026275662e-05,0.000268901199119467,0.00333844669515273,0.00324834921547982,0.0038730159302455,0.000474451995502415,0.000296098959403502,1.76942201271499e-05,0.00133396392424805,0.00092403802717166,0.00106625801574625,0.00205435186306813,0.00030969783954552
0.0144448707459185,8.57200961010953e-05,0.000519641134295605,0.0032721429787556,0.00113032292238134,0.000175282817199826,0.00985603753239628,0.000263072019068879,0.00333273821910293,0.00756287716842284,0.000381602220919014,0.00105480056185089,0.000503088288151946,0.000104933221089272,0.00327923705567432,0.000629599326535631,0.000360763369970299,0.000129762490304762,0.0179991510754621,0.00206201169103876,0.00218601024384707,0.000430521793004294,0.000717979701481243,0.00395613022833469,4.13821153591495e-05,0.000211639961408222,0.0570832288927565,0.00138733541741549,0.00186515105654452,0.00753494424055542,0.00758342043283328,0.000131536009534439,0.00377197981498647,0.00914485632129547,0.00775959000964795,0.00230394927262065,0.00788122387015002,0.0146702554813568,0.005359131732279,0.00774126364427461,0.013380907001381,0.00506724002572785,0.128468708026712,0.619472975113978,0.00179361911428085,4.80328124704414e-05,0.00051609409583625,0.00297374836836231,0.00450991160780159,0.00428556142524735,0.000593094389058096,0.000544027023703676,5.51268893891527e-05,0.00214004653714459,0.00167568008550727,0.00318051115188892,0.00201264873914606,0.000372882418039765
0.00284765086076802,1.39394649039425e-05,0.000594548481337723,0.0313016138991253,0.000238667881703155,0.00575760506901975,0.00427880966181889,0.00329201675935805,0.00227322369398729,0.00243504269961132,0.00778403962783811,0.0101382334310066,0.000152243199298712,0.000108364188035866,0.00159503842322591,0.000403395993046268,0.00112679361519174,0.00455068983381491,0.00451056841743922,0.000605700053260877,0.000830307257321795,0.000175516045051381,0.00241395168314796,0.00112727846614492,0.00220595062423348,0.000151152284654055,0.0014653407932501,0.00135709781795253,0.00129685508701984,0.00257480098686563,0.00803264695408146,0.00141503750685761,0.00268946823729284,0.0185970643729338,0.000169819046351509,0.00219722330707623,0.00260910419180316,0.0023654665878299,0.00388123188021078,0.00153309871395709,0.00152618958787427,0.00105576295055078,0.00321165271386836,0.00170255412209371,0.753721897735722,0.000126182460565254,0.0177771814111054,0.00508426830779017,0.00367056414105381,0.00184570636602029,0.0029580756653549,0.0464913881985823,0.00447820461631441,0.00165370538856077,0.000281455978321344,0.00125709730885903,0.0104256288335044,0.00163588711603138
0.0171205404264302,0,0,0.0277812961790163,0,0.0010977411864049,0.0174794173527549,0.00143550770529871,0.00800084441629723,0.000358876926324678,0.00181549503905425,0.000358876926324678,0.000379987333755541,0.00202659911336289,0,0,0.00107663077897403,0.0370276546337344,0.00272324255858138,0,0.0115473928646823,0,0.00303989867004433,0.000696643445218493,0.00249102807684188,0.00202659911336289,0.00318767152206038,0,0.250094996833439,0.00352543804095419,0.13666877770741,0.122271479839561,0.00181549503905425,0.0213637323200338,0,0,0.000759974667511083,0.00525649145028499,0.00356765885581592,0.0116318344944057,0.00341988600379987,0.0109985222714798,0.00635423263668989,0.0075575258602491,0.0308634156639223,0.190563647878404,0.00240658644711843,0.00664977834072198,0.000759974667511083,0,0.00916191682499472,0.0105974245302934,0.000337766518893815,0,0,0,0.00181549503905425,0.0198860037998733
0.00428201488736957,0,0.00051899927405112,0.0303522477327641,0.000461573467110182,0.00591052409175127,0.0119207307163057,0.0104959206006956,0.00289729448603903,0.00455397484099552,0.00895842588278634,0.0123996402760773,0.00131429252489355,0.000267625930460598,0.00366224957472398,0.00035755691114169,0.00238046222357059,0.00771889525749515,0.0118405512877466,0.00134354718125968,0.00255057263281072,0.000202615582980291,0.00270551396097212,0.00247472722741703,0.00487144203785769,0.000180945467153522,0.00374134549749168,0.00197848157498402,0.00359182169828698,0.00670798435417637,0.0111687776971168,0.0019470599070352,0.00705145569003066,0.0268601085672803,0.000963236648499886,0.00665705958198347,0.0044629603545231,0.00279111091848786,0.00936690756612094,0.00486385749731832,0.00328844007671221,0.00315625237016892,0.00694418861668816,0.00196222898811394,0.204968957559078,0.00021020012351966,0.478557420389412,0.00760079312623926,0.0118687224383214,0.00418016534298376,0.00711971655488499,0.0211782041975014,0.00332961329678307,0.00238696325831862,0.000969737683247917,0.00183220829315333,0.0111026838438451,0.00256899223126348
0.0421130973527998,2.06640349885363e-05,0.000631179859417284,0.00346688959109994,0.00065019626370906,0.0012043493880528,0.107942877467559,0.000192223581288709,0.00613234415078402,0.00387666907564005,0.000684590554503932,0.000961735767954832,0.000173207176996934,4.38681673012448e-05,0.00285884521271633,0.000552780098763103,0.00118505837864489,0.000194351770938692,0.0100996329147459,0.00095226189144846,0.0114618802445716,0.000138057722132712,0.0013551762480854,0.00210141565115978,3.81014598625835e-05,6.13742434543237e-05,0.00228965745826466,0.0498625223811751,0.00188564468116321,0.00369034950434806,0.0141103092870558,0.000275360280196076,0.00252142417627561,0.043836244456495,0.000202521273143462,0.00179797699783975,0.00407321768750775,0.0272587455035987,0.0109207022119648,0.0014856136782456,0.00805629624564691,0.00109896967473916,0.00930890748285898,0.00200104748121547,0.00261176925948131,6.87199303107136e-05,0.000779123365730558,0.550009333141384,0.0200715744504928,0.00318308520358296,0.00218180629890588,0.00116027526691446,3.7346295793235e-05,0.0011751039431853,0.000519484228432737,0.000869193843820125,0.0320709942098825,0.0014938518317294
0.0137780863965343,2.58620360910607e-05,0.000459207144855483,0.00273451163912961,0.000398608164845866,0.000691618793588018,0.0141735051413797,0.000423568843110697,0.00335963795922881,0.00254425580257768,0.00054206272965124,0.00296193115220918,9.62372817544029e-05,4.95053452252476e-05,0.00167721890896182,0.000373855492233242,0.006009283292258,0.000113363080452773,0.00780562010471698,0.00034043591744533,0.0443554719526912,0.000149556063936777,0.0111565218265531,0.00132485733412329,5.85882587049499e-05,6.67698143584222e-05,0.00259972397649952,0.0228514316162351,0.00192620167465351,0.00349511897403292,0.0078934678251657,0.000266385905259666,0.00300512699265081,0.0105707779099384,0.000246902709169617,0.00146831189892867,0.00433324308199201,0.0303510060713383,0.00349920975185966,0.00223911151079012,0.00610614459096902,0.0014963233267592,0.00789152643907844,0.00246049885995569,0.00225429592340123,6.58684565321922e-05,0.000819056923173459,0.0146783348592859,0.743552119456259,0.0025419677404034,0.000730307844898505,0.000949684472759407,5.9073605226766e-05,0.000773573020557545,0.000505315064428017,0.00094406832014982,0.00323136780703454,0.00052431291399625
0.0265654121361172,7.76404391946034e-05,0.00179524788516829,0.00190637682253991,0.00301700523905522,0.000317700094547724,0.0123061418037848,7.57016314054078e-05,0.00293663284343039,0.0119167939486636,0.000420589098815261,0.000454738554193137,0.00051272653261544,5.48594476715557e-05,0.00544752112187879,0.0011586139092979,0.000242262846022661,9.61913046321335e-05,0.00867290413445914,0.00490064513388547,0.00100650562547283,0.0010963076771633,0.000455091064700263,0.0351451213052548,4.70601527013827e-05,0.000137126587272194,0.00409141320096329,0.00117571066889353,0.000701936547315569,0.00323732430600926,0.0053928379294608,0.000105576896884376,0.00271851696714589,0.0185318739339587,0.00105775184044634,0.00254530211670662,0.0028215381628536,0.0121938231434516,0.0931474204669099,0.00274632123339549,0.00589899895388101,0.000954906899992196,0.0177314547637146,0.00321899375963868,0.0013862916330882,3.57357526599451e-05,0.000386263388183821,0.00347037781503324,0.00239473606635023,0.671246982565139,0.00118633004792072,0.000632756360292,2.39266506712086e-05,0.00439659917250802,0.0119686129932112,0.000726259772307294,0.00254997288092605,0.000560535770144466
0.00491905079064487,1.62691854369265e-05,0.00133682645259422,0.0631947724353945,0.000339650532890912,0.0127758158808775,0.00636600711388905,0.000375192445691582,0.00577255728818209,0.00513105079164605,0.00350688549471965,0.00138162928633591,0.000271069658895252,6.33246756237293e-05,0.00386180403240521,0.000844746166917337,0.00137862574440909,0.000524368361390169,0.00714993155678834,0.00130578985268378,0.00076014640264532,0.000107126328723147,0.00430482646661075,0.00251121134597975,0.000153931523749381,6.58276272294103e-05,0.00161540496630652,0.00159663282926391,0.0168521228658896,0.00240008029468751,0.0893496155341186,0.00110880756131668,0.00267890910356037,0.100356595515261,0.000288840615295587,0.00264787250364993,0.00388533177749862,0.00472532233636516,0.0111000897808741,0.00140740968787443,0.00168723967738956,0.000580434477357424,0.003533917372061,0.00141216529592522,0.0063389752365477,0.00038069893922408,0.00297250532690675,0.0112124723079692,0.00457839907711168,0.00431634004399688,0.448604016286205,0.00478939789747059,8.2597402987473e-05,0.00155733648905472,0.000332391973234437,0.000849001184646995,0.0296479623596126,0.108692675837982
0.00287827682446153,0,0.000609600644394556,0.185792061825669,0.000467101189817406,0.00861220028704977,0.00527530859264639,0.00286448655466374,0.00237334079186558,0.00374564943507629,0.0403231024853956,0.00644323836552065,0.000172555170803099,0.000128709184779361,0.00331072554145373,0.000509886385856699,0.00214774612184022,0.00345004262607754,0.00399705666138983,0.00103745260478749,0.000685623926613134,0.000158057707682347,0.0043580788527627,0.00184577457293479,0.00160638963311164,0.00013648831133196,0.00228140565988032,0.00113752045998682,0.00313781677398915,0.00210177855584759,0.0104141288739608,0.0036505319331377,0.00267601953409397,0.0230506127653345,0.000168312010865318,0.0020084290372164,0.00400377499795798,0.00252008340638051,0.00594855663610766,0.00112337659352755,0.00102719830160452,0.000451542936712209,0.00308407008144392,0.00186805116260814,0.261000303739532,7.03657356348704e-05,0.00753903441945262,0.00700899302389147,0.00451542936712209,0.00344014191955605,0.00699308117412478,0.329828954686941,0.00230545023286108,0.00239491018821597,0.000457200483295917,0.00053817411877524,0.0154560636700293,0.00486973322192681
0.00902575630938313,0,0.000235370973475132,0.040243632974993,0.000326637269312429,0.00655676283252154,0.0102650565370685,0.0043087298613713,0.0014074223515962,0.00965501340173502,0.0100440960313572,0.0877837661277152,0,0,0.00290611099902969,0.00153711656147025,0.00171964915314484,0.00427990892584373,0.00757029906524099,0.0015851514540162,0.000816593173281071,8.16593173281071e-05,0.0122008627066701,0.0018493433630189,0.00178209451345457,0,0.00134017350203188,0.0023729236917697,0.00171484566389025,0.0141078479407442,0.00684016869854262,0.00145065375488755,0.00243536905207943,0.0245554370694873,0,0.00232488879922376,0.00163798983581674,0.00340567388150753,0.00195982361587457,0.00224322948189565,0.00186375383078268,0.00274279236437348,0.00333362154268861,0.0032567657146151,0.501469867711906,0.000153711656147025,0.0202371002296068,0.0064174616441383,0.00633580232681019,0.0042222670547886,0.00522619630899886,0.0246707208115975,0.118823913690905,0.000850217598063233,0,0.00108558857153837,0.0139445293060879,0.00279563074617402
0.00145549309639263,3.63593586723755e-06,0.000216533965262716,0.000944616138308315,0.000110700262788663,0.000149968370154829,0.00128242254911212,8.45215245445529e-05,0.000483467595392833,0.112125829335995,0.000243495828155155,0.000222519275074938,0.000723942799904436,0.000245118014926691,0.044204813274276,0.0441989957768885,9.01152720326106e-05,8.84930852610739e-05,0.0206320341724272,0.00737781731189891,0.000284889559566782,0.000301726739505836,0.000240922704310648,0.00495762652371584,2.08087406555749e-05,0.000121160570591331,0.00192251507417057,0.000195725224607141,0.00019264866348871,0.00550335252865075,0.00118464384302087,6.874715662823e-05,0.00470943194767072,0.00326272103483434,0.000286567683813199,0.00521745609453612,0.00424028434584731,0.00139933187161253,0.00370054365072462,0.0165068691498841,0.000784019647926177,0.00286254433953868,0.00316102670550144,0.000937232391624079,0.000813219009813838,1.84593667105906e-06,0.000331653288566945,0.00074659747723107,0.000744415915710728,0.00366121960588357,0.00024204145380826,0.000411811690070813,1.5103118217756e-05,0.691852029940198,0.000477258535681089,0.00273310502266503,0.000863730549631,0.000158638678761318
0.0132930352143411,0.000511841531011837,0.0157792074769241,0.00391184687506495,0.0409876997710964,0.000311142647622045,0.0149764119433649,0.000309955080264709,0.00958960641048859,0.0146759574019589,0.000563500711055955,0.00077548148434044,0.000230388067323193,0.000522529637227861,0.00467485890215336,0.000963117126799535,0.000400803983100916,0.000451275595787698,0.00640514454179198,0.00520035745777456,0.00222075095821841,0.00554118928933,0.000841985256351259,0.0291054945772705,0.00015616510748969,0.00155630702178889,0.0062228529524409,0.00114837763454396,0.00182944751397618,0.00494265534123264,0.0104773130100973,0.000331331292696758,0.00364464421966433,0.0266270415025102,0.00197611208260719,0.00296535569126811,0.00247014010325898,0.00629410699388106,0.0495589671726693,0.00513979152255042,0.00595327516232561,0.00267440168872078,0.0120033370642741,0.00605778108977119,0.00385781256030615,0.000160321593240367,0.000584876923488004,0.00379368392301001,0.00502459748888882,0.167172669324838,0.00100171306591296,0.00109315575242783,8.78799844428676e-05,0.00382812337637275,0.484317876154538,0.00173206699067463,0.00239947984549749,0.000672756907930872
0.00111959045511606,4.14139066656166e-06,5.93944444762718e-05,0.000506975240764923,5.96015140095999e-05,3.47531700102299e-05,0.000875351940555583,4.0033443110096e-05,0.000461937617266065,0.00258260573125674,6.51578798205701e-05,0.000278646568681824,0.000590838401762797,0.000806156204835115,0.00817434592083718,0.000430773652500189,2.85755955992755e-05,1.05950577886202e-05,0.196821455054143,0.000707245991082067,0.000285514374870538,0.000139668400229792,0.000101360536564097,0.000471152211499165,2.41581122216097e-06,0.000839563422878712,0.00148261785862907,0.000294452876392534,0.000248725021115916,0.0127162780880331,0.000971639273553141,1.88778391217436e-05,0.0105354217630218,0.00132614231461082,9.02823165310442e-05,0.00944409629920498,0.0106820615042069,0.00152555027520576,0.000629767474028476,0.00655247380104497,0.000520710853142353,0.0286060693322636,0.00157752472807111,0.000826138414801275,0.000392155184534501,0,0.000130867945063348,0.000318887081325248,0.000749212083169892,0.000457761715010615,0.000114371405574878,0.000101118955441881,5.76343534429831e-06,0.00159816265822614,0.000125484137196818,0.692056508999553,0.000355848993024311,4.71773420099149e-05
0.016439938936904,5.97539414175074e-05,0.0012650181006911,0.00657768671035676,0.00105275580424663,0.00502802256145863,0.0181360002422751,0.00018292854338496,0.010707770497605,0.00627946022091847,0.00148407061775118,0.00125686983595234,0.000664083576208208,8.36555179845104e-05,0.0035879525732967,0.00111794192215664,0.00106592883224095,0.000298090685025975,0.0167718449205958,0.00125931431537397,0.00306917971826288,0.00017858280219096,0.00220301917653365,0.00278562010535435,0.000111767031333201,0.00016296529477502,0.00388373458331336,0.00571736575835696,0.003477271977262,0.0068570363864836,0.0462708719498838,0.000327696046910103,0.00326270100580822,0.264985643436552,0.000492019385808249,0.00250722106011369,0.00718704110840302,0.0165972004463619,0.0129900994509292,0.00320797182764627,0.00570201985976565,0.00204114031705713,0.0130945330439975,0.00281834896872166,0.00474650001473478,5.28279163895691e-05,0.00118991826068227,0.0662619604643479,0.00807846127082238,0.00429495034379566,0.0101504291894745,0.00190248401208605,6.32848561376329e-05,0.00226073605176647,0.00105194097777276,0.00171032076866384,0.390140409539934,0.00484563723572292
0.00411151105624003,4.15448852372686e-05,0.00118761068488606,0.0539450306730185,0.000627471025307712,0.00590023325304187,0.00680963646506319,0.000532920596836687,0.00836370168938694,0.00446163415803273,0.00189244115167006,0.00151022820748719,5.98819380316492e-05,4.95673458348101e-05,0.00267749622442948,0.000705976532583653,0.00156638543166998,0.000388516306080939,0.00501031315961459,0.00121110503377886,0.00124376790906885,0.000132943632759259,0.00337659636221524,0.00234083939578265,0.000154718882952586,6.44662012302443e-05,0.00199730617233793,0.00224858109891092,0.0332780261079519,0.00200303650133617,0.152364863800108,0.00167612123198635,0.00150593046073851,0.152559981502498,0.000264168166819046,0.00178499748295299,0.00201822187318152,0.00398687640052822,0.00962208193740131,0.000946936866959811,0.00225574401015873,0.000633487870755868,0.0040097977165212,0.00141281261451704,0.00551859334175883,0.000615150817961487,0.00120881290217956,0.0140146656310052,0.00370580376316436,0.00329293355884088,0.233947271231657,0.00378717443493942,0.000258724354270714,0.00088161111637983,0.000542089123233877,0.000491089195149506,0.0245043193787407,0.224296251132814
