0.0691683835701271,0.0245269087401303,0.000797913515702223,0.00420393240362515,0.0213948004620753,0.0158391787445367,0.044308018435375,0.00264383284307304,0.00105396039014398,0.000101227834081625,0.0268194214531553,0.000404911336326501,0.00557348545296479,0.0160475889911753,0.000297728923769486,0.00203646583858329,0.304106277316629,0.0012147340089795,0.0013933713632412,0.00021436482511403,0.0230323095428075,0.000518048327358906,0.000506139170408127,0.000917005085210018,0.000190546511212471,0.00662149126463338,0.000202455668163251,0.000398956757851112,0.0045195250628208,0.010557467636866,0.000202455668163251,0.00744917767271255,0.0110516976503233,0.00101227834081625,0.00129809810763496,0.0166311376817635,0.00192332884755088,0.00151246293274899,0.00335838226011981,0.0031856994843335,0.0387940787671641,0.00984887279829461,0.00800890804939918,0,0,0.00251878669508985,0.000202455668163251,0.00220914861436959,0.235348759661304,0.00141123509866737,0.000815777251128393,0.0220557586728435,0.000107182412557015,0.000714549417046767,0.00124450690135645,0.00593076016148817,0.00575807738570187,0.00184591932737082,0.000190546511212471,0.00020841024663864,0.0077647703319082,0.00305469875787493,0.00309638080720266,0.000303683502244876,0.0113315628386667,0
0.00473251257341857,0.34736460541023,0.00024031107157534,0.00248287783615026,0.0417737380387184,0.0387133058624795,0.00350470474553784,0.00136108959867041,0.00108644837401288,0.000651263198176867,0.00236676114190167,0.00922572378564656,0.00346633575091656,0.0360749326270746,0.000281709197350924,0.00126920595365631,0.0867977338060124,0.00192450799337226,0.000682564220104747,0.000236272230036259,0.00161149777409346,0.00168722605295123,0.000382680235827957,0.00168419692179692,0.0039247442656023,0.00222843081918813,0.000707806979724006,0.00348451053784243,0.0109008333139806,0.00404792893254428,0.000392777339675661,0.0138936148944398,0.00327751990896451,0.00332194716589441,0.00072093321472602,0.0116318636325543,0.000768389602810226,0.0139885276706082,0.00817562498548541,0.00506268786923847,0.0330962869920021,0.00339464631359787,0.00534944561851324,0.000671457405872274,0.00101576864707896,0.00308769435662769,0.000279689776581383,0.00478400780304185,0.177767590921896,0.00247681957384163,0.000132272060404914,0.0369937690772156,0.000310990798509264,0.000685593351259058,0.00208000339262689,0.0119781942945305,0.0209070632270546,0.00255153814231464,0.00238392621844276,0.00038974820852135,0.00231526591227838,0.00130151668596896,0.0023112270707393,0.00146912860984084,0.00598455345053378,0.00015145655771555
0.00150614258899167,0.00206813609234677,0.124223043981612,0.000202317661207836,0.00899189605368162,0.00311344400858726,0.00231541323382302,0.0016859805100653,0.000910429475435264,0,0.000753071294495836,0.000539513763220897,0.00156234193932718,0.00342816037046612,0.00161854128966269,0.00512538075059852,0.00953140981690252,0,0.000191077791140734,0.00250649102496375,0,0,0.00506918140026301,0.000359675842147265,0.00071935168429453,0.00152862232912588,0.0105879576032101,0.000202317661207836,0.000359675842147265,0.000191077791140734,0.000382155582281469,0.0146118310872326,0.000191077791140734,0.00156234193932718,0.062246400431611,0,0.00280996751677551,0.000382155582281469,0.00229293349368881,0.0160280547156875,0.00787914891703852,0.00883453787274219,0.000382155582281469,0.000179837921073632,0,0.019062819633805,0.00544009711247738,0.000539513763220897,0.0283357124391642,0.000741831424428734,0.111825467297598,0.494756600613697,0.00115770661691151,0.000179837921073632,0.000191077791140734,0.000179837921073632,0.00071935168429453,0.00294484595758073,0,0.0152525036810574,0.0088570176128764,0,0.000179837921073632,0.00139374388832065,0.000798030774764244,0.000370915712214367
0.00291387493020659,0.0082251535455053,0.00012213847012842,0.127243858179788,0.0134177833612507,0.00613135120044668,0.00287548855388051,0.000233807928531547,0.00099106644332775,0.000910804020100503,0.030391541038526,0.000722361809045226,0.0326877442769403,0.0157628419877164,0.000181462869905081,0.00235203796761586,0.0692908989391401,0.00125628140703518,0.000408291457286432,5.93243997766611e-05,0.0109331379117811,0.00145170295924065,0.000223338916806253,0.000303601340033501,0.00147613065326633,0.00937325516471245,0.000223338916806253,0.00100502512562814,0.000512981574539363,0.002892936906756,0,0.00743648799553322,0.0390284757118928,0.000303601340033501,0.000984087102177554,0.00036641541038526,0.000540898939140145,0.0016715522054718,0.00566024567280849,0.00460287548855388,0.0703692071468453,0.00244974874371859,0.00629885538805137,0.000293132328308208,0.000233807928531547,0.0036571747627024,0.000230318257956449,0.00114810161920715,0.219936487995533,0.00170295924064768,0.000174483528754886,0.0154103852596315,0.00108877721943049,6.28140703517588e-05,0.000467615857063093,0.000771217197096594,0.000938721384701284,0.000830541596873255,0,0.000303601340033501,0.00298017867113344,0.0154417922948074,0.0104376046901173,0.000589754327191513,0.238958682300391,5.58347292015634e-05
0.00136373743338509,0.0125493004979259,0.00012484599289927,0.000742696965057702,0.444767950484439,0.0149910876364193,0.00186767782808069,9.38623158293783e-05,0.00113318242460031,0.000154007100729757,0.00138059619884959,0.00427757000488449,0.0063885608264258,0.0472683332239792,0.000138970904504662,0.00231830807252367,0.0139239733467474,0.00341230525847677,0.00522029394396693,0.000458376163710459,0.000592335002806757,0.000916296685111067,0.000760011372832054,0.000616484045228878,0.00543900225269558,0.000918119254350473,0.000383650824894838,0.0109190123132778,0.00178019450458923,0.000993755877785797,0.000236934001122703,0.0080744373728758,0.00165489286938011,0.000559984398807311,0.000666604699312527,0.000431037625119378,0.000672528049340594,0.0092900910555592,0.0175663779716991,0.00416730456590046,0.0573580765333275,0.00222262318745489,0.00245454512316923,0.000156285312279013,0.00129311287535813,0.00250876655804154,0.00014489425453273,0.00215063170249838,0.237666673956944,0.0155273786351143,0.000134414481406149,0.0203207357347506,0.000420102209682946,0.000523988656329054,0.00468263601834234,0.000644278226129811,0.00233061041488966,0.00161160684994423,0.00196746349393813,0.000275207955150216,0.00109080768978413,0.00245727897702834,0.00493096107721132,0.000847950338633365,0.00690389227886767,0.000160386093067676
0.00161366511664125,0.0161422802307729,0.0001435411411896,0.000417019851364555,0.0216587633039418,0.615827615533028,0.00097523540043522,0.00030350038676363,0.0010751512928319,0.00196782708264827,0.000861715935834295,0.004326405049646,0.00382166561199891,0.0442561730899764,0.00104419143884983,0.000742567406872994,0.00936301038609283,0.0233728134016764,0.00101604611704795,0.000899712120266836,0.000569942766488116,0.0176091205853476,0.000196548163916478,0.00519609549332416,0.00577729638853303,0.000285205927592407,0.000341496571196171,0.00173891179865963,0.00280796493843445,0.000562906436037645,0.000302093120673536,0.00710341013409839,0.000929264708158813,0.00106764587368473,0.000402947190463614,0.000871097709768256,0.000211089913514117,0.0013387791403762,0.00210151736120721,0.00426542351907526,0.0177535999039306,0.000998220746573424,0.000716298439857904,0.00769305462584782,0.0109246066574006,0.00257858056574911,0.000143072052492901,0.000478470470631998,0.0849538393268014,0.00183507498148272,0.000149170205549976,0.0167384919642761,0.000811054356590907,0.00213904445694305,0.0119068783882863,0.000645935135353198,0.0195337915078997,0.00121024883748094,0.0013631717526045,0.000321794845934854,0.000504739437647089,0.00059527355610981,0.00142227692838845,0.00677973893337674,0.0040632462907984,0.000232667993562227
0.0249286188752213,0.0246017089736768,0.00130416184126785,0.0100716071794979,0.0277351751576297,0.0108297599298883,0.0900567223456829,0.00971687515867302,0.00395074093781409,5.56442385607618e-05,0.0280551295293541,0.00199275929345728,0.00702508511829617,0.00622519918898522,0.000591220034708094,0.00335604313819594,0.152611279782709,0.00194059281980657,0.000399942964655475,0.00104680723792433,0.00827708048591331,0.00125895089743724,0.00198232599872714,0.000897263346792284,0.000239965778793285,0.00976904163232374,0.00102941841337409,0.00177366010412428,0.00547052420350489,0.00672947510094213,0.000180843775322476,0.0262432140112193,0.00883004510661088,0.00380815257650213,0.00426026201480832,0.00876744533823003,0.00477844898640542,0.00205535906183814,0.00867702345056879,0.0108714931088088,0.0486713199161163,0.0320962923548294,0.00919868818707593,0.000493842617226761,0.00198928152854723,0.00709811818140717,0.00264657909654623,0.00231966919500176,0.249682653951958,0.00258397932816537,0.000417331789205713,0.0550982294698843,0.000166932715682285,0.0012346065430669,0.000987685234453522,0.00235792460901228,0.00633996543101679,0.00485148204951642,0.000243443543703333,0.00331778772418542,0.0155629979724631,0.00237183566865247,0.00409680706403609,0.00118244006941619,0.0223098618979554,0.000285176722623904
0.0158822003631357,0.0528542069873701,0.00145653345038808,0.000319240208304236,0.0163411081625731,0.00804086274666294,0.0510584808156587,0.0497216624433847,0,0.000339192721323251,0.00899858337157565,0.000359145234342265,0.00674394940042698,0.00596580139268541,0.00911829844968974,0.000319240208304236,0.105588698896626,0.00315249705700433,0,0.000319240208304236,0.00103753067698877,0.000359145234342265,0,0.000339192721323251,0,0.001356770885293,0.000339192721323251,0.00143658093736906,0.0167002533969153,0.001356770885293,0,0.125780642071869,0.00299287695285221,0.0250803088649015,0.00628504160098965,0.0250404038388635,0.00199525130190147,0.001356770885293,0.00263373171850995,0.0022945389971867,0.0625910333406493,0.041940182365969,0.00301282946587123,0,0,0.00245415910133881,0.000339192721323251,0.00103753067698877,0.23166862866378,0.00415012270795507,0.00223468145812965,0.0384484925876414,0.000319240208304236,0.00133681837227399,0.0044693629162593,0.00440950537720226,0.00682375945250304,0.0117719826812187,0.000339192721323251,0.00546698856721004,0.00476865061154452,0.000359145234342265,0.00375107244757477,0.0116323150900856,0.00371116742153674,0
0.00142514038484468,0.00238753598337525,0.000337832083259994,0.000485456186869404,0.00516684362632933,0.00403695144870346,0.00410224672529993,0.000332154233121171,0.224283597258734,0.000246986481038819,0.000570623938951755,0.000139107328401174,0.00127467735616586,0.00878363416475986,0.0011384089528341,0.00930883530260102,0.00868143286226103,0.000658630616103518,0,0.0043861392322411,0.000337832083259994,0.00151598598706586,0.00604407147277755,0.000735281592977635,0.00018169120444235,5.11006512494109e-05,0.00127183843109645,0.000783543319157634,0.00106743582609881,0.000567785013882344,0.0158270072619703,0.0097148015875269,0.000437194460689405,0.000425838760411758,0.003826870993567,0.000474100486591757,0.00322785780392112,0.000604691039784696,0.00223139510455761,0.189430114181566,0.00486023971883286,0.00475803841633404,0.00109866400186233,0.000536556838118815,0.000584818564298814,0.0890627572775844,5.11006512494109e-05,0.000283892506941172,0.0305780619226336,0.00028105358187176,0.000650113840895283,0.327600597309835,0.00714273547463988,0.00145920748567762,0.000874388921378809,0.000249825406108231,0.00136268403331762,0.0025692271878176,9.65234523599984e-05,0.000695536642005871,0.000899939247003514,0.000289570357079995,0.00108730830158469,0.00207525422573997,0.00243295878448584,0.00191627442185291
0.000780487804878049,0.00809005628517824,0.000540337711069418,0.000810506566604128,0.0453583489681051,0.164652908067542,0.0014859287054409,0,0.00739962476547842,0.130476547842401,0.00207129455909944,0.00202626641651032,0.00568855534709193,0.0456735459662289,0.00580863039399625,0.00120075046904315,0.011422138836773,0.00801500938086304,0.00105065666041276,0.0149043151969981,0.000765478424015009,0.046093808630394,0.00121575984990619,0.00360225140712946,0.00127579737335835,0.000270168855534709,0.00075046904315197,0.0009906191369606,0.00153095684803002,0.00024015009380863,0.00181613508442777,0.0243602251407129,0.000525328330206379,0.00103564727954972,0.0009906191369606,0.00024015009380863,0.00025515947467167,0.00025515947467167,0.0004953095684803,0.0166604127579737,0.0154296435272045,0.00121575984990619,0.000270168855534709,0.0394746716697936,0.00307692307692308,0.0160600375234522,0,0.00265666041275797,0.108712945590994,0.00226641651031895,0,0.0599024390243902,0.00130581613508443,0.00986116322701689,0.00945590994371482,0,0.0120975609756098,0.00483302063789869,0.0164502814258912,0.000720450281425891,0.000270168855534709,0,0.00175609756097561,0.129470919324578,0.00051031894934334,0.00337711069418386
0.0141135517669225,0.00727505629336887,0.00152221864804007,0.0360909425118331,0.0266359542300446,0.00717453242038509,0.020854395478149,0.00157966086117366,0.00121777491843206,0.00022976885253435,0.114720715959744,0.000654841229722899,0.0172498966040164,0.00666329672349616,0,0.00325122926336106,0.117417627866366,0.000448049262441983,0.00018668719268416,0,0.0403761316115987,0.00129244979550572,0.00137574100454942,0.000988006065897707,0.0008357842010937,0.0214202012775148,0.000870249528973852,0.000482514590322136,0.00237236340241717,0.00471600569826754,9.76517623270989e-05,0.00756513946969349,0.0259954735536051,0.00143605532833969,0.00144467166030973,0.00181804604567805,0.00189272092275171,0.000827167869123662,0.00245278250080419,0.0090126832406599,0.0748673084876614,0.0071170902072515,0.00560923211249483,0.000531340471485685,0.00050836358623225,0.00417030467349846,0.00126085657828225,0.001280961352879,0.242167754239235,0.00207653600477919,0.000476770369008777,0.0383426772666697,0.000146477643490648,9.76517623270989e-05,0.0011143789347916,0.00116607692661183,0.00274573778778549,0.00184102293093148,0.000100523872983778,0.00252745737787785,0.0143404485088001,0.00963593125315932,0.004819401681908,0.000775469877303433,0.0776245347180736,9.76517623270989e-05
0.00293119018429669,0.0529531362725956,0,0.00109478187606262,0.0461775968276551,0.0530641279835329,0.00187676893039306,0.000338020210581546,0.00172541659729685,0.00201803110794953,0.00142775700887429,0.139632617436798,0.00294632541760631,0.321275597463335,9.08113998577288e-05,0.000570093787995742,0.0128245876910193,0.0199885981242401,0.00328434562818786,0,0.0012713595980082,0.00281515339558959,0.000166487566405836,0.00372326739416688,0.00719428089984007,0.000630634721234228,0.00051459793252713,0.0286610868106532,0.00484327465907887,0.00109982695383249,0.00017153264417571,0.00538309798045537,0.00237623162961057,0.00105442125390363,8.5766322087855e-05,0.0015034331754224,0.000595319176845111,0.0153269462648767,0.00661914203407446,0.00532255704721688,0.0226523991867335,0.000867753376418297,0.00376362801632587,0.00176073214168596,0.0043740824264806,0.0033146160948071,0,0.00660905187853471,0.124573060293724,0.00288578448436783,0,0.0159474908305712,0.000348110366121294,0.000766851821020821,0.009636098540459,0.00170523628621735,0.032187596171795,0.00157910934197051,0,0.000161442488635962,0.00227533007421309,0.00101406063174464,0.00278992800674022,0.000696220732242588,0.00635175291227114,0.000161442488635962
0.00215567550056929,0.00346099061030627,0.000596681450710063,0.00524269809585967,0.0253000080986704,0.0116477935887114,0.00324185011743072,0.000303700139582966,0.00194725383614961,0.000326328777434246,0.00309774142374625,0.000713397582785085,0.23622035052951,0.0115203586281805,3.81113900653134e-05,0.00184482947534908,0.0172168204620053,0.00118264407296426,0.000757463877548104,9.88514179819066e-05,0.00122790134866682,0.00058238967943557,0.000725307392180496,0.000175074198112533,0.00175074198112533,0.00158281366865005,0.000332283682131951,0.000616928126682261,0.00077651957258076,0.00111475815941042,4.04933519443955e-05,0.00947306239310946,0.00495567168943028,0.000319182891797,0.000808676057948369,0.000403742538504414,0.000740790144394529,0.000695532868691969,0.00265469651423699,0.00615260753366903,0.108596024029231,0.00349195611473434,0.00319063793703046,0.000185793026568403,0.000435899023872022,0.00296316057757812,0.000215567550056929,0.000630028917017212,0.287246737903207,0.00214852961493204,0.000524031613398059,0.041101943204501,0.000179838121870698,0.000377540957834511,0.00193296206487511,0.000463291585481466,0.000738408182515447,0.00150182696476126,7.97957229492499e-05,0.00154708424046382,0.00342287922024096,0.0153100599778001,0.0463208216815698,0.000540705346551634,0.114650971125858,0.000160782426838041
0.000602472013685965,0.0123490727428833,0,0.000426541022617212,0.0552368333521176,0.0303435144231342,0.000933258929185027,8.47584201763525e-05,0.000726631645403757,0.000555282190560753,0.000585520329650695,0.017664571071997,0.00328679408835218,0.555591902409613,0.000388514271943497,0.00066111567737555,0.0105984677510247,0.0147465906498176,0.00775745713743784,0.000354152750250381,0.00030238139089942,0.00154764293705794,0.000183261449029951,0.000990986285629462,0.0216569217391145,0.00035690167198583,0.000295509086560797,0.0182913252276794,0.00200900363499084,0.000518629900754762,0.000158979307033483,0.00515560271483511,0.000926386624846404,0.000656075987527226,0.000238698037361512,0.000465484080536076,0.000212125127252169,0.00444775536795692,0.0057411230444858,0.00191279137425012,0.0259530282579991,0.000951126920465447,0.00116874989118851,0.000497554834116318,0.00287445582803479,0.00173365330782334,6.13925854250337e-05,0.00133047811995745,0.129498495881657,0.00523944482776631,4.67316695026376e-05,0.0142279607490628,0.000618507390476086,0.000747706712042201,0.0160252974104241,0.000344531524176309,0.00694973230083833,0.000843002665537776,0.00081047375833496,0.000165393457749531,0.000324830918405589,0.000951126920465447,0.00306321512053564,0.00201495963208431,0.00444042490999572,0.000156688538920608
0.000277623542476402,0.00189437240748604,0,0,0.0169513668876768,0.110771793448084,0.00256393506875265,0.000800209034196688,0.0123134206486592,0.00940653885096515,0.000522585491720286,0.000261292745860143,0.000277623542476402,0.00271091223829898,0.246268412973185,0.000538916288336545,0.00591174837508574,0.00308652056047294,0.00168207205147467,0.0408923147271124,0,0.0218016134827057,0.00253127347552014,0.00238429630597381,0.003658098442042,0.000277623542476402,0,0.00111049416990561,0.00364176764542574,0,0.00230264232289251,0.0291178103667897,0.0011921481529869,0.00130646372930072,0,0.000522585491720286,0.000783878237580429,0.000555247084952804,0,0.0328412319952967,0.00403370676421596,0.00303752817062416,0.00142077930561453,0.00377241401835582,0,0.0236143319071104,0.000293954339092661,0,0.0183231538034425,0.00130646372930072,0,0.096302707646079,0.0273377535356175,0.00378874481497207,0.00818172910474573,0,0.00223731913642748,0.00527484730705164,0,0.00174739523793971,0.000849201424045465,0,0.000293954339092661,0.227830943593429,0,0.00919423849495378
0.00130619711321471,0.00165591121446441,0.00127929602850319,0.00192791107099196,0.00631278787896903,0.00685977660143652,0.00446259105269922,0,0.00786109475458738,5.38021694230315e-05,0.00145265857442185,9.56483011965005e-05,0.00698830400616932,0.00206540550396193,0.000101626320021282,0.153718776060426,0.0113104116164862,0.000295911931826673,9.86373106088911e-05,0.0012135378214306,0.000403516270672736,0.00101925220962521,0.0377511888784938,0,0.000448351411858596,0.000798065513108301,0.0022656691345921,0.000143472451794751,0.000203252640042564,0.000696439193087019,0.00109098843552258,0.00431612959149208,0.00180237267567156,0.000146461461207141,0.0034164377583625,0.000460307449508159,0.00251375691582053,0.00112984555788366,0.00132712017910144,0.0354914977627265,0.0153664973891003,0.00549678830938639,0.00164395517681485,0.000765186409572004,9.86373106088911e-05,0.0226985374776945,0.000400527261260346,0.000463296458920549,0.050454478881154,0.00117468069906952,0.00320720709949516,0.572072489456269,0.000508131600106409,0.000346725091837314,0.00112685654847127,0.000257054809465595,0.00150347173443249,0.00188008692039371,5.38021694230315e-05,0.000254065800053204,0.00179938366625916,0.00115973565200757,0.00320122908067037,0.000965450040202177,0.00816597371465123,0.000451340421270987
0.0133345977574009,0.0279712292763087,0.000276881182670284,0.00545109828382121,0.0252750987600568,0.0114441914827195,0.00901732791661446,0.00126603920775987,0.00152769192538329,9.2755196194545e-05,0.00898825539243408,0.00178034600456992,0.00746194787296415,0.0128417492522478,0.000154361259338683,0.0021202176562977,0.420469687394223,0.00100923191083318,0.000413937368092074,0.000713661248332656,0.0102113780168801,0.000631981299444923,0.00126673141071655,0.000584219295434299,0.000643748749708409,0.00287471887907422,0.00111583116616124,0.000947625847689046,0.00254799908352329,0.0153973625682945,5.81450483607596e-05,0.00994557208151659,0.015180703042855,0.000992619039872967,0.00224135317371595,0.00474782007983869,0.00159068239444078,0.00278957791540311,0.00613707141388684,0.00822060231348072,0.0426043997804332,0.00545179048677789,0.0112129956951898,0.000175127348038954,0.000528150855943566,0.00283803212237041,0.000484542069672996,0.00519913640759125,0.2125900642572,0.00198108486200588,0.000136363982465115,0.0343304978392885,0.00032741199850761,0.000580066077694244,0.000973237357086047,0.00677112932220179,0.00275081454982927,0.00174988907447619,0.000648594170405139,0.000708815827635926,0.00292248088308484,0.00406530796455644,0.00414283469570412,0.000611215210744651,0.0163401429952868,0.000139824997248493
0.000637493554006261,0.00618003305221356,0.000129934991899365,0.00123438242304397,0.0492656642723437,0.194281236169029,0.00199775050045274,0.00049537715661633,0.000203023424842758,0.000633433085509406,0.000714642455446509,0.0199084770400809,0.0030615932466288,0.205496250157343,0,0.000535981841584882,0.0144471469118107,0.156531060553767,0.0029885048136854,0.000345139822232689,0.000138055928893076,0.00462081314942118,0.000552223715572303,0.00131153132448422,0.0184507688497099,0.000860819321333295,0.000263930452295586,0.00566841402160981,0.00254997421602504,0.000686219175968523,0.000600949337534565,0.00482383657426394,0.000288293263276717,0.000629372617012551,0.000276111857786151,0.00103541946669807,6.49674959496827e-05,0.00370720773762877,0.00408889177633315,0.00166885255220747,0.02534544435737,0.00146582912736472,0.00102729852970436,0.000475074814132055,0.030502239348376,0.00098263337623895,0.000211144361836469,0.00191248066201878,0.140406940152755,0.0046735992398803,6.90279644465378e-05,0.00976948720343353,0.000406046849685517,0.00103947993519492,0.0488474360171677,0.000133995460396221,0.0116007584955152,0.00119377773807542,0,7.3088432943393e-05,0.00199775050045274,0.000674037770477958,0.00203023424842758,0.00161606646174836,0.00217235064581751,0
0.00173718960105111,0.0170640396255147,0,0,0.170123637323189,0.0107309939913031,0.00108849221838013,0,0.000687179430795534,0.000456287142048234,0.00135786655525198,0.0103461735100576,0.00135236911980561,0.338631028625146,0.000186912805176385,0.00045078970660187,0.0098788914971166,0.0116985426298632,0.0586631336481531,0.000676184559902805,0.000555240980082791,0.000654194818117348,0,0.00176467677828293,0.0497847754022748,0.000181415369730021,0,0.0335288587873757,0.00232541519381209,0.00114346657284377,9.89538380345569e-05,0.00314453307532036,0.000368328174906406,0.000533251238297334,0,0.000197907676069114,8.79589671418283e-05,0.0093401428233729,0.00767991731857089,0.00199007163158387,0.0317531871382,0.00120943579820014,0.00119844092730741,0.000274871772318214,0.00255081004711302,0.000637702511778255,0,0.00166572294024837,0.164340335233614,0.0128859886862779,0,0.00177567164917566,0.000186912805176385,0.000285866643210942,0.0130069322660979,0.00019241024062275,0.00599220463653706,0.000742153785259177,0.000285866643210942,8.79589671418283e-05,0.0034468920248704,0.0016767178111411,0.00339191767040676,0.00182514856819294,0.00207803059872569,0
0.00205802412316884,0.00419420106114155,0.000573120641895119,0.000590487934073759,0.0129559999652654,0.0358808256410702,0.00336925468265615,0.000755477209770839,0.0113234745004733,0.00148490348127372,0.00181488203266788,0.000599171580163079,0.00628695976866767,0.0213096675031912,0.0398058336734428,0.00239668632065232,0.0111671688708655,0.00145016889691644,0.000451549596644639,0.166587066577515,0.00190171849356108,0.00569647183459391,0.0014328016047378,0.00283955227120763,0.00014762198351844,0,0.00232721715193776,0.00180619838657856,0.0011722922220582,0.000303927613126199,0.00468916888823279,0.0922897906372928,0.00015630562960776,0.000998619300271798,0.00561831901979003,0.00013893833742912,0.001953820370097,0.000277876674858239,0.000312611259215519,0.0270408739221424,0.00429840481421339,0.00544464609800363,0.0010420375307184,0.00268324664159987,0.000303927613126199,0.0320947559461267,0.00014762198351844,0,0.059213782683073,0.000703375333234919,0.00418551741505223,0.267030800892679,0.0100643458175219,0.0131817747635877,0.00218827881450864,0,0.0016064745265242,0.0199029168367214,0.00817999461613942,0.00598303215554147,0.000989935654182478,0,0.000738109917592199,0.0512248282808986,0.0020840750614368,0.0305490669422277
0.0215348665600787,0.0140327143032837,0.00173410404624277,0.0217562415447054,0.0195916861394662,0.00467962120280408,0.0140573115237978,0.0012606075513467,9.83888820563276e-05,0,0.0549870864592301,0.00404624277456647,0.00754519739269462,0.0149243635469192,0.000196777764112655,0.00214610748985365,0.210841224941582,0.00218300332062477,0.00119911450006149,0.000295166646168983,0.15290862132579,0.000301315951297503,0.000602631902595007,0.000307465256426024,0.00281638174886238,0.0107674332800394,0.000528840241052761,0.000412003443610872,0.00266879842577789,0.00731767310293937,0,0.00446439552330587,0.0474295904562784,0.000713319394908375,0.00135899643340303,0.00153732628213012,0.000633378428237609,0.00194932972574099,0.00937769032099373,0.00275488869757717,0.0516172672488009,0.00538679129258394,0.00660435370803099,0.000405854138482351,0.000221374984626737,0.00212765957446809,0.0005103923256672,0.00175870126675686,0.196790062722912,0.00166646168982905,0,0.0235579879473619,0,9.83888820563276e-05,0.00113147214364777,0.00158037141802976,0.00249046857705079,0.00227524289755258,0,0.00104538187184848,0.00703480506702743,0.0113331693518632,0.00586643709260853,0.000393555528225311,0.0300393555528225,0.000104538187184848
0.00177750050750363,0.0171660007228832,0,0.00199040446801242,0.0285934970218202,0.479939990790666,0.00212408835019236,0.000495125489555328,0.0027974590159876,0.00725853967688111,0.000351539097584283,0.00346092717199174,0.00311929058419856,0.0308512692541925,0.00311929058419856,0.00176264674281697,0.0105263679079463,0.0122642583762855,0.000495125489555328,0.00217360089914789,0.000168342666448811,0.11861721353277,0.000415905411226475,0.0164728250375058,0.0040055652105026,8.41713332244057e-05,0.000613955607048606,0.00255979878100104,0.00406993152414479,0.000252513999673217,0.00156954780189039,0.0111799335541593,0.000777347018601865,0.00140615639033713,0.000440661685704242,0.000668419410899692,8.41713332244057e-05,0.00092093341057291,0.00137644886096381,0.00359956230906723,0.00829335195005174,0.00183691556625027,0.000856567096930717,0.027132876827632,0.00330248701533404,0.00321336442721408,0,0.000415905411226475,0.0798191801712144,0.00177254925260807,0,0.0200476310720952,0.000722883214750779,0.0113482762206081,0.0077784214409142,0.000168342666448811,0.015383548960484,0.00212408835019236,0.00140120513544158,0.000173293921344365,8.9122588119959e-05,0.000871420861617377,0.000490174234659774,0.0292520139229288,0.00247562744777664,0.00148042521377043
0.000847829707347353,0.00151398162026313,0.0018521041821219,0.000343169167259643,0.00386569973707186,0.00571275731379288,0.00400700468829642,0.000459241091479816,0.00784747139836389,9.08388972157878e-05,0.000953808420765772,0.00165023996608681,0.00707534077202969,0.00434512725015518,8.07456864140336e-05,0.0816439821753897,0.00864483505170247,0.000868016128950861,8.07456864140336e-05,0.000580359621100867,0.00223059958718768,0.000161491372828067,0.140199744641767,0,0.00050466054008771,0.000741850993928934,0.00196817610634207,0,0.000418868248272799,0.000428961459074553,0.00223059958718768,0.00994181263972789,0.000575313015699989,8.07456864140336e-05,0.00339131882938941,0.000812503469541213,0.00217004032237715,0.00110520658279208,0.00128688437722366,0.0283165029043214,0.00764560718232881,0.00842278441406388,0.000756990810131565,8.07456864140336e-05,8.07456864140336e-05,0.0248747180209232,9.08388972157878e-05,9.08388972157878e-05,0.0334539472024143,0.000171584583629821,0.0111176716981323,0.566203892951406,0.00050466054008771,0.00102950750177893,0.000645965491312269,0,0.000918482182959632,0.00199845573874733,0,0.00316926819175082,0.00225583261419206,0.000403728432070168,0.00267470086246486,0.000171584583629821,0.00387074634247274,0.000338122561858766
0.00245488467497327,0.0345429550265128,0.000360049752329413,0.00178933816309163,0.0458136033342789,0.278645776507299,0.00513889191961071,0.00112379165120999,0.00159294738909377,0.000392781547995723,0.0012765400309861,0.00717917384947738,0.00368778231173762,0.0748357954917407,0.000360049752329413,0.00451698780195081,0.0108778667597704,0.0053134614964977,0.00146202020642852,0.000534619329216401,0.000360049752329413,0.0417221288759901,0.00122198703820892,0.0786435943875881,0.00264036485041569,0.000589172321993585,0,0.00338228555218539,0.0244942937569555,0.00037096035088485,0,0.0299823248303402,0.00186571235297968,0.0143474371003993,0.000545529927771838,0.00206210312697755,0.000360049752329413,0.00353503393196151,0.00904488620245707,0.00504069653261178,0.0221812468632029,0.00393872607851267,0.00132018242520785,0.00561895825604993,0.000567351124882711,0.00556440526327274,0,0.000196390773997862,0.112815589063216,0.00151657319920571,0.00122198703820892,0.0271237480088158,0.00112379165120999,0.0126017413315294,0.00226940449953084,0.00150566260065027,0.0622231435616558,0.00298950400418967,0.018635302332686,0,0.00331682196085277,0.000981953869989308,0.00298950400418967,0.00411329565539966,0.00289130861719074,0.000185480175442425
0.000640175273981151,0.0050058470882425,0,0.000198754778203534,0.0526653940197923,0.0338414676422599,0.00118790646507694,3.69776331541459e-05,7.62663683804259e-05,7.39552663082918e-05,0.000265776738295424,0.00447891581579592,0.00188123708671717,0.217153461799794,0.000201065880275668,0.0010700402593981,0.00557206709591536,0.0188840150314079,0.0177608194243507,0.000152532736760852,0.00023573241135768,0.0015715494090512,0.000346665310820118,0.000385954046046398,0.351763601991246,0.000159466042977254,0.00047146482271536,0.00630006424863761,0.00134506140598206,0.000385954046046398,0.000979907278584866,0.00173332655410059,0.000529242374518713,0.000716441642361577,0.000242665717574082,8.08885725246941e-05,0.000238043513429814,0.00140283895778541,0.00228105774519637,0.00158079381733974,0.0212944944926438,0.00102612932002755,0.000515375762085908,8.31996745968283e-05,0.00238505733844241,0.000529242374518713,0.00015715494090512,0.000261154534151155,0.150452744895931,0.00516762423329189,0,0.0101480491987409,0.000986840584801268,0.0001964436761314,0.0601348759169297,0.000309687677665972,0.00398665107443135,0.00055004229316792,8.08885725246941e-05,0,0.00100070719723407,0.000790396908669868,0.0018627482701401,0.00111395119876864,0.00302985481656783,3.928873522628e-05
0.0107924512052019,0.010098074045366,0.00191626565039994,0.0112230726996738,0.0190603838990623,0.0033104027387527,0.0130693623572221,0.000635166704346047,0.00413396634693021,8.61242988943793e-05,0.040123157747419,0.000263755665364037,0.0223654038691341,0.00699759928516832,0,0.00371411038982011,0.0652283908751305,0,0.000828946376858401,0,0.0184359827320781,0,0.00141028539439546,0.000172248597788759,0.000877391294986489,0.151428048531042,0.00366566547169202,0.00122188849056401,0.000785884227411211,0.00210466255423139,0.000183014135150556,0.0122404159803637,0.0141512988620827,0.00143719923779995,0.00153947184273703,0.00159329952954602,0.00369257931509651,0.000931218981795476,0.00368181377773472,0.00901613754050533,0.0770650992044268,0.0156046464059254,0.00443001862437964,0,0.000366028270301112,0.00511363024685377,0.00446231523646503,0.000850477451581996,0.298797489476687,0.000909687907071882,0.000258372896683138,0.0227045182960307,0.000269138434044935,0.000193779672512353,0.000269138434044935,0.00074820484664492,0.00137798878231007,0.00404245927935493,0.000188396903831455,0.00676614023188968,0.062440116698425,0.0104802506217098,0.00621171505775711,9.68898362561767e-05,0.0338414666968102,9.68898362561767e-05
0.00213529517315629,0.021873317782164,0.00834380046653508,0.00156109815180334,0.0306477660147138,0,0.00401937914947066,0,0.0109276870626234,0,0.00125605598420958,0.00174053472097614,0.00409115377713978,0.00882827920330163,0.000645971649022071,0.00985106764758658,0.0144625874753275,0,0,0.00215323883007357,0.0024762246545846,0.00125605598420958,0.0109276870626234,0.00129194329804414,0,0.00129194329804414,0.0712363179616006,0,0.00479095639691369,0.000574197021352952,0.0071774627669119,0.105526646330522,0.00186614031939709,0.00375022429571147,0.0362282433159878,0.000574197021352952,0.0207249237394581,0.00299659070518572,0.000915126502781267,0.0227346133141934,0.0142293199354028,0.0154136012919433,0.00154315449488606,0.000305042167593756,0.00687242059931814,0.0299120760811053,0.00696213888390454,0,0.0589808002870985,0.00118428135654046,0.000322985824511035,0.383366230037682,0.000915126502781267,0.00339135115736587,0,0.000305042167593756,0.000574197021352952,0.0182666427417908,0.0242239368383277,0.000879239188946707,0.00371433698187691,0.00154315449488606,0.000951013816615826,0.000968957473533106,0.00172259106405886,0.00457563251390633
0.000550131763266226,0.014330261540691,8.58742264610694e-05,0.000362281892882637,0.130641534143056,0.0263311846886254,0.00112441565272463,0.000413269714843897,0.000998287882609932,0.000228103414037216,0.000316661210075194,0.0179316119129021,0.00574283889458402,0.372211100317198,0.000225419844460307,0.00157793891122215,0.00876185466860599,0.011252207235977,0.0113192964753997,0.000185166300806681,0.000571600319881493,0.00188654941256662,0.000456206828074432,0.00193485366495097,0.00996141026948406,0.000364965462459545,0.000762133759841991,0.085243587610496,0.00132031623183894,0.00119955560087806,0.00263526532452407,0.00521685925750997,0.0011163649439939,0.00138472190168475,0.000464257536805157,0.000563549611150768,0.000421320423574622,0.0153097644362625,0.0150253060611102,0.00327663845340518,0.0307724923384089,0.0013391012188773,0.00347790617167331,4.56206828074431e-05,0.00189996726045116,0.00102512357837902,0,0.00214953923110365,0.158459416377288,0.00910535157445027,0,0.00582066241231436,0.000673575963804014,0.000501827510881875,0.00629297065785025,0.00104659213499428,0.00883431104718252,0.0014008233191462,0.00202072789141204,0.000236154122767941,0.000896312238687413,0.00202877860014277,0.00478480455562771,0.000544764624112409,0.00284726732109983,9.12413656148863e-05
0.0110232988866205,0.16413928819481,0.000715593627007345,0.00294130027571402,0.040652032075432,0.0481710268768548,0.0127175720329173,0.00449350704017848,0.00315703070738535,0.000841874855302759,0.00441458127249384,0.00405678445899017,0.00352008923873466,0.0597362827015764,0.000336749942121104,0.00272030812619704,0.0688074842674636,0.00188369498873992,0.00123124197588029,0.00336223770336539,0.0023782964662303,0.00333592911413718,0.00188895670658557,0.0101761623134721,0.00118388651526951,0.0025414097194452,0.00182055437459222,0.000699808473470418,0.0966524951066024,0.000794519394691979,0.000178898406751836,0.0608412434491613,0.00182055437459222,0.0201629027845011,0.00107339044051102,0.00996569359964641,0.00277818702249911,0.00411992507313788,0.00853450634563172,0.013501567991918,0.0369740913013281,0.0052564561277966,0.00306758150400943,0.000436722581188306,8.94492033759182e-05,0.00929219371540421,0.000168374971060552,0.00199945278134405,0.133247742723044,0.00195735903857891,0,0.034253783175131,0.000178898406751836,0.00399890556268811,0.000715593627007345,0.00422515943005072,0.0304863931976512,0.00774524866878539,0.00496706164628628,0.00042093742765138,0.0030517963504725,0.0050196788247427,0.00188369498873992,0.0042093742765138,0.0221676172836908,0.000815566266074548
0.0106928631466341,0.0259369985481776,0,0.00859154122411553,0.0181000229235119,0.0117005425231145,0.0107549476579812,0.0011509513257431,0.000463245969282494,7.64117062734011e-05,0.0104349736379613,0.00432203713608925,0.0071827003896997,0.00810919232826469,0.000243562313746466,0.00139928937113166,0.269160235348055,0.00194372277832964,0.00120826010544815,0.000496676090777107,0.00466588981431955,0.000573087797050508,0.000463245969282494,0.000568312065408421,0.00279380301062123,0.00197237716818217,0.000401161457935356,0.00419309238175288,0.0025359135019485,0.0491900359135019,0.000477573164208757,0.00692003514938489,0.0246905325895927,0.000234010850462291,0.00184820814548789,0.00581206540842057,0.00160464583174142,0.00451306640177275,0.0140215481011691,0.004417551768931,0.0610577290440896,0.00796592037900206,0.0288645220447773,0.000778444257660274,0.00255024069687476,0.00105066096125926,0.00015759914418889,0.0112659509436846,0.27356345992206,0.00270306410942156,0,0.031085237258348,7.64117062734011e-05,0,0.000873958890502025,0.00565924199587377,0.00331913349125086,0.00233533277298082,8.11874379154887e-05,0.000649499503323909,0.00371551921754413,0.0188784671811722,0.00371551921754413,0.00156166424696263,0.0141457171238634,8.11874379154887e-05
0.000444631079712472,0.00716350072870094,0,0.00130919151248672,0.0114368994392708,0.0207988538398834,0.00298890892473384,0,0.110466121581899,0.000395227626411086,0.000444631079712472,0.000444631079712472,0.0183533829014648,0.00158091050564434,0.00437220561717264,0.0079786577081738,0.00434750389052195,0.000395227626411086,0,0.00570609885631006,0,0.00247017266506929,0.0020749450386582,0,0,0,0.000839858706123558,0,0.00256897957167206,0.000395227626411086,0.162981992441272,0.0041745918039671,0.000419929353061779,0,0.000889262159424944,0.00256897957167206,0.000839858706123558,0.000889262159424944,0.000444631079712472,0.190598522836746,0.00721290418200232,0.00254427784502137,0.000395227626411086,0.000395227626411086,0.000889262159424944,0.0785514907492034,0,0.00125978805918534,0.0240594817577749,0.000444631079712472,0.000790455252822172,0.232023318429958,0.0421164439394314,0.000395227626411086,0,0.0017291208655485,0.00256897957167206,0.0017291208655485,0,0.000395227626411086,0,0,0.0184027863547662,0.00681767655559124,0.0034829434577477,0.00301361065138453
0.00410287419179349,0.0140117560756468,0.00051084527359129,0.00145861015966047,0.0236334651990211,0.0200783991113756,0.00717837124708799,0.00240542728084359,0.00211162016616214,0.00154201346963456,0.0020481199187955,0.00182918623011352,0.00997427766099208,0.0191173655169015,0.000670069774450912,0.00274188381539815,0.0247158126989122,0.00122925105723173,0.000398061252149057,0.00479853361816827,0.000516531862907705,0.0018576191766956,0.00119702705110538,0.00201115708823881,0.00142828168330626,0.00277979441084091,0.00647228640696645,0.000412277725440095,0.0087374444846718,0.00137236355502818,0.000500419859844529,0.393154673333877,0.00172872315219019,0.00763708945194548,0.00364699928159422,0.00190595518588513,0.00289636949182742,0.00134487837333217,0.00264710732679123,0.0117371203490808,0.0311625094539547,0.0132999846462088,0.00251536800762761,0.00052221845222412,0.000564867872097233,0.0102273308855726,0.00255991295727286,0.000422703139186856,0.13245203835794,0.000699450485919057,0.000634054708780283,0.085470385190605,0.0010918251487517,0.00426778528196953,0.00133255742981327,0.00041796431475651,0.00602683691051393,0.0228743055252797,0.0543884357519661,0.00252674118626044,0.00548092433613809,0.00139795320695205,0.00232391950064164,0.00483265315406676,0.0124081378884177,0.00155907323758381
0.0061436339241579,0.0100016477179107,0.000160064025610244,0.028945695925429,0.0301485300002354,0.00894475437233717,0.00468658051455876,0.000157710142880682,0.000722641997975661,8.23858955346845e-05,0.0179554174611021,0.00194666101734812,0.0158322152390368,0.00964621142574677,0,0.00136054421768707,0.160723112774522,0.000355436292163924,0.0006826259915731,0,0.0197914459901608,0.000313066403031801,0.00053668526234023,0.000508438669585481,0.000553162441447167,0.00378504342913636,0.000157710142880682,0.00103100063554834,0.00158887084245463,0.01204952569263,0.000913306499070216,0.00649671633359226,0.0798389944212979,0.000162417908339807,0.000793258479862533,0.000765011887107784,0.000903890968151967,0.00229738954405292,0.00925075912718028,0.00631075959795683,0.0946896405621072,0.00392863027563967,0.017369300661441,0.000150648494691994,0.000280112044817927,0.00248099239695878,0.000117694136478121,0.00545159240166655,0.244462490878704,0.00387919873831886,0,0.0211590518560365,0.000437822187698609,0.000513146435044606,0.00185250570816562,0.00208083233293317,0.00154179318786338,0.00178895087446743,0,0.000193018383824118,0.00316361838853188,0.0427182637760987,0.00749711649365629,0.000268342631170115,0.0973942518183744,3.76621236729986e-05
0.00546409888970443,0.071942026959328,0.000396118043176867,0.000186408490906761,0.0269243764053453,0.0748430090990645,0.013269954446425,0.00809711882376242,0.00337865389768504,0.00121165519089395,0.00219029976815444,0.00153787004998078,0.00123495625225729,0.0173709412463738,0,0.00214369764542775,0.034904989922291,0.00166602588747917,0.000419419104540212,0,0.000768935024990388,0.00253981568860462,0.000396118043176867,0.00740973751354374,0.000605827595446973,0.00226020295224447,0.00214369764542775,0.00256311674996796,0.0382370416972493,0.00181748278634092,0,0.224261065091515,0.00120000466021227,0.0539536075868256,0.00181748278634092,0.00349515920450177,0.00242331038178789,0.00424079316812881,0.00696701734764019,0.000745633963627043,0.0446564841028509,0.0122447077464378,0.0011883541295306,0.00100194563862384,0.000605827595446973,0.00193398809315764,0.000559225472720282,0.000966994046578822,0.160078291566181,0.00138641315111903,0.00102524669998718,0.0377710204699824,0,0.00298253585450817,0,0.00196893968520266,0.0114175200680391,0.0145049106986823,0.0684934698775529,0,0.00357671291927347,0.00301748744655319,0.00196893968520266,0.0019106870317943,0.00151456898861743,0.000198059021588433
0.00159743254280902,0.00280454220185476,0.0278719451813194,0.000368638279109775,0.0218363968860908,0.0100544283576803,0.00628130714796851,0.000115651224818753,0.00995323353596392,0.000122879426369925,0.000607168930298453,0.0015251505272973,0.00953399784599594,0.0107049664972858,0.00024575885273985,0.00466941820205715,0.0252770208244487,0.00458267978344308,0,0.00307198565924812,0.000715591953566033,0.000361410077558603,0.00260215255842194,0,0.000115651224818753,0.0041128466826169,0.0409983591982479,0,0.00159020434125785,0.000722820155117205,0.00128661987610863,0.0466146718035086,0.00253709874446139,0.00176368117848598,0.136887680976096,0.000130107627921097,0.00899911093120921,0.000874612387691818,0.000730048356668377,0.0287610139721136,0.00990986432665688,0.0116518609004893,0.00216123226380044,0.000238530651188678,0.00137335829472269,0.0240409983591982,0.0104013820321366,0.000122879426369925,0.074739604039119,0.00628853534951969,0.0208172204673755,0.377781954072007,0.00232025269792623,0.00059994072874728,0.00024575885273985,0.000122879426369925,0.00162634534901371,0.00764743724114003,0,0.00584038685334702,0.00628853534951969,0.000968579007857055,0.000983035410959399,0.00073727655821955,0.0106905100941835,0.00137335829472269
0.022932848643199,0.215320278886159,0.000113599250244948,0.00118569217443165,0.0220453545006603,0.0343850730585178,0.0144342047342488,0.00631895829487525,0.0039830737117135,0.000844894423696804,0.00850574386209051,0.00337247774164691,0.00271218209959814,0.0325319852888971,0.000227198500489897,0.00112179259616887,0.149198415290459,0.00181048805077886,0.000127799156525567,0.000851994376837113,0.00690115445238061,0.000837794470556494,0.00058219615750536,0.00134189114351845,0.00058219615750536,0.00463626940062196,0.00118569217443165,0.00155488973772773,0.0175936838816864,0.00620535904463031,0,0.0188645754938017,0.00770344915723556,0.00562316288712494,0.00211578603581216,0.0971841585845533,0.0022932848643199,0.00569416241852804,0.0102523323346066,0.00844184428382773,0.0309273958791872,0.00786674807946268,0.00511196626102268,0.000113599250244948,0.00159038950342928,0.00415347258708092,0.00195248711358505,0.00672365562387288,0.123290686281471,0.0011501924087301,0,0.0419678230123681,0.000113599250244948,0.00143419053434247,0.00146969030004402,0.0120202206665436,0.0141573065617767,0.00273348195901907,0.000496996719821649,0.00288258097496557,0.00380557488320577,0.00117149226815103,0.00307427970975392,0.00134189114351845,0.00688695454609999,0.00194538716044474
0.0118129583427837,0.0166515460799879,0.00572692220458154,0.000945036667422696,0.0368375292961367,0.0148748771452332,0.0316965298253572,0.00128524986769487,0.00391245180312996,0.000982838134119604,0.00430936720344749,0,0.0050842972707341,0.0189763362818477,0.000945036667422696,0.00655855447191351,0.0342481288273985,0,0.000340213200272171,0.00351553640281243,0.00194677553489075,0.000680426400544341,0.00640734860512588,0.00128524986769487,0.00100173886746806,0.00559461707114236,0.020734104483254,0.00102063960081651,0.00357223860285779,0.00404475693656914,0.000982838134119604,0.126956225901565,0.00130415060104332,0.0100173886746806,0.0271792545550767,0.000945036667422696,0.0300143645573448,0,0.00357223860285779,0.0211688213502684,0.0305813865577984,0.031980040825584,0.00446057307023513,0,0.000302411733575263,0.0185983216148787,0.0218681484841612,0.000340213200272171,0.118375292961367,0.00132305133439177,0.00162546306796704,0.216810312240115,0.00128524986769487,0.000642624933847433,0.00164436380131549,0.000945036667422696,0.00880774174037953,0.012909200876994,0.000982838134119604,0.017861193014289,0.0203560898162849,0.00126634913434641,0.00326982686928253,0.0031186210024949,0.00973387767445377,0.00378014666969078
0.00110903116079835,0.0986814438245944,6.32668783005772e-05,0.000316334391502886,0.26542688395738,0.0100184962579502,0.00160772302504996,6.32668783005772e-05,0.00113508222833389,0.00101599163388574,0.00240786295649844,0.0148714379817122,0.00283584478029646,0.091781632508755,0.000238181188896291,0.00181613156533422,0.0211720747442343,0.00519532718280034,0.00343129775253719,0.000610339296546745,0.000320055972579391,0,0.000774088863912945,0.000193522215978236,0.00356155309021485,0.0012281217552465,0.00169331938980957,0.0321172446902342,0.00488271437237396,0.00168587622765656,0.00128766705247057,0.00771483757159392,0.0013099965389296,0.000945281593432154,0.00097505424204419,0.00135465551184765,0.000673606174847322,0.0546216454598572,0.0430735793794636,0.00534046884478402,0.0500738733843686,0.00145141661983677,0.00454777207548855,6.32668783005772e-05,0.000186079053825227,0.00292516272613257,0,0.0150798465219964,0.19564723877292,0.0113992028373334,0,0.00752131535561568,0.000364714945497445,0.000312612810426382,0.00199104587592993,0.00174914310595713,0.00516927611526481,0.00139931448476571,0,0,0.000829912580060513,0.00313357126641682,0.00172681361949811,0.000777810444989449,0.00584660387118864,0.000253067513202309
0.00278877916327978,0.0151329101883399,0.000123945740590212,0.00111695289485366,0.0889353925621026,0.0144742682877617,0.00248900341859647,0.000648553293785995,0.00128269429215452,2.30596726679465e-05,0.00242126563013438,0.00225264177375002,0.00580671382369727,0.0253959057551178,0,0.00217193291941221,0.0289139470665214,0.00274121858840214,0.00210275390140837,0.000191683529052305,0.00118036699469051,0.000661524359661715,0.000214743201720252,0.000926710595343099,0.00432512985478171,0.00042660394435701,0.000319952958267757,0.00573176988752645,0.00160841216858927,0.00289110646074379,0.000605316407533595,0.00477191101272317,0.00438133780690983,0.000196007217677545,0.000609640096158835,0.00136628560557583,0.000696113868663634,0.0122028905299689,0.186732905576405,0.00495638839406675,0.0797100822653822,0.00283778096769916,0.0114102142820083,0.000582256734865649,0.00121351527415068,0.00226849529870924,0.000145564183716412,0.0161158287358111,0.372693312118434,0.022527858967042,2.45009022096931e-05,0.0211932804113846,4.90018044193863e-05,0.000197448447219292,0.00299055129912431,0.0018721571747289,0.00208690037644916,0.000543343537238489,0.00129998904665548,0.000125386970131959,0.00106218617226728,0.00765725255529998,0.00690060704588298,0.000221949349428985,0.0103321745847818,0.000119622051964972
0.00152417873903285,0.00392776984288921,0.000730463170781473,0.000580493776780249,0.0144837788206488,0.0167700469291981,0.00409304223627831,0.000155070393797184,0.0524943889002244,0.00017343399306264,0.00136196694552132,0.000332585186696593,0.00450418281983269,0.00591001836359926,0.000758008569679657,0.0122179147112834,0.012454601101816,0.000448887982044481,0.00024484799020608,0.00211487451540502,0.000317282187308712,0.00110079575596817,0.00588757396449704,0.000853907365843705,0.000539685778412569,0.00130993674760253,0.00186492552540298,0.000614160375433585,0.000674352173025913,0.000746786370128545,0.00573148337074066,0.0119628647214854,0.000855947765762089,0.000546827178126913,0.00396755764129769,0.000318302387267905,0.00278310548867578,0.00114364415425423,0.00332075086716997,0.239853091205876,0.0228300346867986,0.00631095694756172,0.00112936135482555,0.000433584982656601,0.000201999591920016,0.074133850234646,0.000901856763925729,0.000150989593960416,0.0899041012038359,0.000850846765966129,0.00121097735156091,0.357845337686186,0.00346051826157927,0.000980412160783513,0.000579473576821057,0.000447867782085289,0.00162109773515609,0.00255866149765354,0.000955927361762906,0.00114364415425423,0.00274025709038972,0.000634564374617425,0.00208936951642522,0.00122934095082636,0.0048214650071414,0.00115996735360131
0.00121325574503997,0.0036828734470933,7.53817174208015e-05,0.0012845217939809,0.0188889687954348,0.0072671874648002,0.00191530214205381,0.000116755016350035,0.000446008494739742,0.000100508956561069,0.00226751671827859,0.00104061428301589,0.0122935017493757,0.00998157913434062,3.70410163188421e-05,0.000812086375317773,0.0107412448900727,0.00116863323415294,0.000811219918795695,7.29989619850865e-05,0.0010484123917146,0.000375175674059851,0.000358279771879327,0.000214664603344869,0.00125809487005752,0.000951802489502879,0.000185854923985769,0.00103043341888147,0.000600454369800178,0.00117469842980749,0.000189104135943562,0.00324661258822694,0.00306898900120091,0.000197768701164344,0.00048499903823326,0.000363261896881276,0.00048023352736183,0.00123405070156985,0.00661929460041625,0.00340950641437763,0.28752384921577,0.001939562924672,0.00351261474050494,0.00012347005439614,0.000206433266385126,0.00101483720148407,7.79810869870361e-05,0.000966099022117169,0.548808145731055,0.00332524351760553,2.77266087065017e-05,0.0120721221079847,0.000100292342430549,0.00031409048925334,0.00197682055512136,0.000497129429542355,0.000667604750261237,0.000630347119811875,0.00038535653819427,0.000126069423962375,0.000971730989510677,0.0105335119389044,0.0109351145368877,0.000293512146853983,0.0122350159341354,2.64269239233844e-05
0.0154152442762259,0.0136380763844756,0.00235643464127641,0.00108542216173353,0.0229513359690908,0.00503905832597533,0.059613859659976,0.0125245344776195,0.00209773298614821,0.000101231082441469,0.00934137932973775,0.000371180635618719,0.0115628391944255,0.00719865475139333,0.000652378086845021,0.00332937782251942,0.0803043681212074,8.99831843924167e-05,8.99831843924167e-05,0.00129350827564099,0.00178841578979928,0.000629882290746917,0.00246891362176693,0.000652378086845021,0.000191214266833885,0.0111972825078313,0.00284009425738565,0.000449915921962083,0.00345872865008352,0.00407736304278138,0.000101231082441469,0.111961577180264,0.00430232100376242,0.0059163943738014,0.00786790468531193,0.0021820922215161,0.0125863979168893,0.000826720506605328,0.00623133551917485,0.0159270236374578,0.0478879259438392,0.0612110611829414,0.00699056863748587,9.56071334169427e-05,0.000191214266833885,0.00762045092823279,0.00516840915353943,8.99831843924167e-05,0.245732828677641,0.00304255642226859,0.000466787769035662,0.0891508399367868,0.000680497831967651,0.00281759846128755,0.000573642800501656,0.00124851668344478,0.00242954597859525,0.0209154664222124,0.00308192406544027,0.00739549296725174,0.0337718138922789,0.00225520355883494,0.00586577883258066,0.000579266749526182,0.00524152049085827,0.00078172891440912
0.00334426275482184,0.00832677022741454,0.000273430288130087,0.00311757268688493,0.0311266496376464,0.00627954858295337,0.00435385151099447,0.000909097282757299,0.000399628882651666,0.000200982946830663,0.00537512532221539,0.000768876622177767,0.0083688364255884,0.00896243722204175,0,0.00289321962995768,0.0908699990885657,0.00119654963694534,0.000876379128622075,3.73921761545419e-05,0.00266652956202077,0.00114046137271353,0.000888064183670369,0.000238375122985204,0.00245619857115147,0.00136481442964078,0.000343540618419853,0.00326013035847412,0.00118486458189705,0.0139355966505958,0.000154242726637485,0.00402900698065189,0.0130662285550027,0.000390280838613031,0.00101893680021127,0.00100024071213399,0.000752517545110155,0.00400329985954564,0.026758776060594,0.00446602803945809,0.0888391365211722,0.0040056368705553,0.0578573815661246,0.000243049145004522,0.000600611829482329,0.00125030089016749,0.000355225673468148,0.01048149437832,0.49222125885435,0.00535876624514778,0,0.0120332696887335,7.71213633187426e-05,0.000476750245970409,0.00112643930665557,0.0021757572499924,0.00243282846105488,0.000976870602037406,0.00200515544628731,0.000116850550482943,0.004494072171574,0.0252677630364317,0.00852541616323554,0.000813279831361286,0.0174668202861904,0
0.0026605331365111,0.014984809214027,0,0.00171647299129748,0.0168386000446283,0.454779519044268,0.000746665751214405,0.000291800408520572,0.00260903894677217,0.0186838085102731,0.00290942172024923,0.00495202457989324,0.00072950102130143,0.0292315350417961,0.0028665098954668,0,0.00369041693128959,0.0159803635489796,0.000746665751214405,0,0.00102988379477849,0.0544036114591737,0,0.00387922896033231,0.00476321255085051,0.000137317839303799,0.00100413669990903,0.00403371152954908,0.00300382773477059,0.00115003690416931,0,0.00790435812492491,0.0034758578073774,0.00115003690416931,0.000291800408520572,0.000738083386257917,0.000283218043564085,0.00147616677251583,0.00363034037659417,0.00344152834755145,0.0188983676341853,0.00133884893321204,0.003750493485985,0.14650096980724,0.00358742855181174,0.00186237319555777,0,0.000291800408520572,0.0793697111175956,0.00232582090320809,0.000308965138433547,0.00357026382189876,0.000137317839303799,0.00452290633206886,0.00705470399423265,0.000283218043564085,0.0194905508161829,0.0023858974579035,0.00720918656344942,0.00104704852469146,0.000575018452084656,0.000892565955474691,0.00100413669990903,0.0184949964812304,0.0040251291645926,0.000858236495648741
0.00033584890750326,0.0157651428345648,7.90232723537082e-05,0.00016792445375163,0.0310857797621399,0.288296653364416,0.000409933225334861,0.00106681417677506,0.00050377336125489,0.000404994270812754,0.000395116361768541,0.00702319333043581,0.00126437235765933,0.117878027579122,0.00016792445375163,0.000424750088901181,0.00323501521197993,0.0521800545260579,0.00186198585483425,0.000513651270299103,0,0.00327452684815678,0.000696392587617053,0.000849500177802363,0.00786775455371607,0.00016792445375163,0.000493895452210676,0.00522541388438895,0.00296831166778616,0.000325970998459046,0.00128412817574776,0.00614405942550081,0.000498834406732783,0.00068651467857284,0.000162985499229523,0.00758129519143388,0.000162985499229523,0.00295349480421984,0.00317080880319254,0.003284404757201,0.0158540440159627,0.000587735588130704,0.000404994270812754,0.00169900035560473,0.220139080959343,0.00159528231064048,7.90232723537082e-05,0.00390671302698645,0.083409063969339,0.00323501521197993,0,0.0076010510095223,0.000242008771583231,0.000849500177802363,0.0685082381761429,0,0.0116065431269509,0.0015310759018531,8.39622268758149e-05,0.000681575724050733,0.000419811134379075,0.000760598996404441,0.00233118653443439,0.00155083171994152,0.00206448299024063,0
0.00159720175080205,0.00242295419401217,0.0011731201202599,0.000646465900216695,0.00672152145318639,0.00662325863635345,0.00285048364268882,0.000261172223687545,0.0260180975973879,5.86129082863137e-05,0.000605092082602827,0.000161185497787363,0.00201007797240711,0.00418478926073608,0.000686115808763319,0.0135171709962643,0.00760416289561558,0.000175838724858941,0.000237899451279744,0.00262206569127892,0.000419771857874041,0.000795584034533346,0.00847904674724218,0.00046890326629051,0.000432701175878375,0.00054130744711478,0.00333834990871901,0.000216350587939187,0.0011886353018651,0.000597334491800227,0.00276773600746108,0.0101055549521874,0.000587852991930382,0.000313751450238503,0.00406411562602896,0.000216350587939187,0.00225401110542221,0.000243071178481477,0.000533549856312179,0.0835027073991901,0.00647845027470491,0.00498813088607202,0.00132482411817741,0.000347367677049771,0.000145670316182162,0.15159970141895,0.000460283720954287,0.000242209223947855,0.033431768541073,0.000497347765900044,0.00246605192069329,0.579569608862272,0.00365641113162563,0.000525792265509579,0.00032409490464197,0.000229279905943521,0.00104296498568294,0.00261344614594269,8.96432714967151e-05,0.00131103284563946,0.00120932221067203,0.000368054585856705,0.00123345693761345,0.0013437871179171,0.00160237347800378,0.00165495270455474
0.00440320805158044,0.00684784628800984,0.00670488498763385,0,0.0644326580794579,0.00423165449112925,0.00836323607199531,0.000500364551315959,0.00220160402579022,0.000228738080601581,0.00534675263406196,0.000986432972594319,0.00564697136485153,0.0111795736894023,0,0.00812020186135613,0.0437890463051652,0,0,0.00191568142503824,0.00215871563567742,0,0.0011865787931207,0,0.00024303421063918,0.00802012895109294,0.00621881656635549,0,0.000714806501879941,0.00215871563567742,0,0.103489685342178,0.00188708916496304,0.00024303421063918,0.0343107120902372,0.000228738080601581,0.0114369040300791,0.0024160459763542,0.00097213684255672,0.00746257987962658,0.0245035668844444,0.0145677565083132,0.00263048792691818,0,0,0.00764842957011537,0.0785715306866431,0,0.112582024046091,0.00800583282105534,0.0036741054196629,0.247065719309783,0,0.00171553560451186,0.00024303421063918,0.000929248452443923,0.0012151710531959,0.00867775093282249,0.00024303421063918,0.0764842957011537,0.0425738752519693,0.00190138529500064,0.00168694334443666,0.0011722826630831,0.0048892764728588,0.00097213684255672
0.00349497904419004,0.0482757165761863,0.000611797136508115,0.00107591910213496,0.0438103006947765,0.002559702961942,0.00286208545469888,0.000590700683525077,0.00152597676577311,0,0.00234170628111727,0.00642035385783804,0.00281989254873281,0.0198025372000788,0,0.000597732834519423,0.129799443053641,0.00224325616719642,0.00139939804787488,0.000239093133807769,0.000703215099434615,0.000843858119321538,0.000752440156395038,0.000372704002700346,0.00104075834716323,0.000119546566903885,0.000829793817332846,0.00263705662287981,0.00192680937245085,0.021412899777784,0.000239093133807769,0.00623048578099069,0.00711653680627831,0.000696182948440269,0.00104779049815758,0.00204635593935473,0.00135017299091446,0.0222005006891508,0.109300722905122,0.00354420410115046,0.0512503164467947,0.00312930719248404,0.0286208545469888,0.00119546566903885,0.000239093133807769,0.00156113752074485,0,0.0664116339906051,0.311362549576665,0.0099645579589885,0,0.0182765604343056,0,0.000253157435796461,0.000928243931253692,0.0109138983432252,0.00118140136705015,0.00142049450085792,0,0,0.000836825968327192,0.0125031644679475,0.00534443475570307,0.000464121965626846,0.0191415150066102,0.000119546566903885
0.00114581630253645,0.00359596157663677,8.12764619864533e-05,0.00108056618516704,0.0201300989027476,0.00581406154170203,0.00169569500061547,0.000146122553861312,0.000436010846199076,7.1041149457919e-05,0.00155502679093054,0.000650009683144353,0.00719488600690022,0.0104532842828426,4.94257854996327e-05,0.000946093033065177,0.0103843979360223,0.00117759964144084,0.000719906093701054,0.000100265660230181,0.000642939236989773,0.000423486055868107,0.000304904573218443,0.000239250430354489,0.00182148160458456,0.000738558604032659,0.000178915956502077,0.00122264848408288,0.000515132505547943,0.000981243251090801,0.000113194476055698,0.00266448079895772,0.00180552259754994,0.000205110276065233,0.000464427305982244,0.000416954310372924,0.000389076551249153,0.00126877472804371,0.00731656501834141,0.00261034138268837,0.153390635820308,0.00176606277424914,0.00359643293971374,0.000110366297593867,0.00037621507300606,0.00129584443617838,7.59567929749124e-05,0.00102568605549102,0.703643326832114,0.00484325561588704,6.40380408857639e-05,0.0143652611337979,7.98623727555374e-05,0.000189218606613035,0.00188962723799822,0.000415674896306857,0.000778759140740126,0.00055149480005721,0.000465370032136188,0.000182080822876031,0.000818420976788197,0.00516034829152433,0.00560699847574648,0.000246994252333315,0.00727858662185395,3.29280778056136e-05
0.0010590220347978,0.00519753735729976,7.61543935135495e-05,0.00036173336918936,0.163553459194334,0.00946932286845043,0.00155164576783857,0,0.000511662331419161,0,0.00233936777574435,0.00293670379986625,0.00450738816608321,0.0215183758171723,0.00012137106466222,0.000616374622500292,0.00982153693845059,0.00116849397547353,0.00294146344946085,3.80771967567748e-05,0.000742505336757108,0.00066397111844626,0.000278439501283915,0.000242742129324439,0.00197763440655499,0.000159448261418994,3.80771967567748e-05,0.00455736448682648,0.00125892731777087,0.00116373432587893,0.000233222830135245,0.00337935121216376,0.00187292211547386,0.000328415822027182,0.000640172870473276,0.000556879002567831,0.000523561455405653,0.0054283803626377,0.0387292687512345,0.00339838981054215,0.0780154165050369,0.0025583116570958,0.00394574951392079,0.000575917600946218,0.000356973719594763,0.00173013262763595,0,0.00318420557878529,0.484130138339216,0.090097787000921,0.000242742129324439,0.020335602892915,0.000114231590270324,0.000128510539054115,0.00293670379986625,0.000868636051013924,0.00154688611824398,0.00116611415067623,4.28368463513716e-05,0.000299857924459601,0.000318896522837989,0.00350072227682598,0.00465493730351571,0.00036173336918936,0.00480486626574552,0.000118991239864921
0.000426309378806334,0.00163418595209095,0.0334196102314251,8.6276898091758e-05,0.000705440519691433,0.00952090946000812,0.00328867235079172,0.00293848964677223,0.00289281364190012,0,0.00168493706861551,8.12017864393017e-05,0.00289281364190012,0.000817092976045473,0.000801867641088104,0.0236703207470564,0.00473000406008932,0,8.6276898091758e-05,0.00245127892813642,8.6276898091758e-05,0,0.0208790093382054,0,0,0.00059886317498985,0.00136520503451076,0,0.000324807145757207,8.6276898091758e-05,0.000436459602111246,0.00172553796183516,8.12017864393017e-05,0.00106069833536338,0.0165245635403979,0.000172553796183516,0.000705440519691433,0,0.000243605359317905,0.0141849370686155,0.00282683719041819,0.00454222492894844,0.000172553796183516,0,0,0.00993706861550954,0.00127385302476655,0.000162403572878603,0.0101857490864799,0.000436459602111246,0.209221477872513,0.598700771416971,0,0,0,8.12017864393017e-05,0.000756191636215997,0.000781567194478279,0,0.00532886723507917,0.0024766544863987,8.6276898091758e-05,0.000436459602111246,0.000172553796183516,0.00148193260251726,0.000334957369062119
0.00139133320620702,0.00320040780573779,0.00147686178734932,0.000372843156117317,0.0065110979735872,0.0057232448758393,0.00309968552455225,0.000242074906306939,0.00851393492760202,8.10899721408999e-05,0.000613552336577672,0.00025197641869467,0.00254520083083932,0.00343650766146593,0.00022705192199452,0.0150415923270791,0.00837770377440531,0.000381037511196818,0.000141523340852223,0.00162623805181939,0.000261877931082401,0.000318555553715619,0.0077527134838625,0.000149205548739256,0.000661011309746451,0.000507196436274976,0.00258702618489094,0.000257951469273473,0.000521195126202458,0.000666303497401963,0.00118749862360442,0.00830122312699663,0.00055841115552186,0.000331188517796517,0.00397409149782739,0.000208273191603996,0.00214299456902046,0.000325725614410183,0.00159175347419316,0.0329698169466433,0.0110804752247942,0.00450604171507169,0.000910085561017131,0.000168837857783895,9.08207687978079e-05,0.0422494119269863,0.000497465639618068,0.000169008573514718,0.0437209815266801,0.000431398651789587,0.00645476178241563,0.745960481698335,0.000865699471003165,0.000307117599750482,0.000436007976521807,0.000243611347884346,0.000782390194361567,0.00184765635469676,0.00189511532786554,0.00160814218435216,0.00131399898014422,0.000423033580979263,0.00148744616266034,0.000828483441683763,0.0025718324848477,0.000620722397272236
0.000233287161915871,0.00498651308595174,0.00104979222862142,0.000247867609535613,0.017175767296056,0.0279215571918058,0.00144346431435445,0.000729022380987096,0.0597360938980827,0.000262448057155355,0,0.00182255595246774,0.00364511190493548,0.0229058832106146,0.0200335350295254,0.00930232558139535,0.004067944885908,0.00380549682875264,0.00192461908580593,0.0179485310199023,0,0.00899613618138077,0.00278486549537071,0,0.0294816650871182,0,0.011751840781512,0.00170591237150981,0.000247867609535613,0.000495735219071226,0.0281256834584822,0.0142596777721076,0.000524896114310709,0.000262448057155355,0.00313479623824451,0,0.00250783699059561,0.00126849894291755,0.00148720565721368,0.078078297003718,0.012597506743457,0.00460742144783845,0.0019829408762849,0.000787344171466064,0.00182255595246774,0.073675001822556,0.000233287161915871,0.000247867609535613,0.0278194940584676,0.000510315666690967,0,0.273952030327331,0.155252606255012,0.00150178610483342,0.00347014653349858,0.000495735219071226,0.00212874535248232,0.00456368010497922,0.000262448057155355,0.000743602828606838,0.000962309542902967,0.00242035430487716,0.000481154771451484,0.0249908872202377,0.0075818327622658,0.0125537654005978
0.00398390219672164,0.0270053828296856,0.000871795391649011,0.000506857785842448,0.0182367431346113,0.136324470080185,0.00647764250306649,0.00202743114336979,0.00629517370016321,0.00772451265623891,0.00141920180035886,0.00541324115279735,0.00138879033320831,0.0495402799882409,0.00372033614808357,0.00384198201668576,0.0171520674729085,0.00394335357385425,0.000648777965878334,0.017517005078715,0.000831246768781615,0.0323172524253145,0.002483603150628,0.0234675154845054,0.000679189433028881,0.00118604721887133,0.000831246768781615,0.00609243058582623,0.0143136638721907,0.000496720630125599,0.000344663294372865,0.110707877583708,0.00188551096333391,0.0112522428457024,0.00135837886605776,0.00227072288057417,0.00103398988311859,0.00272689488783237,0.00361896459091508,0.00887001125224285,0.026579622289578,0.00471377740833477,0.00203756829908664,0.00222003710198992,0.000537269252992995,0.0107757965270105,0.000537269252992995,0.000861658235932162,0.0884669579409409,0.00280799213356716,0.000182468802903281,0.056646426145752,0.00172331647186432,0.0536154165864142,0.000679189433028881,0.000871795391649011,0.0208521293095583,0.00572749298001967,0.120986953480592,0.00150029904609365,0.00210852838910459,0.00199701967621925,0.00256470039636279,0.0456476121929709,0.00266607195353128,0.00188551096333391
0.000591519213183524,0.00450833562480416,0,0.00054036079474603,0.0309700275615979,0.0533294538199352,0.000677849044296796,0.000163067458769512,0.00196959910984352,0.000217423278359349,0.000661862038535079,0.00376334115630815,0.0046074550605268,0.215965263433881,0.00148998893699201,0.00051158418437494,0.00493358997806583,0.0351873996815388,0.00522775088408142,0.000597914015488211,0.000431649155566356,0.00335087640765586,0.000306950510624964,0.00144522532085921,0.103458309086375,0.000364503731367145,5.1158418437494e-05,0.00501672240802676,0.000636282829316332,0.000166264859921856,0.00201436272597633,0.00115106441484362,0.000904864526113175,0.000214225877207006,0.00027497649910153,0.000549952998203061,0.000214225877207006,0.00190245368564431,0.00319740115234337,0.000987996956074103,0.0237598879630636,0.000968812549160043,0.00190884848794899,0.00080574509039053,0.0290579816724966,0.00101037876414051,0,0.000527571190136657,0.115653197081412,0.00577130907997979,0.000217423278359349,0.00752987971376865,0.00172659662226542,0.000850508706523338,0.294672490199965,0.000760981474257723,0.00508067043107362,0.000658664637382735,0,0.000102316836874988,0.000310147911777307,0.00123739424595689,0.00406069946347609,0.00301834668781215,0.00759702513796786,0.000159870057617169
0.0175163273278007,0.153288423187889,0.000109648371379034,0.00252191254171778,0.0232111896162992,0.0159332789660159,0.0058113636830888,0.00285771067906607,0.00123354417801413,0.000109648371379034,0.00790153576250163,0.00456411345865228,0.00948458412428643,0.0133771013082421,0,0.00298106509686748,0.294700557150787,0.000596213019373497,0.000123354417801413,0.00070586139075253,0.00642128274888467,0.00130892743333722,0.000671596274696582,0.00143913487434982,0,0.00372804462688715,0.000123354417801413,0.00135004557260435,0.00682561111834486,0.0184003673220441,0,0.00544130042968455,0.010409742257797,0.000466005578360894,0.00148025301361696,0.0269529402896088,0.00176122696527573,0.00712029111642601,0.0137266054920128,0.00928584645116193,0.0305096593362162,0.00427628648378232,0.00988891249374662,0.000452299531938515,0.00176807998848692,0.00159675440820718,0,0.0220393226471858,0.160682835232763,0.00301533021292343,0,0.0232934258948335,0,0.000561947903317549,0.00152137115288409,0.0381370741702702,0.00706546693073649,0.00207646603299045,0,0,0.00456411345865228,0.00409810788029139,0.0024396762631835,0.000239855812391637,0.00748350134661906,0.00034950418377067
0.00380351616125334,0.0763261871841679,0.000260784419853075,0.000339511791884192,0.0261989932737302,0.294661792130215,0.00122765495761023,0.000548631373841847,0.00140725177505622,0.00105543883129216,0.00167541688603721,0.0236108309182072,0.00364606141719111,0.0918477806261778,0.000371494786771833,0.00099147284151688,0.0226513410715779,0.0102247174425413,0.00155732582799053,0.000789733950687142,0.000629818976248936,0.0108643773402941,0.000120551288422648,0.0145571831346287,0.00209119581957655,0.00123749587911412,0.00112678551219536,0.00293505483853508,0.0163900547647282,0.000637199667376853,0.000875842013846177,0.0127907377246805,0.00100623422377271,0.00270379318319367,0.00051172791820226,0.00361407842230346,8.61080631590342e-05,0.00366082279944694,0.00428326108456796,0.00231999724454198,0.0241102576845296,0.00181318978709166,0.00210349697145641,0.000364114095643916,0.00254387820875547,0.00214040042709599,8.36478327830618e-05,0.00144661546107177,0.124873913193231,0.00248483267973213,0,0.00932427312493542,0.000755290725423529,0.00257094074289116,0.00803757263830185,0.00241840645958087,0.152155407832389,0.0026127646592827,0.00525259185270109,4.18239163915309e-05,0.000784813489935198,0.000211579812333627,0.0026299862719145,0.00215516180935183,0.00307774820034148,0.000369034556395861
0.00344571724789852,0.0169287376884218,0.000675929784617261,0.00124005163493693,0.0200695242064178,0.0312706463515038,0.00710996818556051,0.00167203683563217,0.00586483437179187,0.00203287153268349,0.00280536271510322,0.00254108941585437,0.00608845024038706,0.01409796407916,0.00113332587947105,0.00270880131730075,0.0179655021700904,0.00286634886108372,0.000579368386814795,0.00548875313824543,0.00113840805830276,0.00218533689763475,0.0023276379049226,0.00224632304361526,0.00051838224083429,0.00246993891221044,0.00749621377677038,0.000431985200695242,0.0110130815283128,0.00172794080278097,0.000345588160556194,0.317671752233618,0.000777573361251436,0.00569204029151378,0.00359818261284978,0.00339489545958143,0.00248518544870557,0.00222091214945672,0.0099000843641686,0.0136405679843062,0.037338767876564,0.0150432493418578,0.00211418639399083,0.0024445280180519,0.000777573361251436,0.0131679253529573,0.0022107477917933,0.000955449620361241,0.145502779951821,0.00116890113129301,0.00180925566408831,0.0798867690556295,0.00158055761666141,0.00320685484280821,0.00143317443054186,0.000955449620361241,0.0113739162253641,0.0574133742618135,0.0554465710539422,0.00220058343412988,0.00484839860545013,0.000609861459805048,0.0019820497443664,0.00671355823668723,0.010835205269203,0.00111299716414421
0.00386025469511137,0.0111620592109966,0.00212416131371207,0,0.00582101898469174,0.0266337149334668,0.00759796162212396,0.00304326957445288,0.00220585982577792,0.00157269635726759,0.00103144371483134,0.00120505305297127,0.00311475577251049,0.00713840749175356,0.000674012724543254,0.00472830138581101,0.0231921651126929,0.00346197444879035,0.000827197434666721,0.00393174089316898,0.000326794048263396,0.00864982996497176,0.00104165602883957,0.00573932047262589,0.000980382144790188,0.00171566875338283,0.00467723981576986,0.000337006362271627,0.0140725687033425,0.000531040328428018,0,0.192675728393297,0.00141951164714413,0.0151244370461903,0.00227734602383554,0.0017054564393746,0.00212416131371207,0.00189949040553099,0.00217522288375323,0.0118973458195893,0.0235087468469481,0.013653863829005,0.000888471318716108,0.000674012724543254,0,0.00854770682488945,0.000531040328428018,0,0.105564689903085,0.0018688534635063,0.000868046690699646,0.0725789156564986,0.000163397024131698,0.0126428447421901,0.00269605089817302,0.00118462842495481,0.00693416121158893,0.016217154645071,0.321310035640976,0.000520828014419787,0.00850685756885653,0.00054125264243625,0.00239989379193431,0.0110190868148814,0.0027573247822224,0.00172588106739106
0.00258357226125587,0.000510413056492013,0.0158228047512524,0.00105863448753899,0.00489618450486783,0.00282302530010397,0.00827373263177794,0.000844387031727528,0.000321371183717193,0.000523015848010334,0.00988688994612307,0,0.00710797441633322,0.00175178802104666,0.000340275370994675,0.000604933992879423,0.015848010334289,0,0.000415892120104603,0.00086959261476417,0.0015375405652352,0,0.000403289328586282,0,0,0.00625098459308737,0.000957812155392419,0,0.000340275370994675,0.000107123727905731,0.000403289328586282,0.0595859982986232,0.00264028482308831,0.000428494911622925,0.0231135196446013,0,0.00958442294968335,0.00010082233214657,0.000989319134188223,0.00867072056460506,0.0133589590094206,0.0186206244683197,0.00143041683732947,0,0,0.00252055830366426,0.0335486310217713,0.00010082233214657,0.0916916096915467,0.000207946060052302,0.00842496612999779,0.294665868489871,0.00010082233214657,0.000113425123664892,0.000907400989319134,0,0.000113425123664892,0.0111534704937144,0,0.268445760736003,0.0537824128044362,0.00120986798575885,0.00126658054759129,0.00158795173130849,0.00703865906298245,0.000113425123664892
0.00949410923466847,0.00810144021444108,0.00522250882585273,0.00326827971682397,0.0174233376885438,0.0144246068143445,0.0182244967485671,0.00119799485610959,0.00285272525111095,0.000505404079921232,0.0251691231800773,0.00210397846604246,0.017632986788363,0.00891008674231505,0.000134774421312328,0.00269923216017191,0.0457933533747889,0.00116804498470685,0.000134774421312328,0.000134774421312328,0.00935933481335614,0.000119799485610959,0.000894752408156847,0.000479197942443835,0.00510645307416711,0.0378603811869883,0.0014900061022863,0.000756234252919176,0.00159483065219589,0.00328325465252534,0.00125789459891507,0.0514950601430855,0.0112836140509822,0.00134400047919794,0.00462351139779794,0.00193176670547671,0.0055369824755815,0.00207028486071438,0.00186812322874589,0.0130281940601918,0.0556618360019917,0.0243941702575315,0.00371752778786506,5.98997428054793e-05,0.00018344296234178,0.00661892158000547,0.0119387674879171,0.000501660345995889,0.179774103094945,0.000842340133202053,0.00428283161059177,0.118313223242598,0,0.000366885924683561,0.00170339893603082,0.000707565711889725,0.0029538060670952,0.0105910232747938,0.000127286953461644,0.0242294459648164,0.18206901199118,0.00779071029863766,0.00218259687847465,0.00241470838184589,0.0182731652895965,0.000321961117579451
0.0014876643669439,0.00499786763352964,0,0.00562545375189524,0.0191570662631098,0.00378833802358868,0.00326915314384987,0.000239623790648682,0.000172586182550539,7.41692685341157e-05,0.00426330660862446,0.000948510837984364,0.031263773019217,0.0110226943698394,0,0.000678934073504598,0.0207531318686805,0.000707460715248488,0.00073313469281799,0,0.00152332266912376,0.000429325958245554,0.000101269578190812,6.98902722725321e-05,0.00107545439374468,0.00141206876632259,0.000366567346408995,0.00232349497003989,0.000880046897799027,0.00338325971082543,9.69905819292283e-05,0.0015646862996524,0.0156354523398265,0.00016688085420176,0.000800172300916133,0.000259592439869405,0.000721724036120434,0.00171302483672063,0.00702611186152027,0.00453716236936581,0.183674488196389,0.00260448239121722,0.0136286030931438,4.99216230518087e-05,0.000292398077874879,0.00107688072583187,0.000268150432392572,0.00314363592017675,0.452021754416994,0.00283554818934273,0,0.0115689795592349,7.27429364469212e-05,0.000141206876632259,0.00342462334135407,0.000606191137057677,0.000658965424283874,0.000242476454823071,4.70689588774196e-05,0.000185423171335289,0.00125517223673119,0.0913009432334093,0.0142704525323813,7.41692685341157e-05,0.0632621070633391,2.42476454823071e-05
0.00159000859117545,0.0031399464013233,0.000128226499288343,0.00405195737751164,0.0210724223267981,0.00536307333273494,0.00237860156179876,8.17443932963186e-05,0.00117327246848834,2.88509623398772e-05,0.00568684524343801,0.00049367202226012,0.108117378537449,0.00985420647030915,7.69358995730058e-05,0.00207085796350674,0.0155490658699527,0.000812635439239873,0.000395899316552759,8.17443932963186e-05,0.00193782297049508,0.00049367202226012,0.000365445522971777,0.000387885160347237,0.00139606601100183,0.00185287291471656,0.000142651980458281,0.00035903419800736,0.00046001256619693,0.00143934245451165,5.12905997153372e-05,0.00148101606678036,0.00451517560619078,0.000330183235667483,0.00114442150614846,0.000383076666623925,0.00106107428161104,0.0012325772244092,0.00547527151961224,0.006654955313065,0.171618346647518,0.00308384730788465,0.00495435136625335,0,0.00042635311013374,0.0016829728031595,2.72481310987729e-05,0.000985741213279136,0.323592393604062,0.0038900714221601,0.00174388039032146,0.0168826214625514,5.77019246797543e-05,0.000102581199430674,0.00120853475579263,0.00051611165963558,0.000995358200725762,0.00117808096221165,2.72481310987729e-05,2.56452998576686e-05,0.00107870542526319,0.0177529588264711,0.179887353020375,0.000216382217549079,0.0546725736340672,8.17443932963186e-05
0.000821581652784459,0.00799420568729089,0.00135128561313233,8.64822792404694e-05,0.0215503029582345,0.173024015047917,0.0016215427357588,0.000178369700933468,0.00551865044403245,0.0348253328216465,0.000621591382040874,0.00215665183855921,0.00176748158197709,0.0213665281148485,0.0353117956423742,0.00268635579890708,0.00359982487338454,0.00703209033074067,0.00119453648200898,0.0190909631423336,0,0.0503218762330481,0.0015837067385911,0.00470787907615305,0.00350253230923901,0.000356739401866936,0.00164856844802145,0.000637806809398462,0.0027998637904102,0.00107021820560081,0.00277283807814755,0.0358360944602695,0.000194585128291056,0.00131885475841716,0.0013999318952051,0.000448626823559935,0.000183774843385997,0.00110264906031598,0.00109724391786346,0.0151830451491549,0.0179558832273025,0.00383765114129583,0.000189179985838527,0.01059948434941,0.00190261014329033,0.0138804058180953,0.000464842250917523,0.000172964558480939,0.102503121469766,0.00260527866211914,0.00288634606965067,0.0843148171170051,0.00569161500251339,0.0136263641228265,0.0101508575258501,0.000443221681107406,0.00806447253917377,0.00602673383457021,0.0288688658389592,0.000789150798069283,0.00306471577058413,0.000291877692436584,0.00147560388954051,0.208303379835576,0.000659427379208579,0.00326470604132772
0.00149632986086886,0.00508293155805576,0.000127601135374707,0.0286184560813416,0.0174464717827072,0.0043714863788083,0.00233537617549103,0.000372705474547704,0.000622399782619073,0.000384639393683468,0.0073366062871558,0.000942779611725351,0.072791398765482,0.00786169872912941,0.000151468973646235,0.0012888632666625,0.0213901730601873,0.00130997712359501,0.000324969798004649,4.77356765430557e-05,0.00259149644002012,0.000419523157311086,0.000578336081194714,9.54713530861115e-05,0.000893207947622947,0.00330936757572531,0.000124847154035684,0.000920747761013171,0.00071236317302714,0.00164504485317607,0.000312117885089211,0.00541432731251813,0.0156380240367491,0.000119339191357639,0.00101897309543831,0.000190942706172223,0.000521420466854917,0.00118329398199998,0.00318635640924897,0.00475520777871209,0.0750257956252088,0.00318084844657093,0.00420716549224662,9.54713530861115e-05,7.71114774926285e-05,0.00233629416927071,0.00028090609658029,0.0011649341064065,0.21695405991929,0.00198103057653681,0.000119339191357639,0.0160336793557887,0.000152386967425909,0.000138617060730796,0.00119981787003411,0.000481028740549254,0.000682987372077567,0.00112087040498214,4.58996889837074e-05,0.000304773934851817,0.00181303771485644,0.0185352124054007,0.0225110434651695,0.000324051804224975,0.413282635596861,1.65238880341347e-05
0.00194570845755531,0.0114702651812333,0.00211831162717715,0,0.00674721481249019,0.0149850933626236,0.00266750353051938,0.000266750353051938,0.013478738427742,0.000517809508865526,0.000815942256394163,0.000266750353051938,0.0021653852188922,0.0099011454573984,0.0173073905538993,0.0043621528322611,0.0226737800094147,0.000251059155813589,0,0.113557194413934,0,0.00342068099796014,0.00191432606307861,0.00103561901773105,0,0,0.0138710183587008,0.00200847324650871,0.00506825670798682,0.000800251059155814,0.000815942256394163,0.0963910246351797,0.000517809508865526,0.00136513415973639,0.0054448454417072,0.000533500706103876,0.00414247607092421,0,0.000533500706103876,0.0231288247293269,0.00673152361525184,0.00644908206496156,0.000533500706103876,0.000282441550290287,0.000564883100580574,0.045865369527695,0.00224384120508395,0,0.025294209948219,0,0.00160050211831163,0.407547465871646,0.0145928134316648,0.0076102306605994,0.00177310528793347,0.00276165071394948,0.000784559861917464,0.030189863486584,0.000564883100580574,0.00227522359956065,0,0.00136513415973639,0.00475443276321983,0.0136199592028872,0.00186725247136357,0.0342381923740781
