0.473470359758979,0.00884001358695652,0.00475543478260869,0.00368788819875776,0.00782948369565217,0.00930411153119092,0.0393763291587902,0.00347222222222222,0.00356657608695652,0,0.0161036314229249,0,0.00492527173913043,0.00827270336605891,0.00302875905797101,0.164758462310964,0.00747282608695652,0.00662364130434783,0.0212794630198488,0.0030570652173913,0.0031055900621118,0.00339673913043478,0.00297214673913043,0.00520833333333333,0.00335427989130435,0.00348165760869565,0.0036231884057971,0.00447944972826087,0.00339673913043478,0.00913832398316971,0.00489762386248736,0.00608839756258235,0.0032905910326087,0.00817971504112808,0.00326086956521739,0.00399888833992095,0.00741975203804348,0.00464221014492753,0.00622063835666912,0.00523522418478261,0.00525188127090301,0.00266077898550725,0,0.00568953804347826,0.0030570652173913,0.00363026494565217,0.0288248862487361,0.00336843297101449,0.0033203125,0.00919858870967742,0.00435914855072464,0.00431385869565218,0.00300045289855072,0.00511298627002288,0.0049026268115942,0.004183352402746,0.00458559782608696,0.00379302536231884,0.00426136363636364,0.00424592391304348,0.00466398411371237,0.00288722826086957,0.00471014492753623,0,0,0
0.00104080750952437,0.730069261940257,0.00050430069518086,0.000702635242856418,0.00660293748495141,0.00440382713548679,0.00128208802652069,0.000747810376654487,0.00056864462784514,0.000517053763888018,0.000975886996721626,0.00172975842701955,0.00158144681635852,0.00563654561533671,0.00123718628490633,0.0124443522318021,0.000933890176260858,0.000759144237405104,0.000712118534228817,0.000798820765492478,0.000460835526229653,0.000880454081902135,0.0006127017791917,0.000919865270616721,0.000520403754762181,0.00116434761185556,0.00509730995230557,0.00102757778149864,0.000476853873398066,0.00245080711676682,0.000801726796176377,0.000987286965666539,0.000597333005466156,0.00799022545991055,0.000634746880428127,0.00847511027095148,0.00145157443090868,0.0016478984665623,0.00253983216160664,0.0010033921849516,0.00100648391487065,0.000634958040401655,0.000577353599622947,0.000942094445099037,0.000462472016024504,0.00156939796388365,0.0202340151945943,0.000884022941286988,0.000458619970815088,0.0044059453784572,0.000730529044420875,0.000816108847587328,0.00082938899378389,0.00451124738090481,0.00585329599115389,0.000873988907699905,0.000589725462472012,0.000771768587251088,0.00090474507229544,0.000673222147241231,0.00079626425554873,0.000631903259451269,0.000962181894173327,0.00045111010116312,0.000652850328825346,0.000412395428302105
0.00644122383252818,0.0101771336553945,0.570657424910733,0.00563607085346216,0.015378421900161,0.0109061630800761,0.00615942028985507,0.00555555555555555,0.0069243156199678,0,0.0100805152979066,0,0,0,0.00725943334638987,0.00801127214170693,0.00660225442834139,0,0.00432993379853283,0.00644122383252818,0.00812533548040794,0,0,0.00462157809983897,0.00523349436392915,0,0.00644122383252818,0.00450885668276973,0,0.0112836438923395,0.00555555555555555,0.00555555555555555,0.0104809913883638,0,0.00770646422820335,0,0,0.00772946859903382,0.00631239935587761,0.00922610590129772,0.00463410270173555,0,0,0.00797996063696546,0.00527009222661396,0,0.0259897305016255,0.00619967793880838,0.0481691521389064,0.0604337324091577,0,0.00450885668276973,0,0,0.00483091787439614,0.00719269994632313,0.0109500805152979,0.0129054520358868,0.00612587224906066,0.00413311862587225,0.004723564143854,0.00611916264090177,0.00476650563607085,0,0,0.00429414922168546
0.00394321219063487,0.00222222222222222,0.00214458444698995,0.54838554376878,0.00454917362133857,0.00389652539137075,0.00442917143948072,0.00186330660557465,0.00364006618302151,0,0.0377791058651659,0.00229095074455899,0.00405940395088523,0.00299350897289042,0.00464029827280282,0.0104948743602013,0.00175639557082856,0,0.00315960290187094,0.00235458826524119,0.00211094747177222,0,0.0031118747613593,0.00418347527267294,0.00194730813287514,0,0.00242186221567665,0.00290187094310806,0.00190912562046583,0.00699285441553483,0.0203089463286684,0.00156548300878198,0.00210003818251241,0.00329324169530355,0.00379279623265878,0.00218913071146748,0.00359698847671357,0.00318187603410971,0.00837163085331015,0.00236731576937763,0.00213822069492173,0.00196466382033393,0,0.00232531500572738,0.00180221458571974,0.00187094310805651,0.0322293971778508,0.00200017622698035,0.00197759081513081,0.00349299280188933,0,0.00188367061219295,0.0025825262938665,0,0.00259641084383353,0.0019345806287387,0.00221458571974036,0.00235640648011782,0.00303813010503934,0.00425167435476714,0.00328716720469298,0.00204276441389844,0.138733668675399,0.00145093547155403,0.00147384497899962,0.00229095074455899
0.000350163943915879,0.00228158803488961,0.000292933061455825,0.000449598509233382,0.707625050493719,0.0028837314434645,0.000558012505025575,0.00017366064229629,0.000650389278098072,0.000180227641374718,0.000462127332311249,0.000986144361611072,0.00124890441010293,0.0072825561120726,0.000429028077474216,0.00214051375953966,0.000912628023038976,0.00215107289378494,0.000378464074548446,0.000385882576282591,0.000419193441173184,0.000525190539393497,0.00168971532331618,0.000292143395784151,0.000227412745864186,0.00398974539300428,0.000703265092365373,0.000264190500936959,0.000232925782127559,0.0010718470162508,0.000713323791463157,0.000380023613336682,0.000366783253125781,0.00051730656937995,0.000325313599508945,0.00412390093577199,0.00379545580795075,0.00091981564406735,0.00664966554146795,0.000562982558421678,0.00079694001984999,0.000611247293708806,0.000539212535441615,0.000757274276242835,0.000260490963444431,0.000342411236670509,0.0386257402824197,0.00504815846911133,0.00017366064229629,0.0033520320680597,0.000215384303107734,0.000396318394383315,0.000596786175510263,0.000427727934023129,0.0011963763953269,0.000343920096897833,0.000350865379333317,0.000180957307938989,0.000620419929327843,0.00106268638420301,0.000770090091930688,0.000307223561537452,0.00160303294983779,0.000231171634225578,0.000300805041120355,0.000192783986834867
0.000335009434658398,0.00247920456456886,0.000246554387789639,0.000207667900024242,0.00268373292560576,0.74807193348394,0.000306530800971387,0.000215749730312832,0.000320528024624982,0.000471635313459836,0.000401079652210226,0.000878459813977347,0.000657035495493025,0.00481541114898419,0.000286963539232597,0.00112502125766911,0.00384799773036539,0.000310607046783987,0.000305001247412931,0.00542131925719883,0.000388781214814543,0.001364407811073,0.00102649579486454,0.00025073752976096,0.000241701943102906,0.000377306777460003,0.000432542277437101,0.000213930801756832,0.000234925253109366,0.00166196874080875,0.000235156934818548,0.000359254925524173,0.000221371873122289,0.000281278547265719,0.00027637109625826,0.000464785101577104,0.000691550595095704,0.00104375873108632,0.00176043346721061,0.000293844807775419,0.000458420875232483,0.00167797537267193,0.00386644538645892,0.000449656216911943,0.000166907364655693,0.000262579624396135,0.010503018311533,0.000330058556313693,0.000307209946373789,0.00307668570848103,0.00041517362285206,0.000755431517029819,0.00205101269611233,0.000242454908657743,0.00570273194891122,0.000487465336774336,0.000331127675762751,0.000395136891809679,0.000344858224115675,0.000198180534033286,0.000424568715610566,0.00167030928233926,0.000674842076042807,0.000323624595469252,0.000505034533053883,0.000223128792750243
0.00824921641105195,0.00682877465432856,0.00144982533983322,0.00270130080095927,0.00585414527090681,0.00416801774188586,0.633675948171811,0.00941461550972016,0.00201905206721741,0.00199083399013341,0.0153900630908821,0.00148874682546633,0.0034771768414871,0.00196456198733106,0.0025583926538476,0.0315475749401662,0,0.00137198236856701,0.00310487305845919,0.00165763827205285,0.00252711646003528,0.00468517383308521,0.0026272002802347,0.00401523776162536,0.00148874682546633,0.00280234696558368,0.00251427675941759,0.00232069358087398,0.00140117348279184,0.00724276453324531,0.00274980295997899,0.00337080550575142,0.00203678645381636,0.00231193624660653,0.00213970867268004,0.00140117348279184,0.00274124928464799,0.00344322460970154,0.00482253202125273,0.0413631742671444,0.00232732792501599,0.00195580465306361,0.00136614414572204,0.00256627969402636,0.00176669700004188,0.00148874682546633,0.0290657828104951,0.00187272225103909,0.00336948861338037,0.0120007914035412,0.00214554689552501,0.00159091572525324,0.00245205359488572,0.00207110955425169,0.00231074206466097,0.00302614550797404,0.00153545260822606,0.00199667221297837,0.00660647989661038,0.00192661353883878,0.00163298527222431,0.00249584026622296,0.00351240109537684,0.00145371748839653,0.00105088011209388,0.00166389351081531
0.0136279187602922,0.0222452110515278,0.00936677504257625,0.00882489549465862,0.0377767456262579,0.0271859033906178,0.0958412233377398,0.414797855368646,0,0,0.0127939872482371,0,0.0529493729679517,0.00789595912679982,0,0.0364503538970267,0,0,0.0111472364143056,0.0113020591422821,0,0,0,0.045750116117046,0.00812819321876451,0.0236878773803994,0.0391524295043621,0.00913454095061154,0,0.0242559576976669,0.0255457501161171,0.0267640273198663,0.00928936367858802,0.0325334159054549,0.00940548072457036,0.00928936367858802,0,0.00855948510384181,0.0190676412349965,0.0204738722311102,0.00997058368168447,0,0,0.0113794705062703,0,0.00789595912679982,0.0390385508592661,0.0148049233627497,0.00882489549465862,0.04434219693451,0,0.00897971822263508,0.012618052330082,0.0101187711498905,0.0176343087165196,0.0114111387915382,0,0.00836042731072921,0.0170305000774113,0.0197398978169995,0.0181142591732466,0.00917324663260567,0.00876683697166744,0.00882489549465862,0.00882489549465862,0.00812819321876451
0.000840711731653324,0.00151335450953222,0.00087973210738407,0.00103758726374936,0.0015236726394968,0.00252162843683361,0.00114441577492829,0.00068108292184573,0.60929206242273,0.00113513820307622,0.00097905670015324,0.00063851523923037,0.00121317895453771,0.00159351194486189,0.00170270730461433,0.00131177960712635,0.00136824694120795,0.00072365060446109,0.00068108292184573,0.00097905670015324,0.00149567357553055,0.000910948407968666,0.000901015948691748,0.00068108292184573,0.000838583347522557,0.00114932743061467,0.00118338157670696,0.000731758734483061,0.00246636127346095,0.00210329960351244,0.000785137257127717,0.000776860207730285,0.00100175946421476,0.00072365060446109,0.000940244989533354,0.00098757023667631,0,0.127641972475366,0.00122951306530872,0.00110270568298833,0.00100159253212608,0.00059594755661501,0,0.027218331494903,0.00079932648466617,0.00059594755661501,0.00352510491681774,0.00169797756210152,0.0012316249503377,0.0458810214763213,0.00257509440009615,0.000843614073649826,0.00106419206538396,0.00146554450147162,0.00149838242806061,0.0011933629643547,0.00063851523923037,0.000744934445768767,0.00119898972699926,0.00063851523923037,0.000893921334922522,0.000999327025208172,0.00253402910627898,0.000692434303876491,0.00141393734957501,0.000945742861584697
0.00457142857142857,0.00568571428571429,0,0.00457142857142858,0.0208051948051948,0.0306100386100386,0.00914285714285714,0,0.00702380952380952,0.407841614906832,0.00571428571428571,0,0,0.00952040816326531,0.00878571428571428,0.0118809523809524,0.0117142857142857,0.00571428571428571,0,0.0187595818815331,0.00528571428571429,0.0196428571428571,0.00921428571428571,0,0.00914285714285715,0.00671428571428572,0.00428571428571429,0.00504761904761905,0.0288571428571429,0.0100886699507389,0.00371428571428571,0.00504761904761905,0.00471428571428572,0,0.00635714285714286,0.00628571428571429,0.0284285714285714,0.0238441558441558,0.0067265306122449,0.00485714285714286,0.010952380952381,0.0329555555555556,0.0357142857142857,0.0110357142857143,0,0.0251428571428571,0.0173800539083558,0.00857142857142857,0,0.0122612244897959,0.0128571428571429,0.00645320197044335,0.01,0,0.0121071428571429,0.00471428571428572,0.00657142857142857,0,0.00457142857142857,0,0.00471428571428572,0.152748447204969,0.00766666666666667,0.00750605326876514,0.00837593984962406,0.00428571428571429
0.00430541672877615,0.0032788482187729,0.00524515922390558,0.0244985926547755,0.00288766168376426,0.0056616824504923,0.0111946156539378,0.00170960607328591,0.00435281139447557,0,0.660099488781522,0.00206228704644629,0.00444537430011756,0.0015661426265766,0.00188893538167254,0.0209908276379673,0.00672858509175683,0,0.0200621415038192,0.00119552872257756,0.00125530515870644,0.0019128459561241,0.00322792755095941,0.00679018609933732,0.00155418733935083,0,0.00243090840257437,0.00351186562257158,0.0013748580309642,0.00363889054934545,0.0104797188948117,0,0.00187014850174633,0.00192138544699965,0.0014570506306414,0.00178333034451153,0.00309129569695055,0.00341040298756336,0.00713730647378803,0.003036642955347,0.00183912168489848,0.00171359116902784,0.00272979058321876,0.0021751980924675,0.00167800995704636,0.00274971606192839,0.0273769580031552,0.00152429912128639,0.00272762477031554,0.00895420358627963,0.00183314404128559,0,0.00125530515870644,0.00211010819534939,0.00239105744515512,0.00205685282498003,0.00131508159483531,0.00287108034134156,0.00375396018889354,0.0035268097316038,0.00317724752902406,0.00163388925418933,0.0177438553722123,0.00131508159483532,0.00233128100902624,0.00190581343422658
0.00690872415532023,0.0138186348669574,0,0,0.0128738109547593,0.0149554344458014,0.00587493696419567,0,0.00508320726172466,0,0.0136157337367625,0.588663421693087,0,0.131289876997961,0.00423600605143722,0.00872055327425978,0.00861183697794893,0.00549944801079445,0.00801815431164902,0.00900151285930408,0,0.00584972264246092,0.00576147251638931,0.00514372163388805,0.00569843671205245,0.0139513450536456,0.00412254160363086,0.00549672213817449,0.00413514876449823,0.00723421812680512,0.00544629349470499,0.00559757942511347,0,0.0038767019667171,0.00398386283408976,0.00897125567322239,0.00781643973777106,0.0115940035758493,0.00766515380736258,0.00468986384266263,0.00397125567322239,0.00408472012102874,0.00543739432232802,0.00531391830559758,0,0.00434947049924357,0.0205806315708842,0.0042428826846376,0.00526475037821482,0.0138019318049575,0.00763993948562783,0.00680786686838124,0.00798663640948059,0.00400907715582451,0.019438482918763,0.00393343419062027,0,0,0,0,0.00390317700453858,0.00726172465960666,0.0118003025718608,0,0.00393343419062027,0
0.000932042969106115,0.00186793251434065,0.000550203575322867,0.00138923494716301,0.00470558722111797,0.00152688073534576,0.00120667288406144,0.00048017766573632,0.000477176555325468,0.00066024429038744,0.00129132285988069,0.000636235407100625,0.644277730586404,0.00359132879165291,0.000994458858868689,0.00531341174547836,0.000868742487351897,0.000777184109844778,0.000962070251707416,0.000422031151526062,0.000725268349289234,0.00042015545751928,0.000683329755086302,0.000952852555445513,0.00057021097806188,0.000563780027181484,0.000454905157013356,0.000818102697998258,0,0.00118816689447823,0.00108039974790672,0.0004501665616278,0.000541200244090311,0.0004501665616278,0.000564914900866259,0.000591647480996538,0.00167578132941446,0.00204348336157105,0.0211170524398375,0.00109223511290727,0.00180657752459319,0.000861087833267539,0.00063023318627892,0.000857344244397452,0.00042015545751928,0.000810299810930042,0.0538705842901004,0.000819903364244769,0,0.00697858207536788,0.00043516100957354,0.00048017766573632,0.000793337012955661,0.000468923501695625,0.000560832508027968,0.000551256596519657,0.000462171003271208,0.00055220431559677,0.000780288706821522,0.00841517883355972,0.0201240763430295,0.000688379700489178,0.0348197311266038,0.00044266378560067,0.00041265268149215,0
0.000378774844553719,0.00156351481625667,0.000266289403793271,0.000313212646752439,0.00857241745691528,0.00488409754974986,0.000432245873376797,0.000237744430993111,0.000323343801482258,0.000589147383820656,0.00032888927565016,0.00509433407961691,0.000817225344942902,0.744269447950087,0.000290086191293991,0.00139014061472401,0.00359146421327471,0.00395256916996047,0.000217187581696714,0.000852733334106184,0.000492694051071254,0.000733356145248369,0.00576513243983318,0.000302654917086626,0.000277316365888676,0.00726815531675025,0.00089525345484632,0.000293023304058165,0.000346293533038652,0.00128796211708611,0.000388358840256164,0.00035505253839103,0.0003436061109419,0.000378836182126215,0.000250073283064736,0.00128507121384173,0.000979852213928229,0.00209346982024985,0.00377385281851599,0.00043944637101759,0.000409150277193953,0.000352259488214889,0.000759647729689554,0.000527446577887887,0.00021115459331625,0.000570437333155874,0.0195780090753632,0.000646471615655159,0.000417616862336587,0.00344422542971296,0.000573757998390368,0.000622671434068148,0.00317542846021174,0.000280366376681022,0.00181424638619624,0.000383405552469992,0.000388330286558623,0.000387585986842719,0.000390987921957258,0.00045174285721598,0.000846358223846643,0.000897708671013096,0.000779535225887879,0.000393112502124577,0.000444906432583891,0.000326898592615528
0.00638621388748099,0.00740553021343695,0,0.0114884270991722,0.00568789773047249,0.0105845582023991,0.00422368643351918,0.00506842372022301,0.00642000337894915,0.00671847722025117,0.00920763642507182,0.00582868727825646,0.00747592498732894,0.00954553133975334,0.00523737117756378,0.0080129365481621,0.00732105648476659,0.00473052880554148,0,0.00899175911846971,0.00523737117756378,0.0051528974488934,0.00439263389085994,0.00760263558033452,0.00655516134482176,0,0.00682547727656699,0.00473052880554148,0.00658895083628992,0.0144219693129982,0.00743368812299375,0.00574421354958608,0.00663118770062511,0,0.00787717519851327,0,0,0.012412006532635,0.00798880119711341,0.00625105592160838,0.00743368812299375,0.00675789829363068,0,0.00939114831839023,0.0046460550768711,0,0.0118826378329673,0.00579248425168344,0.00519513431322859,0.0157036661598243,0.0109685887688929,0.0071802669369826,0.00680013515796587,0,0.00750877588181187,0.00730697752998818,0.00599763473559723,0.0046460550768711,0.00760263558033452,0,0.00658895083628991,0.0486238127768351,0.00692684575097145,0.621350184005818,0.0257075592968848,0.00694796418313905
0.00136444632394666,0.00311676588269737,0.00119000974438823,0.00108197096923383,0.00146841758563482,0.00134998861455385,0.00153186002702934,0,0.00226854325284126,0,0.00101384687117096,0.000890504537913532,0.00536254513516151,0.00130119384535311,0.496407219928632,0.00172516617329733,0,0,0.00099012719169838,0,0.0296836613897599,0.000896603884063624,0,0.00107619574292747,0.00152239679906314,0.00080511369181223,0.00155330015289027,0,0.00145571061448879,0.00217774808386695,0.00105765959186472,0.0024934127061579,0.0015685157260819,0.00140110694419272,0.00141708142220487,0.0014736020298624,0.00100459818942703,0.0053078496031737,0.00181666679178146,0.00163625126053154,0.00101803632105184,0.0008295110764126,0.000862040922546431,0.00560372287641327,0.000941041977442876,0.00080511369181223,0.00649026516311474,0.00156143261442373,0.00299870964943669,0.16349164760842,0.00126866399921928,0.000878305845613345,0.000882741733722502,0.00099711050105863,0.00119198650476097,0.00116565281979549,0.00102025426510641,0.000891859948169108,0.00162811879899808,0.00102469015321557,0.000930854058598762,0.00401093002830097,0.00317369311343157,0.00078071630721186,0.00107348492241632,0.00078071630721186
0.00588907291151999,0.0059816571183132,0.000685177928562749,0.00154929938170807,0.00256943654305115,0.00203887587103707,0.00397618904574153,0.000781906092390832,0.000458582591573967,0.000569224740652129,0.00220793573071712,0.00076584101580492,0.00133458751680937,0.00184975744404045,0.000567162332171507,0.719702771069969,0.0010481887807405,0.000390920152918211,0.00204314422558488,0.00117213548648779,0.000770456882404411,0.00037417982434172,0.000871367583063498,0.00123973665335267,0.000380608110515093,0.000466791786114488,0.0011711533872113,0.00870851980943346,0.00030936127209355,0.002332200287682,0.00718278588344164,0.000786661520466456,0.000574251861323651,0.00158667959109314,0.000560799582603625,0.000697351867510876,0.00133688264011856,0.00187271486339422,0.00537122904301557,0.00144104797210089,0.00276340072574115,0.000547144838094865,0.000338669182081358,0.000927396346787109,0.000615082999809528,0.00108530898227105,0.0322352203773131,0.000585724008497119,0.000410763022390879,0.00489194324610541,0.000384491866744839,0.00036092148410914,0.000434002480270369,0.00415283881560364,0.00120569054510111,0.000756789334139961,0.000414652652420125,0.000478478767504688,0.00114697410302418,0.00101153941526403,0.000776615127867632,0.000398732306253907,0.00213740515264635,0.00030936127209355,0.000443417823334088,0.000339806349664659
0.00203930292918057,0.00589980152238871,0,0.00216570600330333,0.0074935113088617,0.0719670406732118,0.00723025583982202,0,0.00339883821530095,0.00259547645532073,0.0021505376344086,0.00814045950207951,0.00808769002595477,0.0464888523480196,0.00274031331108639,0.00342090859332239,0.598919290354823,0.00346133751306165,0.00222469410456063,0.00362387278667422,0.0025027808676307,0.00412667023716338,0.00556467797847108,0,0,0.00583696985254271,0.00317482387838339,0.00339883821530095,0.00464802161131416,0.0050055617352614,0.0021319985168706,0.00234056358917316,0.0021319985168706,0.00231738969225065,0.00194660734149055,0.00323919581427924,0.00329532814238042,0.00281176615993079,0.00491286614757138,0.00293536027685082,0.00331386725991843,0.00407860585836114,0.0216917750802018,0.0028503893214683,0,0.00216289704610061,0.0182435821937229,0.00409714497589915,0,0.00462447987475796,0.00268817204301075,0.00274996910147077,0.0167088946566143,0.00203930292918057,0.00457479988658422,0.00289210233592881,0.00203930292918057,0.0086206896551724,0.0130237300704486,0.0025027808676307,0.00325277244075909,0.00315164998146088,0.00278086763070078,0.00259547645532073,0.00222469410456063,0.0021319985168706
0.0017774875757246,0.00544564152791381,0,0.00762687271012442,0.0582146895863201,0.00316431854139983,0.00178474262705409,0,0.00141473500925019,0.00169768201110023,0.00173032974208293,0.00447871689818966,0.00236696049624551,0.119759211155115,0.0036783110240505,0.00330752607931844,0.00421169862893663,0.483582686293158,0.00141473500925019,0.00191049685009855,0.00163238654913484,0.00239416693873109,0.0139024921101317,0.00238470382830132,0.00203141437225669,0.0129739243992108,0.00191999751255383,0.00339536402220046,0,0.00334639242572641,0.00270509770999487,0.00246862667606005,0.00179562520404832,0.00250299270867342,0.0019588638589618,0.00316112950784841,0.00477170771816544,0.00339173649653571,0.00426536559412825,0.00233198078447834,0.00155983603583995,0.00228534116878877,0.00242137338121667,0.00288388290347154,0.00440744368266406,0.00274785069104364,0.0226688810345072,0.0030552834911307,0,0.00397818647900268,0.00177230539620354,0.00201327674393297,0.00562897352063983,0,0.00223511389035385,0.0028476076468241,0.0028476076468241,0.00217651539884645,0,0.00174121231907716,0.002452207349367,0.00235335727500272,0.00343617368592883,0.00185003808901948,0,0
0.00342150954958635,0.00393947794621883,0.00357471146971709,0,0.00544717938242604,0.00833418445511184,0.00332401741859407,0.00457903516835189,0.00365020227094092,0.00405620321869939,0.00318659993871923,0.00367684608313758,0.00286463272879369,0.00378826566141447,0.00304701596704457,0.00286905414063008,0.00314574609335104,0,0,0.00318659993871923,0,0,0,0.00354066659857693,0.00284381064242672,0.00275763456235318,0.00529057297518129,0,0.00465733837197426,0.0199795989341801,0.00204269226840976,0.00289806965580635,0.00577911687604262,0,0.00342150954958635,0.00326830762945562,0.00326830762945562,0.00452348827333373,0.0041218611844697,0.00393785676187882,0.00280870186906342,0.00234909610867123,0,0.00741043361817542,0.00306403840261465,0,0.00999394814305553,0.00251251149014401,0.00430327171211657,0.03749687142599,0.00456201273278181,0.00482075375344704,0.00889422258536751,0,0.00357471146971709,0.00503183195451605,0.00421305280359514,0.00292104994382596,0.0036622554240775,0.00251932046437204,0.00365131242978246,0.0123811183139378,0.004884698902719,0.0109084207768448,0.57970052355091,0.0536029095042919
0.0146552586810768,0.0136802658412613,0.00634193935755029,0.00986308393403472,0.00591323017021006,0.00446979552353314,0.00579462227332718,0.00520864605223657,0.00292704893425398,0,0.0670512837246942,0,0.0113516961873311,0.00330231161813269,0.00554234117728564,0.0653138515642268,0.0171119783848694,0,0.48555238667067,0,0.00377138997298109,0.00360252176523567,0.00330231161813269,0.00423296307415191,0.00375262683878715,0.00281447012909036,0.00312218552987091,0.00362336969211782,0.00270189132392675,0.0076108831737772,0.0365424275253547,0.00510357250075053,0.00360252176523567,0.00311468027619334,0.00610427299109378,0.00690483338336838,0.00385654573586126,0.00363587844824711,0.00988724894311263,0.00450315220654458,0.00375262683878715,0,0.00545381767237066,0.00285199639747823,0.00547883518462924,0,0.0311476460488634,0.00366256379465626,0.00276369929538912,0.00993799107651218,0.00360252176523567,0.0035649954968478,0.00322725908135695,0.00761247158725393,0.00380266186330431,0.00406438353000947,0.00310217152006405,0.00326767198577466,0.00510357250075053,0.00394442776610294,0.0048191628877056,0.0032722906034224,0.0109776843790653,0,0,0
0.00292241679229966,0.00605615472831059,0,0.00243534732691639,0.00451916386408443,0.21397022119811,0.00659090030538482,0,0.00260930070741042,0.00399200706518345,0.00316981715566895,0.00318086181474794,0.00539738683366191,0.00613714889488982,0.00434055101804145,0.00314772783751097,0.00442096152377504,0.00231937840658703,0.00487069465383277,0.500784050743966,0,0.00898469210251653,0.00352876857573599,0.00243534732691639,0.00220340948625768,0.00256291313927867,0.00462170256018446,0,0,0.00566591010751976,0.0029861996984808,0.00284123854806912,0.00255131624724574,0.00220340948625768,0.00405891221152731,0.00316981715566895,0.00389655572306622,0.00316981715566895,0.0057895253302884,0.00623332946770266,0.00376898991070393,0.0175516439854988,0.00575495767134408,0,0,0.00231937840658703,0.0167641148121671,0.00432398402942297,0,0.00800631584581486,0.00276392593451621,0.00696352912303224,0.00364619928917874,0.00264409138350922,0.0056366289183336,0.00371100545053926,0.00479338204027987,0,0,0,0.00506397618771503,0.0125075116232486,0.00307317638872782,0.00499826046619506,0.00314772783751097,0
0.00180243937500691,0.00309621487731249,0.00236769372970955,0.0016747707745463,0.00242067708589885,0.00406730045246958,0.0025543772737828,0.00185772892638749,0.00315739009061422,0,0.00157390922930051,0.00172871997316614,0.00266274479448874,0.00166421549655546,0.0263127782807257,0.0028849191323067,0.00170291818252187,0.0019351342983203,0.00181902624042109,0,0.655892736347207,0.00170291818252187,0.00201253967025312,0.00236290082742269,0.00290270144748046,0,0.0019351342983203,0.00263178264571561,0.00407668292179477,0.00384815277608838,0.00204571340108146,0.00336713367907733,0.00321915282097048,0,0.00205677131135758,0,0.00173388033129499,0.00848709163573847,0.00244600975307686,0.00276724204659803,0.00274491357392511,0,0,0.00531451566283004,0.0031929715922285,0.00170291818252187,0.00554083826551891,0.00202912653566729,0.0116839581194407,0.0874461948528793,0.00162551281058905,0,0.00158681012462265,0.00164486415357226,0.00181902624042109,0.00232216115798436,0.00147070206672343,0.00171530304203112,0.0025056405581214,0.00159971101994478,0,0,0.00309026061793304,0.00158681012462265,0,0.00139329669479062
0.00642683595893095,0.0136990135814495,0.00611333176581237,0.00705384434516812,0.0135114708944946,0.0835645426757583,0.00607974203083537,0.00587820362097343,0.00606108106695927,0.00646602398307077,0.00529038325887609,0.00809885832223006,0.00620738302374794,0.00972352848969355,0,0.00825086035525725,0.0110980484363978,0.00728897249000706,0,0.0163594928466784,0,0.507945797851133,0.00593698565718316,0,0.00576063954855396,0.0059957676933929,0.0110548773671815,0.00564307547613449,0.00564307547613449,0.0119131593385062,0.00881730543146015,0.0141526396592025,0.00717140841758757,0.00513664562571217,0.00670115212790971,0.0101888862763539,0.00833025427429377,0.00593698565718317,0.00718820328507608,0.0125793557488832,0.00969903597460615,0.00693628027274865,0.00573839769701514,0.00636983519654575,0,0.00822948506936279,0.0172597688928872,0.00808252997883847,0.0103717637223398,0.0330501998589231,0.00571025494608848,0.0112291501898838,0.0079702412173609,0,0.0551543448322193,0.00611333176581237,0.0098894897719257,0.00752410063484599,0,0,0.0078297672231366,0.0082709782713932,0.00995375813151498,0.00830786111764246,0.00699506230895838,0.00517281918645662
0.00100873230954532,0.00206478255258743,0.000813008130081299,0.0007226738934056,0.010340457494929,0.00572393718828631,0.0010292628178807,0.000813008130081295,0.00152277713253323,0.00147272179792505,0.000903342366757,0.00130628781035285,0.00265297389816004,0.0538058206669023,0.00186690755796447,0.0018262164603628,0.00501135098741749,0.00500307660081432,0,0.00111804982784127,0.00102378801565793,0.000769513867978184,0.684544335781522,0.00075278530563083,0,0.00354367338929319,0.00154027528975855,0.00091337950416541,0.00111412225233363,0.00172182529906107,0.000794941282746158,0.00084311954230653,0.000891297801866906,0,0.000782896717856067,0.00125664960353307,0.00227185413616588,0.00198591933009277,0.00364788742738376,0.00114423366455887,0.000947140784539155,0.00084311954230653,0.00159382819881839,0.000932415454422742,0,0.000825215459361799,0.0166221613376085,0.00115984698941639,0,0.00299704651892854,0.00197808815694994,0.000972168451843246,0.0264548394276213,0.00078289671785606,0.0010548707637614,0.000883268091940176,0.00141093474426808,0.00073271103081401,0.000843119542306532,0.00121951219512195,0.000931137516503367,0.00113085081468099,0.00172304192177724,0.000692562481180365,0.000692562481180365,0.000732711030814007
0.00372625288911438,0.00704330438415853,0.00312869947573144,0.00510121115143946,0.0051561596639647,0.0107592702887521,0.00747375404909652,0.00269180900839957,0.00287502113986132,0,0.0200111989704372,0,0.0040686102329938,0.00422797226450195,0.00413737285883405,0.00932430498640545,0.00240994419076611,0.00262134280399121,0.00550438251194038,0.00202942668696094,0.00293139410338802,0.00989345509893455,0,0.588797068360797,0.00275240994419077,0.00684931506849315,0.0032555386436665,0.00301696020874103,0.00190258751902588,0.00416455268053442,0.00500358648681747,0.0040447601330402,0.00312024353120244,0.00251866347756759,0.00302384576357179,0.00279046169457128,0.0054118044985625,0.00707372282714749,0.00863074278531241,0.00628847200063572,0.00279622711129561,0,0.0432521562658549,0.00353337682104806,0.00335982862619088,0,0.0349267678034801,0.00235675357195463,0.00300291730086251,0.020098809791152,0.00285388127853882,0.00202942668696093,0.00283274141721631,0.00190258751902588,0.00688102486047691,0.00363605614747167,0.0023306697108067,0.00381382316313823,0.0378311605232391,0.00487997009265935,0.00323221190013821,0.00300186030779638,0.00683663115169965,0.00183916793505835,0.00211398613225097,0.00240994419076611
0.00418775082882569,0.0834932821497119,0.00900711772232885,0.00417097298095379,0.0152751119641715,0.0184474301556835,0.00635796545105566,0,0.00607805502239284,0,0.0054839594187003,0.00923704414587333,0,0.015714971209213,0.00653329396131699,0.0110983840009907,0,0,0.00431861804222649,0,0.00652331794366343,0,0,0.00713771593090211,0.539610802803972,0,0.0054382597568778,0.00431861804222649,0,0.0252262133260214,0.00419865642994242,0.0215930902111324,0.0235632832787626,0,0.0107093002966323,0.0138675623800384,0,0.0112592541815191,0.00847408829174664,0.00692349876610913,0.00454521219876306,0,0,0.0115578399527536,0.0188579654510557,0,0.0165547024952015,0,0.00601443901587855,0.111809438371026,0.00751759436980167,0.00443857965451056,0,0,0.00767754318618043,0.00990403071017274,0.0054382597568778,0.00584655015658147,0.00608947993784846,0.00407869481765835,0.00431861804222649,0.0124280230326296,0.00431861804222649,0.00455854126679463,0.0060180742162508,0.00451855406269994
0.00195464391033169,0.00348842811459268,0,0,0.0491066413868929,0.00469060075771243,0.00131135989978862,0.00501056916934158,0.00160059848465078,0.00147011491253251,0.0022704141548579,0.0100373069552282,0.00281132787200273,0.179130400743416,0.00222691963081848,0.00282496933636055,0.00346244472337062,0.00756717729237889,0,0.00183576887669842,0.00160494793705472,0.00806388475690911,0.00310236483395415,0.00117435214906443,0.00274015501448368,0.514494739242764,0.00201205668206373,0.00313160573083849,0.00133093243560636,0.0041564948791129,0.00283651211389409,0.00163290870250864,0.00137790652156893,0.00216602729716329,0.0013048357211827,0.0097148604155572,0.0028288838435241,0.00366184351935546,0.00507214568652099,0.00217405705544749,0.00134833024522213,0,0.00143858138260393,0.00221561105456823,0,0.00253138129909444,0.0224726750380388,0.00337411422340952,0,0.00267010593892545,0,0.00206164043946867,0.00284671659838026,0.00172238315196117,0.00325339039814887,0.00211942602140676,0.00218559983298103,0,0.00301417051593204,0.00218653185849616,0.00168529834725387,0.00454082830971581,0.00257705054933584,0,0,0.00164409300869021
0.00309472427567841,0.0546097956348058,0.00439414114513981,0.00266311584553928,0.0133118283603083,0.011773775317121,0.00533903513264365,0.00312613485050236,0.00272969374167776,0.00246338215712383,0.00504882379050155,0.00260662550942178,0.00239680426098535,0.0112254367913489,0.00243484877306449,0.00929840025505898,0.00346205059920107,0.00164225477141589,0.00342876165113182,0.00247669773635153,0.00883266755437194,0.00665308999765019,0.00431424766977363,0.00383488681757657,0.00358496363822596,0.00235875974890622,0.532120940195681,0.00183089214380825,0,0.011739080403084,0.00335108743897026,0.0161856654894923,0.00220658170058969,0.00520430590537917,0.00287024707797012,0.00317183925705896,0.0058736499482172,0.00478885295796081,0.00510072591383532,0.00309957094244711,0.00283621837549933,0,0.00223035952063915,0.00318363394262196,0.00289869917033699,0.00206391478029294,0.01739902352419,0.00306258322237017,0.00279627163781625,0.0216191744340879,0.00226364846870839,0.00384376387039503,0.00276964047936085,0.00236721408492381,0.0196216638684652,0.00341983046994252,0.00251862764540896,0.00523746116289391,0.00461139533253907,0.00299250122643493,0.00263352566947773,0.00254898230930188,0.00601864181091878,0.00159786950732357,0.0042191363895758,0.00329560585885486
0.00439846232617865,0.00611316655917993,0.00544720138488171,0.00438545874206579,0.00524235429890363,0.0047969091045937,0.00471662610702727,0.00187536064627813,0.0048086170417388,0.00236409099652031,0.00383193349148341,0.00220921605803314,0.0058051802414833,0.00524276646607864,0.00270051933064051,0.264923856594496,0.00267743796884016,0.00281415065027298,0.00253894979803809,0.00461627236006925,0,0.0027056485221517,0.00373918061165609,0.00365454895172149,0.00216708341347695,0.00188497788036161,0.00190421234852856,0.401259439524323,0,0.00376140710820457,0.00953067897672629,0.00255543648503833,0.00242878875308189,0.00250500661891993,0.00300057703404501,0.00321215618388152,0.00343832699922399,0.00285853788450442,0.00913189924717186,0.00281858937369613,0.0235291903961464,0.00234110955403512,0.00473167916907098,0.00361223312175418,0.00230813618003462,0.00413403676531201,0.0583469229032339,0.00467397576457011,0,0.00834645515271842,0,0.0018465089440277,0.00189267166762839,0.00367455279861512,0.00259665320253895,0.00220555234981086,0.00187536064627813,0.002577418734372,0.00442058255350109,0.00485415170107281,0.00252246311103784,0.00262871064948388,0.00580776968543847,0.002577418734372,0.00188497788036161,0.00201961915753029
0.00516192900579833,0,0,0.0055154857870174,0,0.0339414509970301,0.00509121764955452,0,0.0421488449665706,0,0.0055154857870174,0,0,0.0127280441238863,0.00950360627916844,0.0055154857870174,0,0.0141422712487626,0,0.0110309715740348,0.00830353354748773,0,0.00890963088672041,0,0.00890963088672041,0,0.00593975392448027,0,0.480691188135249,0.00678829019940603,0,0,0.00791967189930703,0,0.00523264036204215,0,0.00593975392448027,0.0396092381667265,0,0,0.00791967189930702,0,0,0.0138647625299189,0,0.00890963088672041,0.00537406307452977,0.00848536274925753,0,0.0327481968604158,0.0311038134542589,0.00806109461179466,0,0,0.00763682647433178,0.00622259934945553,0.0055154857870174,0,0.0165464573610522,0,0.0055154857870174,0.00806109461179466,0,0.00636402206194315,0.00950360627916844,0.0209305614481686
0.000696269369641583,0.00328706252771518,0.0007519268979672,0.000885713985344979,0.00408287432436155,0.00294859404638002,0.00134390232791217,0.000770650014192445,0.000802783175760748,0.000607572009786027,0.00122627744496068,0.000653216591337508,0.001026157114718,0.00193420073493874,0.000687787942968183,0.00345323325028122,0.00053221686063014,0.000402119405809435,0.000551322081268146,0.000903923874403576,0.000650487274103506,0.000709129687450716,0.000475052827451347,0.00102012924891153,0.000902681538127595,0.00043422137518078,0.00161551752880166,0.000755111101406869,0.000369595042104264,0.699973414867928,0.00074566679732731,0.00497177626045069,0.00101538628508457,0.000882934125199236,0.00122972383569989,0.000689193954876608,0.00102951578966339,0.00305272064958412,0.00374325858643202,0.00450571285087323,0.000530349433048982,0.000536517602938264,0.000512505125051247,0.00204116129320325,0.000640810603910231,0.000432531797845449,0.0181802194276123,0.00079860688716777,0.000346926546188533,0.0124723864295499,0.000657334508567755,0.00128615825465101,0.000438914645556706,0.000638660232756169,0.000979057266534202,0.0403204408298264,0.00612306499319174,0.000780273490994016,0.001524209953638,0.000390292364462102,0.000628311571577251,0.00107250393770906,0.00167102062154911,0.00049673573658813,0.00103811855426246,0.000518522391701645
0.00233727742500211,0.00342836521111512,0.00176109707686756,0.0190254656143599,0.00624439762051664,0.0055756044749188,0.00475694026758624,0.00137134608444605,0.0016600505232768,0,0.00625093768120055,0.00171618749749389,0.00456284242642958,0.00358785113095307,0.00224856341781639,0.0667260289018248,0,0.00153975700709732,0.00572425289134058,0.00187657885239986,0.00166539690177366,0.00206217456307676,0.00461927102129195,0.00180279882914311,0.00133525802959221,0.0013352580295922,0.00266395459466553,0.00411023951072195,0.0021813224267212,0.00323417710642539,0.55061585050131,0.00171418260555756,0.0016600505232768,0.0015445687477445,0.00149163960062553,0.00226632984482136,0.00323589558522796,0.00258390472753519,0.00921127551224989,0.00202942237883966,0.0095795939895543,0.00158787441356911,0.00220137134608445,0.00171779141104294,0.00238632262721039,0.00305545531095874,0.0500917891829978,0.0016465175027066,0.00142547816672681,0.00396968603392277,0.00277878022374594,0.00138036809815951,0.00215084806928906,0.00309311241167579,0.00181883796463371,0.00263720400855009,0.0121255864308914,0.00176538862933666,0.00235522042204031,0.0177043289975366,0.00276073619631902,0.00129916997473836,0.0393806975977908,0,0.00171779141104295,0.00249523122132288
0.00960090361445784,0.0185214542380047,0.00489457831325301,0,0.0203313253012048,0.0132166597424179,0.0105556153184165,0.0105649872216137,0.0151857429718876,0.00640060240963855,0.0402861445783133,0.0054593373493976,0.0120481927710843,0.00970358707557503,0,0.00856551204819277,0.00338855421686747,0.00554718875502008,0.00602409638554217,0.00935687193217314,0.0562876506024096,0.0120105421686747,0.00514558232931727,0.0135542168674699,0.00495732931726908,0.00677710843373494,0.0381867142482975,0.00338855421686747,0,0.0656266369827135,0.00715361445783133,0.501240014405448,0.00451807228915663,0.00518323293172691,0.0160015060240964,0.00694444444444445,0.00426706827309237,0.00651645041705283,0.00753012048192771,0.00894201807228916,0.00489457831325301,0.00583584337349397,0.00596762048192771,0.00588718510405258,0.00753012048192771,0.00743599397590362,0.0156763417305586,0,0.00737508858965273,0.0237700803212852,0,0.015666323831913,0.00466288229842447,0.0148092369477912,0.00693113362541073,0.0117327417779225,0.0140822436085807,0.00497824631860777,0.00492595381526105,0,0.00602409638554217,0.00729607619667861,0,0.00941265060240965,0.0094963186077644,0.00539658634538153
0.00599065677383897,0.0121461940093433,0.0132071639365808,0.00544105523495466,0.00715169002473207,0,0.0101951085463039,0.00634789777411377,0.011805441055235,0,0.006760098928277,0,0,0,0.00968297983961628,0.00870725866603855,0,0.00478153338829349,0.00494641384995878,0.00618301731244847,0.0075474872554133,0,0,0,0.0318677292296418,0.00527617477328937,0,0.0122011541632317,0.0286892003297609,0.0179140393484994,0.00610057708161583,0.00741962077493817,0.507324635291588,0.00544105523495466,0.00803064836816837,0,0.00519373454245672,0.0106771239500011,0.00989282769991755,0.00898268755152514,0.00544105523495466,0.00703489969771915,0,0.00916822146049377,0.0102904805780515,0,0.0141183688337583,0.00741962077493817,0.0262811313649456,0.0774974809929468,0.008441879637263,0.0149381698268755,0,0,0,0.00762255057391084,0,0.00750691043111391,0.00617226423886161,0.0044517724649629,0.00511129431162407,0,0.00494641384995878,0.006760098928277,0.006760098928277,0.0108821104699093
0.0123540489642185,0.11656595431098,0.00474576271186441,0.00652542372881356,0.0186654451061231,0.0139510357815443,0.0101082064540841,0.00701592193117617,0,0,0.00777666999002991,0.00553672316384181,0.0110734463276836,0.00864406779661018,0.0174277168494517,0.0553370998116761,0.00564971751412429,0,0.00748587570621468,0.00655367231638417,0,0.00648910411622275,0.00903954802259888,0.0088135593220339,0.00504708097928437,0.00670433145009416,0.0113211051776178,0.00706512042818912,0,0.0097497982243745,0.00650231124807396,0.00651798988997919,0.00598870056497175,0.482999263080324,0.00647834274952918,0.00924643908649638,0.00580790960451978,0.0120338983050847,0.00745762711864407,0.00587967092873427,0.00590799031476998,0,0,0.0055593220338983,0,0.00903954802259887,0.0260796830288356,0.00508084940580557,0.00474576271186441,0.017442218798151,0,0.00615819209039547,0.0055367231638418,0.0339703234618489,0.00748991121872478,0.00451977401129944,0.00508474576271186,0.00474576271186441,0.00590799031476998,0.00677966101694917,0.00508474576271187,0.00961707470182047,0.00732203389830509,0,0,0.00499435028248588
0.00750033187309173,0.0328554360812426,0.0166600292048321,0.0141662399726916,0.0138888888888889,0.0243215565796211,0.0228358857391115,0.00836320191158901,0.00597371565113501,0,0.008363201911589,0,0,0.0148347272003186,0.00582437275985663,0.0163281561131023,0,0.00597371565113501,0.00716845878136201,0,0.00627240143369176,0,0,0.00838975175892739,0.01352619901007,0,0.00746714456391876,0.00706889685384309,0.00597371565113501,0.064898715315533,0.00577459179609718,0.013142174432497,0.0202224964255636,0.00597371565113501,0.410822814399252,0,0.00577459179609718,0.0150059737156511,0.0125874722648916,0.0147867899759576,0,0,0.0113500597371565,0.0130335614206582,0.0252939696912532,0,0.0362991074566027,0.00627240143369176,0.00597371565113501,0.0425102521876716,0,0.00577459179609718,0.0125448028673835,0.00597371565113501,0,0.0204019959238175,0.00677021107128634,0.00818399044205496,0.0111509358821187,0.00582437275985663,0,0.00657108721624851,0,0,0,0.00567502986857826
0.00258445258445259,0.0447280175541045,0,0.00228937728937729,0.112857452531366,0.00325891040176755,0.00237416904083571,0.00162800162800163,0.00298988760527222,0,0.00211131461131461,0.00828245828245829,0.00407636345136345,0.0214569720064226,0.00161104327770995,0.0068344760652453,0.00315425315425316,0.00290379136532983,0.00169583502916836,0.00175518925518926,0.00213675213675214,0.00234703568036902,0.0027010027010027,0.00213675213675214,0.00183150183150183,0.0151707189750668,0.00283915606496252,0.00205761316872428,0.00175010175010175,0.00379250379250379,0.00208587708587709,0.00271333604666938,0.0031033781033781,0.00247591914258581,0.00183150183150183,0.539629452672931,0.0138324839411796,0.00403389919518952,0.0066428280713995,0.0021585557299843,0.00223850223850224,0,0.00208022430244653,0.0022995522995523,0,0.00383175992932091,0.0327004919396224,0.00443630443630444,0.00152625152625153,0.00467372134038801,0.00208587708587709,0.00356125356125356,0.00278425278425278,0.00231481481481482,0.00345256595256595,0.00178062678062678,0.00164495997829331,0.0024928774928775,0.00333231583231583,0.00864875864875865,0.0018549826242134,0.00167322389544612,0.00369207512064655,0,0.00241656491656492,0
0.00114759696221791,0.00140000232044583,0.00181864942317584,0.00166491988660755,0.0223828860057443,0.00241781979491815,0.00127712798755299,0.00058784627819825,0.000850277652393898,0.000640915733868927,0.00104286190699593,0.00115299996109841,0.0024860998848801,0.00628260709824381,0.000998113993190782,0.00344012540720602,0.00102119449610081,0.000976375927694907,0.000960902570131756,0.000741487919090975,0.000565802042765816,0.00117903259206808,0.00198676455197875,0.000748585494893084,0.000748167990434136,0.00208418225906653,0.000734807847747812,0.00099811399319078,0.000618463271854408,0.00240296297133684,0.00136206654687072,0.0013675590499751,0.00100423739192201,0.000972539798489752,0.000774609939500818,0.00363358352577318,0.656899446338261,0.00255141613801324,0.0141997623056353,0.00122041999060724,0.00321003697982416,0.000774888275806784,0.000724310592779987,0.00139869819391066,0,0.00541201953949912,0.0919456274140834,0.0102214167734268,0.000569476082004555,0.00695574357305565,0.000633771768682487,0.00079604183506013,0.00117249773966716,0.000840789748865286,0.00100998588869011,0.00076121500477625,0.000619576617078269,0.00145124549930193,0.00104710118304063,0.00160646034540229,0.00155709282022751,0.000835843926813137,0.00192983745276926,0.00062458667058564,0.00058784627819825,0.000578661180101402
0.000508537669947367,0.000812184314848488,0.000736717665804304,0.000299826957013378,0.00125219655835899,0.00128530861348257,0.000443899650643184,0.000430862441930336,0.0220005944395322,0.000564776084333364,0.000373769244156527,0.000282693988041185,0.00104350489146264,0.00129013603342666,0.00126193178360706,0.00137371266605251,0,0.000364932239107712,0.000401197023432187,0.000387205098771563,0.000916613840012333,0.000298474354199784,0.000326097509437408,0.000504351774118932,0.000377444498266192,0.000520515914488532,0.000607622736804523,0.000418978968501812,0.000697633080336488,0.00165021642054897,0.000601795535148282,0.000327973977467693,0.000662123354740755,0.000482170698217433,0.000537689676243993,0.000889201089656825,0.000594481696978549,0.673182471333936,0.00124014804478956,0.00103069434072962,0.000487655061301125,0.000280980691143966,0,0.0341946126496434,0.000361628023663074,0,0.00444917132298552,0.000578237702811516,0.000573954460568468,0.0606546209479597,0.000667614690949791,0.000401672939236969,0.000278410745798135,0.000535405280381035,0.000446171066984195,0.000568550985738777,0.000401400987348522,0.000431995574798869,0.000511009422388019,0.00036351690688827,0.000480828484058321,0.000592599162097032,0.000852722143220195,0.000458636400178707,0.000512793745749128,0.000444068033630625
0.000323332126969815,0.000602987700512695,0.000125280676901133,0.000269341844524006,0.0040033775502893,0.00133375212275327,0.000440642380824676,0.000114531743084172,0.000168882113233515,8.13119777964093e-05,0.000584334281463423,0.000300614622674069,0.00281771535811209,0.00214812889747557,0.00019407797169513,0.00192179091870122,0.000252876730947791,0.000306397206423223,0.000232303803232238,0.000205990343750901,0.000181751000776361,0.000111381193517131,0.000375935897344435,0.000272821409069639,0.000184585139339538,0.0003327400717414,0.000280245055549886,0.000252414618253465,9.44767742015422e-05,0.000835624305152187,0.000693701594276919,0.000164870412637042,0.000201653704935092,0.000196160629101735,0.000176038134980698,0.000374895542072966,0.00159395045170178,0.000761601181179388,0.504735421037349,0.000484756465330314,0.000856486166122175,0.000131413297448741,0.000154793913286495,0.000270212655531197,0.000113015435805916,0.000343802684228398,0.306879103308793,0.000814298212424907,0.000101188239035529,0.00279414666889574,0.000173465552632337,0.00029392774196035,0.000357444169060576,0.000172823087622588,0.000184236289560488,0.000210827363968533,0.00016694642238635,0.000132508408260813,0.000440598596804325,0.00378167474706083,0.00466432215821315,0.000169309607100521,0.00202949982841994,0.000101188239035529,9.96071728006011e-05,0.000113836768914972
0.00466478355781752,0.00941186379117032,0.00931132318803198,0.00294041784885221,0.00539813552452191,0.00652566417332989,0.117340559150396,0.00935073742294662,0.00293396956409595,0.00309517668300232,0.00536392013601933,0.00245034820737684,0.00720416702490471,0.00356805089846101,0.00428810936290947,0.0134746392753645,0,0,0.00343456009122626,0.00232138251225174,0.00736461995845947,0.00683518184163011,0,0.0057850326098972,0.00437408649299287,0,0.00501123843914662,0.00390121227753418,0.00303069383543977,0.044596898094672,0.00340469435130256,0.00348408885736394,0.00445361533832001,0.00343048749032757,0.00554920962452559,0.00326713094316912,0.00970355678492969,0.00575509414495744,0.00766580835260533,0.505025456706777,0.00328862522568997,0,0.00266529103258533,0.00439840897058225,0.00393931577836659,0.00257931390250193,0.030870088556444,0.00533595563580087,0.00404399572570839,0.0225167132569764,0,0.00358954518098186,0.00303069383543977,0.00519086922878515,0.00306293525922105,0.0100548771268222,0.00793139025019345,0.00409466082022182,0.014680831162647,0,0.0033162607317882,0.00350049743910977,0.00575385409019662,0.00294041784885221,0.0026695898890895,0
0.00282824043382251,0.00274233776041976,0.00126123519439715,0.00196453610656696,0.00917486778669298,0.00306805448193623,0.00267907644681983,0.00189084110561091,0.00186959569992989,0.00304120900521929,0.00235042562850381,0.00167484614785386,0.00301645417326651,0.00269533380073226,0.0019474955207603,0.0317695791038811,0.0017761159149334,0.00112954740204098,0.00131971461171522,0.00224351483991587,0.00167328815143725,0.00387335220240105,0.00144893666744566,0.00220122636575079,0.0011128545832916,0.0016878294513256,0.00200489538874061,0.0132175674256819,0,0.00323370811802688,0.00563908147455705,0.00157747137181585,0.00151904650619304,0.00183064578951469,0.0014671132923061,0.00214106477252072,0.00705435991133584,0.00217442108578802,0.026654439781745,0.00251731828424202,0.468290539236108,0.00186959569992989,0.00132429695411701,0.00133403443172081,0.00144114668536263,0.00585875136003671,0.215412479551297,0.00191438809690738,0.00132151481765878,0.00934797849964945,0.00120744722287139,0.00133890317052271,0.00114253070551271,0.002079325986781,0.00339372262922056,0.00194041371886663,0.00192152891381683,0.00139275437242252,0.00176159822105137,0.00785675335803871,0.00349972158027,0.00710446365973359,0.00317142155188428,0.00137623016800395,0.00101269767079536,0
0.003902350485525,0.00944931039291335,0,0,0.0121985283978205,0.103398477728193,0.00902985751883112,0,0.00771394863417731,0.00824154272819983,0.00735093928668663,0.00430166076776477,0.00662492059170523,0.00978368741382187,0.00925673836101281,0.00737568992401555,0.00871222433977675,0.00735093928668663,0.00408385515927035,0.0351892186223795,0,0.00686692682336571,0.00700089455874917,0,0.00408385515927035,0.00782738905526817,0.0064174866788534,0.0035393411380343,0.00408385515927035,0.0115981486523278,0.00639803974952354,0.003902350485525,0,0.00408385515927035,0.00408385515927035,0.00530901170705146,0.00865777293765315,0.00877056512776633,0.00726018694981396,0,0.00912060985570378,0.560441056357201,0.00816771031854071,0.00547539099131803,0,0.00571739722297849,0.0162628187675833,0.00902985751883111,0.00843996732915873,0.0107711679825756,0.00667029676014157,0.00621086305472366,0.00828439189451987,0.0046283691805064,0.00619708814644835,0.0160631636264634,0.00653416825483256,0.00408385515927035,0,0.00632997549686904,0.00381159814865233,0.0101002012566529,0.00510028133224431,0.0106180234141029,0.00642526545058535,0.00598965423359652
0,0.005,0,0,0.00925952586620598,0.0751991553891928,0.00342163355408388,0,0.00228108903605593,0.00198675496688742,0.00209713024282561,0.00493292579385295,0.00312446934963492,0.0136474138653701,0.00293414275202355,0.00277777777777778,0.0158127744220459,0.00213852097130243,0,0.00407337327867129,0,0.00323767476085357,0.00382417867809376,0.00204194260485651,0.00257542310522443,0.00677231157363608,0.00309050772626932,0,0,0.00383159886471145,0.00198675496688742,0.00165562913907285,0.00222590139808683,0.00176600441501104,0,0.00324503311258278,0.0022626931567329,0.00310998571614076,0.00356880058866814,0.00262141280353201,0.00198675496688742,0.00256724715885864,0.569442844802764,0.00504240734286047,0,0,0.0096738120134774,0.00504047093451067,0,0.00663079470198675,0.00277777777777778,0.00227649006622517,0.0345258662059699,0,0.00450494644755131,0.00625459896983077,0.00187637969094923,0,0.00198675496688742,0.00176600441501104,0.00279617365710081,0.00460179996603838,0.00193156732891832,0.00215844984056905,0,0
0.000348484857596274,0.000759348204025103,0.000425253209824617,0.000333196579181783,0.00100304454078572,0.000936170944200526,0.000491178290569546,0.000357614510309204,0.00527143645962916,0.00020626454901729,0.000381098309612905,0.000224681026608123,0.000489469048858501,0.000582834694196571,0.00197359878533818,0.00109077546803853,0.000261179136742677,0.000281894883656967,0.000233275382817177,0.000354517193623474,0.00170856341112993,0.000270554798061644,0.000237835653458716,0.000468830900955126,0.000631422088828456,0.000305713528007774,0.000475671306917436,0.000250464095235285,0.000331496596634937,0.00158398077483441,0.000317581924677419,0.000301596903605118,0.000631620182032794,0.00042038679514001,0.00046494058180128,0.000328339486190794,0.000303330219143078,0.0269674883511776,0.00080932952872134,0.000930918837628326,0.000267797250614889,0.000204627528786998,0.00029319032324601,0.466544626808498,0.000321499080228486,0.0001620650027993,0.00435077272337106,0.000348368466427826,0.000937955486602738,0.290505360956555,0.000684294179399032,0.000579127387625483,0.000200371276188227,0.00023573091316262,0.000365767259282221,0.000527862288947162,0.000288430372114842,0.000421817408471703,0.000452885205451017,0.000209947844535459,0.000315711044414225,0.000552085072667323,0.000787252294901593,0.000315879423637913,0.000654194209532037,0.000474208690779472
0.00775278445075344,0.00928150251146538,0.0130759991264468,0.00866728543350076,0.015583564720931,0.0200553250345782,0.00809492611196041,0,0.00598383926621533,0,0.00730608112132463,0,0.00895392006988425,0.00647885273349349,0.00663900414937759,0.00999490427313096,0,0,0.0152871806071194,0,0.00644245468442891,0,0.00698842542039747,0.0070876928269372,0.0077947821996741,0,0.00655164883162263,0.00720681371478489,0.00698842542039747,0.035560893936085,0.00764359030355973,0.0109922108175002,0.0127643068779275,0.00764359030355973,0.035934369569965,0,0,0.0173345708670015,0.0102443963549008,0.0109564296845215,0.0059692800465895,0,0,0.0086142049452816,0.410971163249998,0.00567809565407294,0.0289728470553978,0.0062240663900415,0.00799990804703394,0.0512939506442455,0,0.00698842542039747,0.00611487224284778,0,0,0.0094584723362276,0.0131032976632453,0.0751896654861039,0.05992622273707,0.00545970735968552,0.00799301157457961,0,0.0116182572614108,0,0,0
0.00496241601809353,0.0126705375158778,0,0.00588704849331472,0.0162539848231327,0.00439034124925165,0.00431051686290162,0.00419078028337657,0,0.00395795915652232,0.00409099980043903,0.00409867522220346,0.00806612549166029,0.00854249682955562,0.0039912193175015,0.0367691079624825,0.00369187786868889,0.00339253641987627,0.00379165835162642,0.0039912193175015,0.00503891438834564,0.00412425996141821,0.00364198762722012,0.0474955098782678,0.00409099980043904,0.00372513802966806,0.00372513802966806,0.0143708232133209,0,0.00621709162918502,0.00563759728597086,0.00400618638994213,0.00419078028337657,0.00380591270633179,0.00419078028337657,0.02384980316032,0.0687248921936956,0.0052551054347103,0.00851840237192462,0.00405773963945986,0.0172040116395094,0.00449012173218919,0.00674516064657753,0.00415086809020156,0.00419078028337657,0.494008832741881,0.0500984789983775,0.0120708799615206,0,0.00523847535422072,0.0039912193175015,0.00468136765781946,0.00379165835162642,0.00767798023834743,0.00527411124098412,0.00379165835162642,0,0,0.00984500764983703,0.00933240987474615,0.00492250382491851,0,0.00736444338584147,0.0039912193175015,0.00608660945918978,0
0.00032314278657482,0.000735067435511637,6.07607920085618e-05,0.00030690622624827,0.00442850924475329,0.00102459612371837,0.000450919240255001,7.9249167558567e-05,0.000112203415212095,5.89573146418748e-05,0.000546847128077057,0.000173632242765102,0.00152648462827095,0.0016160625649537,0.000175791742016966,0.00231773216584715,0.000228871843659568,0.000163709540103133,0.000220645416026967,0.000109257937923651,0.00011884587941491,0.00018724426650458,0.000391173147817811,0.000292994501233147,9.35505609069636e-05,0.000274158369279665,0.000250885750489005,0.00017905674898884,5.09830201232265e-05,0.000733855612775128,0.000668465657913101,8.13457182278876e-05,0.000105782996881818,0.000137159199729611,0.000133564705006016,0.000382208891094941,0.00258220035986288,0.000681262506010637,0.0560048240239495,0.00042703461362041,0.00143327122337868,0.000100227434891186,0.000110205583303602,0.000329681492052163,6.82304673564033e-05,0.000254264646574318,0.766364599652546,0.00167948936698258,8.84265390799467e-05,0.00242270025128356,8.72279700321068e-05,9.63253656796276e-05,0.000319630364981616,0.000108756243310737,0.00020744488878195,0.000181198127594842,8.04869206955666e-05,8.46719680042045e-05,0.000311850463013227,0.00119742628239929,0.00120850234221098,0.000110613869309907,0.00160568936232918,3.56760613628256e-05,8.69108494866596e-05,7.43782172162463e-05
0.00154244154829892,0.00245470169786745,0.0012365565155139,0.00140620020156254,0.0681548320143633,0.00298917022671853,0.00171145116415288,0.00139112607995314,0.00136366964416459,0.00153756040415873,0.00133987406648118,0.00150618162040039,0.00219873356496581,0.00261418549235213,0.00128862205300923,0.00291436138717872,0.00244057207009323,0.00260734449488293,0.00113293924516959,0.0015155952555279,0.00149018459338634,0.00107995314101626,0.00251867037633621,0.00129256451558399,0.00118367745399522,0.0028937419294719,0.0029213647679016,0.00290871816717475,0,0.00229635644776954,0.0014978139447315,0.00128130033679895,0.00143351496327581,0.00176767148505324,0.00129960462732464,0.00251867037633621,0.0236300432299592,0.00285546932200908,0.0148575130358382,0.00144969980963538,0.00201411421363483,0.00221481915360961,0.00239176062869137,0.00161077756626153,0.00102504026943916,0.0024377008088343,0.175916965371466,0.520733190294588,0.00168399472836433,0.00319714941182213,0,0.00219651486308391,0.00144908966661786,0.00215258456582223,0.0024377008088343,0.00151664121498651,0.00218736271782106,0.001378392660457,0.00126038114762672,0.0019931338572428,0.00306368062673891,0.00252076229525344,0.00302502485529977,0.00102504026943916,0.00192195050519842,0.00142041294479426
0.00193953690796818,0.00234005916375999,0.00857874519846351,0.00165294273477858,0.00272481282680408,0.00158947414896905,0.00243388229060886,0,0.00144818755794958,0,0.00176608238774339,0,0.00258731069804406,0.00249459137268753,0.00781827396161074,0.0020089187160581,0.00167777826835622,0,0.00177344106435899,0,0.00883041193871694,0,0.00158947414896905,0.0019306491556922,0.00275508852487969,0.0014570179698883,0,0.00158947414896905,0.00150117002958188,0.00338752871786986,0.00192987228660668,0.00158947414896905,0.00447054321750776,0,0.00195372864144112,0.00178815841759018,0.00141286591019471,0.00342964219619828,0.00153551052045467,0.00231510365175927,0.00165740039465149,0,0.00161155017881584,0.00370288607296864,0.00177589395656418,0,0.00563032040092558,0.00222526380855667,0.687837739260971,0.10336573070699,0,0,0.00198684268621131,0,0,0.00318898285695937,0,0.00283326997692247,0.00258673480161328,0.00164466422358603,0.00169543909223365,0.00167777826835622,0.00220760298467924,0.0020199567309815,0.00278893843731143,0.00163362620866263
0.000189723294593516,0.000498732437639574,0.000268992293887813,0.000145329510900021,0.000693228779166422,0.000684541968685702,0.000368325498339176,9.09629773226297e-05,0.00130378376485908,9.13357764100178e-05,0.000218191021423931,8.69864537238267e-05,0.000603792952294596,0.000474513929298988,0.00402323154243353,0.00105015882051555,9.93742567318178e-05,8.01518037883827e-05,9.20526977319171e-05,0.000126457374642871,0.0021068416250604,0.000133490750137718,0.000120830763029818,0.00020907815484334,0.000828343363519791,0.00011238796016839,0.000208650989222376,9.17659292031572e-05,0.000149119634955131,0.00144281351147078,0.000118317874292267,7.84120747139066e-05,0.000795520835173688,0.00010811173534247,0.000432865816748971,9.70209624926811e-05,0.000249715259664783,0.00905792373924617,0.000953109492874916,0.000936738750341797,0.000117906848618934,6.50964560284904e-05,8.89194860288002e-05,0.0234158348519493,0.000168437405847045,9.71141622645293e-05,0.00501256738140896,9.85375769618279e-05,0.00166872165409983,0.769741940367382,0.00017758792890111,0.000201661006333854,8.38155189575398e-05,0.000117058913439778,0.000241889254008948,0.000384915057727935,0.000169322940336149,0.000290388559717037,0.000307195018101534,0.000110227622054671,0.000205565240366031,0.000184888196042341,0.000490806107148621,9.97785792714481e-05,0.000221056051447375,0.000136979767237629
0.0035751840168244,0,0,0,0.00739572379950929,0.0143474704988901,0.00455660708026639,0,0.0205086263971648,0.0109358569926393,0,0,0.00473186119873817,0.00962145110410094,0.00788643533123029,0.024275199038606,0,0,0,0.00672975814931651,0.00712513144058885,0,0,0.00799158780231335,0.00839467227479846,0.00920084121976867,0,0,0.0264094475450942,0.0150505189045856,0,0,0.0061198738170347,0,0.00504731861198738,0,0,0.0201215491275909,0.010118004439771,0.00565911480737979,0.00736067297581493,0,0.0182965299684543,0.0176730376693264,0,0,0.0148124780932352,0.0046267087276551,0,0.0258170347003155,0.592746765418553,0.0110410094637224,0.00431125131440589,0,0,0.00931350458164339,0,0,0.00553803014370838,0.100105152471083,0,0.0148234940663963,0.00441640378548896,0.0102663862600771,0.00713124940254278,0.00782479422749193
0.0051570646138789,0.00758502569121605,0,0,0.00946089226001142,0.0255193587099631,0.00578052361145094,0.00293613897724492,0.00599461707854172,0.00614142402740397,0.00379251284560803,0.00730976266209934,0.00342549547345241,0.0101174455590898,0,0.00598742065947984,0.00698274077280684,0,0.00367017372155615,0.0120157655333838,0,0.0149809818270792,0.00513824321017861,0,0.00415953021776364,0.00513824321017862,0.00923009646570079,0.00367017372155615,0,0.0457255773874746,0,0.0165633580730229,0.0134573036457059,0.00476633227306092,0.00807438218742355,0.00360026565066937,0.00464888671397113,0.0108881820406166,0.0114685086547088,0.0112901534482156,0.00415953021776364,0.0065818448739907,0.00367017372155615,0.00673584824191482,0,0.00334393605741783,0.0209148209541073,0.0064839735747492,0,0.0215452790691352,0.00318081722534867,0.565908873309859,0.00372454666557921,0,0.00720985237745698,0.00933484588977616,0.0155879288398677,0.00293613897724492,0,0.0039148519696599,0.00528971069709998,0.0140790742526519,0.00520815128106539,0.00466927656797977,0.00739966338204655,0.00485861092663148
0.00146135683022345,0.00287952084773094,0.00141096521538816,0.00175856451772139,0.00434280411795815,0.00654168069510157,0.00146855563234278,0.00129578438147892,0.00295870767104354,0.0018428933425478,0.00150694924364586,0.00179577391049402,0.00135337479843354,0.042318940736957,0.00129578438147892,0.0018607662305682,0.00725121586958942,0.00212536062570617,0.0012381939645243,0.00238040390079091,0.00142536281962681,0.0020433933126861,0.0557781967689272,0.00126698917300161,0,0.00227434941710945,0.00145127850725639,0.00141096521538816,0.00154342317438378,0.00246709915212044,0.00179170186081036,0.00205165860400829,0.00148295323658143,0,0.00155494125777471,0.00233049220609691,0.00274863353647044,0.00188128695385088,0.0027417555365846,0.00175650771711587,0.00164284242049491,0.00342183060738693,0.0182924691766073,0.00150782182572093,0,0.001489123638398,0.0132278788809542,0.00203929143113663,0.0030810873070721,0.00551588215720904,0.00258676956154496,0.00183137525915688,0.644930040163056,0.00138217000691085,0.00152203244808635,0.00163172848038087,0.00149735084082009,0.00182849573830915,0.00207325501036628,0.0021596406357982,0.00170371650157414,0.00241879751209399,0.00259001226520231,0.00151654764647163,0.00162692927896798,0.0012381939645243
0.00605090462679068,0.0493462437962627,0,0.00280489969820699,0.00714539321853365,0.00638319221358609,0.00309929581632049,0.00303881538413342,0.00553287176756021,0.0026628794603231,0.00399431919048465,0.00332626346622815,0,0.0072193620924315,0.00353685015499324,0.179422116564654,0.00275164210900053,0,0.00322678334603858,0.00300017752529736,0.00621338540742056,0.00268824021708808,0.00248535416296822,0,0.00260370436120481,0.00295452816312039,0.00623113793715604,0.0051192499012742,0.00266287946032309,0.00649150837327653,0.00825231566086403,0.00279602343333925,0.0029291674063554,0.0325398017569152,0.00287590981714895,0.00375022190662169,0.00637611692999586,0.00454464761228475,0.00507829941524243,0.00366293863542221,0.00331895121141719,0.0026628794603231,0,0.00353436728370157,0,0.00707680389910108,0.0192374766345381,0.0026628794603231,0,0.00815809434662621,0,0.00289957985679626,0.00284040475767797,0.446782932872282,0.00494534756917147,0.00281910172199538,0.00279198876749028,0,0.00414225693828037,0.00262737440085212,0.00355050594709746,0.00399431919048465,0.00334339310018344,0.00248535416296823,0,0.00230782886561335
0.00171267745717771,0.0283875799244044,0.00288250689679565,0.00135578034000613,0.00467621788977098,0.0918311799748425,0.00177483971782621,0.00118587436389283,0.00205607035910495,0.00140058003819764,0.00188158732404329,0.00615644817607474,0.00449883284996817,0.0124782128020105,0.00207493338992243,0.00313679193507865,0.00344710386341325,0.00143241140270213,0.00123081276084035,0.0020181518175637,0.00197689526922633,0.00583302952971199,0.00295071696359099,0.00107519275659617,0.00130540747361855,0.00171464950130862,0.00634898178931567,0.00123164495337641,0,0.00386294048315694,0.00225940273541687,0.00216154009391613,0.00213093301266181,0.00173304095635566,0.00120251821461413,0.00278524439414303,0.00203671949128357,0.00336475684852285,0.00314776826766641,0.00167409398505105,0.00119072882035321,0.00223703756101012,0.00151982134015097,0.00234246195199721,0,0.00161683121292657,0.0162937288282128,0.0025332460918158,0.0011317818490486,0.00700290019098819,0.00143493770147233,0.00188520639390944,0.00198305742085454,0.00203619680877939,0.631158292608665,0.00182317277699562,0.00139822215934545,0.00109641366626583,0.003078716101281,0.00118837094150102,0.00156708256022113,0.00284062352244763,0.00246398340053288,0.00124967579165783,0.0012188419912831,0
0.00296918047763836,0.00565827745199817,0.00256155260223609,0.00203417412530513,0.00643453700326403,0.00770273935448875,0.00387397161196998,0.00320382424735558,0.00372931922972607,0.00216978573365881,0.00440737727149444,0.00230539734201248,0.00475911988066178,0.00405065977995542,0.00291188259048308,0.00747009859536934,0.00447518307567128,0.00210197992948196,0.00241388662869542,0.00372931922972607,0.00284784377542718,0.00280716029292107,0.00355980471928397,0.00403752743052987,0.00493319209256388,0,0.00309194467046379,0.00189856251695145,0.00203417412530513,0.308211282885815,0.0020884187686466,0.00324475579987696,0.00326538478009507,0.00279359913208571,0.00475556923888901,0.00211554109031733,0.00467860048820179,0.00618851998121283,0.0052210469216165,0.00857314765454268,0.00234667044020707,0.00420395985896393,0.00819094114456198,0.00371367173645449,0.0032953620829943,0.00189856251695145,0.0187284307398782,0.0021697857336588,0.00261199750002948,0.0170125717691012,0.00223759153783564,0.00312875353558836,0.00311906699213453,0.00232234879305669,0.00561151482842794,0.380100175705475,0.00802342092247802,0.00284784377542718,0.0033081013552942,0.0030682126390019,0.00356658529970166,0.00270180050489245,0.00680318235240937,0.0021697857336588,0.0026572544880112,0.00225454298887985
0.00629301868239921,0.0103135583961543,0,0.00524418223533268,0.0144215011471649,0.00917731891183218,0.00876016805220346,0.00983284169124876,0.00655522779416585,0.00819403474270731,0.0104883644706654,0.0136567245711788,0.00803015404785314,0.0071934999741241,0.00721075057358243,0.00863104992898504,0,0,0,0.00883644706653556,0.00753851196329072,0.00669389607442704,0.0113681450430402,0.00966896099639462,0.00697663529521937,0.00819403474270729,0.00905363536854603,0,0,0.178790275462072,0.00550639134709931,0.0164987996846404,0.0109253796569431,0.00648239192978623,0.00667441375405977,0.00750209403110091,0.0158636512618814,0.0187188171455625,0.0101848817024169,0.00831322070260124,0.0119632907243527,0.0227794165847263,0.00598164536217634,0.00865290068829891,0.00655522779416584,0,0.0192754912518924,0.00917731891183218,0,0.0283938477973221,0,0.0167865975388099,0.00648967551622419,0.00701409373975746,0.00714519829564077,0.0191558323318402,0.435612700041326,0.00540806293018683,0.0129912696284378,0,0.00540806293018683,0.0107541169488072,0.011908663826068,0.0106522451655195,0.00742925816672129,0
0.00289755384549246,0.0125188083057478,0.00772645200120373,0.00378029032859006,0.00457752365666901,0.00311328755505704,0.00539472364329421,0.00401745410773397,0.00987059885645501,0.00340054167920554,0.0040232412787333,0.00300932891965092,0.00812518808305749,0,0.00391934998495335,0.00560661126414963,0,0,0.00280469455311466,0.00258802287089979,0.00324147715059542,0,0,0.00371386592554566,0.00323803791754439,0.00325007523322299,0,0.00302939111244859,0,0.0110907449456953,0.00363928177349785,0.00526632560938909,0.00621361001714009,0,0.00405507071922961,0,0.00367138128197412,0.00623647593253372,0.00365633463737586,0.00471657259455532,0.00319696942875856,0,0,0.0060913832881934,0.0114691808342124,0,0.0143975870653572,0.00384190992075434,0.0056120314438173,0.0446650550773331,0,0,0.00276858260607884,0,0,0.00414083659343966,0.00304945330524626,0.660176765363933,0.0212530583940651,0.00284381582907012,0.00447022132246327,0.00325007523322299,0.00472652723442672,0,0.00515025149391686,0.00297321697261511
0.00258241994412207,0.00294556507322465,0.00268074651053374,0.00222308188265635,0.0122660318404999,0.00623826921699262,0.00601380232585906,0.00216634429400387,0.00294411076046014,0.0013926499032882,0.00557242007054273,0.00225736716349983,0.00233268858800774,0.0013926499032882,0.00151320228509739,0.00744312425163489,0.00119922630560929,0,0.00153299446718546,0,0.00164856420175569,0.00355899419729206,0,0.0138839883520735,0.00176267765536961,0.00119492800343864,0.0114948880906328,0.0013926499032882,0,0.0104066919540807,0.00338089850735375,0.00201644100580271,0.00215731785944552,0.0011605415860735,0.00190544734829742,0.00595744680851064,0.00271760154738878,0.0050422768720641,0.00403352675693101,0.00780842654108149,0.00182337827304483,0.00136686009026435,0.00143133462282398,0.00255929960297261,0.00689643045542465,0.00123791102514507,0.023540492809688,0.00218844984802432,0.00237105093488072,0.0145167991976503,0.00167633784655061,0.00141843971631206,0.0011605415860735,0.00286266924564797,0.00168665377176016,0.00316293635442572,0.00330396160183394,0.0107079303675048,0.62677150786309,0.00180528691166989,0.0016247582205029,0.00268582481348439,0.00241677695205131,0,0.00100580270793037,0
0.00107193985853214,0.00206737364263158,0.000969361881639113,0.00212338121801517,0.00520972174227839,0.00176658509580462,0.00232738477234207,0.000814533247766195,0.00104427339457205,0.000814533247766195,0.00199930888088068,0.00173039599046983,0.0167489069800885,0.00220885031599268,0.00128350693587401,0.00406375299622079,0.00107085489916116,0.000921492159089032,0.00110381596485165,0.00077339520494972,0.00226376772755802,0.00143983149857662,0.0012217998716493,0.00126106800342866,0.00286320778002666,0.00102068698909157,0.00210215398792187,0.00236158906439351,0.000894752431258323,0.00159798441873773,0.0156333505755391,0,0.000888581724835851,0.00111777939195621,0.0018053723933173,0.00112412640427647,0.0024659318236847,0.00240081617876948,0.086348036427558,0.00152274047717598,0.00696923651951543,0.000882411018413379,0.000811007129810497,0.00184063357287428,0.00303598755985585,0.00206464577241273,0.164234156308823,0.00152584740628379,0.000921492159089032,0.00431409512761021,0.00078985042207631,0.00161261127840582,0.000973208555772601,0.00145464119399055,0.00136204319943274,0.000999654440440335,0.00074048477069654,0.000771338302808896,0.0016057549379364,0.462483178117709,0.0077369926874446,0.000950288789060565,0.0232893192047408,0,0,0
0.000467018458140743,0.000884778627639135,0,0.00104097104922025,0.00243094690594396,0.00230622922651352,0.000957874666481335,0.00047138311662804,0.00101954454391898,0.00164002042660172,0.00160856159572506,0.000555558673168759,0.0339758774813795,0.00198093143059164,0.000632875480658016,0.00262946425756917,0.00053248833545019,0.00043210119024237,0.000704892345698408,0.000493206409064522,0.00083398551403422,0.00100823611056553,0.000721805397336682,0.000793765822827673,0.00046156263503162,0.000471383116628038,0.000426489486472989,0.00065306202616176,0.00043210119024237,0.00100358986120808,0.000751266842125936,0.000427190949444161,0.00141877075298831,0.000402639745453117,0.000805279490906232,0.000573159016809093,0.00184092417722674,0.00107121189731081,0.043766470655547,0.00133067525631457,0.00113143851604786,0.00047138311662804,0.000415266078934226,0.0010423739751626,0.000762069371881994,0.00064815178536355,0.0554793163578481,0.00131673017244765,0.00043210119024237,0.00500702235597054,0.000412460227049535,0.000646187689044267,0.00044267709350005,0.000840633224653334,0.000979026472996697,0.000557089137833135,0.00043210119024237,0.00043210119024237,0.000762069371881994,0.00231239606656977,0.691248755360702,0.00101696542754012,0.00462501985445193,0.00047138311662804,0.00044519516570426,0.000679016156095147
0.00398652367082321,0.00352931504275111,0.00216104481819036,0.00313821290989383,0.00501111841899214,0.0298246653240138,0.00346863353064612,0.00197312787747815,0.0035391023834132,0.0119513109271636,0.00209840583795296,0.00206708634783426,0.00337355650707149,0.00495917389879527,0.00340338459289883,0.00438336689965644,0.00469792351780513,0.0020201071126562,0.00197312787747815,0.0150147700650379,0.00244292022925867,0.00398911400459243,0.00784031235971478,0.00197312787747815,0.001832190171944,0.00197312787747815,0.00284348002393468,0.00206708634783425,0.0105233486798835,0.00832424473446028,0.00222890371344755,0.00360503815208415,0.00216104481819036,0.00316326850198879,0.00225500328854646,0.00206708634783425,0.00523035484982304,0.00443170785179617,0.00412880364021959,0.00325963616389248,0.00197312787747815,0.00476441720451868,0.0042986000187917,0.00275164091757158,0,0,0.0113432121067005,0.00328854646246359,0,0.00885772125084349,0.00261978323228192,0.00739618970767862,0.00345391337029033,0.00242726048419932,0.0033106543378415,0.00252771201958003,0.00379661819105585,0.0020201071126562,0.00277699479052481,0.00317109837451846,0.00208274609289361,0.67302248058532,0.00211594475241943,0.0177275122656655,0.00452287760042938,0.00251599903953564
0.00060687030427323,0.00117924833012493,0.00037467216185837,0.00664819098506199,0.00251740933579669,0.00167342799188641,0.000723920141304926,0.000414637192456595,0.000454066977109312,0,0.00219386840862072,0.000343449481703506,0.0210753091045335,0.0012608285931628,0.000429088832985419,0.00272765591471099,0.000394846816727668,0.000347423277359576,0.000504246284501058,0.000347331220317354,0.000360261694094585,0.000435036010157775,0.000374672161858369,0.000692820506195007,0.000301178776263072,0.000403532044596109,0.000385653932119736,0.000482078181591103,0.000290370925440235,0.00095116772823779,0.00287438708521348,0.00029973772948669,0.000567732400815949,0.000359060821780938,0.0006190605947069,0.000480664944489357,0.000667570637596861,0.000968567397144518,0.00758344600648346,0.00063442084330057,0.000480545431838047,0.00069782690146122,0.00029599100786811,0.00096132988897872,0.000400217991075985,0.000448000856393509,0.0257322397250232,0.000699804337871026,0.000314724615961026,0.00258942542922002,0.000571375046834015,0.00026227051330086,0.00088724449440073,0.000323012818329412,0.000546396902710124,0.000446796553016107,0.000296331618924345,0.000281004121393774,0.000668292794824934,0.00585201264111294,0.00377970905892127,0.00039014775115252,0.741615488621369,0.000273979018358933,0.000332209316847754,0.00028100412139378
0,0.0107969151670951,0.00565552699228792,0,0.0134900232586608,0.0118423307626392,0.00925449871465296,0.00916880891173951,0.00813101018756545,0,0.00928306198229076,0,0,0.00691231076835189,0.00595154631144348,0.00884033133390459,0,0,0,0.00591259640102828,0.00874035989717224,0,0,0,0.009362542379196,0,0.00525564124535847,0.00582690659811482,0.00771208226221079,0.0268402576222462,0,0.00555759578895826,0.00822622107969152,0,0.011439588688946,0,0,0.0158811768066267,0.0107555476760334,0.00616966580976864,0.00542702085118538,0,0,0.0171654659515271,0.0104884318766067,0,0.0165567601803212,0,0.00822622107969151,0.0648162007961559,0.00784347329334476,0.00699048392188697,0.0116109682947729,0.0236075407026564,0.00634104541559554,0.0100568668692062,0.0068240243047441,0.0114824335904027,0,0.01033990288489,0.00616966580976864,0.00863426776023177,0,0.00756926592402171,0.143170895272158,0.442736857792184
