STATE_NAME,STATE_DIR,STATE_ABBR,STATE_FIPS,QUARTER,COUNTY_ORG,mobility_outflow,total_counties_connected
North Carolina,North-Carolina,NC,37,1,37103,0.92776674467464,83
North Carolina,North-Carolina,NC,37,1,37177,0.9013433010622205,68
North Carolina,North-Carolina,NC,37,1,37095,0.8824931640165149,88
North Carolina,North-Carolina,NC,37,1,37185,0.8696963154161323,91
North Carolina,North-Carolina,NC,37,1,37033,0.861758537565961,90
North Carolina,North-Carolina,NC,37,1,37029,0.8387130779997269,79
North Carolina,North-Carolina,NC,37,1,37079,0.8368577245423632,90
North Carolina,North-Carolina,NC,37,1,37015,0.836734667179975,88
North Carolina,North-Carolina,NC,37,1,37093,0.8110224462690627,96
North Carolina,North-Carolina,NC,37,1,37143,0.810473657218335,84
North Carolina,North-Carolina,NC,37,1,37137,0.8089607443327271,89
North Carolina,North-Carolina,NC,37,1,37011,0.7977666959952615,96
North Carolina,North-Carolina,NC,37,1,37149,0.7887464375001777,87
North Carolina,North-Carolina,NC,37,1,37059,0.7779779983093196,98
North Carolina,North-Carolina,NC,37,1,37131,0.7718559790121687,92
North Carolina,North-Carolina,NC,37,1,37123,0.7699040830265389,95
North Carolina,North-Carolina,NC,37,1,37187,0.7687579755517575,86
North Carolina,North-Carolina,NC,37,1,37007,0.7662918117721672,89
North Carolina,North-Carolina,NC,37,1,37069,0.7602698513715893,98
North Carolina,North-Carolina,NC,37,1,37037,0.7599711655817443,97
North Carolina,North-Carolina,NC,37,1,37115,0.75598431643437,90
North Carolina,North-Carolina,NC,37,1,37017,0.7515746862165117,91
North Carolina,North-Carolina,NC,37,1,37197,0.751539519715749,98
North Carolina,North-Carolina,NC,37,1,37003,0.7502676043345771,95
North Carolina,North-Carolina,NC,37,1,37169,0.7490784531053377,96
North Carolina,North-Carolina,NC,37,1,37077,0.7431489730528035,98
North Carolina,North-Carolina,NC,37,1,37117,0.7336325230806793,94
North Carolina,North-Carolina,NC,37,1,37073,0.729970186496021,77
North Carolina,North-Carolina,NC,37,1,37141,0.7213318929374245,99
North Carolina,North-Carolina,NC,37,1,37005,0.7075481173001524,89
North Carolina,North-Carolina,NC,37,1,37061,0.7003043185282298,98
North Carolina,North-Carolina,NC,37,1,37099,0.6962090098420604,96
North Carolina,North-Carolina,NC,37,1,37075,0.6863209162243235,60
North Carolina,North-Carolina,NC,37,1,37085,0.6828782696774233,99
North Carolina,North-Carolina,NC,37,1,37109,0.6806147967234188,99
North Carolina,North-Carolina,NC,37,1,37135,0.6689643190114718,99
North Carolina,North-Carolina,NC,37,1,37065,0.6647821631332725,96
North Carolina,North-Carolina,NC,37,1,37053,0.6627858924034022,92
North Carolina,North-Carolina,NC,37,1,37173,0.6612742411028109,90
North Carolina,North-Carolina,NC,37,1,37189,0.6537632333618857,99
North Carolina,North-Carolina,NC,37,1,37163,0.6487374266692849,98
North Carolina,North-Carolina,NC,37,1,37199,0.6459067757339539,84
North Carolina,North-Carolina,NC,37,1,37145,0.6402709346283588,94
North Carolina,North-Carolina,NC,37,1,37111,0.6342753444583678,96
North Carolina,North-Carolina,NC,37,1,37167,0.6276669224890292,97
North Carolina,North-Carolina,NC,37,1,37101,0.6274877818458671,99
North Carolina,North-Carolina,NC,37,1,37127,0.6199110940642846,99
North Carolina,North-Carolina,NC,37,1,37013,0.611512690259677,97
North Carolina,North-Carolina,NC,37,1,37057,0.6108921342311576,99
North Carolina,North-Carolina,NC,37,1,37181,0.5991970465064531,95
North Carolina,North-Carolina,NC,37,1,37151,0.591836442662039,99
North Carolina,North-Carolina,NC,37,1,37091,0.5908768045069845,85
North Carolina,North-Carolina,NC,37,1,37041,0.5878336006635804,85
North Carolina,North-Carolina,NC,37,1,37043,0.5856424009144139,68
North Carolina,North-Carolina,NC,37,1,37175,0.5824202513365416,95
North Carolina,North-Carolina,NC,37,1,37121,0.5819400514725297,89
North Carolina,North-Carolina,NC,37,1,37107,0.5809337086787362,96
North Carolina,North-Carolina,NC,37,1,37063,0.5764753655799763,99
North Carolina,North-Carolina,NC,37,1,37105,0.5716768080875528,98
North Carolina,North-Carolina,NC,37,1,37159,0.5707392301932808,99
North Carolina,North-Carolina,NC,37,1,37157,0.5684157483399301,98
North Carolina,North-Carolina,NC,37,1,37165,0.5664994816377692,96
North Carolina,North-Carolina,NC,37,1,37031,0.5549899421634046,98
North Carolina,North-Carolina,NC,37,1,37023,0.5507342740687317,95
North Carolina,North-Carolina,NC,37,1,37025,0.5496670583179216,99
North Carolina,North-Carolina,NC,37,1,37055,0.5351438343045894,97
North Carolina,North-Carolina,NC,37,1,37027,0.531981074670361,98
North Carolina,North-Carolina,NC,37,1,37179,0.5310134962917538,99
North Carolina,North-Carolina,NC,37,1,37083,0.5244530692412273,97
North Carolina,North-Carolina,NC,37,1,37195,0.5228300282875809,98
North Carolina,North-Carolina,NC,37,1,37019,0.5215921704122738,99
North Carolina,North-Carolina,NC,37,1,37087,0.5112907523070764,97
North Carolina,North-Carolina,NC,37,1,37193,0.5110231560138095,96
North Carolina,North-Carolina,NC,37,1,37125,0.5051378435588163,99
North Carolina,North-Carolina,NC,37,1,37045,0.5001767289929078,98
North Carolina,North-Carolina,NC,37,1,37153,0.48788513005519174,90
North Carolina,North-Carolina,NC,37,1,37155,0.4831187016337348,96
North Carolina,North-Carolina,NC,37,1,37009,0.4767460278409831,92
North Carolina,North-Carolina,NC,37,1,37097,0.47644336431075957,99
North Carolina,North-Carolina,NC,37,1,37035,0.4707809619684336,99
North Carolina,North-Carolina,NC,37,1,37191,0.46425114062386996,99
North Carolina,North-Carolina,NC,37,1,37047,0.46062641466646204,96
North Carolina,North-Carolina,NC,37,1,37089,0.4600132642258984,95
North Carolina,North-Carolina,NC,37,1,37049,0.4551622855675735,99
North Carolina,North-Carolina,NC,37,1,37171,0.42495618820182834,98
North Carolina,North-Carolina,NC,37,1,37071,0.4220429218940757,98
North Carolina,North-Carolina,NC,37,1,37001,0.4201661340170374,99
North Carolina,North-Carolina,NC,37,1,37161,0.41948467145988444,98
North Carolina,North-Carolina,NC,37,1,37113,0.4062901336057716,97
North Carolina,North-Carolina,NC,37,1,37067,0.39597467901878247,99
North Carolina,North-Carolina,NC,37,1,37147,0.3878847772949188,99
North Carolina,North-Carolina,NC,37,1,37139,0.3663090589843665,95
North Carolina,North-Carolina,NC,37,1,37081,0.3557074185586104,99
North Carolina,North-Carolina,NC,37,1,37133,0.33344707719475364,99
North Carolina,North-Carolina,NC,37,1,37039,0.32205631231681464,80
North Carolina,North-Carolina,NC,37,1,37129,0.317359562902077,99
North Carolina,North-Carolina,NC,37,1,37021,0.31271686620092626,99
North Carolina,North-Carolina,NC,37,1,37119,0.3114546504199716,99
North Carolina,North-Carolina,NC,37,1,37051,0.2937882733515641,99
North Carolina,North-Carolina,NC,37,1,37183,0.27596314115324544,99
North Carolina,North-Carolina,NC,37,2,37103,0.9493712708270927,93
North Carolina,North-Carolina,NC,37,2,37177,0.9179130594489794,76
North Carolina,North-Carolina,NC,37,2,37095,0.9100514668644294,94
North Carolina,North-Carolina,NC,37,2,37185,0.8937945409499399,95
North Carolina,North-Carolina,NC,37,2,37033,0.8719441381042426,97
North Carolina,North-Carolina,NC,37,2,37079,0.871703228990432,98
North Carolina,North-Carolina,NC,37,2,37015,0.8514734479279131,91
North Carolina,North-Carolina,NC,37,2,37137,0.8441294379725197,96
North Carolina,North-Carolina,NC,37,2,37029,0.8438861627368578,92
North Carolina,North-Carolina,NC,37,2,37093,0.8360803074972021,98
North Carolina,North-Carolina,NC,37,2,37149,0.8318789054155301,89
North Carolina,North-Carolina,NC,37,2,37143,0.8288717129919367,89
North Carolina,North-Carolina,NC,37,2,37187,0.8212004025537329,90
North Carolina,North-Carolina,NC,37,2,37123,0.8206206381172403,98
North Carolina,North-Carolina,NC,37,2,37059,0.8194993995272437,99
North Carolina,North-Carolina,NC,37,2,37115,0.8150060044260824,91
North Carolina,North-Carolina,NC,37,2,37007,0.8124661705251917,95
North Carolina,North-Carolina,NC,37,2,37053,0.8114850678981984,99
North Carolina,North-Carolina,NC,37,2,37037,0.8100923776415612,99
North Carolina,North-Carolina,NC,37,2,37069,0.7981737795159992,99
North Carolina,North-Carolina,NC,37,2,37197,0.797328402650248,97
North Carolina,North-Carolina,NC,37,2,37131,0.7969332379234859,96
North Carolina,North-Carolina,NC,37,2,37003,0.7965857558687314,97
North Carolina,North-Carolina,NC,37,2,37077,0.7927280532231056,99
North Carolina,North-Carolina,NC,37,2,37055,0.7921291172727516,99
North Carolina,North-Carolina,NC,37,2,37017,0.7910658119249278,97
North Carolina,North-Carolina,NC,37,2,37073,0.7880852233363163,83
North Carolina,North-Carolina,NC,37,2,37117,0.7776603494570122,97
North Carolina,North-Carolina,NC,37,2,37169,0.7756935072279757,99
North Carolina,North-Carolina,NC,37,2,37141,0.773018475885105,99
North Carolina,North-Carolina,NC,37,2,37061,0.7677612912672112,99
North Carolina,North-Carolina,NC,37,2,37011,0.7658543025354361,95
North Carolina,North-Carolina,NC,37,2,37005,0.756127557045431,96
North Carolina,North-Carolina,NC,37,2,37075,0.7494092974276866,83
North Carolina,North-Carolina,NC,37,2,37099,0.7351643219988596,99
North Carolina,North-Carolina,NC,37,2,37173,0.7280039798929615,92
North Carolina,North-Carolina,NC,37,2,37109,0.7275617389044823,99
North Carolina,North-Carolina,NC,37,2,37085,0.7236877123277113,99
North Carolina,North-Carolina,NC,37,2,37135,0.7145079177431823,99
North Carolina,North-Carolina,NC,37,2,37163,0.702161992195693,98
North Carolina,North-Carolina,NC,37,2,37065,0.7003535231754338,98
North Carolina,North-Carolina,NC,37,2,37019,0.6937689316813084,99
North Carolina,North-Carolina,NC,37,2,37031,0.69349987177135,99
North Carolina,North-Carolina,NC,37,2,37145,0.6931695023897431,99
North Carolina,North-Carolina,NC,37,2,37199,0.6927041225871495,86
North Carolina,North-Carolina,NC,37,2,37101,0.6922840727654296,99
North Carolina,North-Carolina,NC,37,2,37167,0.6800620000498286,99
North Carolina,North-Carolina,NC,37,2,37127,0.6791643059404707,99
North Carolina,North-Carolina,NC,37,2,37189,0.6760258908298431,99
North Carolina,North-Carolina,NC,37,2,37111,0.6754183943888685,98
North Carolina,North-Carolina,NC,37,2,37121,0.6673324354550385,92
North Carolina,North-Carolina,NC,37,2,37013,0.6666892901550072,98
North Carolina,North-Carolina,NC,37,2,37107,0.6641229397242636,99
North Carolina,North-Carolina,NC,37,2,37165,0.6600877083763067,96
North Carolina,North-Carolina,NC,37,2,37181,0.652000050865897,98
North Carolina,North-Carolina,NC,37,2,37043,0.6510163375788804,84
North Carolina,North-Carolina,NC,37,2,37041,0.6420543454204328,96
North Carolina,North-Carolina,NC,37,2,37091,0.6409338735395584,88
North Carolina,North-Carolina,NC,37,2,37105,0.6408873537703584,99
North Carolina,North-Carolina,NC,37,2,37175,0.6396206055020988,94
North Carolina,North-Carolina,NC,37,2,37151,0.6389285491550669,99
North Carolina,North-Carolina,NC,37,2,37057,0.6345352239031572,99
North Carolina,North-Carolina,NC,37,2,37159,0.618622245057602,99
North Carolina,North-Carolina,NC,37,2,37063,0.6174386612416046,99
North Carolina,North-Carolina,NC,37,2,37157,0.6070615793739006,99
North Carolina,North-Carolina,NC,37,2,37025,0.601034715975569,99
North Carolina,North-Carolina,NC,37,2,37023,0.5971202171281539,98
North Carolina,North-Carolina,NC,37,2,37195,0.5964416232066433,99
North Carolina,North-Carolina,NC,37,2,37179,0.5840350566535388,99
North Carolina,North-Carolina,NC,37,2,37087,0.5701405236140633,99
North Carolina,North-Carolina,NC,37,2,37027,0.5652580652977333,99
North Carolina,North-Carolina,NC,37,2,37125,0.5651604601208109,99
North Carolina,North-Carolina,NC,37,2,37047,0.5540541630496486,98
North Carolina,North-Carolina,NC,37,2,37193,0.5524073665167661,99
North Carolina,North-Carolina,NC,37,2,37083,0.552270127186978,96
North Carolina,North-Carolina,NC,37,2,37009,0.547348087354646,96
North Carolina,North-Carolina,NC,37,2,37155,0.5400482554399267,99
North Carolina,North-Carolina,NC,37,2,37191,0.5396673613848252,99
North Carolina,North-Carolina,NC,37,2,37045,0.5387458674972314,98
North Carolina,North-Carolina,NC,37,2,37035,0.537606940823973,99
North Carolina,North-Carolina,NC,37,2,37097,0.5334795853315831,99
North Carolina,North-Carolina,NC,37,2,37153,0.5295570990354455,96
North Carolina,North-Carolina,NC,37,2,37049,0.5223866097535466,99
North Carolina,North-Carolina,NC,37,2,37089,0.5022886431521769,98
North Carolina,North-Carolina,NC,37,2,37161,0.48529890304540835,97
North Carolina,North-Carolina,NC,37,2,37171,0.4841037495588059,99
North Carolina,North-Carolina,NC,37,2,37113,0.4774619321459282,99
North Carolina,North-Carolina,NC,37,2,37001,0.4758032976785467,99
North Carolina,North-Carolina,NC,37,2,37071,0.4646228104667874,99
North Carolina,North-Carolina,NC,37,2,37147,0.45211532571603946,99
North Carolina,North-Carolina,NC,37,2,37067,0.4430965023684599,99
North Carolina,North-Carolina,NC,37,2,37129,0.44127385010254055,99
North Carolina,North-Carolina,NC,37,2,37139,0.43816914797883794,99
North Carolina,North-Carolina,NC,37,2,37133,0.4084611191783427,99
North Carolina,North-Carolina,NC,37,2,37081,0.3950121584250922,99
North Carolina,North-Carolina,NC,37,2,37021,0.3723599114315144,99
North Carolina,North-Carolina,NC,37,2,37119,0.35230602991847465,99
North Carolina,North-Carolina,NC,37,2,37051,0.34205927482298565,99
North Carolina,North-Carolina,NC,37,2,37039,0.3341392468940658,92
North Carolina,North-Carolina,NC,37,2,37183,0.3333052734276149,99
North Carolina,North-Carolina,NC,37,3,37103,0.9507322252102066,96
North Carolina,North-Carolina,NC,37,3,37177,0.9328598360296374,83
North Carolina,North-Carolina,NC,37,3,37185,0.8986550365225007,96
North Carolina,North-Carolina,NC,37,3,37095,0.8888245269396733,98
North Carolina,North-Carolina,NC,37,3,37033,0.885559508530169,97
North Carolina,North-Carolina,NC,37,3,37079,0.8723606904661868,96
North Carolina,North-Carolina,NC,37,3,37015,0.8687597116067141,93
North Carolina,North-Carolina,NC,37,3,37029,0.855396934626212,93
North Carolina,North-Carolina,NC,37,3,37137,0.8444813502437402,98
North Carolina,North-Carolina,NC,37,3,37093,0.8379242474971405,99
North Carolina,North-Carolina,NC,37,3,37143,0.8376559532894386,90
North Carolina,North-Carolina,NC,37,3,37149,0.8310425924755868,95
North Carolina,North-Carolina,NC,37,3,37059,0.8214361477466665,98
North Carolina,North-Carolina,NC,37,3,37115,0.8211344227667585,93
North Carolina,North-Carolina,NC,37,3,37123,0.8173299108334524,96
North Carolina,North-Carolina,NC,37,3,37037,0.8161422268857742,99
North Carolina,North-Carolina,NC,37,3,37187,0.813896400851034,96
North Carolina,North-Carolina,NC,37,3,37007,0.8136340814912243,95
North Carolina,North-Carolina,NC,37,3,37053,0.8119705161074573,99
North Carolina,North-Carolina,NC,37,3,37131,0.8054702715442918,95
North Carolina,North-Carolina,NC,37,3,37197,0.8040836057569496,98
North Carolina,North-Carolina,NC,37,3,37069,0.7997804222959003,99
North Carolina,North-Carolina,NC,37,3,37017,0.7980871784859587,98
North Carolina,North-Carolina,NC,37,3,37077,0.7939670945880605,99
North Carolina,North-Carolina,NC,37,3,37073,0.7935413492944398,89
North Carolina,North-Carolina,NC,37,3,37003,0.7922367363274168,95
North Carolina,North-Carolina,NC,37,3,37117,0.7905138704441493,97
North Carolina,North-Carolina,NC,37,3,37169,0.7898892992627247,98
North Carolina,North-Carolina,NC,37,3,37011,0.7815124228931659,98
North Carolina,North-Carolina,NC,37,3,37055,0.7800456695160901,99
North Carolina,North-Carolina,NC,37,3,37173,0.7773132144543478,99
North Carolina,North-Carolina,NC,37,3,37141,0.7738570851532546,99
North Carolina,North-Carolina,NC,37,3,37061,0.7730695642372087,99
North Carolina,North-Carolina,NC,37,3,37005,0.7654424178330477,93
North Carolina,North-Carolina,NC,37,3,37075,0.7638180309023787,86
North Carolina,North-Carolina,NC,37,3,37109,0.7382316571098161,99
North Carolina,North-Carolina,NC,37,3,37135,0.7283694824529502,99
North Carolina,North-Carolina,NC,37,3,37085,0.7281548371242128,99
North Carolina,North-Carolina,NC,37,3,37099,0.723994200444508,98
North Carolina,North-Carolina,NC,37,3,37145,0.7150819051341876,98
North Carolina,North-Carolina,NC,37,3,37019,0.7128161483440403,99
North Carolina,North-Carolina,NC,37,3,37163,0.7099007807367609,99
North Carolina,North-Carolina,NC,37,3,37101,0.7069730957975388,99
North Carolina,North-Carolina,NC,37,3,37031,0.7032913280958106,99
North Carolina,North-Carolina,NC,37,3,37189,0.6959173801187868,99
North Carolina,North-Carolina,NC,37,3,37065,0.6951225758048698,97
North Carolina,North-Carolina,NC,37,3,37121,0.6941091046619738,89
North Carolina,North-Carolina,NC,37,3,37111,0.6914736253574709,97
North Carolina,North-Carolina,NC,37,3,37181,0.6868064959945399,99
North Carolina,North-Carolina,NC,37,3,37167,0.6854678516591675,99
North Carolina,North-Carolina,NC,37,3,37199,0.6829260377771783,86
North Carolina,North-Carolina,NC,37,3,37091,0.6826975418798726,89
North Carolina,North-Carolina,NC,37,3,37127,0.6795432731913603,99
North Carolina,North-Carolina,NC,37,3,37013,0.6787710982044426,99
North Carolina,North-Carolina,NC,37,3,37165,0.6772076876419428,96
North Carolina,North-Carolina,NC,37,3,37175,0.66955807164349,97
North Carolina,North-Carolina,NC,37,3,37107,0.6661279981829656,98
North Carolina,North-Carolina,NC,37,3,37043,0.6595654114173903,78
North Carolina,North-Carolina,NC,37,3,37105,0.6473026435058341,99
North Carolina,North-Carolina,NC,37,3,37057,0.6464589899472094,98
North Carolina,North-Carolina,NC,37,3,37151,0.6456883648330533,99
North Carolina,North-Carolina,NC,37,3,37041,0.6314992904791749,94
North Carolina,North-Carolina,NC,37,3,37159,0.630170450847079,99
North Carolina,North-Carolina,NC,37,3,37063,0.6209232737438071,99
North Carolina,North-Carolina,NC,37,3,37157,0.6131693692247654,99
North Carolina,North-Carolina,NC,37,3,37025,0.606144496573131,99
North Carolina,North-Carolina,NC,37,3,37023,0.5964304812332892,98
North Carolina,North-Carolina,NC,37,3,37195,0.5957986869089064,99
North Carolina,North-Carolina,NC,37,3,37179,0.5947231181959591,99
North Carolina,North-Carolina,NC,37,3,37193,0.5856813975335512,99
North Carolina,North-Carolina,NC,37,3,37027,0.5842191937809891,99
North Carolina,North-Carolina,NC,37,3,37083,0.5830213493380583,97
North Carolina,North-Carolina,NC,37,3,37009,0.5818510977409281,98
North Carolina,North-Carolina,NC,37,3,37047,0.5792462047171504,99
North Carolina,North-Carolina,NC,37,3,37087,0.5711537448682872,98
North Carolina,North-Carolina,NC,37,3,37153,0.5657738616859764,98
North Carolina,North-Carolina,NC,37,3,37125,0.565250917830764,99
North Carolina,North-Carolina,NC,37,3,37191,0.5510599362571911,99
North Carolina,North-Carolina,NC,37,3,37155,0.5505110634502969,99
North Carolina,North-Carolina,NC,37,3,37045,0.5490974741345206,99
North Carolina,North-Carolina,NC,37,3,37035,0.5444429359534408,99
North Carolina,North-Carolina,NC,37,3,37097,0.5397560490120988,99
North Carolina,North-Carolina,NC,37,3,37049,0.5192149884755038,99
North Carolina,North-Carolina,NC,37,3,37089,0.5187697288519743,99
North Carolina,North-Carolina,NC,37,3,37113,0.5015709969379275,96
North Carolina,North-Carolina,NC,37,3,37171,0.5002498940776585,99
North Carolina,North-Carolina,NC,37,3,37161,0.4967925445236076,98
North Carolina,North-Carolina,NC,37,3,37001,0.4709209075039121,99
North Carolina,North-Carolina,NC,37,3,37147,0.469265622654233,99
North Carolina,North-Carolina,NC,37,3,37071,0.4636764868062051,99
North Carolina,North-Carolina,NC,37,3,37067,0.44829093846228646,99
North Carolina,North-Carolina,NC,37,3,37129,0.43913774773022707,99
North Carolina,North-Carolina,NC,37,3,37139,0.4330829579565594,96
North Carolina,North-Carolina,NC,37,3,37133,0.41500878080910636,99
North Carolina,North-Carolina,NC,37,3,37081,0.4045648489882511,99
North Carolina,North-Carolina,NC,37,3,37021,0.3866652435794877,99
North Carolina,North-Carolina,NC,37,3,37039,0.36869379796816365,91
North Carolina,North-Carolina,NC,37,3,37119,0.35643998297309304,99
North Carolina,North-Carolina,NC,37,3,37051,0.34645169784120905,99
North Carolina,North-Carolina,NC,37,3,37183,0.33527954291563733,99
North Carolina,North-Carolina,NC,37,4,37103,0.9544784618904757,94
North Carolina,North-Carolina,NC,37,4,37177,0.9452528192069845,77
North Carolina,North-Carolina,NC,37,4,37095,0.9262011459966425,97
North Carolina,North-Carolina,NC,37,4,37185,0.908232991512229,93
North Carolina,North-Carolina,NC,37,4,37079,0.900545111308302,97
North Carolina,North-Carolina,NC,37,4,37033,0.8906514809793237,96
North Carolina,North-Carolina,NC,37,4,37029,0.880744258074146,88
North Carolina,North-Carolina,NC,37,4,37137,0.8731141086825457,97
North Carolina,North-Carolina,NC,37,4,37015,0.8724669790511287,93
North Carolina,North-Carolina,NC,37,4,37143,0.8681355021391811,90
North Carolina,North-Carolina,NC,37,4,37149,0.8637018306013493,93
North Carolina,North-Carolina,NC,37,4,37011,0.8598916078384765,99
North Carolina,North-Carolina,NC,37,4,37093,0.8532917939011507,98
North Carolina,North-Carolina,NC,37,4,37037,0.8455002745677455,99
North Carolina,North-Carolina,NC,37,4,37059,0.8410815358364536,99
North Carolina,North-Carolina,NC,37,4,37115,0.840207311094357,94
North Carolina,North-Carolina,NC,37,4,37073,0.8384313984571132,87
North Carolina,North-Carolina,NC,37,4,37187,0.8333827023080743,93
North Carolina,North-Carolina,NC,37,4,37123,0.8313138479320183,96
North Carolina,North-Carolina,NC,37,4,37069,0.829026221198348,99
North Carolina,North-Carolina,NC,37,4,37007,0.8247507620150781,95
North Carolina,North-Carolina,NC,37,4,37173,0.820689346628665,97
North Carolina,North-Carolina,NC,37,4,37197,0.8178961832377303,98
North Carolina,North-Carolina,NC,37,4,37131,0.8173125924876207,94
North Carolina,North-Carolina,NC,37,4,37077,0.8160584817259356,99
North Carolina,North-Carolina,NC,37,4,37117,0.814267314797653,99
North Carolina,North-Carolina,NC,37,4,37003,0.8139759436822422,98
North Carolina,North-Carolina,NC,37,4,37017,0.8042449834130858,99
North Carolina,North-Carolina,NC,37,4,37005,0.801096978217827,91
North Carolina,North-Carolina,NC,37,4,37169,0.7975739445982336,98
North Carolina,North-Carolina,NC,37,4,37061,0.7961789076250194,98
North Carolina,North-Carolina,NC,37,4,37189,0.7958766206218479,99
North Carolina,North-Carolina,NC,37,4,37141,0.7957896939266155,99
North Carolina,North-Carolina,NC,37,4,37099,0.794199927714873,99
North Carolina,North-Carolina,NC,37,4,37053,0.7900417764369774,98
North Carolina,North-Carolina,NC,37,4,37075,0.7812935370374743,84
North Carolina,North-Carolina,NC,37,4,37135,0.7612519934057841,99
North Carolina,North-Carolina,NC,37,4,37109,0.7550728500512796,98
North Carolina,North-Carolina,NC,37,4,37085,0.7525236505785322,99
North Carolina,North-Carolina,NC,37,4,37163,0.7420567037562886,99
North Carolina,North-Carolina,NC,37,4,37199,0.7420240405007481,92
North Carolina,North-Carolina,NC,37,4,37145,0.7331617253954583,98
North Carolina,North-Carolina,NC,37,4,37121,0.7315333164900336,97
North Carolina,North-Carolina,NC,37,4,37091,0.7181477976013507,92
North Carolina,North-Carolina,NC,37,4,37167,0.7150733770739149,99
North Carolina,North-Carolina,NC,37,4,37101,0.7135346260925062,99
North Carolina,North-Carolina,NC,37,4,37055,0.71245072400538,99
North Carolina,North-Carolina,NC,37,4,37065,0.7118288008136784,96
North Carolina,North-Carolina,NC,37,4,37013,0.7096329550600509,99
North Carolina,North-Carolina,NC,37,4,37111,0.7092920657322952,98
North Carolina,North-Carolina,NC,37,4,37181,0.7066742476526955,99
North Carolina,North-Carolina,NC,37,4,37165,0.7063806925766514,97
North Carolina,North-Carolina,NC,37,4,37175,0.7001938584921528,97
North Carolina,North-Carolina,NC,37,4,37127,0.6977214835910304,99
North Carolina,North-Carolina,NC,37,4,37043,0.6869075102692979,82
North Carolina,North-Carolina,NC,37,4,37105,0.6855328511220784,98
North Carolina,North-Carolina,NC,37,4,37041,0.6740677651175485,93
North Carolina,North-Carolina,NC,37,4,37107,0.6696364578283476,98
North Carolina,North-Carolina,NC,37,4,37057,0.6567937784967197,99
North Carolina,North-Carolina,NC,37,4,37031,0.65565595961645,99
North Carolina,North-Carolina,NC,37,4,37151,0.6550930580334337,99
North Carolina,North-Carolina,NC,37,4,37159,0.6495860431991382,99
North Carolina,North-Carolina,NC,37,4,37019,0.6451051869803351,99
North Carolina,North-Carolina,NC,37,4,37157,0.6370515530832406,99
North Carolina,North-Carolina,NC,37,4,37009,0.6327693316104683,96
North Carolina,North-Carolina,NC,37,4,37195,0.6302650310038894,97
North Carolina,North-Carolina,NC,37,4,37063,0.6265335507501439,99
North Carolina,North-Carolina,NC,37,4,37023,0.6234416713082164,99
North Carolina,North-Carolina,NC,37,4,37025,0.6226903265144934,99
North Carolina,North-Carolina,NC,37,4,37125,0.6210602294656135,99
North Carolina,North-Carolina,NC,37,4,37087,0.6111137655884179,99
North Carolina,North-Carolina,NC,37,4,37179,0.6086644318709286,99
North Carolina,North-Carolina,NC,37,4,37193,0.606498513493063,98
North Carolina,North-Carolina,NC,37,4,37083,0.6036891993069535,99
North Carolina,North-Carolina,NC,37,4,37047,0.5974872816709468,99
North Carolina,North-Carolina,NC,37,4,37027,0.5919673597700387,99
North Carolina,North-Carolina,NC,37,4,37153,0.5732223293844616,98
North Carolina,North-Carolina,NC,37,4,37191,0.5727647208339793,99
North Carolina,North-Carolina,NC,37,4,37155,0.5637334653102681,99
North Carolina,North-Carolina,NC,37,4,37045,0.5635864261622426,98
North Carolina,North-Carolina,NC,37,4,37035,0.5573683976922754,99
North Carolina,North-Carolina,NC,37,4,37097,0.5563779203989567,99
North Carolina,North-Carolina,NC,37,4,37089,0.5465046273195175,98
North Carolina,North-Carolina,NC,37,4,37049,0.5413940458446173,99
North Carolina,North-Carolina,NC,37,4,37113,0.5388527300367933,98
North Carolina,North-Carolina,NC,37,4,37161,0.5183526751200499,98
North Carolina,North-Carolina,NC,37,4,37171,0.5113861013995876,99
North Carolina,North-Carolina,NC,37,4,37147,0.5024804522153925,99
North Carolina,North-Carolina,NC,37,4,37139,0.4848514557535555,98
North Carolina,North-Carolina,NC,37,4,37001,0.483013199006724,99
North Carolina,North-Carolina,NC,37,4,37071,0.47773318439172124,99
North Carolina,North-Carolina,NC,37,4,37067,0.4480327017125753,99
North Carolina,North-Carolina,NC,37,4,37133,0.4418318337571234,99
North Carolina,North-Carolina,NC,37,4,37129,0.4251145099938724,99
North Carolina,North-Carolina,NC,37,4,37081,0.41665064888290015,99
North Carolina,North-Carolina,NC,37,4,37039,0.3990849769857848,94
North Carolina,North-Carolina,NC,37,4,37021,0.398629503505735,99
North Carolina,North-Carolina,NC,37,4,37119,0.3604324143732135,99
North Carolina,North-Carolina,NC,37,4,37051,0.35731286234339477,99
North Carolina,North-Carolina,NC,37,4,37183,0.344610972410048,99
