0.512082616634721,0.0059750813804436,0.000282739375760626,0.000396829617274198,0.000181936641793793,0.000186781536467953,0.00103497741394652,0.00107982666036435,0.000373856293558306,0.000141597336331005,0.0144957627593742,0.000124686308565244,0.000178330690334818,0.000146771164755844,0.000870802971250634,0.000337158460278711,0.000232641124248543,0.000475671437722892,0.000696311568255214,0.000496381192657634,0.00053832604510564,0.000600787026223732,0.00043214680509233,0.00630280509071368,0.000234109649367014,0.110658626043336,0.000495677026570857,0.000514940795467424,7.80339297940484e-05,9.10800755908733e-05,0.000138508382353498,0.000119488118799708,0.000126745237409935,0.000169084851986491,0.000939049859108371,0.000136428377391741,0.00934471873781252,9.252112296057e-05,0.000442285166368411,0.000113762490173398,0.00451957473728406,0.000283607118090327,0.00242442598030389,0.00104490638868059,0.000910831457747752,0.000273761330120938,0.000122930163374185,0.000396065620121205,0.00172858722036934,0.00019116531202971,0.119089203665156,0.000473971747885977,0.00031618781556244,0.000118987120398031,0.0014607075346869,0.000260231035987888,0.000604451665953622,0.000995666779285103,0.00612070634320994,0.000120102769616578,0.00107780033899005,0.0028807535537962,0.00234202224441569,0.00025455021760758,0.000134576178851739,0.00015997994872446,8.8860946667625e-05
0.000272082961395814,0.726491033322803,0.000121453290876526,7.37816436930848e-05,0.000146231013588231,2.79899595489774e-05,0.000733010940127921,0.000357991527377171,9.76912298725081e-05,6.6621690544839e-05,0.000440310777495592,0.000205061033645623,0.000705151012239413,7.72461845477498e-05,6.719685348607e-05,0.000196643233348023,0.000114233803159127,0.000743736157765982,6.88554310914305e-05,0.00039625619827312,8.4629123203175e-05,0.000409417023103888,8.16569358818059e-05,0.000202069937093177,0.000185240271213356,0.000763263745258387,0.00480517524653099,0.00030515594327573,6.59592180491486e-05,4.3880143664033e-05,7.16782053351486e-05,3.56882890024858e-05,5.42921412976059e-05,6.51654370664613e-05,0.000536688181410514,0.0001034275973586,0.00327824182148209,3.67178466788261e-05,0.000238475855131532,5.08550508842138e-05,0.00148326341538317,0.000184294277581491,0.000465521448437646,0.000114537632983349,0.000767130805801194,0.000199954804531089,8.46755820077627e-05,0.000273792159425784,0.0506656717424934,0.00100733722393808,0.0017235980233723,0.000341241386683467,5.72077946099543e-05,0.000138170176418518,0.000361751763043105,5.4180290503333e-05,9.25794794722024e-05,0.000380061546939156,0.00145875778862848,6.9788195201311e-05,0.000229139360892823,0.000405934532117825,0.00144974176902039,0.000222302568772944,0.000396619402854489,0.000215743521332935,8.80703130351698e-05
0.000545831608088562,0.00180046953231741,0.616825211791528,0.000220797292432003,0.000426729857650425,0.00467285763998603,0.000397859629140698,0.000834028214510072,0.000451750661137343,0.00106698718724097,0.000475818610526375,0.000701367289134622,0.000522591352820063,0.000213906739208211,0.000215247006997736,0.00349190718803739,0.000450853319941119,0.000352145788356375,0.000399165254415324,0.000583290262656541,0.000562232764364445,0.000371316515735185,0.0236697992969089,0.000373021097400986,0.000405559205859048,0.00183198921276485,0.000590837199193055,0.000433915490069489,0.000252104371209677,0.000424842551482977,0.00098617298149669,0.00030532640513172,0.000263955431394745,0.0166650531781696,0.0393576786943641,0.000736471565894944,0.00387822096809618,0.0002240927744086,0.000398387154504183,0.000525217440020164,0.00589243946994055,0.000382825156281364,0.000287118867211022,0.000677005280185994,0.000722129470075184,0.000344542640653226,0.000354454436444375,0.0005139703594864,0.00147926410073096,0.000398267446825546,0.00865404431280704,0.00062325802882393,0.000211837700808129,0.000259107270409945,0.0144749156920196,0.000350144960013442,0.0131779171961808,0.000844899788512441,0.00152414210594297,0.000390672376661807,0.000740793174860876,0.00101781863718977,0.000724994592205614,0.000446477524622019,0.000203084076807797,0.000280115968010752,0.000246852196809475
0.00135485046496194,0.00710188125374152,0.00039115978877371,0.46837747547853,0.00042287544732293,0.000212505077554948,0.000426263872381608,0.000830220223652782,0.00031092188338423,0.00049779950494392,0.0123463321495487,0.000238793128007517,0.000471098298993826,0.000293948480321069,0.000255221016026801,0.000391697096175871,0.000305745244326845,0.000357760760655339,0.000596769421334253,0.000349335780589443,0.000324646788253483,0.000781769165086674,0.000251333438940573,0.00350092970713109,0.000419713839288589,0.00170235517540276,0.000438910063991906,0.000617740692061048,0.000389956220192868,0.00026429715457683,0.000190109128110298,0.000759577729362906,0.00277928453468931,0.00015044607260527,0.000382412924087357,0.000644768882594031,0.0848400121745591,0.000211992193216519,0.000520774866710563,0.000223788533000343,0.000790208822818189,0.00039115978877371,0.000392027746884894,0.000260486628567986,0.0010182544184684,0.000905550124658937,0.000510033375719568,0.000619163405704807,0.000935452187163509,0.000221281098456921,0.00237169875347071,0.000440661399759962,0.00409808488762588,0.000483728372270837,0.000385482578486718,0.000315936752471073,0.000298602748453508,0.00186751520455954,0.0538760612027849,0.000484162815475153,0.00203928824789677,0.000503611853212569,0.108268433487709,0.00122892466049477,0.000194846011105852,0.000494776872582132,0.000295160866254154
0.000357094858813068,0.00487535882724886,0.00023272399092455,0.000251263020710064,0.492159170853329,6.10078710672267e-05,0.000305504601037243,0.00203519275684224,0.000170278578067807,0.000467303509892023,0.000976940839483793,6.33745557206973e-05,0.000195591791508505,0.000113725425716742,0.000197975049583918,0.000232874757502474,0.000432117172979399,0.000172986499882581,0.000128040733458155,0.000172242049780315,0.000113133370101676,0.041792686122583,0.000156557201230738,0.00010215868065168,0.00149627641036576,0.00112850112850113,0.000166003936527034,0.0100092728958708,0.000136082405149438,0.000174032372874341,0.000139866422461932,0.000151925148189899,0.000117808302750505,0.000129316886947772,0.000252897160113651,0.000661741211569386,0.183339697085402,9.17564251696734e-05,0.000481699794414567,0.000380553645158451,0.00102824501449931,0.00112449596985679,0.000158401203849146,8.11539089507765e-05,0.00586253507215707,0.000146717204911106,0.000240637984051497,0.0290241767904998,0.000730909665617566,8.26002162390087e-05,0.00173575946771823,0.00364170639084728,9.45963145275837e-05,0.000142815754971267,0.00033041923076287,0.000139352975911724,0.000131489994032946,0.0151019910470082,0.00980164038583282,0.000129171837807969,0.00157574384378508,0.000354264032398319,0.00303546523477795,0.00451966259526397,0.000124960949703213,9.91468582415344e-05,0.000880689884126307
0.00213482223499466,0.00221609294017303,0.0152180523311158,0.000780031201248047,0.000780031201248045,0.542768176892489,0.00183007320292812,0.00182730248633977,0.00125714843671983,0.00082108547499794,0.00163126590853108,0,0,0.000780031201248043,0.000834770232914577,0.00308380756282883,0,0.000901239057081077,0.000934774233074583,0.0028169547834545,0.0014351146128225,0.00142868872649643,0.00253406017247555,0.00146153214549635,0.000766346443331417,0.00575210978363947,0.00121338186860808,0.00112997001083051,0,0,0.00100582970687248,0,0.000800558338122995,0.00108233994431547,0.00459402391690209,0.00184744231874538,0.00451030745404045,0.00073897692749815,0.00148821742343378,0,0.0203065265467762,0.000993513424747514,0.00120083750718449,0.014634720727175,0.00167848819215926,0.00113925609655965,0.00073897692749815,0.00160624846046473,0.00281952402092515,0.00125899772833018,0.1139368883026,0.00113502992132069,0.00123162821249692,0,0.0548408402501514,0.00105714754905986,0.00662237015796421,0.00115650762648647,0.0030785698693673,0.00078003120124805,0.00138763445274653,0.00135657600217052,0.00171473199197246,0.000977091715247554,0,0.00101609327530996,0
0.00314106314677798,0.00813578268573983,0.000938864925911304,0.000542379697537324,0.000507316486281894,0.000448614153728918,0.628731569411634,0.000594808835049395,0.000410621117355084,0.000332004408583121,0.00113129821887798,0.000804257780648093,0.000778120918699273,0.000300981045813878,0.000325305706770599,0.00190044851783637,0.000491475378607479,0.0146073566399312,0.000297464227362304,0.0254010586042208,0.011415634560696,0.000656220132623462,0.000752452614534711,0.00190386097377239,0.00058187359835135,0.00556013183882505,0.00367591261962154,0.000748196890078685,0,0.00029526621583007,0.000613738104927735,0.000357706024912417,0.00030479093246975,0.000503449308097362,0.00266524598365726,0.000963357054413344,0.00419694601997678,0.00032384036574911,0.000624620891212689,0.00037579336560191,0.00206544027728968,0.000395956077449544,0.0149812279348426,0.000625456392672311,0.00144932263607623,0.000747690256214871,0.00032730389907263,0.00084769978093151,0.00290878425018541,0.00226039319286295,0.047558689524591,0.00124505142125867,0.00029526621583007,0.000452424040384791,0.00492794185526827,0.000690541956376792,0.0004625025196198,0.000695450848798779,0.00180090411541026,0.00041908753214591,0.000637248898988106,0.00066292027812172,0.00122561123037358,0.000911866293030408,0.00035934158231519,0.0047558689524591,0.00047623583198399
0.000273433022768352,0.00347045414875533,0.000130060836312112,7.1402453977952e-05,0.000692640238621556,4.53534157882845e-05,0.000157734041664333,0.674034432402419,0.000322916946408659,0.00443233908364456,0.000406948699265826,4.16385203180486e-05,5.32483794715994e-05,0.00165615964238911,0.00596911439504663,0.000154777133871078,0.000182181047999414,0.000129302967487799,0.000190913153623628,0.000119638120588251,5.82653545464598e-05,0.000679836899074744,7.82416846906572e-05,0.000100562513814949,0.00132184265390346,0.00140581349252697,0.000143833692322667,0.0297403189897566,5.26775698907403e-05,7.16001793103154e-05,7.94930749256181e-05,6.68429668361485e-05,4.56062218963576e-05,4.78082146907558e-05,0.000259941002514384,0.00040269226989521,0.0138652335461934,5.01986254252936e-05,0.000335643446656774,7.72702729209635e-05,0.00169828126744072,0.000208713352076904,0.000116730043183054,7.39058443243212e-05,0.00138020681343334,6.80106962179631e-05,9.54707409635589e-05,0.00235373733908058,0.00074865484913886,7.91572039534643e-05,0.00174915411127832,0.000517956377251486,4.82989995034023e-05,5.90040427452645e-05,0.000287265917466457,0.00184933343294513,0.000388152307165187,0.0096871905788669,0.00362773772685832,7.61910872468139e-05,0.0294725044537574,0.000710959910632686,0.00161877116679762,0.000312002704803846,7.57768251369469e-05,7.04433385597733e-05,8.16544207368378e-05
0.000872950939426698,0.00244015631876135,0.000655568714627975,0.000201918487866532,0.000337802240031732,0.000267819225142384,0.000279766368946157,0.00161650366532074,0.587395116644452,0.000256550113371547,0.000379598252373867,0.00013067884820799,0.000285707792355366,0.000714743714966639,0.000356355537374147,0.000291368669360075,0.000383681119546744,0.000253946797651828,0.000253078663796598,0.000301990381761292,0.0001735497746952,0.000464689632295587,0.000210739012129885,0.000291660038029434,0.000334992386536666,0.00164592218863713,0.00027272107452103,0.000538825498499887,0.000229792757235312,0,0.000155678280039086,0.00013636053726051,0.000188916160996336,0.00045211738417937,0.000933091566676129,0.00022973786168891,0.00242726751215195,0,0.000189930748327144,0.000248857980500438,0.11062423406461,0.000295447830731115,0.000228403899911362,0.00147461683563136,0.000828928529136297,0.000242763077698644,0.000290144920948763,0.000473888377536871,0.000813026354008763,0.000210222494943295,0.00479159939172212,0.000392036544623982,0.000139201381786773,0.0001590872934706,0.000822582315048391,0.016054455305836,0.00417597901745989,0.000669263786324602,0.00128557684295054,0.000159087293470599,0.00107365192249627,0.00652033133113109,0.000571047627705428,0.000220606271487556,0.00015151170806724,0.00049998863662189,0.000136360537260515
0.000308363969899477,0.003339655124794,0.000413670098531861,0.000770453580275065,0.000904227548907937,0.00033833859637816,0.000379546502347299,0.0392547131929745,0.000292215874556302,0.620414724155782,0.000516570535541661,0.000394728362441187,0.000294032351614356,0.000264086233611941,0.000885050804493993,0.000288109056859836,0.000552440692287311,0.000366029999355543,0.00025241133380593,0.000263717552565436,0.000318774799988949,0.000933334931980076,0.000265837468582842,0.000257781787716695,0.0400606353754514,0.000880013689101828,0.000280337694141906,0.0566879147790406,0.00016916929818908,0.000262615196236383,0.000313020742227416,0.000304965061361269,0.000354449958110455,0.000299211003599737,0.000407343862665534,0.00208172957415723,0.00667329061992979,0.00040278404330734,0.00100320079053081,0.000392426739336578,0.00143068892182767,0.000522307866391097,0.000317962462422615,0.000222873837296726,0.00187495972159567,0.000257781787716697,0.00035847779854353,0.00536950965513188,0.00110663412973157,0.000171854525144463,0.00158623679600672,0.000842798395482546,0.000271091173495547,0.000200241210101363,0.000586120228536886,0.000472898302697874,0.00038726939867624,0.0018900417463284,0.0016839953312854,0.000263535845478228,0.00184802630507341,0.00037056131984275,0.00152811527395001,0.00042227359378995,0.00019333634078752,0.000213475542952888,0.000295039311722623
0.0161716290741087,0.00628502696415354,0.000180814985752502,0.00492944786523617,0.000511538092496638,0.000124873952734955,0.000669171669819334,0.00139887561242113,0.00023441308154754,0.000120690393107648,0.567755908660794,0.000215055914537777,0.000287730233141036,0.000180996917955727,0.000248517358415623,0.000331190036612581,0.000269005126518076,0.000485016977430002,0.00281376500380942,0.000335245497162592,0.000286112850879687,0.0012744934562107,0.000234097009800858,0.00351260970709527,0.000440909592634433,0.0152636732253683,0.00041508831511879,0.000796367769905887,0.000139107348466154,0.000151636647750635,0.00014632508155824,0.000142212901280256,0.000165704632912157,0.000112827946377168,0.000431874118546538,0.000225645402498524,0.041164986321352,0.000148809523809521,0.000293198453820212,0.000143047060656821,0.00204722183811747,0.000321135578583761,0.000492021240540851,0.000345337472928143,0.000918900951284368,0.000325928362773494,0.000154836175773045,0.000607610085902025,0.00144437507964525,0.000155079628879607,0.015380514501536,0.000471039615893999,0.000545400503764674,0.000203329075236978,0.00106987294718605,0.000266006661732047,0.000273180204068244,0.00242833283173772,0.109602454971626,0.000151276831976311,0.00228471719496886,0.00167593940724955,0.00479566079121964,0.00053367805553686,0.000107944732297062,0.000298946396949279,0.000195526264179111
0.00079136997497357,0.0123526187985088,0.000914427141511703,0.0006066977681407,0.00037781720218148,0.000410670871936395,0.000781917340166894,0.000780039987609471,0.000394244037058937,0.000476378211446215,0.00190399652256542,0.639879372877599,0.0182619470023373,0.00039424403705894,0.000673500229975688,0.00103489059727972,0.000400814771009922,0.000557669984044908,0.000390137328339574,0.000890334450358103,0.00167964386621985,0.000465084762467965,0.000742492936461,0.00249835547080047,0.00061384488226282,0.00110477425074143,0.000782591261597765,0.000558512385833495,0.000353176949865295,0.00037781720218148,0.000599579473027137,0.00108687669824484,0.00104565300633736,0,0.000954320883356956,0.000693577472603686,0.00622161858116914,0.000591366055588403,0.000397894444809484,0.000383292813807298,0.00104897074146039,0.000444788144374185,0.000581703211542844,0.000415502293959175,0.00112001146891744,0.018903496135903,0.00037781720218148,0.00075399172087522,0.0160643614221379,0.00130998809782242,0.00334257101224089,0.000636937274925865,0.00083589122619282,0.0013495941707215,0.00288770068116609,0,0.000559685731181884,0.00107725453985842,0.00164900150115999,0.0111049014064981,0.000820755071198594,0.000718400245307399,0.011180356538133,0.000466522110519744,0.0132360575885118,0.00239721046503816,0.000559775988516376
0.000520245432425085,0.0207674362770925,0.000805861412825841,0.000802707947138149,0.000426931727339406,0.00028334948922526,0.000502312127097746,0.000586086048765934,0.00062762977087039,0.000834203265975689,0.000534533401758283,0.00706079395215179,0.615368882850801,0.00022369696517783,0.00038774140630825,0.000335843710386992,0.000858996346282898,0.00117763466012723,0.000300748142072423,0.000626555791963862,0.000422893786550483,0.000552338185624289,0.00032411204732433,0.00213559387355173,0.000472249148708767,0.00102403499614744,0.00275794595382993,0.000483256459693708,0.000277384236820517,0.000286145701289982,0.000205943237782768,0.000346843274290887,0.000789843605442737,0.000282472246224561,0.000720539698362299,0.000374692416672876,0.00369812872981913,0.000412144711600377,0.000444988586644085,0.000267371134569698,0.00235761520603161,0.00030683767056893,0.000629211555020768,0.000421195186686197,0.00109421939237838,0.013459674320162,0.000243581139860309,0.000386676182664546,0.0448588619642232,0.0121261781988052,0.00349671952087879,0.000582418224652209,0.00072159218009639,0.000480415863310498,0.00061827355653319,0,0.000378213572606231,0.000819989187980013,0.00175003078975082,0.00103171751818385,0.000524942211617325,0.000392215345611807,0.00625515711639043,0.000437806917562338,0.0179745837638612,0.0152795679452901,0.000309447468496008
0.000605946867525061,0.00408790120269262,0.000890630566441037,0.000385939912124447,0.000556476692265038,0.00031808234515751,0.000682068338557365,0.0614786760392135,0.00202724481313722,0.000724121373584669,0.000771618833606719,0.000480940505878157,0.00033080563896381,0.502017271242168,0.00881766205701266,0.00051983743265742,0.000583575075915649,0.00044701172239469,0.00873405184057126,0.000458038577026817,0.000517413948122887,0.000879063935708038,0.000403510174999814,0.000674334571733928,0.000953577388430104,0.00319172913198054,0.000499770980711483,0.00259297868605258,0.000321263168609085,0.000476545186199617,0.000354131677608695,0.000356252226576411,0.00033444086576561,0.000452949259504298,0.000665246504729427,0.00158677649898577,0.0118259520519178,0.00031808234515751,0.000594122502085511,0.000524482444681942,0.00629257759391608,0.000489846811542567,0.000481942947208351,0.000634622472883959,0.000844726918198698,0.000368975520382712,0.000561521366651395,0.00114686356670681,0.000915059290549135,0.000429764590790593,0.00300156637883749,0.000633273032631775,0.000363522680180011,0.000409265950769331,0.000689602524301488,0.0252888746959692,0.000813899317639963,0.00621260260427648,0.00697572059982361,0.00034352893277011,0.0626964770178165,0.033772934785709,0.00114164073313818,0.000975982662391637,0,0.000428350891478782,0.000481942947208351
0.000602046590558655,0.00550924813625546,0.000736216195080531,0.000320488650931297,0.000773743010376745,0.00025136364778925,0.000496659897183596,0.168178025126973,0.000886772767580577,0.0039950246571165,0.000484021163650007,0,0.00209709100441323,0.005873898868394,0.485520487104078,0.000546144652923925,0.000505520224998389,0.00041614648356221,0.000553448888793128,0.000429251767763188,0.000303569943868559,0.000933187542417613,0.000710102305004647,0.000616983499119081,0.00136107702467705,0.00132112815922483,0.000422484284938092,0.00718319962720838,0.000454968202498551,0.000625267073875771,0.000263931830178715,0.000369504562250203,0.00036866668342424,0.000411491601195743,0.000830756855943491,0.000582957062612615,0.00903693747370695,0,0.00171894063757422,0.0003110625141392,0.00231727711067837,0.000315042438562531,0.000375111905162424,0.000312633536937883,0.001034225129157,0.000452454566020657,0.000407473702732054,0.00144125252991454,0.00122814707287032,0.00027650001256818,0.00151302745103027,0.000550257876251387,0.000407209109418592,0.000364477289294415,0.000916930871718199,0.017248518266541,0.000664399823588419,0.00535073101244582,0.00247524137125223,0.000429412898306644,0.0146661020652424,0.000738307644553093,0.00253612690953687,0.000479027294501237,0.000817671160161521,0.000893737414361799,0.000623920482905474
0.000445542157005178,0.00173247810283156,0.00228898765666371,0.000159599326963194,0.000114729411547657,0.000150861474780884,0.000373513515320308,0.000376700623359461,0.00017194646946988,0.000115305941253926,0.000450538747792848,9.49701661600517e-05,0.000111352594696648,7.39399348290814e-05,8.336619552659e-05,0.612528626600564,0.000182348109954425,0.000346917141919317,0.00010865889287576,0.017274755989187,0.002623121466649,0.000310735449979182,0.0551855248519909,0.000159122198930419,0.000321942140114846,0.00135987518980815,0.00036667289318749,0.000238289214798938,0.000166040555405655,7.31369113096345e-05,0.0133125144021555,9.14760467281145e-05,9.58686540139794e-05,0.00126400653579417,0.0392637256961368,0.000355142299062098,0.00342777954284565,6.77998934573103e-05,0.000142455249240079,8.69229403298832e-05,0.00197864995191742,0.00018834629093788,0.000126427385265193,0.000267322076362884,0.000880091814277486,0.000113354609940398,0.000124530416554241,0.000164924691458036,0.00150333605430013,0.000158751572690674,0.0057448967807823,0.000306396712397,0.000115551273043829,7.43723321087831e-05,0.0184399288610492,9.65425199044246e-05,0.000373591249662726,0.000322600400085989,0.00136223199256345,0.000139750800799759,0.000321046770103973,0.000672414237177427,0.00103942054513481,0.000280097348962665,8.12906885840192e-05,0.00015039905380947,0.000115635386800367
0.000206969774776792,0.00345853379766197,0.000185399700586781,0.000101178152773282,0.00023364165541725,8.45338693866391e-05,0.000178891246530748,0.000485958646320395,8.22515657046407e-05,0.000247093815263382,0.00040439622827494,6.20432068892777e-05,0.000126025263993844,8.37583293005238e-05,0.000108368801366603,0.00012980091967625,0.626129885203704,0.000110914163700522,9.09967034376056e-05,0.000133263638130925,0.000114558349863414,0.00256777061303734,0.000100901846993612,0.000147065379293101,0.0001876336984106,0.000724162733894172,0.000130158727644312,0.000307688348239784,0.00014145851170755,0.0198361677533773,7.95281106489822e-05,8.16902224042149e-05,0.000166437646307321,0.00013804613532864,0.000161692194280829,0.000434651005567014,0.00476035027276512,0.000118571462055061,0.117817390888157,0.00781935308979943,0.000497914563794177,0.00363068665194265,0.000108406403310172,6.0351119428661e-05,0.00866920866548607,9.18716717398902e-05,0.00168832520021888,0.000303281793676407,0.000654517534406019,8.34763147237539e-05,0.000705086577848365,0.00776385510034023,0.000129404402940491,0.000106203371792821,0.000273403731692081,9.81661406781438e-05,0.000140361515875595,0.000271475101772498,0.00100654762643371,9.34650890880389e-05,0.000290032358281138,0.000126793753715539,0.00162069128677475,0.000363475596315382,6.34749732021069e-05,0.000102814457130799,0.00116579867538435
0.00136238345703245,0.0191564553951845,0.00285223578482487,0.00106000429368828,0.0013661735430735,0.00075139544869042,0.0296621736847462,0.00116159602527142,0.000708799334819083,0.00154368316669733,0.000955856795272851,0.00114702815432742,0.00157211169639338,0.000506041832791505,0.000511153366456067,0.00226250028636905,0.00427835367723732,0.487189710246816,0,0.0403178677422682,0.000898169486772808,0.000832068784352836,0.000742876225916152,0.000885573207385141,0.000579307148650211,0.00198468514010185,0.087528554375147,0.000761618516019544,0.00052137643378519,0,0.000800348213401023,0.000644053241734645,0.000848514588317073,0.000757967420544854,0.0016577232453515,0.000871005336441141,0.00256538854270777,0.00055204563577255,0,0.000899629924962687,0.00186663915732185,0.00052575774835481,0.00166015311233983,0.000658365535995415,0.00117629168455703,0.00108656601326662,0.000529043734282029,0.00167999073108562,0.0106277210491159,0.0566928624341371,0.0119808732027342,0.00073989449794516,0.00066157850001314,0.000926209900018398,0.00210677631071265,0,0.000852603815248725,0.00074372814819358,0.00176310509961506,0.000690057044715693,0.000977232299688287,0.00114026520209431,0.00156221247623137,0.000613384039747282,0.000837269214255043,0.00176242879913689,0.000567380236766235
0.00258807500564648,0.0052812756840084,0.000926940487653702,0.000923670412663337,0.000900654115615761,0.000591028322874119,0.000946714318223964,0.003897023829288,0.00122283510973868,0.000647474848092435,0.0102103627355146,0.00096291131254773,0.000513150229257406,0.00803496400667434,0.000866388526606696,0.000688426248741017,0.000645103145352171,0.00086551338668083,0.370417277380122,0.000783057188077604,0.000878392451258272,0.00101069244580283,0.000759998966991691,0.000779104350177162,0.000708694425075535,0.0299706602127162,0.000768796565190624,0.00105708947227026,0.000453785790970763,0.000630872928910577,0.000708348551759245,0.000474340548053064,0.00113999845048754,0.000683050389196416,0.0012683866254939,0.000792148715248621,0.0182668545055237,0.00049805757545572,0.000853812986495523,0,0.0123335840040691,0.00081854679792288,0.000624232161237834,0.000854156711530342,0.00145743656477327,0.000742935883388116,0.000469597142572533,0.00102850913955897,0.00208702190489349,0.00073048444400172,0.0170762597299105,0.000714385613279921,0.000802134832049738,0.00048975661586479,0.00111436741736467,0.00128470159792447,0.000889125005072805,0.00238277068638658,0.0269305021770407,0.000602412496027393,0.15357468510173,0.120960123649635,0.00194242454427732,0.000857944339655983,0.000463470243826847,0.000667397151110664,0.000658039705753616
0.000633305485414257,0.00440577529875481,0.000614531607388143,0.000154213998071652,0.000190725533583479,0.000189575355285436,0.00541812056770144,0.000369305326650687,0.000194707871346594,0.000208077148122766,0.000578404197164107,0.000154993644169083,0.0004088392491768,0.000277501384573503,0.000122030207169742,0.0279407913148327,0.000239930161173741,0.00457360551605419,0.000219278895345015,0.696319628780603,0.00635237888244056,0.000446845905665677,0.00405856170844766,0.000459960011639801,0.000254530461700203,0.00167933370475353,0.00346749401015296,0.000355213692176638,0.000259705312694581,0.000135171921788024,0.00520026106005774,0.000130076154895221,0.000129760627533437,0.000406271299479754,0.0133806173738212,0.0001314171461828,0.0026702231130989,9.38693901305723e-05,0.000376148056166077,0.000153711126338811,0.0019594977306817,0.000188114257821665,0.000909594390365243,0.000306060567080047,0.000543670933523366,0.000204358278841637,0.000132919056424889,0.000326334173924516,0.00371825938093034,0.000742702866967162,0.00586900309985609,0.000261168867701993,0.000150989912635557,0.000130243778806168,0.00462404741910238,0.000216307725083491,0.000436245639396288,0.0003081262731036,0.00129425029125586,0.000106776431273525,0.000462183234037631,0.00059560789089891,0.00109720516691257,0.000246349911659742,0.000210502107367806,0.000295471957241767,0.000233891230408675
0.00469187633087563,0.00350491346858757,0.00132986455174905,0.000436442989634473,0.000527568449008705,0.00073340007873559,0.0388036871553355,0.00123399059569272,0.000543930065206656,0.000318239679941803,0.00129404735161931,0.000374836241097634,0.000736363172166543,0.000352568741626489,0.000315456242507909,0.0198928704890828,0.000457225989140878,0.00105573881528765,0.000415659990128071,0.0351792233952627,0.506813426617027,0.00103493720514997,0.00364416193268192,0.00126568466993999,0.000656396401077248,0.00681813704960771,0.00141996042359301,0.00080031308583127,0.000717013482970924,0.00031174499259605,0.00208058379673998,0.000311744992596055,0.00031174499259605,0.000747198315587369,0.0064107560015907,0.000471947280457913,0.00336410530471788,0,0.00062348998519211,0.00031174499259605,0.00242612653960172,0.000481606046254159,0.00627401071637686,0.000702438392407993,0.000661184641159606,0.000415659990128071,0.00174923579178898,0.00107378830783086,0.00353939049286255,0.000603883381884181,0.0746041166896907,0.000592993192438146,0.000449061239334791,0.000419371240039929,0.0679983773273462,0.000452772489246649,0.000671025569169522,0.000691117205808184,0.00212535035230071,0.000432979156383407,0.000897492266420404,0.00102894403806258,0.00143877370039702,0.000712559983076694,0.000480606863585583,0.000791462172983591,0.000408237490304356
0.000256409906820763,0.00448627192789459,0.000317699793394964,0.000115701448338764,0.00883707293455051,5.50317417880918e-05,0.000243390229854494,0.00106147354876326,9.10670337578373e-05,0.000333891715747853,0.000733628525699266,3.40849752065891e-05,0.000160792550571963,8.18039404958119e-05,0.000103652841058618,0.000116089415556557,0.000976253619543444,0.000159024889144569,7.30900424864764e-05,0.000108886002614501,0.00011479819649579,0.658307232857209,0.000108718446844126,0.000137784696790333,0.00067268009530788,0.000847120256332195,0.000121604703852427,0.00179694491048469,0.000150363433482777,0.000408345494178274,6.49187681627025e-05,9.47650843146288e-05,6.2790051623812e-05,9.13866878110366e-05,0.000313612410080576,0.000747067744495006,0.0307581917319858,0.000137660693615609,0.00121245126092009,0.0015744561712241,0.000978680769426287,0.0027989532871183,0.000136339900826353,6.67551023857338e-05,0.0152718967461674,8.16780882796644e-05,0.000482778090585454,0.0183603101304247,0.000699243902358993,6.73519110082176e-05,0.00132369563055039,0.0256797851271177,5.63115497366525e-05,7.80167210284135e-05,0.000188597987204065,5.02794951340118e-05,0.000129449208541346,0.00112866964274196,0.00311466256076808,0.00011229450013516,0.000707738926948942,0.00032535245000529,0.00176107702888268,0.00691521969953952,5.14683125619492e-05,4.6658543838353e-05,0.00595411329315382
0.00036916058341736,0.0014353648864717,0.00814332615941037,0.000103459973786508,0.000104212701149971,0.000336137954306938,0.000250754304887827,0.000515720743016856,0.000166975062956947,0.000163684569053812,0.00058808827204963,7.81890088975079e-05,0.00013655231468425,9.75691905900523e-05,9.92398959083752e-05,0.0663836141804885,0.000111937256327627,0.000252683108457467,0.000102226281664877,0.0020140407690579,0.000551898224538883,0.000324422792246655,0.525837189700636,0.000186780148376324,0.00012897845057452,0.00111357099315992,0.000358115684982494,0.000187826018772371,0.000135995412911477,7.61841625155208e-05,0.00622339567015163,0.000104140631508787,8.33125052070301e-05,0.00937394933748787,0.140848595220296,0.000175376323986227,0.00251601611555741,0.00024013604442026,0.00021723777980454,8.96834614875675e-05,0.00154195452429717,0.000164397403322963,0.000113329510759562,0.000230606836308349,0.000874533514671561,0.000172925956186021,9.85912691377316e-05,0.000167688377572641,0.00137376774099946,0.00019541683206649,0.00506103273793704,0.000281516199243475,9.37265683579098e-05,8.7348405113254e-05,0.0108546715938985,0.000178484790567063,0.000724982153154518,0.000297592944563044,0.00111203614739495,0.000103480917101039,0.0003913764671267,0.000381243431535621,0.000675869095009981,0.00019756090389167,8.94384247075472e-05,0.000182163928171468,0.000107326109649056
0.0123847004609639,0.00572812702179985,0.00050223161405869,0.00210931029947604,0.00021397573331776,0.000206992864520649,0.00121546367980997,0.000641878934750284,0.000267187961900255,0.000254274496425938,0.00890917022027901,0.000506527431638061,0.00185199860170721,0.00021036871381326,0.000233348179173493,0.000425705184586625,0.000231926768945025,0.000371146004099974,0.00032858266448085,0.000498796539339893,0.000457449549871473,0.000488910184864353,0.000316537123954986,0.698539821198048,0.000425511908137533,0.00895811255049001,0.000516081252182225,0.000367953711624692,0.000215492809945515,0.000152669987502113,0.000206413485351437,0.000621161593474328,0.00109599579887368,0.000251115807029342,0.000768576816393053,0.000485240043511487,0.00920501098651181,0.000186362674399133,0.000317991993188412,0.000169937489536837,0.00200371982536127,0.000301429216703686,0.00666740323138091,0.000497548040125807,0.00104721572181084,0.00293914312809593,0.000198523628576028,0.000382201416988059,0.00235412608314844,0.000673928944830778,0.0343870894714739,0.00066510153607065,0.00887126594751987,0.000277964666900406,0.00159230250366336,0.000195838742588921,0.000325591780458448,0.000508899958340392,0.00526098809982861,0.000482148006850486,0.000754734162774349,0.000986879857143005,0.00564909036513998,0.000474456931433454,0.000301726625770249,0.00460536914023633,0.000289696941802045
0.000177365701229014,0.00314274824300241,0.000166798533977808,0.000101971066211392,0.00118277655696464,9.96123334445823e-05,0.000200168781123676,0.00262177810892863,0.000112045537066716,0.0155573881075152,0.000473613701130321,7.89453415830136e-05,0.000117455264306434,0.000115332281387067,0.000156286103052551,0.000162632381134013,0.000519033335983143,0.000152079185736856,8.17877406411711e-05,0.000187640161480436,0.000121911412507287,0.0011002427551425,0.000107223706406389,8.81449342336085e-05,0.635521383445699,0.000684602040151317,0.000154490099346591,0.0212769438976725,7.42813620531774e-05,0.000163892680131028,0.000132474134168569,9.9232815365569e-05,9.2790575705006e-05,8.9343020718337e-05,0.000276513871358337,0.0339993810199967,0.00665665878882484,9.19103488998992e-05,0.000530560284935855,0.000166608103484015,0.00103263017693969,0.000516204119705952,0.00012517669830704,8.21545018099657e-05,0.0102780021447065,0.000126966048251764,0.00010579780320295,0.0573344757473535,0.000457290050625263,9.72161604751245e-05,0.000855174196038356,0.000868434022910156,8.8799351221066e-05,6.99596929475492e-05,0.000246328382894025,0.000126487876262294,0.000168839582763862,0.0018644445077656,0.00140717796747167,0.000104618623398627,0.00050787958158757,0.000228075884670064,0.001012035126692,0.000236515108726345,9.11401504454308e-05,5.99043242364338e-05,0.000149740908822234
0.0383384649023643,0.00502436773298227,0.000268574390705768,0.000189601794183426,0.000175920381896841,0.000476214041993054,0.00104798510308583,0.0012812403411977,0.000656931402582503,8.11251558886194e-05,0.00544226796544736,0.000102756718344621,0.000153978646025116,0.00018533810619388,0.00014660591307587,0.000443037088553212,0.000145095612657075,0.000446698259320459,0.00153089922620532,0.000525748434872597,0.000339024104997383,0.000532494723455072,0.000466279438943519,0.00172427742975092,0.000192093753248465,0.530275841415826,0.000489059714773384,0.000567150315488333,8.38549808564801e-05,6.4565231161838e-05,0.000106596400416489,6.1519200663566e-05,8.60088784098205e-05,8.77184375979659e-05,0.000979551860684148,0.000153801517443612,0.00786326141743497,4.80557542861225e-05,0.000224413789536151,0.000100041067646682,0.00869633564245854,0.000187685988578063,0.00133655066608279,0.00267111441155567,0.000759881614649313,0.000251910448320319,6.51359480854587e-05,0.000257328785414974,0.00165251725051405,0.000182245587672278,0.142513082139437,0.000406394575910044,0.000165328177387765,0.000105283688597046,0.00186474809612574,0.000190604668948676,0.000750455293616266,0.0012873859328516,0.00546079715532114,8.92519371943059e-05,0.00180523289274062,0.013239591343107,0.00150234301836991,0.000298256381881842,0.000101048486453982,0.000260841089370345,9.06032310762403e-05
0.000460441753483963,0.0443579781964304,0.000462273936769941,0.000392022175272071,0.00019650669089175,0.00023339196319848,0.00140776104786387,0.000486251096812348,0.000210616515582009,0.000232004274082473,0.000476750446683846,0.00029344603560043,0.00100103832261186,0.000185042221461709,0.000195902674423845,0.000741951864939279,0.000909514574783142,0.0112917006774401,0.000223244486537677,0.00592468912046777,0.00034539003893624,0.000595492091906646,0.000341371522537802,0.00042535998057615,0.00045679752079427,0.00159390550068401,0.686774281957613,0.000304424299824106,0.00013529968881071,0.00015784963694583,0.00026671782917194,0.000219349495496156,0.000382644432417802,0.00021639277152739,0.000908205495397021,0.000222846546276469,0.00222686932874999,0.00013529968881071,0.000466373927339965,0.00014375591936138,0.00127863273330201,0.000278755741840514,0.000669964084082603,0.000258215389711157,0.000934756296006463,0.000480431037865752,0.000170533982771835,0.000443750765087522,0.0180131959322867,0.00957294858661386,0.00401661658595768,0.000467460424841019,0.00015784963694583,0.000172507103233658,0.00116868864534945,0.000179929794494802,0.000360799170161905,0.000387859107924048,0.0011414629996351,0.000240318018697124,0.000611134067364615,0.000960437227614092,0.0013083251554091,0.000390721216725813,0.000399284414979176,0.000791602300193827,0.000254814413926842
0.000224504402311885,0.00352574078064274,9.27276328345827e-05,6.00089274364944e-05,0.00634771909281713,4.8014308263862e-05,0.000175349844615138,0.0225325146893774,0.000122624041964502,0.00777537640282738,0.000521120128963262,5.89775753174439e-05,9.38664337357122e-05,0.00018730300730741,0.00039357882495137,0.000141901036508877,0.000269903960792078,0.000138070774720493,0.000100612174208734,0.000125334224598928,0.000100444218091275,0.00202462751482359,8.86395293338383e-05,8.69058979575896e-05,0.00707752668536982,0.000945133298074472,0.000164111405198745,0.654757225345461,0.000146836860832803,0.000164298961090403,0.000106636125391451,7.3002523982915e-05,4.58836733346535e-05,3.96118043176867e-05,0.000259652376408166,0.000874796953228323,0.0197569677961835,6.63864498287139e-05,0.000418807563274542,0.00014433266630697,0.0014284190754779,0.000416504338072961,0.000132562674408678,0.000152366457836012,0.00363289578975853,5.90956592869546e-05,9.6815436365888e-05,0.0423967100437689,0.000740447319968014,5.61167227833884e-05,0.00137879549644255,0.0010249372994471,5.72593709848607e-05,6.56445620794985e-05,0.000250722991313476,0.000236595224478013,0.000152497769916827,0.0119485090073325,0.00288099699864406,8.54528843143625e-05,0.00459729087180068,0.000290229821820232,0.00188112541053717,0.000345601865760486,3.35600008802624e-05,4.39631010040992e-05,0.00014706067801463
0.000395533571029274,0.00723332717373904,0.000856128186699358,0.000709495207408996,0.000483486130127144,0,0.000371853656849212,0.00116052931974802,0.000221959159514645,0.000885018109048882,0.00072633492580222,0.000212899601983432,0.00052883865427874,0.000362885610000136,0.000353926714219272,0.000323426203864198,0.00145858876252484,0.000306515029805938,0.00021138967572823,0.000391070900097234,0.000416739646435664,0.00215382591825326,0.000298702802659461,0.000319006237917153,0.000542152344808887,0.00078991347944919,0.000312206290306315,0.000680091611911877,0.530252650152874,0.00173455682270632,0.000221959159514645,0.00109006609450528,0.000559110374208739,0.00021138967572823,0.000562047843700956,0.000407982074155493,0.0151210984086306,0.016688634157877,0.00186521699268972,0.000675541006577234,0.000958501186802033,0.000597623693414742,0.000242594818335734,0.000227243901407848,0.00180156257348166,0.000608730608580124,0.0854794805667845,0.0008322319624866,0.00210245684541943,0.000302287236291373,0.00130628632145799,0.000994400200617486,0.000435991206189484,0.00691104861823164,0.000613030059611884,0.000416437661184624,0.000264237094660291,0.00169534519934046,0.00282054224471677,0.000333216883582137,0.000708884343605895,0.000424289277711672,0.0896259703599153,0.0305149127285854,0.000320927962241955,0.000455997729070907,0.00390908292654371
0.000427331226465393,0.00312882227155407,0.000143875337553673,0.000165295983343301,0.000338507757055992,0.00012174067023772,0.000227285242439387,0.000938449251272133,0.000141863095070404,0.00025375815030071,0.000545499542105733,0.00012174067023772,0.00019006942586522,0.000169883571649913,0.000194104005693713,0.000191833783404896,0.0660230910795345,0.000176363317001275,0.000174617931048047,0.000266119068412215,0.000192475367964779,0.00347660219721843,0.000267229993949853,0.000270042941254588,0.000352369623239396,0.000992466739069064,0.000218067463186763,0.00052941499065388,0.000479628905635375,0.585245468595772,0.000174310505113103,0.000188996005543878,0.000229860006742555,0.00011067333657975,0.000407458569775242,0.000591256025186643,0.00581180959905118,0.000511005509242364,0.0383287304576428,0.00969303837956722,0.00106526983406481,0.00240440864195789,0.000205919480787775,0.000127274337066709,0.00658992828854266,0.000240714507060954,0.0214776812014406,0.000472796493868692,0.00065798987707881,0.000185377838771077,0.00125060870335119,0.0091764006501268,0.000152175837797153,0.000224636961544301,0.000492609279755991,0.000178307042267373,0.000277763081318444,0.00057456796062909,0.00126354131796275,0.000146949596903109,0.000306853196215634,0.000280051660388757,0.00185140681621269,0.00292153284760306,0.000240714507060955,0.000218184577828649,0.0175012247038454
0.000387150903103927,0.00182135040249623,0.00195177718603172,0.000131788768961101,0.000221112267923631,0.000285338009076254,0.000278888291963281,0.000371978440842335,0.000258150941553224,0.000239855559509211,0.000423606757374987,0.000171325399649433,0.000216852428926909,0.000143084949157767,0.000131788768961102,0.064850067103655,0.000213258189773423,0.000272843935739789,0.000171325399649435,0.0128943000488487,0.000653168831334211,0.000411892200134,0.0262104689811961,0.000205335404542624,0.000319807412678951,0.000950197024209593,0.000448433251184994,0.000539048208653116,0.000142331870477994,0.000180111317580173,0.50854375003349,0.0001317887689611,0.00012739580999573,0.0033581516205167,0.148053096101963,0.000299238028346982,0.00241028624375795,0.0001317887689611,0.000248751301414086,0.00012739580999573,0.00141599710650436,0.00021712199686342,0.000196271130917072,0.000233925064905961,0.000659689818969471,0.000172643287339045,0.000298721209645173,0.000345945518522904,0.00117262388921688,0.000261550018399732,0.00343027338638773,0.000278446014420387,0.000131788768961102,0.000287738812231748,0.00402781235422678,0.00029323001093846,0.000464398519196283,0.000356235180099483,0.000996525845298229,0.000148733039256103,0.000503898234263058,0.000644277030195352,0.000860905854382306,0.000338120560365839,0,0.000154552283599838,0.000242012103001301
0.00154806250302356,0.00798073131293585,0.00101591601760921,0.0014132246121352,0.000949397706932415,0.00077403125151178,0.00095947623885314,0.00124536099573592,0.000793382032799574,0.00202108160116965,0.00125035817551903,0.00149836015382546,0.00189234515343557,0,0.000927224936706818,0.00082240820473126,0.00141099446890168,0.00122151806879203,0.00072565429829229,0.00079821972812152,0.00077403125151178,0.00175825202390822,0.000822408204731265,0.00414062740510421,0.00125088979038957,0.0015735240573496,0.00106209401840963,0.00112137777562769,0.00208020898843791,0.000763280817463003,0,0.463529359228648,0.0122675447526688,0,0.00165932949542838,0.00104230344663802,0.0158942213995187,0.000982656862270811,0.000852643800493443,0.00133382171019441,0.00135895259498375,0.00134764369682854,0.000864738038798313,0.000923999806492184,0.0017415703159015,0.0879232518243693,0.00115595456640246,0.003860480866915,0.0035952523011688,0.00114397265848432,0.00295020108158178,0.00149500390916993,0.00239120368770603,0.0078471671040971,0.00112649191068232,0,0.000822408204731263,0.00153064679986454,0.00398188398285152,0.0132154140668484,0.0010265589473175,0.00077403125151178,0.189515916815031,0.00127123882626761,0.000877696151267821,0.00118065915559989,0.00103607308145066
0.000810192218103744,0.0103404907814379,0.000377062284113862,0.00453396029746519,0.00060933206403219,0.000301290231107327,0.000487490657158409,0.00156963298864689,0.000352310858478445,0.000741832249701241,0.000689861250226776,0.00047619252213042,0.001926700007304,0.000715258109620652,0.000322951620271909,0.000628296122078491,0.000627687981473603,0.00046441375359161,0.000354459095420388,0.000433227783291585,0.000469658301432014,0.00100512509383549,0.000504119602375663,0.00359834409175115,0.000523024087464749,0.00108669696359145,0.00073795007865616,0.000591403824070772,0.000581012845297545,0.000445605719957059,0.00027569040754919,0.0108895547006989,0.454842430597428,0.000393843439355987,0.000943123756111135,0.000864289427666713,0.0128550498605794,0.000352096034784252,0.00117365344928084,0.000401720308143106,0.00169644414804079,0.000573720131494638,0.000431449135500945,0.000440120043480314,0.00132822421210341,0.0404439126259628,0.000576586795217164,0.000671995368401152,0.00279931798434563,0.000573278510326574,0.00318551438397725,0.000666631842615185,0.0128563482455443,0.00275647128050361,0.0011256237615545,0.000498605794224678,0.000478519778817523,0.000543128857321398,0.00294317903845764,0.00251652973898827,0.000794382217181025,0.000607779195614158,0.224696424611354,0.00102438678576492,0.000414323298202497,0.000775083888652582,0.00054847881080839
0.000518124309669641,0.00184035444197615,0.0354636426932842,0.000209748859211651,0.000293202128727779,0.000451466396842434,0.000478452884898255,0.000549753991364591,0.000562833934922652,0.000574856913344709,0.000618803762091237,0.000238119145639974,0.000429998287094732,0.000205843960236965,0.00035478796398567,0.00567315002499258,0.000545092020139711,0.000314804210777698,0.00028338409702,0.00114492407375988,0.000364159721524915,0.000460508775635273,0.0320405972178239,0.000738264981662909,0.000497037855206342,0.00118088815305543,0.000583321852151958,0.000374261745885399,0.000299409396708317,0.000234963349733904,0.00324671813777146,0.000512099608394415,0.00028402163154648,0.442105599992938,0.23864238984231,0.000287846838705354,0.00227135802243745,0.00022090571342504,0.000326602227025537,0.000287846838705353,0.00229291744504115,0.000358613171144546,0.000354787963985669,0.000375826603359484,0.00053410472298124,0.000340284053508267,0.000262615183792005,0.000455618033939146,0.00122029733672764,0.000398299695417875,0.00434815711449912,0.000274458613649291,0.000527878587924773,0.000306082524557578,0.00395975146452102,0.000302416377736952,0.00169905403362578,0.000432937835824551,0.00120945313989604,0.00020943009194841,0.000534190179736917,0.00144435322075411,0.00076835573797776,0.000603474244402044,0.00020082337584094,0.000294540951233383,0.00104273675917415
0.000304208137582189,0.00176000953262904,0.00342934443073782,4.11136998303685e-05,6.33577643552469e-05,0.000106253674266153,0.000223463728142485,0.000367621389072384,0.000143872817319881,6.73382885508689e-05,0.000330659441529877,5.15675566068038e-05,6.09162696439803e-05,3.34315091561062e-05,3.78744766038674e-05,0.00875879233723504,5.99741012739838e-05,0.000125847506259145,4.91279341433533e-05,0.00146490877130319,0.00020224906475228,0.000203863107574199,0.025118869402329,0.000116064831672589,0.000107577297483606,0.0010440101076637,0.000207053685781912,0.000141026854536154,3.84338534890939e-05,7.32762802775803e-05,0.0085101718507473,3.08175228434888e-05,4.4488454029698e-05,0.0111011296847563,0.687870984980521,6.42365248880502e-05,0.00323642044844721,3.8722017339059e-05,9.34328133976967e-05,5.48619637433534e-05,0.00181283957178931,0.000102317934074874,7.0817878986289e-05,0.000103694675077963,0.000482836079056085,9.24965935630985e-05,7.66635909177946e-05,0.000139081520777102,0.00174487895135856,0.000170995978313266,0.00368184734455396,0.000202894676257744,4.89778488048302e-05,0.000129873846268988,0.00343866951319949,5.07545733361131e-05,0.000709359385702751,0.000271334500577244,0.00114861793932513,5.16682674657697e-05,0.000329970038546331,0.000341057970505846,0.0006701343717371,8.84462905608117e-05,4.77121291166154e-05,4.90951286048786e-05,7.42922425691242e-05
0.000199070210082547,0.00367455498464772,0.000507727290195292,0.000118119809210578,0.000551582467958248,9.48799768293109e-05,0.000218575960426452,0.0014424610011193,0.000126203988318412,0.000743497677684916,0.000516214458589399,0.000109861025802359,0.00011797576066276,0.000108077567591282,0.000185485699573088,0.000192945579014957,0.000483606987161237,0.000234370188378366,0.00010112208056808,0.000204741002631669,0.000203076441634663,0.00126547782224026,0.000133164879760435,0.000141517409048979,0.0600580375714831,0.000711599826219828,0.000209014442883596,0.00293842574857091,0.000275106535686901,0.000214966163041843,0.00010090177102436,0.000111929837327209,0.000147394191509028,0.000109273533685769,0.000183018481620747,0.650036357853469,0.00451999649015424,0.0001304599681403,0.00104424720909867,0.000241992266879168,0.000789518500476204,0.00148394698289082,0.000175652799208997,0.000117543615019307,0.0479706358269975,0.000258735199972031,0.000188402974584974,0.0177435708663705,0.000540903991744557,0.000158549434964768,0.00120193460889951,0.00156165088525652,8.66760690583555e-05,0.000147767619415982,0.000177407158891369,0.000179772587676587,0.000202244161136159,0.000972780421777437,0.00101105247928786,0.000185342464858874,0.000431781382757704,0.000197136985349893,0.00104661559171604,0.000332539863388599,9.36315560815568e-05,8.86378730905405e-05,0.000214353842389374
0.000459894475322337,0.00366347943745944,6.91405115909168e-05,0.000749889086087989,0.00397902676528874,2.34375465629952e-05,0.00024587459396581,0.00155121019724327,7.63497041920699e-05,0.00016695449811645,0.00108993073441617,6.60137057395788e-05,8.57059298246055e-05,0.000102906385997152,0.000197121824202479,0.000131966931675454,0.00028051742552571,0.000126547941263851,0.000288283032320912,0.000140990518387636,6.04363254420596e-05,0.00395749595517121,0.000101400438884999,0.000265633345834907,0.000435484826548636,0.00149470391664548,0.000167904031034555,0.00140527243091289,0.000140845366858752,7.76439719912697e-05,3.95111744564134e-05,0.000256035200987568,0.000104170413894502,3.04535971568815e-05,0.000386768344667527,0.000204125385471048,0.708354369217057,5.65123285781608e-05,0.000523464796992398,0.000114875339149569,0.00163501101325129,0.000427416820734931,0.00014001679354805,0.000102023380863119,0.00352692813666345,0.000161118197059309,0.000214394856139469,0.000863070990733935,0.00117086480772878,2.85747607722546e-05,0.00234301178729601,0.0010745749122565,0.000107049252550667,0.000112159795963397,0.000272292172222382,9.17418142339593e-05,0.000189537656818381,0.00961256928052234,0.0345372519665794,0.00016058597478674,0.00220705318857629,0.00106385184306033,0.00736777669443666,0.00633343294760202,2.21618395112666e-05,7.14931759548835e-05,0.000683034711076966
0.000432864164432523,0.00801983966165805,0.00168634426342201,0.0004446227835003,0.000530607685433418,0,0.000265303842716705,0.000815563664647664,0.000499190125111703,0.00181308860933525,0.000470099791480483,0.000416752595036773,0.000471030682156683,0.00030719392314566,0.000322088173964843,0.00052874590408102,0.00202634952551172,0.000265303842716705,0.000265303842716705,0.000463255007096668,0.000591115579386352,0.00154315077237329,0.000478743776330903,0.000451481977956504,0.000352892192704519,0.000592860999404226,0.000296721403038421,0.000862237488829308,0.0354497490891593,0.00329162943103962,0.00041890080428954,0.000443476318141193,0.000425206837902499,0.000342102323503123,0.000520977781886532,0.000555431436798724,0.00753653183277848,0.611706881143879,0.0020934159674106,0.000851174967589267,0.00128514629464138,0.000690818870231875,0.00039097408400357,0.000660932380101278,0.00112665559601456,0.000489791709630847,0.0551844268332204,0.00103794310396187,0.00161925983412508,0.000369696582833307,0.00123639207084247,0.00151888503390632,0.000325811736669639,0.0121840291076216,0.000860650743358515,0.000816856568364607,0.000396051669510108,0.00115430443848674,0.00151107109402758,0.000449366317328779,0.000744407330901415,0.00070016277288395,0.0264269633405022,0.00759422659556708,0.000375015958125873,0.000303703083109914,0.0035773821799291
0.000199449006640611,0.00380515489211141,9.00124673984678e-05,6.47216509988236e-05,0.000222532314923615,6.60987074030536e-05,0.000175911095729437,0.000430865648256948,7.51606269663759e-05,0.000221017552878964,0.000414544979762367,4.36985898942421e-05,7.4841922668008e-05,6.64047199373283e-05,5.97175935736155e-05,0.000130916432104499,0.0626186387055952,0.000111244556577035,5.27215880476746e-05,8.16397725365097e-05,9.9029604639701e-05,0.00232778018104105,0.000109394545316703,0.000113211615871189,0.000313683248465854,0.000605017045234433,9.11480191371474e-05,0.000464910383388641,0.00014042657114946,0.00407608695652174,7.9685663924793e-05,5.15412539869059e-05,6.53365629780717e-05,3.67215041128085e-05,0.000217075220514953,0.0006231356774835,0.0052527488668793,0.000163594300822559,0.689538406657972,0.00417426653839697,0.000800165609948215,0.0152777598429772,0.000105321531361227,6.3000330493536e-05,0.0136009187639622,9.80563407120379e-05,0.00106334984052375,0.000690323924019573,0.000701138608747301,0.000114754700352524,0.00130934356477834,0.00728183391226869,3.99856378117248e-05,7.55413798892047e-05,0.000212190745386982,6.66233003189518e-05,0.000127527890209047,0.000299260081868774,0.00130744695962087,7.83392087739902e-05,0.000278651413561896,0.00014807827307827,0.00153653265066308,0.000548724190028534,4.68199177438308e-05,6.89362781754081e-05,0.000958633023850412
0.000292958178945569,0.00374803557597767,0.00018800898485043,0.000141006738637823,0.000377286586332783,0.000157223887915857,0.000208898872056034,0.000647215752621594,0.000161291918582211,0.000312405907157485,0.000660806932632202,0.00011544411350465,0.000159972557285015,0.00032654192105601,0.000139522457178477,0.000286594592890911,0.0327771754265189,0.000205392461401324,0.000159560256879641,0.000195430392147158,0.000252327848088736,0.00874638675329361,0.000139357537016328,0.000135454426512123,0.000458564850860957,0.000689207318592487,0.000190407823572605,0.000613391821064362,0.000181851965463516,0.00932041765614233,0.000155496152883814,0.000142044139657795,0.00016505209827922,0.00010884730701867,0.000321249134456796,0.000776051279867548,0.00495336800861297,0.000196404920378042,0.0201545849236802,0.515149185510064,0.000689837478248205,0.0123360643749723,0.000213674685084947,0.000153573654993614,0.025150904666831,0.00036777196159339,0.000913621452118763,0.000942872127031872,0.000458185787197123,0.00014842814593455,0.00129433892776644,0.158476133352196,0.000168837016000551,0.000197197393884474,0.000618547619920723,0.000164260481500902,0.000241391037335665,0.000366914376750211,0.00097445826475403,0.000210590360898594,0.00054995067028896,0.00019042781389529,0.00112519529295868,0.00108292740319576,0.00015832335566352,0.00013523453296259,0.00470392173258815
0.000843346678324962,0.00456698190610547,0.00125867026775041,5.9259288393619e-05,0.000198032436484861,0.000482686151853143,0.000353561427386927,0.00131993286355702,0.0130663125530871,0.00015238961152897,0.000533089755355839,6.86693225185125e-05,0.000149541207575158,0.000262245978787625,0.000153542724026134,0.000539321186774796,0.000138884247954858,0.000250755955453939,0.000473588787840659,0.000296635988203918,8.32964465021303e-05,0.000570846445303607,0.000356874340293207,0.00032358745347296,0.000273430881497423,0.00420700499658257,0.000319827560253928,0.000735677008870846,5.61511325805615e-05,6.28579991163372e-05,0.000193970416005073,3.30847030276629e-05,6.8379684811209e-05,0.000252412411907079,0.00149701594628559,0.000131755773287552,0.00718749601497332,6.85895672078058e-05,0.000276049782563794,7.36939070930376e-05,0.653157712139157,0.000364683349286582,0.000243183583096725,0.00531123041979734,0.00200425972238053,0.000170395408704274,8.57272327523535e-05,0.000478715914957522,0.00169876182509424,0.00021412893478103,0.0108439264380836,0.00076433633480613,6.24701597317604e-05,5.22112444733839e-05,0.000667736001332524,0.000857544876494734,0.0491555555906128,0.000809691690070684,0.00372324083338691,6.11953036558411e-05,0.0015464992962032,0.00968814052114486,0.000972944676063504,0.000274235568353212,6.8788955484572e-05,6.7815821656173e-05,9.54811813825758e-05
0.00016449388880634,0.00278070345494121,0.000165211453423229,6.67047107907103e-05,0.000269462690322826,8.06409326865174e-05,0.000147760860253441,0.000700399463302461,8.03872599848062e-05,0.000109542598454468,0.000450685176713932,3.97780385449193e-05,8.85493727608632e-05,5.17114501083951e-05,8.8671877589715e-05,0.000127582208921276,0.00218145386108154,0.000128198935653338,5.65593985560568e-05,0.000119649814353367,0.000102448744170791,0.00329257250039286,0.000111782053244344,0.000116723681855247,0.000460376155994602,0.000590026334372877,0.000156358289972718,0.00039406776851833,0.000100947822262883,0.00051339897001107,0.000179861239150402,6.09172247430759e-05,5.07169991447722e-05,5.01203285665978e-05,0.000230809643166737,0.00107011666111887,0.00576309467894424,7.10580415825145e-05,0.0123497258921591,0.00227792653258554,0.00099248391776087,0.568315349798673,0.000131321281304374,7.71508933638659e-05,0.17355110133805,7.99176956220646e-05,0.000298597561868506,0.00195410707155173,0.000495100972934657,0.000100273805498649,0.000987282174258842,0.0272916248214086,8.39316613297794e-05,5.5923242424916e-05,0.000251105162308241,7.35893713081002e-05,0.00012297576705084,0.00036259212058253,0.0015674295671909,8.81567340725229e-05,0.000304528006451271,0.000152082884354614,0.00177047241229106,0.000274159081215701,3.87835875812963e-05,6.62967309081989e-05,0.00055578759411373
0.0256952398980875,0.00662213628640066,0.00101123944040615,0.00082935169945189,0.000847639694537213,0.000854073392408464,0.0326007969882113,0.00118257331243946,0.000908808712595787,0.000878889084197573,0.00224436312500999,0.000830712941804519,0.000974590340032419,0.00084373352082967,0.000791000175777815,0.00152409707071438,0.00049217788715064,0.00110250152004587,0.000746637202956411,0.00189321353546822,0.00531969348984642,0.00098435577430128,0.000792352312830426,0.0254788979696696,0.00053436456319212,0.02703153763094,0.00128941534030018,0.00156246948301791,0.000624362805413953,0.00052733345051854,0.00215453381211862,0.000685533485674105,0.000694673932149759,0.00101951133766919,0.00116857092634909,0.000547422343871629,0.00687349212573329,0.000733872385304974,0.00078848906410868,0.000896466865881522,0.00389256944739091,0.000559784739781221,0.407341717870809,0.00120181804484845,0.00143970402363793,0.000967086374752136,0.000700181637077397,0.000650377922306202,0.00326867738055502,0.00101388644753032,0.22987025279168,0.00115800295093668,0.000667955703990152,0.00112937247319388,0.00303992224416573,0.00052733345051854,0.00109039878511594,0.000768886192368973,0.00305773502293102,0.000850764633503249,0.00124438571714319,0.00142580920573538,0.0018178622221512,0.000976543426886193,0.000896466865881524,0.00145483269641001,0.000502222333827181
0.00210299814753607,0.00216208218026092,0.00102776743091277,0.000384712944956452,0.000620050167695382,0.00710680627396616,0.000739832586454719,0.00110914493471355,0.00201975483634381,0.00034666441193878,0.00135793902321689,0,0.00074308459782375,0.000559873308668434,0.000382834005054344,0.00059366505417643,0.000562801217553053,0.000718694512556013,0.000641279748407503,0.000632861121573386,0.000616256154431512,0.000653999195472092,0.000541134691806878,0.000752840631930846,0.000792912638689248,0.026096926663427,0.000723018209489839,0.000986695092343184,0,0,0.000686174398865695,0.0004100786336349,0.000372030100617228,0.00042672486683013,0.000879117394822981,0.000373879682083364,0.00708729420575197,0,0.00107451875651757,0.00040162340407542,0.12849300864013,0.000459582638958966,0.000709122554564145,0.493368219672439,0.00179799825595115,0.000687800404550211,0.000722217524872464,0.000540342014035677,0.00175417057093648,0.000667023665248062,0.0755379523663958,0.00103020297001063,0.000438615033398152,0.000401623404075413,0.00122743653436137,0.000762480522774762,0.00514166226096555,0.000960222996283854,0.00218535163998933,0.00057374772010774,0.00136648282785688,0.0202340147381155,0.00129542115041396,0.000498609860787127,0.00124714636002368,0.00041219244102477,0.000507313773568947
0.000177408722033944,0.00231106231080996,5.17977948675884e-05,4.946328338993e-05,0.000341460372121087,2.65319669896066e-05,0.000134412276625019,0.00073460429339275,5.18847910794102e-05,0.000120082083093645,0.000361623080206878,2.52553806295234e-05,3.24042397363154e-05,3.17542431870321e-05,4.70769559591011e-05,0.000111583803046115,0.000891318797557557,8.41048303189052e-05,3.7589873971404e-05,8.76721536116257e-05,5.24004067469939e-05,0.00246243860802025,0.000100894422352508,7.81310190397357e-05,0.000768528483043112,0.000532353266267425,8.84175742286431e-05,0.000753831082077424,2.5623393381691e-05,0.000213054541199942,3.32797019420492e-05,5.4883877113389e-05,5.09059272284062e-05,3.00981858022783e-05,0.000211760430423089,0.00301681486661519,0.00715375193795978,2.50404444067475e-05,0.00199985177809781,0.000502542500157773,0.00117678576945874,0.016683837899037,6.96834535922527e-05,5.37441999756433e-05,0.743094769326718,5.96390951512734e-05,0.00010686389346276,0.0058516107415539,0.000626314952315365,3.45042285878452e-05,0.00120568372528829,0.00863442264876884,3.39097464497283e-05,4.37545115480364e-05,0.000153225026891504,3.65799141628236e-05,0.000116227324146115,0.00037140979295683,0.00153519668184451,5.90754132215166e-05,0.000367746997275916,0.000181048408593844,0.00144301439811474,0.00023614055309416,3.24570645332772e-05,2.60028965023633e-05,0.000385760557107291
0.000684400323114367,0.0114992937208798,0.000591659509495176,0.00101021533654241,0.00033930294451336,0.000238572382860952,0.00046305763454346,0.000634100280762022,0.00032900267655492,0.000455332433574627,0.00073646915902856,0.0155937201456812,0.0325062474504215,0.00042125066459449,0.000296465947768547,0.000657823583675285,0.000597112592531999,0.000302646108543614,0.000281515411775928,0.000548168937406425,0.000565757365070273,0.000796103910807892,0.000381250305489023,0.00669722490506917,0.000402775995340431,0.00140698732939394,0.000980336022184422,0.00061882005769781,0.000365492890542987,0.000271442355610688,0.000222667557336893,0.00932246491937302,0.0136111049938705,0.000733296166267368,0.000729934115071734,0.00041352546362566,0.00847597864488789,0.000267201068804272,0.000444062728631863,0.000215669434106303,0.00166711164436953,0.000432267366135097,0.000411626379980995,0.000362630021948655,0.00113037867117455,0.593562635475032,0.000316990087836123,0.000569803200871785,0.0058314431059922,0.00108746593716533,0.00401997086795255,0.000688420029427623,0.00770835234047373,0.000872818843087736,0.000941148495273135,0.000253728746007415,0.000363524668384383,0.000689474186468171,0.00224504654037878,0.00962322342225005,0.000458695168114001,0.000329616762482489,0.0345509438552668,0.000314120304100259,0.000482818919692663,0.0140194570197433,0.000402710182269297
0.000242817300455971,0.00496756419904855,0.000333126743105048,0.00028315773163929,0.000314989336298507,0,0.000315367929250789,0.000475732839608835,0.00014667906208036,0.000265937966588722,0.00067072960782288,0.000145203417592631,0.000249001986911898,0.000149335222158274,0.000188611294901964,0.000191833783404899,0.00955822609370797,0.000218378023660653,0.000154942671211646,0.000216231105602035,0.000213638600776533,0.00290760989862322,0.000272699101332504,0.000238774811214584,0.000482935039525568,0.000609018036820349,0.000272094447005824,0.000354208336854754,0.0191703926689982,0.0297985745274249,0.000178639785632254,0.000225247908273935,0.000172900129516179,0.00012395413696932,0.000417558936029487,0.000356506898417731,0.0131577997459621,0.0128156318425919,0.00954010971984322,0.00141048910804101,0.000680585683297177,0.000906363546586661,0.000270876246377072,0.000170926230978745,0.00261488743670337,0.00033830930831454,0.612171887610375,0.000744631803305944,0.000890740193570237,0.000173535791757043,0.00078926752157881,0.00250169415338303,0.000192817546396718,0.000941772892344437,0.000374341493647347,0.000122714595599625,0.000241710567090174,0.0016425966348495,0.00263627293066401,0.000195466139067004,0.000538898168653204,0.000256817477533309,0.0102698045679143,0.0227619297343499,0.00012395413696932,0.000128085941534963,0.0479872776742935
0.000246546800126316,0.00410224875562438,0.000117321509482813,6.20185772541907e-05,0.007862636532777,4.51116463564893e-05,0.000216499253653759,0.00310645780740933,0.000100778359934564,0.00107989729648089,0.00049708636024902,6.48762202908095e-05,6.17623578656647e-05,0.000152544932789605,0.000162068502575975,9.19187056335883e-05,0.000492666431723972,0.00013810951169356,0.000100650392689924,0.000129230297963583,0.000116296631928709,0.0110517899258271,0.000106423445042987,8.29491540864432e-05,0.012760140478763,0.000834549078772002,0.000148860604229881,0.0207914876242923,0.000108822356217008,0.000119466602037911,5.89304593609074e-05,7.53253003412346e-05,5.25924008026408e-05,5.01028196995572e-05,0.000216207045660029,0.0100250036928786,0.00853274877969033,5.62783639358171e-05,0.00087210026041018,0.0003287076916438,0.00106798880020448,0.00207340612868479,0.000100786541656499,5.51072141466338e-05,0.0535300185390806,0.000157657824953387,0.000145421815109171,0.669200313355275,0.000529326435533953,5.61345214720831e-05,0.00132466461193239,0.00826134294643583,7.69814042517767e-05,6.2728074406458e-05,0.000164014121733874,0.0001457770538314,0.000185993154230068,0.00181150219664039,0.00179428259401073,6.98164781695784e-05,0.000995956920288589,0.000380103710416348,0.00130968563229551,0.000388374652081036,3.74153863052821e-05,4.61914111664905e-05,0.000322815683033168
0.000171363479146086,0.0318001013107779,0.000103673208344483,3.785980784985e-05,4.38151611016833e-05,1.85399075964428e-05,0.000474675271198754,0.000202615683219278,6.69547851878561e-05,2.96646895485089e-05,0.000249782727199458,0.000197163920717314,0.00117161018852782,2.69503413240614e-05,2.81889108628122e-05,0.000144486387888651,5.72157743847562e-05,0.000522547031337177,3.06962896963501e-05,0.000306620042906639,3.45716926848343e-05,0.000171471144114705,0.000127034875247717,0.000133553499711465,0.000106771866260734,0.000402236322766026,0.00126189215857828,0.000125977801010354,2.18764226511105e-05,2.58133106163005e-05,6.35321192104892e-05,4.06998647508842e-05,5.29105686494058e-05,4.07973729317444e-05,0.000606946579011196,4.95777722972754e-05,0.00199864353884808,1.81444835298731e-05,0.000124475440299092,2.47694679323186e-05,0.000870931294344139,9.52443463314224e-05,0.000327086174668947,0.000108477349747319,0.000487741883299509,0.000195666398881047,2.94678054127278e-05,0.000113226815528537,0.75264452079174,0.000435113289092945,0.00136160949496967,0.000162642616687828,3.35702634733393e-05,4.06523638232886e-05,0.000203369337999622,2.14506137102228e-05,5.69729938181068e-05,0.00020546391102551,0.000858980482827268,8.45561512647382e-05,0.000177647198223752,0.000209799872943589,0.000822198214456751,9.75905083645643e-05,0.00174400610033627,0.000182237640976751,4.13276875911834e-05
0.000856440856440855,0.0315998287426859,0.000801896516182229,0.000450108897313864,0.000389610389610387,0.000301484230055653,0.00305857407898224,0.000690785405071116,0.000374149659863943,0.000486085343228197,0.000536537195523367,0.000841899413327982,0.0136726538767355,0.00025046382189239,0.00032003710575139,0.000965039424860851,0.0012360853432282,0.0198216069644641,0.000445269016697586,0.00293502415951396,0.000464153193745028,0.000444606413994166,0.000757738502099402,0.00203976218586608,0.000446815089672229,0.00146588332302618,0.0437274969928031,0.000335435992578847,0.000358688930117498,0.000262832405689548,0.000351621167947696,0.000337043908472476,0.000344724400023936,0.000418399334655489,0.000918367346938773,0.000734437975817283,0.00251309008451866,0.000499160703242334,0.000937763535166131,0.000722016079158934,0.003105920053972,0.00039146567717996,0.000856373591565227,0.000458079335630353,0.000672068456325014,0.00109014909359143,0.000371057513914654,0.000796890184645285,0.0264659829965952,0.663855124467369,0.00510367183836572,0.000780685479933597,0.000450891100241747,0.000364710477492429,0.00141637227742903,0.00051948051948052,0.00061029196367542,0.000413265306122447,0.00154853263619497,0.000500927643784784,0.000733903099242675,0.00128756957328386,0.00220547309833024,0.000566576280861992,0.00135499968012283,0.00817060490529878,0.000346938775510199
0.011362650223106,0.00360219131266451,0.00027644448218166,0.000106500163666242,0.000122051735770918,0.00114478554603409,0.00130240967563841,0.000750447258004475,0.000511972660793332,4.63736638061138e-05,0.00156654961725374,9.5786616360619e-05,0.000206045461682388,0.000112586328170991,0.000101586882296678,0.000498111521721614,7.87211542171802e-05,0.000485806981155276,0.000330184192486446,0.000468573211988569,0.00122754469990347,0.000332111409683584,0.0004514320974948,0.00194180104265786,0.000104570695615687,0.0261479640645893,0.000517717250515568,0.000312209185936225,4.22328235228206e-05,3.46343167447062e-05,0.000136475221257615,4.59801902950318e-05,9.40214323147788e-05,0.000127584128715356,0.00112403089929569,8.53725098045154e-05,0.00838189380184527,4.14478487989575e-05,0.000167113821206758,5.14616833459696e-05,0.00630878255669785,0.00020628636383203,0.0033006374141163,0.00332850793973644,0.00125035628038112,0.000264232596288261,6.55877358472776e-05,0.000319306533883374,0.00187394076019712,0.000362446549603906,0.723385570617232,0.000495220695925908,0.000164091425775478,7.02540607690269e-05,0.00403614873884296,0.00010164950239784,0.000564730231564964,0.000570567475960139,0.00297564188331445,6.6057030826013e-05,0.000724781913600292,0.0022547514659776,0.00130046392750669,0.000217403483289832,8.31988424082293e-05,0.000267864659467481,4.10456258369011e-05
0.000219880933884278,0.0032873742745964,8.54268297323403e-05,6.57827749805786e-05,0.000860450011508996,4.55551216972536e-05,0.000159010873231915,0.000830122675037778,8.88345417625058e-05,0.000154805130299613,0.000527169895277716,3.82898652196744e-05,6.79736273994974e-05,4.51829303869792e-05,8.05181165762283e-05,0.000111046490836781,0.00244042088957195,0.000117505341655457,0.000182949817555102,0.000115525993348502,7.34448876728251e-05,0.0221027936413898,9.67578816344776e-05,7.19995332283088e-05,0.000431282936096515,0.000609367877003092,0.000105094784537901,0.000780464065953298,9.31517461799264e-05,0.00138002204342131,7.45906465318326e-05,6.31114222922373e-05,6.35026601915659e-05,3.37575954589783e-05,0.000175039383861366,0.000908153052385501,0.00779874189641387,9.07663901797248e-05,0.00306068865494736,0.0127783879578033,0.0014557121506185,0.015419078266969,0.000121715149621743,7.27580372250413e-05,0.0604781588677965,5.73436314837504e-05,0.000317603512072263,0.00882371610535448,0.000671465182230101,5.33996960910407e-05,0.00133411427827671,0.662456264197906,5.46222190773064e-05,8.75196919306823e-05,0.00025613401904317,4.92512776158946e-05,0.000134047254649388,0.000508159207616582,0.00172929934876373,6.74708547011726e-05,0.000442503409420962,0.000172563051492785,0.00141753048282017,0.000777578801384154,3.56811051717406e-05,5.0469689013361e-05,0.00200965088939883
0.002885280290338,0.00625082649496409,0.000568748752743962,0.0330543134773827,0.00149616789010124,0,0.00139692676112552,0.00113205493369133,0.000863981593435614,0.000629725714539122,0.00451577957065884,0.00171206678640324,0.00228955122260439,0.00067850728397525,0.000588704849331467,0.00164909925436766,0.0010268318789572,0.00087141621765449,0.00127719018160047,0.00152086462414267,0.000913545754894783,0.000844100425871589,0.00108670016871972,0.0755871149405374,0.000925463979245656,0.00273999610495464,0.00121066985964212,0.00171209545895581,0.0010696467770904,0.000578726801037713,0.000589813521364108,0.00308727393141682,0.039926666827485,0.000618638994212725,0.000930679777217393,0.00113464663454685,0.0175547860640657,0.000798243863500297,0.000582718020355216,0.00058537883323355,0.00268495025230208,0.00158954647601364,0.00122942640944021,0.000916445358672456,0.00270379524021511,0.0328100157675093,0.000962881660347233,0.00116158244964526,0.00331927294199337,0.0013892513393611,0.0107447132791375,0.00161777423002727,0.453535408913577,0.000983291304584455,0.00186404724421088,0.00138362269673385,0.000665203219583578,0.00131589291437625,0.00758112372560587,0.00172531822395792,0.0013351019913054,0.00116172990848704,0.0558253161725523,0.0011367583907995,0.000841784437873038,0.00261075633606067,0.000750349231690278
0.000665149781287031,0.00926244733784648,0.00102163694985044,0.00176703430233243,0.000559375364176665,0.00036903235831099,0.000418668289545806,0.000843240771076069,0.000393310802936716,0.00024278444625723,0.000848317418098806,0.000825467117274595,0.000976649648133155,0.00037874373616128,0.000322008844509591,0.000407877869712149,0.000530079374328292,0.000381600023764308,0.00026220720195781,0.00145670667754341,0.000530888655815817,0.000663266444668698,0.000449229543139189,0.000576467389193174,0.000375506610211185,0.000957036332260023,0.000607463428290513,0.000544859409916233,0.00848390237738799,0.000368443789956429,0.00025249582410752,0.00445015886106668,0.00196082539291798,0.00120271679530507,0.00126306768889218,0.000296197024433823,0.00890053115900919,0.0106699228596443,0.000850401736079392,0.000372674125004852,0.000936706536287001,0.000752631783397424,0.000339015372228279,0.000561641352341732,0.00111589801110981,0.00145941682950163,0.0015650424926733,0.000816502768489713,0.00177955077534693,0.000324724196869047,0.00142448775338127,0.000662658723902096,0.000376381509116617,0.564692076753608,0.000973182285628997,0.000400594336324434,0.000277467938579691,0.00149370240268737,0.00177445423147647,0.00250340111661636,0.000617366163339822,0.000332231347509895,0.179621644718953,0.00127761080230435,0.000262207201957809,0.000496494192596041,0.000612563833633635
0.00209588526660937,0.00465967954512576,0.00548291624006222,0.000351724944461278,0.000235327750056089,0.00368309931602846,0.00169728342166857,0.000837129985916561,0.000343851847233907,0.000235697250982569,0.00132539966086302,0.000537662673199256,0.000368280752308677,0.000294025252126649,0.000220671583783701,0.0169848231005926,0.000181831405920426,0.000619879792910555,0.000225546970410007,0.00389684398911044,0.00957021221352134,0.000449902850077404,0.0105651753979425,0.00101873914599406,0.000340756777588542,0.00514894018837163,0.000795708730492991,0.000462948531898996,0.00025259338162345,0.000410956891804397,0.00161690080956937,0.000191022883582338,0.000172677988207425,0.000867537192548774,0.0143840345517351,0.0002720386748316,0.00570499604195561,0.000275344700393789,0.000317517362607269,0.000244352746478289,0.00417886821053805,0.000744408089903783,0.000410019829613977,0.000959795791627714,0.00138296939616913,0.000560744593741711,0.000182944659426061,0.000448148411219343,0.00241227762190326,0.000679289003815369,0.0338271497524638,0.000595624360469592,0.00026322260666576,0.000194898078380509,0.614250581146875,0.000231032845169483,0.000872906196929759,0.00059913604732198,0.0040692555576755,0.0002090062094426,0.000852614107362441,0.00112118161687542,0.00133315480795297,0.000275691045928877,0.000175770359056411,0.000286029133410139,0.000316738578054939
0.000560524326017672,0.00383868271179509,0.000814697710502097,0.000265471443778037,0.000505715680630428,0.000198459234669018,0.000423749787778143,0.0515779888287872,0.0203610054765629,0.00078629220744074,0.000688496406491067,0,0.000706635153745763,0.0250461105459572,0.0160264258086619,0.000230032294729998,0.000269623909727102,0.000399356543474025,0.000446598646659669,0.000603465384416777,0.000358257579467454,0.000875385642376455,0.000320587994465341,0.000268503670434555,0.000680775314076769,0.00136975388014157,0.000461656508454676,0.00176869951224437,0.000246887086191123,0.00055027333249138,0.000330765391115034,0.000264612312892024,0.000209284283832782,0.000347650617374752,0.000773852232527603,0.00059365944223504,0.00594307094749118,0.000491136489837479,0.000469085463763142,0.000380881359465797,0.0195588415769916,0.000469085463763143,0.000461639662751029,0.000689787950138533,0.000882822512310431,0.000310873206754268,0.000313270362163494,0.00084429267630381,0.00105217386074855,0.00041496021794432,0.00242691257900452,0.000793129419122905,0.00064950294982589,0.000216500983275292,0.000643093381242085,0.639462419335045,0.000569376360427436,0.00240371604508217,0.00138640814845552,0.000314227121559282,0.00828433478585931,0.00564151600650058,0.00169158521426175,0.000510089437868313,0.00045705763135896,0.00068558644703844,0.000314039186677966
0.000683396820493577,0.00142718908809639,0.00665116734005974,0.000139393620196272,0.000145754561566601,0.000871620084765919,0.000298874555369232,0.00170925916172664,0.00279186588240151,0.000151588198673043,0.000359189096310498,0.000163854801238272,0.000168775765236497,0.000161881466837975,0.000187194583972792,0.000475764119309699,0.000240866557820259,0.000209774751002203,0.000170322753918728,0.000282615108858448,0.000135180211021573,0.000403109820079321,0.000629021090389391,0.000311792278927683,0.000207643584327809,0.00232345207854767,0.00027005868050069,0.000352982742578251,0.00010972419725777,0.00011411316514808,0.00022252067203876,0.000135180211021572,0.00025017116974772,0.000519095202299496,0.00203474480611469,0.00025136816099053,0.00417453545909858,0,0.000300287058913827,0.000141700963315749,0.0899956418995762,0.0001846678942527,0.000227599334883262,0.00238287195152419,0.000692630768007416,0.000206555801337753,0.000152033847720366,0.000272413566344379,0.000991493663879411,0.000183458857814993,0.0058604778939745,0.000220271325994975,0.0001555813445255,0.000124841753324396,0.00061111152910805,0.000371261668465014,0.66870170085528,0.00104891401153835,0.00213525699384445,0.000137746069172832,0.00125780915741876,0.00153652460493984,0.000585689257266064,0.000371119612757761,0.000178850441530165,0.000245197006138699,0.000199191619637184
0.00037418658684019,0.0048683082947609,0.000187277960047367,0.000225237285282708,0.00578141743329762,4.08821873568978e-05,0.000270449246007861,0.0115648828661583,0.00018458282652271,0.000446161445559628,0.00122888507117118,8.79573145691047e-05,9.3060720887785e-05,0.000338474594458748,0.000493951894623591,0.000166765232716096,0.000245742209747277,0.000178382022551226,0.000171840682441774,0.000196920846879105,0.000123005010795966,0.00184968493873388,0.000173455838965077,0.000146537916304118,0.00101137045090763,0.0014469116913255,0.000231470090154595,0.0198382464345074,0.000424126711017758,0.000108666709328054,8.71911698050129e-05,8.5615239119381e-05,6.60053192521978e-05,4.81019156641837e-05,0.000297068057837597,0.000322218597926694,0.16746351627445,0.00012077679201206,0.000437804044532835,0.000106317936166575,0.0015316476732485,0.00033992526081594,0.000179731310494527,9.05605572569894e-05,0.00199453824116517,0.000115309856679101,0.000444927905082043,0.00229422884389785,0.00107976510298344,9.77137569321745e-05,0.00183496494187415,0.000893354476084375,8.5152712427694e-05,0.000150024402103318,0.000245305955158696,0.00028253860639176,0.000270362964544786,0.531918350524085,0.0226332965048967,0.00014458518127637,0.0184919853883765,0.000621055867508078,0.00277738607415764,0.000974506458771953,4.14739305461676e-05,6.79879571271072e-05,0.000488319895825085
0.000777251783161237,0.00583351469269404,0.000118808314354347,0.00154933191319494,0.000791464659664232,3.25429023929881e-05,0.000352240927732947,0.00182579528517256,0.000165848272936113,0.000108795113618043,0.00593425189350818,4.42249699186758e-05,0.000128979561865247,0.000112712695467625,0.000190640216240629,0.000151585608150338,0.000265093070775224,0.000232375946025103,0.000656048040182788,0.000194076081686788,9.29208545694042e-05,0.00188726826844746,0.000122161048982907,0.000417363410909898,0.000438856948021525,0.00236287696422641,0.000264873000429371,0.000938838434603683,8.41850580422584e-05,6.69557398632372e-05,5.76951090044178e-05,0.000108072879009228,8.9128490070397e-05,4.09960754783457e-05,0.000460882321802297,0.000197604831380355,0.158309088764072,5.08348074833708e-05,0.00047746095452321,7.88492679703326e-05,0.00234323568585904,0.000478102826365281,0.000209928770748114,0.000118856325956017,0.00200755505165152,0.000160266229367324,0.000176533095764946,0.000710845556300143,0.00161373916774787,5.81963803477491e-05,0.00341013672255359,0.000817598013234257,0.000133674395910108,9.21911357168489e-05,0.000538255387565057,9.80551953584715e-05,0.000270429776662156,0.00642737452097792,0.609134617562395,0.000141248483646542,0.00651351372218382,0.00190346177806313,0.00582663749438614,0.00116076103920078,3.34509622636823e-05,6.31224320925827e-05,0.000495726793228997
0.000866349898181555,0.00648422707298775,0.000884212782680145,0.0015206352957773,0.000926318153283961,0.00046443499696331,0.000607338072952016,0.000972153137134736,0.000488252176294757,0.000500160765960485,0.000742585627012761,0.0125358190093284,0.00303993816194166,0.00049122932371119,0.000783415077295251,0.000488252176294757,0.00128910483131482,0.000691466496719565,0.000500160765960487,0.00105434586552646,0.000708019785580427,0.00114103731593026,0.000837570806489384,0.00237368655871945,0.000546879079264486,0.0015208970230227,0.00077909657774614,0.00141627155667383,0.000796386933895416,0.00148976456718231,0.000488252176294757,0.0126237593637829,0.00302805336566188,0.00108963595441391,0.000801277961793839,0.00101818441641956,0.0122248870417925,0.00116894716158765,0.0011507458224354,0.000893144224929438,0.00145454916631366,0.000665928334107389,0.000530124314151665,0.000759172591190022,0.00289066128398414,0.0430028333282951,0.000876131953978402,0.0015421623617115,0.00489402893947854,0.00145784186391709,0.00249576019182636,0.000963801856946079,0.00175230540130059,0.00684717733054699,0.00191847379514844,0.000631155252283467,0.000582894125743422,0.00128765878828399,0.00304971976286495,0.615587977454292,0.000795773991780268,0.000609322837896304,0.0474304731387365,0.00185585968422181,0.00117700169859792,0.00112808657019901,0.00089314422492944
0.000486102838322102,0.00366739916750144,0.000237616977236528,0.000229259345229383,0.000596939480146676,5.5049253931097e-05,0.000246275394567475,0.0863079785149738,0.000302316361496831,0.000374516962776317,0.00126505616380846,9.70964392975585e-05,0.000109088429808412,0.003109569687602,0.00190924731730623,0.000188107612938864,0.000164541714961022,0.000183939148962669,0.00599062309023446,0.000268175723279014,8.62790308484717e-05,0.000623262558218578,0.00015424678955053,0.000148348901161335,0.00050313541825098,0.00294493806459444,0.000204117982519422,0.00450444308083907,6.4840826901429e-05,7.16925854990893e-05,0.000108262002309864,9.23615372377889e-05,8.79745401680739e-05,6.6854541184669e-05,0.000571335329712881,0.000154477008639412,0.0279366278139033,7.14859786244519e-05,0.000334517422867557,9.32952602386918e-05,0.00265408553402008,0.000237748607317745,0.00017653726260662,0.000213524558933817,0.00129962081281369,0.000150128340297929,0.00015954841606037,0.000826105101007941,0.00109742760591605,7.30188683395019e-05,0.00287750702968539,0.000467817650608947,7.0521813209479e-05,0.000104467322712361,0.00049209957871908,0.00117609714664327,0.000398669586262043,0.0327361191341555,0.0325106996819003,8.75943112232801e-05,0.596868302943165,0.00691857402841244,0.00202722665393968,0.000484854115453416,5.68168905252153e-05,0.000102505507319973,0.000186575846219942
0.00203284394460865,0.00383023177140824,0.000320607541854246,0.000138883870501516,0.000336007447075555,0.000167840775051399,0.000406489377077609,0.00292076762664998,0.00351248513013219,0.000515112371730015,0.00128458584340937,0.000230343980343977,0.000156143538496477,0.00431791975909623,0.00029395657496295,0.000379167045833709,0.000171911132389071,0.000247201521020905,0.0127607884960826,0.000364094040564626,0.000221633493692314,0.000585490063177686,0.000304673466438169,0.000606346654140768,0.00112955730260792,0.0411515154162213,0.000403130917836797,0.000662359469365414,0.000141819627113743,0.000170933994463404,0.000177650912945027,0.000105617752676575,0.000126463361757477,0.000190417690417687,0.000947681094739916,0.000201136965842845,0.00970472294001706,0.000152688482859258,0.000246537459593411,0.000143525878819994,0.0622336725277902,0.000188117835176656,0.000261490568977196,0.00682038549685609,0.000754415865123066,0.000210170063111236,0.000264636294048056,0.000703465136710342,0.00131922926040573,0.000167701414504482,0.0208127524303995,0.000436911187418283,0.000124456006808947,0.000168154579919284,0.000599775892121743,0.00243347669818258,0.00114065187594599,0.000970909059144351,0.00729526832468009,0.000127818326347736,0.0149940480822834,0.585661258455376,0.00204485498603146,0.000306036982153207,0.000121599386305268,0.000165104944516706,0.000188052661314691
0.000487491884931725,0.0070920005167953,0.000164739621293691,0.00448367139212471,0.000338222225306118,2.88497841378541e-05,0.000119583940404378,0.000814990550364629,6.47332183790649e-05,0.000113946443586172,0.000683211188927961,0.000240238325288079,0.00068999704232367,3.65518056500439e-05,0.00012402437348557,0.000170584248150794,0.000331398141750433,8.30993347783597e-05,7.07592473452541e-05,0.000194508181119245,8.28148756230327e-05,0.000873731191167484,0.000102193996385376,0.000467535741424343,0.000333271419589248,0.00086644834569209,0.000138630077238626,0.000674284446573606,0.00227935859807863,0.000106635514086275,8.18696360740176e-05,0.00300471853837994,0.0044190050765256,4.46555149098864e-05,0.000440105601641691,0.000137594211724225,0.035373812688311,0.000476691864738554,0.000555751835568561,8.47753797463907e-05,0.000799449990334456,0.000451612879794414,9.93498592397028e-05,7.61968833895168e-05,0.00195449781368405,0.00129175887542314,0.000593695269344567,0.000528149660066015,0.00173138660006514,0.000138404010991144,0.00192228890390442,0.000791708382939352,0.000564258046163181,0.00336563036363171,0.000281469552822007,5.4917624805272e-05,0.000120746738640946,0.00104075876010186,0.0063258298807198,0.00113318017184342,0.000605623079257024,0.000411318291179894,0.721937538150116,0.00144756589240462,0.00011279808700867,0.000204378435230756,0.000384557179196818
0.000439551413864052,0.00439692440370044,0.000165461479946685,0.000277087625396691,0.00202734063948413,7.67152853352295e-05,0.000370001528601964,0.000932580078798839,7.73953464863279e-05,0.000231001416808685,0.000839953869665783,8.88466987725709e-05,0.000113694524486908,8.55560802995124e-05,0.000126652500939934,0.000161517657308295,0.000612675552615181,0.000220487296097179,6.21011938954521e-05,0.000138280014784088,8.35817092156771e-05,0.0134662261825975,0.000118732826993435,0.000172050517608762,0.000387478454965892,0.000959882810358157,0.000144705392030905,0.000839276942437039,0.00266692404944186,0.000734127579572228,0.000106400652590665,0.000276916513236092,0.000141035907755273,6.32214403897455e-05,0.000244589735444491,0.000191867059137566,0.0799121055121959,0.000616003778156502,0.000947810941445566,0.000428889810011343,0.000670214367058371,0.000593245860796831,0.000148574244588696,7.82552947806207e-05,0.00171775925353881,0.000125687229215002,0.00549873628968514,0.000661639955494287,0.00083673846532925,8.59838607010098e-05,0.00132040297026642,0.00222573672810834,8.21338370875322e-05,0.000223754313536255,0.000307341885030225,0.00010358866953187,0.000103549593437503,0.00173203113594481,0.00633869015935093,0.000188264608504856,0.00075646617812076,0.000253600022846419,0.00736812724246247,0.659164150565765,4.90521527050551e-05,8.60100513378373e-05,0.0117801132770025
0.000799955649453975,0.0316950864931313,0.000824426409710688,0.000624705342184656,0.000473606660897625,0,0.000653231811355787,0.00154641345276797,0.000802987425061002,0.00059054657716865,0.000477114858385757,0.0132047011388406,0.0579330625638833,0,0.000479453656711178,0.00122365928385995,0.000767125850737886,0.00078262475307351,0.000385901723694362,0.000847814392964892,0.00197043758916668,0.000982295296676565,0.00146564695059678,0.000954109778395858,0.00107039003360073,0.000855826942783461,0.00168101129639591,0.00048075298911419,0.000319635771140784,0.000864241666917249,0.000390579320345202,0.000460743270107815,0.000698940884173709,0.000584699581355095,0.000664218724419388,0.000853661388778445,0.0023557824561169,0.0023972682835559,0.00100355709963493,0.00031573777393175,0.00124205783068659,0.0016394976261197,0.000493820560710189,0.000501171069732939,0.00132531905107156,0.00128026427813597,0.000414301417645896,0.00187103866033632,0.161954844743628,0.00123167952261184,0.00248992067875525,0.000561311598100892,0.00062395798181751,0.00031573777393175,0.000832612203849659,0.000311839776722717,0.000464066825622886,0.000701054798044761,0.00108160427172519,0.00116017573269445,0.0027424952537647,0.00108169422550693,0.00286112995143095,0.000494071146245056,0.490635168793131,0.000804546623944614,0.000415136702762118
0.00287192377939709,0.0182448047098106,0.000948991696322656,0.00171244334945403,0.000802688809806246,0.000682087781731908,0.0105106044607824,0.0012031859006948,0.000909450375642545,0,0.00177824559058582,0.0042559186994087,0.0820773532517305,0,0,0.00108244365361803,0.000903519177540528,0.00145608241693651,0.00359826018189007,0.00162203545257986,0.000959243149832314,0.00151607210022278,0.00101301097742379,0.0243752688592546,0.00108518957866526,0.00344953089615011,0.00360769617887056,0.000659022011335177,0.000880693051511555,0.00133122446289706,0.000858611534768116,0.000885893844173543,0.00222350961405832,0.00215500197706603,0.00151787650352683,0.000798734677738236,0.00917575899782305,0.00063266113088177,0.000909450375642547,0.0007512850929221,0.00248511209365302,0.000711743772241991,0.00457071595861631,0.00105066937807151,0.00213111242915513,0.0247137599450767,0.000662317121391852,0.000665612231448528,0.014944012097037,0.0107304715845641,0.0209373465601224,0.000896963642796194,0.00162519833225721,0.000708919392193411,0.00341313490779683,0.000790826413602213,0.00176947410043495,0.000965167691146338,0.004118734309912,0.00156948626699516,0.00115460656385923,0.00289130929700325,0.00714863143095646,0.000969925336682714,0.0014521868901389,0.550874906035048,0.000874851720047448
0.000333086753017833,0.00375451045875937,0.000211023279406615,0.000270609881475086,0.000884666021162323,0.00015859513545466,0.000314469942685401,0.000857216744799254,0.000247847809087154,0.00039058967244206,0.00091188152959581,0.000277781782705437,0.000261737426344756,0.000270772182483569,0.000243534427368127,0.000300891956593825,0.00677665447918768,0.000300184731909523,0.000164362231289375,0.000281700450388,0.000346025750082899,0.0399447436169419,0.000298071094500757,0.000325200126235316,0.000413955484674494,0.000717110904685693,0.000288791692935348,0.000477387377429185,0.00146332134970956,0.0179599088608734,0.000203290128173702,0.000233632916485895,0.000180221744834842,0.000162199570351358,0.000496459900865795,0.000708271457200937,0.0239825630906817,0.000887652167226553,0.00856128545397422,0.0050996020228564,0.000684630604790249,0.00131105311975855,0.000294269761822635,0.000183311260460581,0.00694396363307391,0.000199967779486311,0.0289974014797037,0.000810637408267129,0.000810997851756798,0.000185628397179886,0.00117628868490825,0.0128620496417033,0.000208027385466503,0.000243122667541905,0.000576155055025854,0.000262026745533789,0.000205967708382676,0.00229305434109425,0.00367541453773954,0.000253662105855041,0.000715328332751699,0.000294715559200507,0.00399672416281652,0.0799755183613082,0.000164774166706141,0.000160998092052458,0.52032402206136
