0.351066941990979,0.0122561160905258,0.00100639719999487,0.002274250821258,0.000715593359401081,0.0011782921833811,0.00468688235139634,0.00306791697783484,0.00105013818444884,0.000222195435893332,0.0375039196607082,0.000199929342106321,0.000578455221810849,0.000445492293060117,0.000198964243156897,0.00213364999724986,0.000822060155251891,0.00176465397139061,0.0018394817452272,0.00289537216842792,0.0024438948814614,0.00227220713256906,0.00134834590048883,0.0148612574586674,0.00107561702701817,0.13329632323279,0.0018031348392593,0.00132821107997584,0.000161877708212481,0.000132448896490543,0.000482441211286805,0.0001380533570731,0.000456834501817624,0.000210136556751433,0.00415278264891755,0.000289340321580106,0.0353423534578158,5.98665366553116e-05,0.000555005071546416,0.000394099303187202,0.0203337498613076,0.00108714382582336,0.00388862849785562,0.00360074163262155,0.00382474820691257,0.00158985647150332,0.000440749113390329,0.000822020971725645,0.00802018878521404,0.000525597074092142,0.257654557403014,0.00201053122372797,0.000636459769612228,0.000162908081499715,0.00659570225818311,0.000248901079169232,0.00135009378872152,0.00389831143492907,0.031221453771372,0.000202156776522597,0.00419075815084978,0.00588778439926304,0.0130135731537724,0.00111441940888705,0.000131296049906796,0.000622352872600504,0.000214381420455057
0.00249263793317325,0.616539960095809,0.000361372012592416,0.00064444672323928,0.00111643341655935,0.00019918998930006,0.00438690697518381,0.00316669194887439,0.000531144815420245,0.000279149254070403,0.00305617659891993,0.0014553801486286,0.00535136256708852,0.00027945921842378,0.000157627327758736,0.00174666561021731,0.00196560249250687,0.00353987921623608,0.000222267448264383,0.00195390878835238,0.000677895612690441,0.00385446161486695,0.000880954090610001,0.00146207496236265,0.00113386513486837,0.00451622654145906,0.0141533553257914,0.00250682343124248,0.000402811455653488,0.000425434196775613,0.000538025258478029,0.000176793170863835,0.0014064073120601,0.000251943632628988,0.00396352404578072,0.000901953199747019,0.0219980630966115,0.000170104609948144,0.00297890409851274,0.000549315567832581,0.0107204942696432,0.00240631749781591,0.00133698715208557,0.000554253968535265,0.00708296278455049,0.00278112993172881,0.000625143527586159,0.0021818310540809,0.197110134178741,0.00586353125332956,0.0117904425200574,0.00373274627523081,0.0002336803781516,0.000343728511074122,0.00138314863236074,0.000273051107960103,0.000717765864888562,0.00304686155683317,0.0111276328472555,0.000409632459927463,0.00169487228627879,0.00150581613677451,0.0133950486518333,0.00208342570428119,0.00318709406244637,0.00136668616637037,0.000650382280776648
0.00238690336547752,0.00292503142488797,0.307063937187581,8.83967291808839e-05,0.000750948733488246,0.0177909673145025,0.00111023241217779,0.00870911976061109,0.00370096568815649,0.000425907488717521,0.00257292973623939,0.000102545413093633,0.000196062160187087,0.000732122461558935,0.000712727208496115,0.016312881975868,0.000236354002587877,0.000302097653169137,0.000414364437641998,0.00410867741650059,0.00223389912363025,0.00178312719273683,0.0558793342551062,0.00144208286286744,0.000356575639010831,0.00552944849348995,0.000606361566200134,0.00343547091107657,7.11599259434622e-05,0.000421091248053199,0.00359103909328361,0.000115074645237746,7.3540464257382e-05,0.0673083311220632,0.229250495816271,0.000710522482696962,0.0144109225642563,2.51582382578652e-05,0.000264629018330262,0.00040538904536301,0.0487266722127794,0.000490883837140504,0.000673634819206838,0.00287448851762407,0.00198032162351379,0.000791979400814951,0.000664977337251247,0.00224729881863865,0.00508105558564275,0.000241739309195467,0.0419383294851139,0.00157921875216827,9.03126230959588e-05,0.000131399954649546,0.0594919587644738,0.000837076980662593,0.0569878218296268,0.00217010163650933,0.00467471627708636,0.000275492160877015,0.0035999928194962,0.00198708091229331,0.00307549070303018,0.000639584779052973,0.000123856940773112,4.25294027692483e-05,2.51582382578652e-05
0.00594193391159658,0.00807083982104989,0.000245417822628833,0.188411948899582,0.00140667796725621,0.000144041950946219,0.000744430192486893,0.00227505923715692,7.92319098961511e-05,0.000182109051284895,0.0286325571927885,0.000302198982298502,0.00221266385213709,0.00022220491609402,0.00055573928653983,0.000373857084436863,0.00196998681683842,0.000550601999551926,0.00112653907602552,0.000440829975045523,0.000127036012355958,0.00419071391994399,0.000456059694617454,0.0106161773583118,0.00187981858057962,0.00548349721925084,0.000708154347399304,0.00182335226658678,0.00157760714306766,0.000351893638364359,0.000162994603281787,0.00188674136859236,0.00859868169418361,6.68867113350963e-06,0.000978477033459074,0.000531729092158756,0.218957105662922,0.00043008534454556,0.00148818857754191,0.000415776435028445,0.00178397232177587,0.00156043246017575,0.000563010716374991,0.000130538975003593,0.00187450333407957,0.00381417965501631,0.000630704160328656,0.00097385550018501,0.0058814258858546,0.000502538081170523,0.00858390738234639,0.00228818618834145,0.0106992490546669,0.00216803646763018,0.00174787331136074,0.000748424932641675,0.000156850771700264,0.00600089044191025,0.152381991474521,0.00126270018312703,0.00624873658893578,0.000911826358926742,0.278236670998789,0.00365306267107029,0.000978178890747285,0.00096693703226421,0.000691667552090838
0.000899749552860653,0.00535445203081202,0.00013919723917496,0.00102580716428389,0.230341879313157,0.000109945436960608,0.00049649620996397,0.0103520050425841,0.00018027159610819,0.00116576369412221,0.0033993173350775,9.43252402840126e-05,0.000811135898978728,0.000350570990785844,0.000624831767493119,0.000511320125138533,0.00292429841360039,0.000356544551412352,0.000254594638347304,0.000318348722679102,0.000219983844053721,0.100597161284422,0.000292787524225194,0.000468381102806551,0.00593139438538953,0.00199497309305229,0.000547544562861428,0.0319277334501196,0.00062897590860296,0.000529679524729427,0.00016586109282946,0.000389373875989631,0.000231418119264463,8.44967627994885e-05,0.000849321063004253,0.00301656800845065,0.342119658824993,0.000331112144567263,0.00196059971842524,0.00203138398398579,0.00271422278515053,0.00539449862215383,0.00041348664552103,0.000102735658023427,0.0338471573078246,0.000398871617292853,0.00137606609825595,0.0652798388818332,0.003133689449105,4.83293058807221e-05,0.00464232424864834,0.0190454816770448,0.000212018421382441,0.000414627928288845,0.00086209635833487,0.000290430891087339,0.000243684646816111,0.036964399775334,0.0341262040806957,0.000403236952203337,0.0051380321370906,0.000974412133861902,0.0093274416209701,0.0183021919677642,0.000178410120319426,0.000166664849587034,0.00197018258113327
0.00756848978558777,0.00457867863706145,0.0399978395749834,0.000250769922195533,0.000400801382260232,0.156946047485952,0.00175579815059284,0.00115646221153256,0.00267813525695571,0.000455695643043305,0.00435558039507635,0.000348105559210429,0.00021031704358485,3.11031039163932e-05,7.99330794825288e-05,0.00841619873896649,4.9154157376867e-05,0.0013755758353772,0.000219018454657678,0.0040586559920974,0.00374198275644401,0.00206363588747817,0.0097521133169179,0.00209923401803627,0.0115354946651085,0.0169883067319108,0.000801924249311139,0.00241830778473332,0,3.54537432994849e-05,0.00156596474025234,0,0.000178889757857725,0.00273349293702645,0.0269003653271671,0.00297910952560562,0.0234761640780708,0.000157136428635623,0.000977089961875538,0.000781770059610995,0.0958496260346721,0.00105568277505175,0.00181747563054288,0.0437093708886211,0.00433096324782957,0.000998318827559807,0.000672775571281637,0.00920909114644949,0.0046615843415174,0.000314272857271245,0.330190809204919,0.00261396758276695,0.000143111832747509,3.11031039163932e-05,0.111004886221513,0.000462519968866893,0.019977458484477,0.00212903539758956,0.0144638538045614,0.000406285441777499,0.00193306686709027,0.00481332392106919,0.00460640207970209,0.00023674532630742,8.86343582487122e-05,0.000143111832747509,1.77268716497424e-05
0.0160396407231061,0.0399024292955221,0.00111405923708715,0.00062662484131402,0.000462850785228353,0.000434681651735725,0.315497326466538,0.00134422611279574,0.000739939745634769,0.000123996895815045,0.00500577936094344,0.000448954635403836,0.00308364769240258,0.000144895705827511,0.000237113612017364,0.0127664099043243,0.000528504116445519,0.0264762145686251,0.000326815061935186,0.0682974569580668,0.0406338312002065,0.000770400869250672,0.00287855685066802,0.0081800659466849,0.000816143577299211,0.023500084110517,0.0174339419989484,0.00180867651614908,0.000189866705049413,0.000114342320335903,0.00175579729800095,0.000132173152042268,0.000797164105506377,0.000468016585698712,0.00987340707440486,0.000356146811265352,0.0140684963008384,7.89309018440344e-05,0.000464083352883412,0.000160179099418861,0.0078118516971401,0.000728129562766204,0.0269073901734073,0.00170654328426166,0.0036733549001371,0.00243517934884315,0.000258011186931093,0.000300529742787089,0.0351722915123472,0.0102441666797926,0.232625528799561,0.0006947881906336,0.000331307804916111,0.000271355713826149,0.0234979791560924,8.75619770928938e-05,0.000846875097080731,0.00125387191841378,0.00904256372419895,0.000392544257787632,0.00250058196197487,0.00134294448388759,0.00924437093242951,0.000979413801818263,0.000445466836599342,0.00872818440176805,0.000395340705724769
0.000906729960331668,0.00492838961024799,0.000573007084080955,0.000458939326414693,0.00379560417706336,0.000118364576146195,0.000485686313182485,0.575269148780913,0.00287541754334279,0.0141465227978397,0.00105088386858431,7.6040074496567e-05,0.00020778301814952,0.00727164557305645,0.015854263818341,0.000921883450730493,0.00130175707512178,0.000366469380269587,0.00145264413213827,0.000606566904201408,0.000184158816978746,0.00535627009681783,0.000322966120045452,0.000476923525495678,0.00670860419028505,0.00440525458440455,0.000482585938900777,0.106360486504346,0.000186932729632084,0.000325222999547934,0.000272632183197735,0.000189614947043483,9.46090161800354e-05,0.000177976803391545,0.00185177471459718,0.00214767121450136,0.057531313436304,8.81434804840921e-05,0.0012435986727439,0.000363431701769292,0.00767422046435782,0.00164255985928633,0.000253287968825663,0.000300095705500122,0.0109959067367167,0.000144786027809951,0.000413446090699416,0.0117958702686896,0.00282793420251501,0.000192334674970902,0.00700866329026334,0.00417866930341023,9.52722909012901e-05,0.000217658616101659,0.00108029235597688,0.00806202719712235,0.000870011491621821,0.037076267434573,0.0135018961864767,0.000227774636729118,0.0583151234791152,0.00303921428135654,0.00613663320229593,0.00201768744291811,5.58385327412914e-05,9.29272084402672e-05,0.000345681909265417
0.00261459214214161,0.00400541752596458,0.00410068324107076,0.00020580682962153,0.000406588875639475,0.000641374239160018,0.000792404610306949,0.0121077389115348,0.448166587809384,0.00100536397362882,0.00138361735262638,3.64448484462958e-05,0.000239733465281786,0.00290926223780508,0.00170506607809647,0.000413335745038493,0.00108106024982613,0.000737384142447566,0.000969292174371843,0.00227604722965089,0.000299251082568857,0.00110905832317537,0.000558301441461624,0.00101631103894485,0.00159251725613537,0.00848102728561615,0.000952347813695343,0.00206507034290962,0.000152674885715233,0.000140628704554532,0.000126790295383878,2.85966136272652e-05,1.04081115234092e-05,0.00129945572832222,0.00332915792073861,0.000894030121120845,0.00905775760106105,3.20772915081656e-05,0.000514680288119866,0.000482256435746391,0.321718394733686,0.000563046650427987,0.000590434773011807,0.00694702648377354,0.00215340146988578,0.00029111851971533,0.000313389783169275,0.00134558735743364,0.0102061456855717,0.000146620594927147,0.0295207774584502,0.001395061576389,0.000116671999336002,8.51753132951698e-05,0.00194667588492145,0.044602097140064,0.0182653584980528,0.00175248408704756,0.00646233419602249,0.000125288888740023,0.00631027787159539,0.0236209284330832,0.00289628367682188,0.000350159009131267,5.92228787252306e-05,0.000114644699024496,0.000161192073725768
0.00049233288251576,0.00347590216854148,0.000405168476938092,0.000241492172676174,0.00363557529534056,0.000162211607125312,0.000882418329580062,0.156267242239598,0.00255339744093913,0.320614972663582,0.00134512966713408,3.06621009051772e-05,0.000413432174818214,0.00108500006825325,0.00373197909418935,0.000429564074494625,0.00294571985996579,0.000329585819633647,0.000383131795854262,0.00050808296932512,0.000126086946006741,0.00401925628326058,0.00020036957203411,0.000218439043256399,0.126733082963726,0.00153311704878949,0.000653410888246375,0.194935731199116,2.38831375254663e-05,0.000342484378191524,0.00035981267673761,0.00025591447979312,0.000175282731705772,0.000172168118557321,0.00163021792843536,0.011933103580038,0.041058534681019,0.000194749134242477,0.00310529683941487,0.00106879733304009,0.0124312972782347,0.00149929550731864,0.000246966516534003,0.000212780349731552,0.0147067754380354,0.000218439043256399,0.000310681235939113,0.030426114662446,0.003637384175206,1.71435417607306e-05,0.00419923115975483,0.00698677091379537,9.12987789803107e-05,5.62500247384838e-05,0.000394741128098025,0.0026173127952146,0.000176206163485759,0.0120073790856056,0.00623972465653138,0.00026737204217339,0.00629341330623399,0.000842494976696351,0.00561570990312301,0.0013464965969045,0.000146452805916225,0.000114547634593201,0.000224980415146448
0.0644506554442205,0.0138944406011333,0.000381040727359234,0.0140906153681424,0.00156386901741968,0.000301528063338801,0.00189194306215697,0.00393953825824079,0.000506932981695847,0.000263085350387609,0.322780083093816,9.74599893539569e-05,0.000896617655190141,0.000488796311935675,0.000310303851912951,0.00110726698469689,0.00108956206691336,0.00124686474743815,0.00414876859486711,0.00114606701254854,0.000898715218658835,0.00477214515876362,0.000821363639729587,0.0143703346032328,0.00136850788141227,0.0400019531962279,0.00143443979334704,0.00219290026492752,0.000207926483720486,0.000651630972155733,0.000430985873372361,0.000464178017986739,0.000862915929002035,0.000205888031813522,0.00307992349243069,0.000992155464548472,0.13561266436019,0.000114996112281159,0.000883544382329107,0.000588851866559497,0.00828949368131552,0.00136984202438415,0.00130183512086286,0.00138621598507735,0.00397826586130857,0.00183749646169801,0.000471925911979932,0.0015792644677337,0.00488780110454868,0.000417264872556615,0.048672346067402,0.00227341873329847,0.00168645259747971,0.000357668449891491,0.00327030103642318,0.000565973203619571,0.000508744359044056,0.00770399509163938,0.222078651992219,0.000423244322062895,0.0137880407469647,0.00366893531021263,0.021399098151883,0.00240819358226935,0.000255192104021403,0.000612179847524785,0.000256698987121963
0.00299486642442923,0.0476489265009359,7.41399650159002e-05,0.00193629101513725,0.000193374979280322,3.57449076373758e-05,0.000470719553574636,0.00321248029020618,0,9.66768165016353e-05,0.000398346866670832,0.391136174270117,0.0750353661539611,0.000292541990124053,8.47511898927434e-05,0.00052005790739435,0.000109737455830677,0.00138870696541982,0.000165484509845938,0.00143765466347899,0.000234198104833993,0.000906095882608042,0.00012168442871662,0.00688331015534098,0.00050795825195596,0.00262100409173308,0.00457085837546188,0.00101117975558903,0.000135050527603109,9.53410684925355e-05,0.000172005112704036,0.00544986864245554,0.0104509787056046,0.000167607118463637,0.00113405048476225,0.000227730820442247,0.0209170819096677,0.000304499588922244,9.40266667604868e-05,5.42852354606137e-05,0.00124438086649641,0.000520560749175106,0.00183023794089347,7.68220869463488e-05,0.00375610968235537,0.0630939983895031,0.000188021361331674,0.000260878896804825,0.12089488846547,0.00775497678354003,0.0178877739756107,0.00340588915434,0.00116310411377767,0.0028271375802375,0.000593965164932,0.000297820943329299,0.000296211707952051,0.00356944470691569,0.00547759195448368,0.038083807407295,0.00226635581692302,0.000851648566565925,0.0801180426321968,0.000680393076551341,0.0526360753432731,0.00689726037243037,3.57449076373758e-05
0.000792280775475065,0.0654660812807927,0.000455957808687936,0.00481303769711579,0.000355145774884134,7.06828476686261e-05,0.00219746191744607,0.000655789609819483,0.000172458350761007,8.95722426769184e-05,0.00134500304100767,0.0239921801818822,0.351659086961611,1.33459630823437e-05,6.10000564609265e-05,0.000683542681907925,0.000307701917997642,0.00503536640861674,0.000124066699998001,0.00243244660187678,0.000183365855510264,0.000725606462151834,0.00015150933659877,0.0121285575506256,0.000584935733365064,0.00253650323923127,0.0149105306006304,0.000910343927774231,0.00020988106100549,0.000224287715880039,8.06397077737518e-05,0.00099827309076053,0.0129032791100823,0.000125457039734654,0.000827754290632702,0.000148222365470088,0.0129727026847477,3.5995878193245e-05,0.000184213460042761,0.000203187958490457,0.00362699449317683,0.00034025460228563,0.00164992543898979,0.000534480124561513,0.00148782361381315,0.0480333349167527,7.13357557451942e-05,0.000215503411241386,0.261506700274389,0.0252698893425686,0.0142490914963095,0.000679189781234918,0.00258916292826302,0.000658673126721551,0.000675052567140559,0,0.000356624436349256,0.00167709098194335,0.00687377389427935,0.00383163888532343,0.00132071354439062,0.000544005117247601,0.0257091847886608,0.00247846211040032,0.0480998157512412,0.0255672317917624,0.00018659093673813
0.00165316871695319,0.003044334159105,0.000758304678729382,0.000717182138841161,0.00124694128532614,0.000361641043105557,0.000798693526937815,0.209017278442012,0.0120891364362436,0.00454940137117559,0.00390243106322912,0.00130657422017536,0.000195022974498876,0.20793562812052,0.0256036334279288,0.00071994254457582,0.000470320855304257,0.000403972157680017,0.0147477246776764,0.000364726520376769,0.000151890706605197,0.00220354618446302,0.000301847070958327,0.000280147601095199,0.00298945903715973,0.0164908583733553,0.000842404660789786,0.0192968843844201,0.000539295751602287,0.000383689412722282,0.000195758946901208,0.000132198684024983,0.000216720163639459,0.0001054794555933,0.000853129045599396,0.00100411133236067,0.04490433683109,7.58108770250387e-05,0.000325010561512158,0.000282493804249929,0.0366045952669896,0.000705924025045473,0.000272032282328372,0.00111663101126701,0.00326771531189586,0.0001384292370476,0.000546430994620314,0.00265769093856922,0.0043701792453627,1.15192641462922e-05,0.0155823752090861,0.00151502122424468,8.59910827418738e-05,0.000133409478479043,0.000845245527484158,0.0683316492816103,0.000977375667923382,0.0282045032497895,0.0285030471603742,0.000119546291900565,0.148739991809754,0.0715951135313182,0.00287158325297587,0.000772665255845695,0.000111039339039916,2.43775867220415e-05,0.000434786227876007
0.000892612896912979,0.00334917079832035,0.000548326248186082,0.000237703119499977,0.00229889788246434,6.87564448362323e-05,0.000322885467012804,0.486149829790338,0.00463936357500324,0.0129923873451731,0.000720078202577004,4.82052342687871e-05,2.90144824504682e-05,0.0235003535897799,0.195575672497245,0.000315470573173688,0.000742266401038802,0.000450218613704428,0.00149489658026565,0.000370774571733765,0.000198181026279673,0.00415401059881085,0.000286136708491754,0.000120549715789193,0.00373602984642257,0.00490436399815901,0.000398374994202823,0.0326032679187474,0.000291239025920202,0.000285025889809604,0.000133377116033835,0.000300415594993998,4.82052342687871e-05,0.00042119889838007,0.000873092120191201,0.00134448554107698,0.0404986405706096,0,0.0016606211485571,0.00047891696660707,0.00754547523273282,0.00275407181679389,0.000138636154292642,0.000541817914023216,0.00630352529351913,0.000229134465430364,0.000429142224019905,0.00744494240957783,0.00680651250693408,1.45072412252341e-05,0.00595978189059355,0.00370690094844339,2.65585497924309e-05,2.41026171343935e-05,0.00104794662101393,0.0518605107864166,0.000639531987393992,0.0243695924604866,0.00611639348045684,0.000329430077444466,0.0359906587059083,0.00456152377974004,0.00471505430245167,0.000807503544248281,1.45072412252341e-05,4.21978950438015e-05,9.70226263205219e-05
0.00179668575523086,0.00878235811212325,0.00764450833138512,0.000129826144720579,0.000267249524880849,0.00183206794775961,0.00360929584001193,0.000824420808272053,0.000506974704638178,0.000143268446264502,0.00252751383131275,7.02385128400853e-05,0.000404940216697606,8.66477964909346e-05,0.0001602217627089,0.404523149945877,0.00164923357559126,0.00201202191911918,0.000177279401655345,0.0618986354054528,0.00974208295032517,0.00224892769912763,0.101553328520253,0.000690321571637132,0.000351456493018875,0.00516465280362174,0.00285854649613036,0.000535017629888293,7.2013259356851e-05,2.50078684765551e-05,0.0337172099678287,2.57931546627083e-05,0.000167422273508189,0.00484362941548085,0.150670814866577,0.000214628526079053,0.0149541210960457,2.00901545590511e-05,0.00299101658758611,0.00010728827149395,0.0120377665842548,0.00113224033142944,0.000307712204930102,0.000969534304551257,0.00555381036379156,0.000265735025211871,0.00015448231094907,0.000535376552376712,0.0103758324724419,0.00106040626277773,0.0442841151726695,0.00129903622855809,7.27820844507563e-05,6.11915927322664e-05,0.0769841214480675,0.000144183861006726,0.00162742980021395,0.000786777271362809,0.00571331274626942,9.6675713235757e-05,0.00101986541233584,0.00119574092447467,0.00303355880390025,0.000688065004580586,0.000182500677997423,0.000353798862748937,6.40403939919801e-05
0.000776793235359255,0.0029894990996051,4.32257267039019e-05,9.09393539302025e-05,0.00113038889779648,4.29384832869235e-05,0.00022070237478396,0.00169353637357539,3.29494246669132e-05,0.000301554257713999,0.000879429506693438,2.8646291362081e-05,0.00014642766419328,4.16365945734219e-05,0.00020012035027877,0.00017037699814949,0.471687798057765,0.000110809052897513,3.43688016934706e-05,0.000146100761467923,0.000159283578443887,0.0139156376336834,0.000153705299757938,0.00015728453287268,0.000832842729475253,0.000803161588076281,0.00015315176974872,0.00116226980677284,0.00118267049679065,0.0484875968710658,9.87706505979176e-05,6.28013318031791e-05,0.000326818300290817,2.95718961709838e-05,0.000593386402781243,0.0019524465681945,0.0126234300868566,0.000927123606117737,0.294073019160071,0.0239748362225315,0.00102865954079422,0.0132337861297392,0.000119768229674127,2.56338306482495e-05,0.0338418343304608,0.000157901972191674,0.00836906640322026,0.00200685185556133,0.00130950637593507,2.3952992212196e-05,0.00212122963132133,0.0268471559538467,2.75549839876385e-05,0.000258837612554025,0.000422159131130126,7.43430064050362e-05,6.61433733420763e-05,0.00129394254404894,0.00377253782615603,5.80747285319848e-05,0.000631583215006688,0.000135687963051675,0.0100366192053445,0.00375245390260102,3.38682790054696e-05,1.34588763844519e-05,0.00789933826824557
0.00286744146298564,0.0923411308876754,0.00159316934959835,0.000336618454973478,0.000407780786846502,0.000182587963052002,0.0677809560674585,0.0020371438051405,0.000448890705475101,0.000259047305862363,0.00252463148577554,0.00110998798884662,0.00842078252916334,0.000126146279074177,9.09547796748989e-05,0.00607432938237548,0.000117344446209759,0.167403549440863,0.000180801315262183,0.100731296194911,0.00510664705880483,0.00217302957073751,0.00136550237087825,0.00233673147133072,0.000206729477294843,0.00780055332972844,0.166692091567143,0.000830599258557553,5.57791123340157e-05,0.00010552700202265,0.00237853958373452,0.000113883162443263,0.000517664375537856,0.000146179769965107,0.011677386674125,0.000331398229519354,0.0220914360417944,6.81348465065374e-05,0.000139610257334313,9.09547796748989e-05,0.00342088233248045,0.00172384161836605,0.00796297600000338,0.000872620707948215,0.00378672755885308,0.00148907039924289,0.000121468301620064,0.000258830406662359,0.0880506414795621,0.0960940134636956,0.0762104177310337,0.00487385959659849,0.000112774918355648,1.70337116266344e-05,0.00701284588797179,3.87454007073814e-05,0.000246583122089839,0.00190517449498883,0.00525102870273779,0.000529249088466566,0.00104325150889778,0.0009541878685981,0.00372128812028821,0.0067304645028447,0.00163077602950571,0.00656148815199737,0.000116790324165951
0.0142439543719719,0.00354660188802935,0.000774990480549393,0.00110426915840621,0.000928925662814917,0.000460656560344269,0.00098924850939715,0.0227460152932978,0.00209618306249201,0.000962290610900416,0.0308389044554623,0.000384440605929749,1.61857758560445e-05,0.0216466768858677,0.00107697019587817,0.000485138945755716,0.000538301122588008,0.00063630665213635,0.0728084661890248,0.000793359454079043,0.000303869010836361,0.00222742545378895,0.000465645580466119,0.00191059918327187,0.000858144959105458,0.0819285985170875,0.000944603677280347,0.00592344988287775,8.61945235763342e-05,8.67901735270956e-05,6.76737505476145e-05,0.000582536219471551,0.000185644704803392,0.000149735484277627,0.00127627764897497,0.000264215314513869,0.0876870795450511,1.91164229794811e-05,0.00045479473717928,0.000215911338722928,0.0598807204035958,0.00804747880922893,0.000405070439942925,0.00324700397912644,0.0107404015701057,0.00281094713586218,0.000161492716907921,0.00136654863261836,0.00335653251873305,0.000259421729635594,0.0520157835773533,0.00318008138045546,0.0001694242848108,1.91164229794811e-05,0.0016783157132103,0.00335682439337964,0.00129282123793597,0.0124306772678905,0.108185002614432,0.000385965388702921,0.205074853799857,0.145943737217728,0.0124774683615658,0.000674858523871812,0,3.53021988355256e-05,8.79576721134332e-05
0.00299107321184918,0.0148775848743901,0.00230659361234287,0.000550953617530048,0.000396074507517045,0.00103742902790151,0.0287113842164655,0.00116712984943039,0.0010443055123776,0.000107640336241264,0.00335984908491764,0.000387869205683624,0.00308821926227823,0.000111457145857967,7.87082666684096e-05,0.0876849165965589,0.000685334238218167,0.0153831396659123,0.000222942553428782,0.537049073193092,0.0252854058723653,0.00174674130124067,0.0127780482496308,0.00123755447011158,0.00093938441962905,0.00742340170175756,0.0192560539494477,0.00100723157795166,4.49192496838333e-05,9.51085967816207e-05,0.017093579503011,0.000122922925319255,0.000289283167946682,0.00157748914760254,0.0658801828236937,0.000249412692826077,0.00888481949967891,1.78296872576556e-05,0.00106166314252053,0.000204007542830327,0.013616062703852,0.0012967389704934,0.00328364527152022,0.00145135087870867,0.00250724949818067,0.000676136230438382,0.00041374808084907,0.00161253083123203,0.018645422385692,0.00496301861796429,0.0368073073261088,0.00294158543764517,0.000233297966373335,7.38028824653715e-05,0.0247666219852621,0.000211974187237795,0.00216122897406548,0.000760743913656082,0.00575683095481501,0.000324596606186262,0.00125899906669405,0.00200424828518984,0.00467464561654416,0.000664908440503828,0.00111070354201298,0.00107708242406906,0.000268801422292348
0.0178586903363276,0.00818204692269465,0.00634539899592142,0.000602000024365299,0.000232917688254932,0.00200037046550119,0.0706987142156857,0.00108850102623394,0.000690055550809713,0.0001559207555165,0.00734798291518229,0.000104947912393852,0.000924276529739105,6.62636074741741e-05,0.000170451340174369,0.0511075270480492,0.000463756181634352,0.00699948588634785,0.000497954863918262,0.0846625624508055,0.163331327531309,0.00147452339387981,0.0137830577908198,0.00402408796132796,0.000979030957045779,0.0267325419708109,0.00449222463428439,0.000518901701909574,0.000102585682360727,0.0004715107704094,0.00574853049259961,0.000135206232706071,0.000325857846336787,0.00192393868733382,0.0354784236486744,0.000256188263653296,0.0133518915545543,3.36430571288297e-05,0.000235208203419921,0.000207366573775597,0.00885572829268476,0.00055877831618328,0.0109782659562803,0.00242580116902108,0.000914475110847495,0.00125258615483325,0.00062174007139754,0.000358205236025172,0.00845950991004651,0.00157461989687828,0.276040215767745,0.000843480277556169,0.000281528301344455,5.70365976969817e-05,0.127166119594047,8.81644477139532e-05,0.00114205643072124,0.00137902244315093,0.0121158852853614,0.000277782720994052,0.00124971615437332,0.00171178250120801,0.00509999681369239,0.00102171688169415,0.000306756207432958,0.00135708602781908,5.60717618813829e-05
0.000821259023990024,0.00658105884283728,0.000239157527786369,0.000682910272959013,0.0371494511597958,0.000130860839696599,0.000503885165030534,0.00524151688424054,0.000346883519289301,0.000619325609535595,0.00246005758074343,9.75684982884722e-05,0.000266244661687752,0.000173455352139099,0.00043857780101425,0.000624487002368925,0.00964689251569557,0.000361470288065105,0.000154793744920261,0.000392722173142297,0.000216694365381836,0.445126412385047,0.00040930175694894,0.000421257520179722,0.00340763841285351,0.00174245777315713,0.000499372176488786,0.00861218280105427,0.000993608520255936,0.00263293811241879,0.000156312458411548,0.000413025850202897,0.000292167297587305,0.000108990262876668,0.00164601271373882,0.00356940651073417,0.107926931994649,0.000446702101677203,0.00877647473421494,0.00873550200455269,0.00440472915440402,0.0140894228333789,0.000241218526818037,0.000216416972525539,0.0697575473796534,0.000306112507459316,0.00267890890848578,0.0480834602214494,0.0021739472032721,6.78290396783188e-05,0.00422678195112398,0.120359425992083,0.000155537815631822,0.000624060036465952,0.00079359493310831,0.000218610109359477,0.000164033441563898,0.00501751896523174,0.0141297950803143,0.000381829657416806,0.0026589581452161,0.00068251650578308,0.00876686376640593,0.0238517979355081,4.86777624353934e-05,0.000123393004022019,0.0127110439355478
0.00286308422769759,0.00546545326015331,0.0236144681923557,0.000375233204820841,0.00033394572176629,0.0028162913687031,0.00127258034194619,0.00200421082577599,0.000711428481646472,2.86278552222157e-05,0.00211647287561563,8.29349551007304e-05,0.000252135831469595,6.41360382946567e-05,0.000173528459746457,0.158328582013876,0.000212442901425519,0.000816990304789363,0.000310823460915554,0.0138118120035317,0.00407250822227299,0.000710586526459795,0.271143460475644,0.000666677757614987,0.000444878606022676,0.00564636677088468,0.00124026286491615,0.00068773409673982,5.81797370701315e-05,0.000160014040672606,0.0267117975906968,3.31543504466628e-05,2.36246503597668e-05,0.0191371023936922,0.320287507789403,0.000147659784828728,0.00737784718010475,5.98181963859009e-06,0.000239707497750773,0.000109904496185982,0.00884421180097316,0.00101424882969123,0.000230446176900115,0.00157878714372049,0.00217663437809304,0.000356512822436029,0.000340733821911482,0.00107520564379936,0.00614733696405827,0.000301695690276546,0.0337597023927913,0.00134346049650204,8.49210929324252e-05,3.58653994174757e-05,0.0506004042775872,8.45443446801237e-05,0.00336248044706297,0.00140036227574077,0.00505464516540536,0.000202445355823664,0.00194473456116576,0.0010112224701666,0.00282600450478327,0.000994412057290248,0.000147981313163655,0.000315031038020186,0.000205830559349369
0.0727877970487184,0.016988079590868,0.000533267360224143,0.0136108089418026,0.000416541382592642,0.000323024788756042,0.00613464749491598,0.00122923901918526,0.000671156355052289,0.00015441426976877,0.0452835099474243,0.00176867170524251,0.00966304006342257,0.000152602509795556,0.000419551801728824,0.00127272062272087,0.00101987374196164,0.00114191969577577,0.000645899979072166,0.00217605905418764,0.00120605110364154,0.0020163453899194,0.0012987859555655,0.379411523214091,0.00278311168583609,0.0310789972560553,0.00237514714016684,0.00116437991167697,0.000449187292847449,0.000338646795439681,0.000232139289592429,0.000938836441300603,0.00674424255036216,0.000287553489822418,0.00337289398254334,0.00350847263994048,0.0390340217125336,0,0.000387283250903315,0.000138456045273719,0.0134750620539645,0.000786371402001387,0.0111485985825269,0.00173738694940485,0.00626309497521966,0.0157135709612888,0.000195708776505123,0.00100711457857751,0.0170112238714012,0.00249710541073994,0.149679312071387,0.00218317395706483,0.0159692204818774,0.00061213371804621,0.00424044384014066,0.000381407350511962,0.000696577673623734,0.00321864785238393,0.040699691275257,0.00117978898211914,0.00314019334187122,0.00262907166291363,0.0365134832214056,0.00150654043207343,0.0016890718857254,0.0122396336731018,0.000427470498139265
0.000398054468537267,0.00303156441776513,0.000344814397967632,0.000165370228569536,0.00617104420902755,0.000126473640654552,0.000184669158283292,0.0230082489609735,0.000592572106326445,0.0301742480530409,0.000992104694415743,0.000193857594026339,0.000109141751082131,0.000334422340833667,0.000694773761870369,0.000281706984026855,0.00199479759069916,0.000269510004562278,0.000149491371214036,0.000419259118739293,7.49971509325483e-05,0.00611760118021447,0.000180216636071577,0.000266825148982567,0.467546619727307,0.000888669834235335,0.000370520681045244,0.086774922159169,0.000161216440648963,0.00060920429565219,6.81573757164225e-05,0.000204666724237378,8.93391555856552e-05,8.19255733538485e-05,0.00101144996837687,0.103459411264056,0.0289724441203817,0.000131439135802689,0.00137042158791713,0.000863669561929317,0.00564672441680205,0.00234676309987832,0.000171371785389041,0.000246903305458373,0.0713886450466734,0.000120414848031798,0.000406277099915327,0.112085181389535,0.00182750124560696,0.000170991820984242,0.00267471216151486,0.00585300094201698,6.16034042124855e-05,0.00019317143954774,0.000311541963820816,0.000598757947110721,0.00025848468567251,0.0104257240533022,0.00489029197655674,0.000302749943955252,0.00448625288050822,0.000749995588756398,0.0038920230658348,0.00143426412964683,6.66940032923639e-05,2.30265946996338e-05,0.000487088587045091
0.110292914061932,0.0145006871948865,0.00135732415982511,0.00115261828198913,0.000796234437817483,0.00188871858708625,0.00488278467020384,0.00452942591437385,0.00210956723894089,0.000219845412808659,0.0232761537815525,0.000487564158442477,0.000915726615404653,0.00154018328050692,0.000415784211232427,0.00244569326164083,0.000743044013982982,0.00186000112568838,0.00458885664272312,0.00210189458974575,0.00212282980222857,0.00296633772661479,0.00163553149993043,0.00560286431909949,0.00116925625739745,0.305409499655286,0.00254103413614056,0.00230266267340426,0.000234733624120253,0.000201136680560388,0.000554109741791448,9.96491088377052e-05,0.000339118913931899,0.000313196123848913,0.00555684543322034,0.000503428125412542,0.034063663715781,3.78627373763271e-05,0.000707859007801619,0.00030377123794659,0.0382816870654835,0.0012661307399085,0.00287594201085419,0.00858096209942541,0.00440088393736082,0.000832088995038869,0.000676998066325723,0.00209734948009911,0.0086333791575915,0.00100454131944095,0.289616051393142,0.00220278175239424,0.000381977669641424,0.00019183294506663,0.0086293394472689,0.000870916454897891,0.00325774661938481,0.00418299157765414,0.0262597434175726,0.000294335182829198,0.0102176055819483,0.027106640575917,0.00897671837858862,0.00144474056437985,0.000162767561586167,0.000550593728863691,0.00023284211582119
0.00221752019453969,0.16737103248167,0.000587253996113415,0.00117111998446302,0.000564440623999449,0.000296044267164508,0.0149518492539848,0.00220563361775712,0.000854128707357896,7.06754466477267e-05,0.00313190277059967,0.000986150480273312,0.0112989979110199,0.000127920193612043,0.00026135171400895,0.00484040275870978,0.00239977835265882,0.0311031596096858,0.000293072965802203,0.0316563731858044,0.00180442132076043,0.00239367475175347,0.00131934971195551,0.00232871783272341,0.00119178207109991,0.00869990541162012,0.433525172065969,0.00078612019683343,9.37313254418503e-05,5.01497462664e-05,0.000972078986929945,0.000204334847002985,0.000934708118955769,0.000383183710419125,0.00567959062171903,0.000434341639139398,0.0148188421732325,1.90077976934113e-05,0.00188784855367636,0.000221656352613793,0.0101127733741222,0.000936256497981645,0.00292061721478209,0.00132864810307945,0.00430010867443395,0.00240299812244526,0.000238164195314229,0.000852934354160901,0.115611814984185,0.0535845831058512,0.0216182685846191,0.00105063248718142,0.000392672964793292,0.000219078324781424,0.00433283379453855,0.000350080548818248,0.0022511129029662,0.00153268719132721,0.00652800359940341,0.000539000089075538,0.00137365428686031,0.00149884711454539,0.00595632417817535,0.00086118381751619,0.00169182280724435,0.00331857509601949,5.88978340998844e-05
0.00105222350222501,0.00580312289016701,0.000180976294862572,0.000395810581617139,0.0185612322132884,5.48282862118487e-05,0.000664664472800424,0.117807337241432,0.000508216721223914,0.0217459652068126,0.00179734626698232,7.37909909709523e-05,0.000184355477737612,0.000986095655774085,0.0019459707247002,0.000812501673379265,0.00159421940595505,0.000358263750768302,0.000500148059316982,0.000517673110722094,0.000190214752540904,0.0090293843920657,0.000321130685741201,0.00033173589243295,0.0293889390149625,0.00280093459577397,0.000438270868277327,0.485264942269392,0.000252024996014258,0.000384295550185852,0.000307131872467682,0.000266143772414014,0.000151449010800981,3.06708046523087e-05,0.0015762520764136,0.00530142699891653,0.080543196346187,0.000139995183770858,0.00213667189212836,0.000776741764776174,0.00396337065782916,0.00220136669830865,0.00031474675070484,0.000161163096570232,0.0230127723221276,0.000172083998067678,0.000754172886315154,0.0760515271546258,0.00421026003903463,3.29129673869389e-05,0.00435919082841831,0.00501050274796734,8.22257630917386e-05,0.000197829942634713,0.000902803555302018,0.00130980575153188,0.000402177291693155,0.0391212259640678,0.0134488711310688,0.000201944819089456,0.0161377226106659,0.00127620043481337,0.00926145435425038,0.00161066522770822,6.58996960643468e-05,0.000159209388554454,0.00040159865524561
0.00104101402829325,0.00690925521305732,3.54252009428327e-05,0.00233626414648161,0.000671963789479382,0.000184326656051808,0.000344629702255859,0.00146471235546476,8.43576031846746e-06,0.000135771638569052,0.00117974747975017,0.000673049631493938,0.00192103965224385,1.68715206369349e-05,0.000192215743541806,0.000427198332896583,0.015616489967812,1.59093021288484e-05,3.41635811911105e-05,0.000413585623336627,9.26116554927344e-05,0.00881025222530478,0.000503540715680031,0.000637058794746743,0.00136808122020244,0.00114642788248436,0.000537475988262202,0.00123415038398223,0.218551205943272,0.0172338713816438,4.12430938551495e-05,0.00230900262932853,0.00471035412119008,7.95465106442419e-06,0.000660944921387542,0.00104215338251963,0.046465543817228,0.0505336589202249,0.00607542804439158,0.00584563073491851,0.0022292703421056,0.00167133063757138,6.01908033073892e-05,0.000323533546876165,0.0066826317051196,0.00351183049449306,0.0869411419126085,0.00262093911338268,0.00634566045317383,9.08348679210652e-05,0.00395163283455948,0.00590475212252303,0.000505055371045601,0.0249030584579631,0.000448664287614645,0.00011567590024369,5.14821525161849e-05,0.00157916626773552,0.00616561817535556,0.00173790478261868,0.00141846732031389,0.000242155838038527,0.314674328883825,0.106388045758084,0.000696875958589327,8.93650293880366e-05,0.0192217271499014
0.000584964360830436,0.00236084012361789,7.76253746627307e-05,7.72709608781102e-05,0.000820835037283713,2.04597391954003e-05,0.00019120502569907,0.00136943486710637,0.000256417727250935,0.000144373244291991,0.001024673089675,7.50737138324874e-06,0.000133152898242142,2.85838583856931e-05,0.000194035670984185,0.00051743167360605,0.253189435629399,0.000125149539542782,6.4675088154635e-05,0.000198245090494943,0.00020605550692564,0.0157753026821121,0.000345904256363136,4.52417907043148e-05,0.00174910432998993,0.000736900153491003,0.000174233390620853,0.00170627044211223,0.0026994405502662,0.290386581747766,0.00012031134192869,0.000151541937266973,0.000435449061988902,1.51135239689086e-05,0.000425334292093947,0.00287085796789841,0.0146699200795235,0.003464782118411,0.151775995324959,0.0375558080150173,0.00262566145689773,0.00929834188444178,3.28659172022299e-05,2.13848609059665e-05,0.031278491886137,0.000543783817833264,0.0505739458786219,0.00417958062602723,0.001538918937179,0.000120865856950236,0.00224218206825734,0.0421733701521713,6.79614672588833e-05,0.00075817272714604,0.000363799846903957,4.95134430005721e-05,0.000159543672190324,0.00104610013735822,0.00347880559526519,0.000159547377270389,0.000807404041307812,0.000412822173916445,0.00850901096801364,0.012781011178466,7.69119269573313e-05,3.58716880755983e-05,0.0399676655301523
0.00191974795726868,0.00675851267550543,0.010697779610184,3.67762764545891e-05,0.00032369802144274,0.00231661795655251,0.00158406719874107,0.00109177284651605,0.000263666647865949,0.000225056367878642,0.00195006899138568,0.000101818074042266,0.000462082777246069,7.23615698146456e-05,4.72487140099618e-05,0.147501935318619,0.000147213916581637,0.000715996901987728,0.000239335104560903,0.0417687305010803,0.00279723810279697,0.000855854625807559,0.0665205046340968,0.000753877270023478,0.000385681779234012,0.00444002226609982,0.00149358823480136,0.000371649406368694,4.41922010315372e-05,3.08257299587954e-05,0.241406727301108,8.17024539805256e-05,9.51484404322862e-05,0.0123375245342346,0.362021746177148,1.69787179089234e-05,0.00537040719627672,1.25564279023419e-05,0.000120087376098719,8.13695030842377e-05,0.00780133559348853,0.000735166148209359,0.000246536017377792,0.000515886587954322,0.00203612804269292,0.000258125118942444,5.85145577647736e-05,0.000483398852716022,0.00344549802022529,0.000307918278602526,0.0249225099819826,0.00130993482248795,1.96385277876284e-05,4.33026424821186e-05,0.0272086656075231,3.34017019600898e-05,0.00216879754232018,0.000748396639524897,0.00292715865379777,0.000137402493606949,0.00137003527934953,0.0016142359275357,0.00338787100616795,0.000287112522870129,0.000158156811608483,0.000285172144046343,2.75306708433148e-05
0.00137112061427572,0.00434555805097739,0,0.00389723137633562,0.00210166172434593,8.29660925265565e-05,5.60009359651743e-05,0.000451416240345361,0.000139722028322609,0.000216097729371496,0.00124938149520404,0.00178086863902259,0.00512174698280072,2.89887197937373e-05,0.000222735180459221,6.39233190143944e-05,0.00122834584950956,0.000333468488988093,0,0.000303771828973532,0,0.0014584018684373,0.000305654213375722,0.00726122621900066,0.000914791759854641,0.00158812679872827,0.000397297688782378,0.00125354524765888,0.00566600160343413,0.000659722535147789,5.79774395874745e-05,0.113719033451754,0.0280436564281974,2.89887197937373e-05,0.000589487090176049,0.00632073172777611,0.0856347529856823,0.000503447800505916,0.00283082378323453,0.00063577533183992,0.00411759516166208,0.00205872699141596,0.000494256854055219,0.000216789301032301,0.0171193510839336,0.111314035711345,0.000954739230581132,0.00868577381317856,0.00692581805565031,0.000191062016822359,0.0111749959791655,0.0043731513510295,0.00383225433127,0.0288167660246671,0.000787577357456588,0,3.69111028429574e-05,0.00232702610475821,0.0101868444254455,0.0262632461088553,0.00114643552910423,0.000112001871930349,0.471343139120182,0.00318334118394479,0.00142710518168087,0.00126173975801842,0.000784868360773435
0.00171859586486443,0.0163975510817578,0.000306898397109963,0.0158150928885108,0.000348895324861916,6.96397979719035e-05,0.000205252130709792,0.00115951141871458,0.000109243369599371,0.00014727289005197,0.00226411690508837,0.00317283885673669,0.00901367739659671,0.000542596406639,0.000580707826629968,6.02613709928465e-05,0.00109803028565758,0.000281395560769126,0.000142960234219206,0.000274891928681696,5.24244071141193e-05,0.00127058210255247,0.00132667617599191,0.0132911183413105,0.000623370132221504,0.00165343415271375,0.000882908262451917,0.000825655541751631,0.00276558702195687,0.000262402966658974,1.13286838501516e-05,0.0154036827020072,0.146177845962832,7.06872194432899e-05,0.00116995358168828,0.000225717663451386,0.0424123250936729,0.000695615538154414,0.00027038451660938,0.000330615789143454,0.00889701911075013,0.000894580927265395,0.00046221475143797,0.000259357607764386,0.00180384346013942,0.0669621662490532,0.00100622802031836,0.000903685683444704,0.00798195535374638,0.00165534450744597,0.00780732286394807,0.000695217629837364,0.0174758003171134,0.00724197839532488,0.00158051153828713,0.000526257014545598,8.96639488681942e-05,0.00159547584246907,0.0107302382165283,0.0063473144412231,0.00224642037962336,0.00101401824884539,0.559789465155962,0.0035376481376223,0.00252766966422736,0.00194088627146751,0.000595970471000891
0.0027829160263387,0.00447779392399614,0.0777711902874389,0.000128388719198263,0.000475320709641001,0.00226773562316239,0.000671175015487506,0.000914596300208793,0.0022523871422913,6.58596332985946e-05,0.00155670831512533,0.000217564446542727,0.00013778784565652,0.000166509401685173,0.000261360019767657,0.0217184882598277,0.000581277378431618,0.000300285346422087,0.00018135171741884,0.00376116894029795,0.00118162117980509,0.00110621347466939,0.0656898088003119,0.00113589994448795,0.000486753446175284,0.00420292385243993,0.000913858779651337,0.000779173378773999,0.000193128303491397,0.000118614140862827,0.0137513442971704,4.25959041466193e-05,0.000148169577331745,0.163623690422107,0.50664582832691,0.000267288365070168,0.00805055159701951,5.13769596215894e-05,0.000939740524244818,0.000306055221523648,0.0198676400636761,0.00111116030478907,0.000625312979768813,0.00189229828842248,0.00162087535898805,0.000758590181981706,0.00024007601753598,0.00130360092650605,0.00789467296520559,0.000160382311150565,0.023964030351084,0.00074832442215269,0.000122927293478721,0.000517216638850436,0.0233650967597475,9.92892846688165e-05,0.0123002421659309,0.000681518859825409,0.00240875304531761,0.000105807719086235,0.00161579258171405,0.0034942488510469,0.00357370762047155,0.000721928890833886,8.41409461767454e-06,0.00029609473613595,0.000177495738961667
0.0020053968084653,0.00738905882178629,0.0173535932109162,0.000227046782803863,0.000233406372702353,0.00117536085319345,0.000887679089386187,0.00152048190046158,0.000751104271984282,0.000265543755066531,0.00208269389630093,0.000460869684107858,0.000297995896879009,7.69348248272471e-05,0.000102655506267348,0.032632245835318,0.000410331040120242,0.000424855000646791,0.000137692515970459,0.00698397914418762,0.0016349589947078,0.00123877676128099,0.0566554840182631,0.000831300792919083,0.00045672971825223,0.00375823774006136,0.000988227078458348,0.000682152036070683,9.84593035316387e-05,0.000134524636916672,0.0285173274784998,6.55191815220351e-05,0.000125113593315529,0.0266952356476391,0.696447978487311,0.000266725178979442,0.0128044250771874,5.67070104608688e-05,0.000947307997106584,0.000188670633371323,0.0115289733060612,0.000466046738999292,0.000150918571510731,0.000596835412203225,0.00255872648891383,0.000326738198443618,0.00019704727075338,0.000642640060752525,0.00748796856361589,0.000381623498822556,0.0259553883452832,0.00091486775586105,6.66913719828106e-05,5.97308410082501e-05,0.0204767277278422,0.000296966081697986,0.00501916645306471,0.00179847036305669,0.00597284788651613,9.05690422433373e-05,0.00137131566482335,0.00102641998523314,0.00375041442417114,0.000519941263627962,0.00011751083839713,0.000140808926472142,7.1858341395417e-05
0.000244035806995625,0.00172104802214008,0.000110087357457516,5.14235940197001e-05,0.00418405797854174,8.86452752405609e-05,0.000256359535368262,0.00929251156537841,0.000265678734732619,0.00420988892155993,0.000799508561822757,6.48317340131742e-06,7.5525654051974e-05,0.000127443844688429,0.00033745067413768,0.00012624504534035,0.00232369639448948,0.000167186232365454,0.000151041205196012,0.000286816973085364,0.000125374917650123,0.00783388901597947,0.00015320115116224,0.000247109475548152,0.150583490459182,0.000531495302110952,0.000228548753736825,0.0162533565973019,5.93183917053835e-05,0.00055472523112333,6.81803459982221e-05,0.00022142231673643,5.38840686283856e-05,4.56365034905576e-05,0.000971406198133658,0.461801887851423,0.0187517261444312,6.99460800481389e-05,0.00253201365583663,0.000843001959809677,0.00472840663568486,0.00637569159902724,6.29220812093857e-05,8.08474963313647e-05,0.201072749418962,0.000303753660600046,0.000339958719880453,0.0726494091870658,0.00152219141144781,0.000274355839721444,0.00294256324618105,0.00777219007613641,2.62365577503613e-05,9.42683173191124e-05,0.000169961889519218,0.000395543522201943,0.00011407521808558,0.00364551219339472,0.00417434514149097,0.000166697645737706,0.00209976786795683,0.000423786725544957,0.00253982566226706,0.000717896116998564,3.24158670065871e-06,2.7737207773422e-05,0.00052131600496191
0.00178948578318094,0.00771144688787855,0.000249818330907404,0.00302016825505096,0.0110655851159536,0.000165060622725779,0.000909386504670368,0.00791480089329008,0.000279074092986939,0.000433496751467018,0.00528329000301227,0.000195034342899998,0.000360019216359132,0.000358762818478346,0.000554993910404547,0.000821413063703634,0.00177268265904812,0.000483835832318441,0.000411709329879436,0.000703137999557029,0.00039058340482905,0.0140422945283319,0.000570887381206,0.00117226158355189,0.00182682917364978,0.00333295996503736,0.000612955503456695,0.0065276048191654,0.000573647634432296,0.000404345951020006,0.000212950779725855,0.000589914511685114,0.000590821813260739,8.94911246757495e-05,0.00215104970490604,0.000667308202529178,0.683089437206229,0.000439407759385294,0.0020027488318952,0.000642727619252396,0.00739795001574856,0.00254680966074326,0.000391726261626288,0.000311281114986846,0.0103937313160742,0.000696224949889719,0.00107464336923697,0.00374156816148276,0.00640644923227657,0.000179657249455668,0.00986261626840409,0.00559873587207387,0.000343403253863567,0.000501794759959353,0.00122833243539441,0.000344646932819863,0.000427041960924114,0.0251940191743117,0.101776415082149,0.000545780288268869,0.00741511330239111,0.00197528668470328,0.0280288094338416,0.0176641123169408,0.000126521091835696,0.000188608848110771,0.00122529105049002
0.00073625991004495,0.00516677760818044,5.20338288990923e-05,0.00113132170999558,0.00298315547634999,7.25953400305167e-05,0.000438185358993153,0.00215390243383866,0.000139479348372741,0.000524411524602148,0.00154921981377528,0.000401236775063006,0.000677018497673982,5.50090036716398e-05,0.000461380475575227,0.000237743234326514,0.0185649146379453,5.6392737799133e-05,6.70347091009378e-05,0.000953544978585875,0.000111401741470773,0.0087532042145177,0.000333249392002966,0.000762467684521329,0.0013306495163411,0.000504344767629777,0.000142787236001957,0.00236276903737244,0.0795148433051821,0.0231002885650067,9.40869891516877e-05,0.001011084016149,0.00227634738930199,8.66022047203854e-05,0.000815563584998947,0.000476995209119629,0.0404353545422421,0.354987978490479,0.0148726921338554,0.00333899299908768,0.00069051750917261,0.00205200110584925,8.63944982028242e-05,4.57507664973282e-05,0.00563619481163644,0.00212691581540771,0.124276582981609,0.00270197853597087,0.00542284216731185,0.000362524597876442,0.00268588082416504,0.00515962296716384,0.000238257959281138,0.0465468062757574,0.000342264488262445,0.0001912102818928,0.000198972267283529,0.00273237463742471,0.00745194666427312,0.0016127676748949,0.000834529412918358,0.000126194915155057,0.153999211006514,0.0512231811559406,0.000647887120795837,6.68270025833766e-05,0.0108070421341829
0.000505945805441415,0.00332129686150973,4.28183215296497e-05,0.000106946000185147,0.00130041651589863,2.42095757464469e-05,0.000182670992457382,0.00105988910649948,3.11512824961812e-05,0.000309111780433264,0.000806466073440734,0.000137557296130936,9.90103235246331e-05,3.26578803040948e-05,0.00013783277833986,0.000207009532700525,0.172554808713124,0.000171125187862356,4.76410787397631e-05,0.000209815317693946,0.000296251406837704,0.0131195102820466,0.000116891617423408,0.000182790151516351,0.00082514716364664,0.000842895485125619,0.000434038230230101,0.00144325963605331,0.000813287518849269,0.0172268250991917,8.19980939129761e-05,0.000103480845140266,0.000191406494536904,3.41531454383782e-05,0.000444481205281614,0.00246994305594625,0.018078895344645,0.000617386385724733,0.593439510667404,0.0152321345520105,0.00216776585666199,0.0407351681051128,9.53063138098513e-05,5.38107853274974e-05,0.0526473774745525,0.000258937767032694,0.00383424430276385,0.0023899730861244,0.00199483064767614,6.22486838094709e-05,0.00234403882749001,0.0258285643167895,4.15394261186374e-05,0.000200290316043211,0.000521649878154898,6.60768844538579e-05,0.000227069936801561,0.00074171953037985,0.00413563095046372,0.000116458033898539,0.000686133519977167,0.000456832931103208,0.0063155347629328,0.00276988380710488,3.1001814287878e-05,2.21362907828419e-05,0.00397310894532698
0.000538790527740178,0.00367302508177804,9.9524972821804e-05,0.000111526191102883,0.00178564844307805,1.87120163593737e-05,0.000250147115509801,0.000780304693768459,0.000167092903314635,0.000140101569108201,0.00105752993490368,2.39918989709256e-05,0.000334308410282773,0,0.000178608997713694,0.000247702088674675,0.114679397105882,0.000162961444731372,2.88581130095365e-05,6.75476241634001e-05,5.83450793008279e-05,0.0437876329483193,0.000221985387634776,0.00012724992382476,0.000807140902140936,0.00192841998929228,0.000128448133050754,0.00196067063967809,0.00127205777383035,0.0283160708901445,5.18925619531054e-05,7.93550836460508e-05,0.000188727279441677,2.73124026461929e-05,0.000304570634333139,0.00224058732738487,0.0132103895762171,0.000648335332745954,0.08590736600598,0.228340384436083,0.00206651992638367,0.0383534036389205,0.000116413812609232,0.000140306235621266,0.092825467476542,0.000100878288803884,0.00493107924757388,0.00394183483067287,0.0016889555129254,8.30625611882571e-06,0.00301824231412666,0.287677089552516,7.64293625946249e-06,0.000317724814740832,0.000274745898122179,8.07912679084098e-05,0.000104633047832583,0.000984840763445655,0.00292844059461995,0.00019221043630391,0.00075342933063797,0.000225009276508707,0.0054728012796284,0.00699327217244552,2.6754722952011e-05,3.68969336663706e-06,0.012812795231853
0.00426492300291845,0.0150950387364233,0.00546056747076431,0.000355899871880472,0.000843293614453196,0.00229165445457943,0.00195461029522164,0.00520348755087498,0.0351777826422726,0.000314752132966181,0.00188441892175409,0.000149972229840444,0.00060279997636159,0.00111193079927241,0.000481451338400495,0.00250961008840008,0.00103303635743474,0.00128656784207007,0.00099070335300528,0.00285585206971541,0.000680209685655458,0.00211617581283713,0.00131467974158116,0.00148161622701778,0.00192834895249214,0.0137802622322811,0.00143636659767845,0.00219717677068062,0.000145737458127228,0.000249838519879673,0.000541888642965022,7.37124250943314e-05,0.000239662507036451,0.0017484275733486,0.00897337301498612,0.00095003228565465,0.0337749203352486,6.92900869794189e-05,0.00125524808204177,0.000354869785323736,0.614361789503792,0.00194802038959101,0.000932734279097926,0.0157342121989589,0.0104608236484529,0.000539288599013065,0.000432524401405787,0.00179910814761009,0.0131868352098666,0.000656081310630894,0.0411782897171168,0.00257319847511138,0.00016232108662082,0.000106792983120179,0.00495094275243668,0.0037310101800862,0.067512767375105,0.00285834902240899,0.0181436032965806,0.000138635757093879,0.00906990015155487,0.0222773533692044,0.00781625518884945,0.00139978168603213,0.000203018149313347,0.000453215485608389,0.000192958149818761
0.000464310258849016,0.00390895880444705,6.08009682301249e-05,0.000121556003523437,0.00141781558009567,8.13094556065745e-05,0.000265785360562458,0.00152820302109294,0.000130087741805351,0.000246419501843463,0.00111519284465792,2.74047867900125e-05,0.000194033413359459,3.42384956233671e-05,0.000179704997733325,0.000340656456981658,0.0140396917694546,0.000183716210181642,3.13359631633532e-05,0.000361969481995532,0.000163649459824617,0.0158941479237721,0.000258274012352042,0.000220283526104785,0.00145934392195062,0.000896437902956647,0.00024622516320586,0.00190372261287341,0.000178803080438133,0.00275241314663343,0.000159798983513363,0.000116544332381581,7.88182030746164e-05,3.90269843293091e-05,0.00101008772106773,0.00450829807862189,0.0178776804277439,0.000199720429694787,0.0459019144378893,0.00916147249948302,0.00362828842505972,0.377541942434733,0.00013385129155784,9.5019485327085e-05,0.369872924738856,0.000159621250909577,0.00112731559478878,0.00764180655480244,0.00192677738538381,2.41042550916184e-05,0.00275906804779788,0.0906135578580341,3.27696869214734e-05,0.000221504817609458,0.000501064084077477,0.000147717595796651,0.000241933553012516,0.00124108795587914,0.00521451586476761,0.000128986931582014,0.00090145465192641,0.000332152050439313,0.00517299698704698,0.00130181957934547,2.86081904876394e-05,2.48646138529708e-05,0.00122439215100497
0.0688247413824541,0.0145031933257373,0.000517771816214008,0.00113345251936629,0.000961109971341365,0.00200252130922873,0.0747378277563685,0.00137933041584111,0.00120277045156552,0.000212871994230917,0.0107185007176477,0.000281265992584688,0.00180881543136984,0.000445904904345053,0.000113549477764711,0.00191083999356551,6.6870858820898e-05,0.00417710288452033,0.00070999700073601,0.00612987634291475,0.0171354081557016,0.00129972143589454,0.00137570088235659,0.0439498474836079,0.000103183219372471,0.0513714892395364,0.00539261894285498,0.00177946140147077,3.08228099642692e-05,0,0.000678528205716179,0.000110217398248334,0.0012806442144904,6.19099316234827e-05,0.00261152302374544,1.54114049821346e-05,0.0223924025172503,1.54114049821346e-05,0.000259370520872265,9.68792449446479e-05,0.0127498825238152,0.000171528124184404,0.0635804699109899,0.00286588534215778,0.00193591042893062,0.00248921563830256,0.000185525899638607,0.00171861447844727,0.0230812695772917,0.0010923023787172,0.498878099869144,0.00123651639349564,0.00137578394466223,0.000176009521533769,0.0117205123629487,0.000665620819314947,0.0016173741731851,0.00150472741207136,0.0113143283254384,0.000714467075164109,0.00192582765681532,0.00220516767834707,0.00991132027619694,0.000282009834127683,0.000265590275907609,0.00422589971623141,0.000311274378708438
0.0106251304904584,0.00159497705850838,0.00246918353961078,0.000479601809767291,0.00111022449006444,0.0121042750738304,0.00139201395172753,0.00602558828669649,0.0086713894281885,0,0.00358446536263028,0.000109778129946195,0.000281552667930223,0.000263270884307657,0.000137312483141684,0.00172883125064926,0.00057074522712692,0.000986539166189568,0.000571262077701796,0.00224348262437744,0.000339431996261021,0.00829985599644511,0.00130498561194732,0.00155148033773713,0.00196242444500146,0.0723817991925288,0.00113507652309927,0.00461751172941021,3.82214886082033e-05,0.000101923969621876,0.000478428023267498,0.000158111222126032,7.06872492122873e-05,0.000386147156397762,0.00363242846635844,0.000264126279284164,0.0224401339506248,0,0.000138427390232659,7.32747093354117e-05,0.301331747340843,0.000614375169233147,0.00129944068550528,0.171591009983969,0.00654518555738165,0.00065081989526964,0.000326382199436465,0.00100122962674691,0.00791200300070235,0.000501020976160427,0.229477381499549,0.00474935216266788,6.05342131326773e-05,0.000263523118377718,0.00565544729330708,0.00240049314357637,0.0179240814739495,0.00216437912564537,0.0131477209513161,0.000131499688585804,0.00600148144881341,0.0331230134521992,0.0175115654835772,0.000980828509715628,7.64429772164067e-05,0.000234941282770009,0
0.000532936137171937,0.0037770999490682,0.000125365032655042,0.000210419518262643,0.00223387674751983,4.7257282536737e-05,0.000358104946204338,0.00356460996570494,0.000316118784258625,0.000486513350374558,0.00109618318323663,3.87615817522688e-05,0.000151493719870318,5.86729897278069e-05,0.000178793159533444,0.000401387573302741,0.00626108114821593,0.00022018662855563,8.16375547678954e-05,0.000284649340084425,0.000197289951144546,0.0129430611571938,0.000257146266806642,0.000333799347231339,0.00397235243422157,0.00113306133610488,0.000261467903451842,0.00420227182650025,0.000154545162514239,0.00119790491094496,0.000102670947563726,0.000148978895141342,0.000104700704733114,7.33373901985152e-05,0.000890547366899471,0.0123372761817556,0.0195691500731546,0.000119325887284395,0.0101746752781943,0.00279576553373451,0.00409081912987439,0.0531159573269348,0.000137400283279002,0.000156403186834433,0.762382575304345,0.000170861988249792,0.000497369443089782,0.0217915015196767,0.00280330904432537,7.78793986602254e-05,0.00335806624347344,0.0420584116492555,8.84045653749166e-05,6.42854564700614e-05,0.000508820710355216,0.00017447623923966,0.000242837852775159,0.00128533283092558,0.00531675817804514,0.000183029650487774,0.00123023718218925,0.000370082912076859,0.00556995973635599,0.00178736032633412,3.15575998432984e-05,8.01096141599695e-05,0.00103171547979103
0.00386561645104978,0.0326550575609642,0.00060336419067464,0.00386089177560202,0.000608547448064909,0.000199367248101786,0.00167069871174392,0.000955607281132196,0.000237894438359775,8.2574950253425e-05,0.00177863319002504,0.0253113067782409,0.0713565205701567,2.61706727865803e-05,0.000196960276893109,0.000875083068479797,0.000555217057839425,0.000680088733909303,0.000226412269998817,0.00217196027697487,0.000742511240297755,0.00237423298974023,0.000958552223487377,0.0312314922020231,0.000523243397983167,0.0046444324510854,0.00396142433687651,0.000822193940736184,0.00106509503805516,0.000167875496398042,0.000328666966313714,0.029133061344817,0.0511308847979864,0.000357795896416549,0.00303965471003828,0.000268813880333194,0.0384682332121577,0.000187792342204935,0.000660045279174315,0.000113620066771708,0.00720492582834893,0.000764426865323743,0.00145214226877809,0.000422082397242709,0.00359360200780547,0.324071234817755,0.00012445073642333,0.000672990458082627,0.0550776088505344,0.00627560531712004,0.0181096235266778,0.000771529579470777,0.0103990448989811,0.00496740768867584,0.00123699188629301,0.000166477425485393,0.000536389802994912,0.00247246132859086,0.00769589175844174,0.0223302069287931,0.00129779130226376,0.0011474170040482,0.182492478926272,0.000568907640972009,0.0101420550711597,0.0176281642118243,0.000280496707493478
0.000628188721895972,0.00566829948130628,0.000152711514334321,0.000325126308690375,0.00182182260470745,7.67497058063048e-05,0.000401758815822945,0.00174497458441752,0.000108216413443354,0.000222460240178203,0.00198885185300439,9.88302418003959e-05,0.00107661463550461,1.73769335659577e-05,0.000367581608672983,0.000252009188647712,0.093767482954817,0.000382780453240592,0.00011725580255169,0.000267339736686392,9.69442964587655e-05,0.0136529585563065,0.000418395891579348,0.000278537476466081,0.00138022753069069,0.000937012925132087,0.000370534461208381,0.00236616749776168,0.0541018128698563,0.0933724431891994,0.000165186695327766,0.000409528334846063,0.0010743875796889,6.74039973269568e-05,0.00179236458225261,0.00112123163984757,0.0492923755354625,0.0386635352718152,0.0532005380494453,0.0125268238860089,0.00170401411716767,0.00348965525404599,0.000220622323952133,7.00017929228486e-05,0.0156978590945019,0.00106984989797324,0.281325591654873,0.00227136802924948,0.00211861077828821,0.000143106837466598,0.00319292985102211,0.0144050149277826,6.64757117432985e-05,0.0035360227309645,0.000729443848708046,6.60207599820442e-05,9.64893446975112e-05,0.00293926110324179,0.00795624060295485,0.000439284760930574,0.00104822058437908,0.000470429910063405,0.0567184692478218,0.0871350187808121,0.000261513535120849,3.14421513863943e-05,0.0780222003021722
0.000461125284444193,0.00409491187866917,0.000236100397171052,0.000351046351490954,0.0340401293028638,9.07298830035917e-05,0.000303999161209802,0.0162997294940914,0.000237237630254801,0.00366146196107706,0.00146333235387155,3.06231266669068e-05,0.000121597134184551,0.000300057244764391,0.000596154513584453,0.000402420254611039,0.00368266997515051,0.00024837490915726,0.000169767639756986,0.000336209019923429,0.000160409022435725,0.0473610020299758,0.000204044636209025,0.000502753311059217,0.0409110738134655,0.00141860488378048,0.000260637952377588,0.0703326846880302,0.000289635651951692,0.000732565338324568,0.000196971687237764,0.000226175661563601,0.000205262517687285,5.93562915792697e-05,0.000487173737858447,0.0267930889468291,0.0360074302501049,0.000315369736921696,0.00422712255444863,0.00195574948222389,0.00404984090763556,0.00829525455944683,0.000170612021181829,9.93738636699033e-05,0.188235019199598,0.000256524623421679,0.00051322269795261,0.426785891048903,0.00170353926176259,5.97418094502926e-05,0.00297356186271951,0.0377224757378183,0.000156433631729688,0.000188272436263606,0.000903688746992982,0.000426170522533002,0.000347468884746384,0.0067393835287487,0.00682091073804947,0.000228378938053781,0.0037343896199042,0.000876674275271831,0.00548513669379789,0.00243234641240354,6.35167650516648e-05,4.73086485919444e-05,0.000910072854290315
0.000777092974820084,0.0811748223104943,0.000162062266885365,0.00017430594572819,0.000380809086459774,2.79421178435031e-05,0.00202394789311013,0.00064638890574496,0.000253638275692583,0.000138198315965882,0.000978139567084704,0.0014365334345918,0.0062045562547326,8.37312988207532e-05,5.93409662141875e-05,0.000581912050486034,0.000421490892425809,0.00196945526489308,8.03365053889933e-05,0.000921675769233768,0.000196553376993292,0.000771448971621445,0.000317595670123873,0.000654965601994007,0.000478370640200882,0.00151413153167,0.00438905670779322,0.000642933393890989,8.03230194148157e-05,0.00019538946674827,0.000222375957396794,0.000133237045438101,0.000577901314930926,7.61192211615821e-05,0.00162023113850916,0.000135145808881068,0.00688602367149494,6.63256197020357e-05,0.000472893804516595,6.89764994846271e-05,0.00347572587632455,0.000513375020470101,0.000761331108172407,0.000343034227840624,0.00255965431579867,0.00154849278469848,0.000106298956520425,0.000285560951089534,0.847329175922807,0.00182561842002778,0.00486547238095095,0.000730769641657676,0.000116708863072244,0.000132152271002548,0.000598197885261311,5.32376690873391e-05,0.000282837375801541,0.00065026236975728,0.00334391437116168,0.000272011840357124,0.000696090488938386,0.000429531127879742,0.00397795190579416,0.000465343191400738,0.00564639943915039,0.000860352488109212,0.000134120548285276
0.00312044810125701,0.127826277622825,0.00069924518554193,0.00191154160331898,0.000204620586744505,5.76054532792157e-05,0.0134054683556049,0.00171132853061345,0.000321064420336946,0.000416168690044762,0.00348646231669339,0.00429635149965877,0.0427518029006939,5.4461887996146e-05,0.000110011520743198,0.00370624507939964,0.000746190129951958,0.0380690257078556,0.000185231812760818,0.0128873425388565,0.000959305011739567,0.00164914016349447,0.000647761528593682,0.00558185210789047,0.000765072252030873,0.00418508820968927,0.117661203472793,0.000848484223424219,0.000295425916488032,0.000208581392672844,0.000415929858311677,0.000474307102986656,0.00226759919612639,0.000212960711416366,0.00332569174846551,0.000117261074237711,0.0115268938786488,0.000318087201701465,0.000958572574948632,0.000125431009519218,0.00843487129777298,0.00043819451989924,0.00271034053892426,0.00123421498396726,0.00153528227976652,0.00578174053650007,0.000201189483321669,0.000698409096848505,0.129344009806412,0.361497779362113,0.0300592023662938,0.00154995295552529,0.000424045358858142,0.000481674005230582,0.00370602914731634,0.000163060725147759,0.00126532996752687,0.00162886564576202,0.00647343820698424,0.000952330602791157,0.00261443019308575,0.00222363792220373,0.00619858106628838,0.00102272885123792,0.00418823713698438,0.016173000755864,0.000487880608018488
0.0409908672591898,0.00907220516316897,0.00130756988496911,0.00056098370388129,0.000555581378101022,0.00352305759375101,0.00659945114839702,0.00349338058900643,0.00205183791973502,0.000208572060326056,0.00755426902457974,0.000198634599795138,0.000775506265560042,0.000312043234304656,0.000285259032339283,0.00404807239650859,0.00113836326358374,0.00167473930359411,0.000955040994605028,0.00271312463449912,0.00392655302720502,0.0017422798403508,0.00230694198533094,0.00769666064044155,0.000872737322292116,0.0660584565212924,0.00244463949279287,0.00155521606977824,0.000162473095102565,0.000272927766401325,0.00071279630468229,0.000138042570298978,0.000353809492903022,0.000455676424563258,0.00677273290126002,0.000684911515661492,0.0279408022165568,0.000321751259839135,0.000720673120265094,0.000276424367995926,0.0255552014134026,0.000960756078113873,0.00525387407400474,0.00675222653576345,0.00597013323986309,0.000984573732639159,0.000553898564418177,0.00133846842447332,0.0111054704275343,0.000899636865186586,0.672332381456297,0.0018156395269062,0.00035125634166264,0.000248305625766304,0.0129843759470433,0.000347527219941767,0.00245138178418197,0.00154890065906656,0.0161258581578692,0.000304427196705951,0.00319535633855907,0.00578481172066254,0.00719046922209169,0.00126066484073355,0.000204758637834145,0.000765307437799078,0.000279273146570108
0.000686292351198417,0.00463348118642472,0.000200654617460578,0.000386287032412828,0.00468746691456609,3.54898227155185e-05,0.0003366944063299,0.00365155796299092,9.40694992843811e-05,0.00042920584280309,0.00147129208934852,4.76302727161349e-05,0.000429717234442172,0.000179979032239934,0.000308673149114568,0.000334113331330084,0.0190677718132187,0.000228006428959355,7.20921162787657e-05,0.00036202805357273,0.000158872448539123,0.0690063126936816,0.000517222466649682,0.000358848053298956,0.00208825504986041,0.00132487998944267,0.000393386176097603,0.00333719533015297,0.000544572552800199,0.00526925640669765,0.000112771091368844,0.000228380444623745,9.76274862424892e-05,0.000164523443074806,0.0010232114918328,0.00371347276859397,0.026989524386126,0.00029425211035268,0.0168476685936339,0.0353860218653037,0.00501037423277239,0.0568867515359991,0.000163215404483901,9.380454223353e-05,0.201300992081305,0.000138043695993347,0.00160587654002837,0.0212517562460664,0.00256034802485027,6.083618634795e-05,0.00311094179376191,0.475633276418201,8.13141032961277e-05,0.000667394392006607,0.000648628144787505,0.00013626844582553,0.000178942386423818,0.0016357392224455,0.00470378873149778,0.000257543445164668,0.00115191855049468,0.000625726695139784,0.00681679322844859,0.00410689816865438,7.49043180551975e-05,7.03492258048934e-05,0.005528816234131
0.0184568591135607,0.0110877108448125,1.84680123989933e-05,0.0710657491326497,0.00107319163932256,0.000130595230535738,0.00144840001177596,0.00209321960653366,0.000193593844540368,0,0.0174562656852217,0.00125206398951876,0.00744759475743568,3.69360247979866e-05,0.000258301148091022,0.000670748907541801,0.00048395856217789,0.000762627030868346,0.000164272452710706,0.00205051881461584,0.000616600474536134,0.00233684368007949,0.0008155198596827,0.132643763671268,0.000108435386319688,0.0104557299340082,0.00188902630241007,0.00228716358260566,0.00227939781335694,0.000204383684419566,0.000236447253966065,0.00636206960083497,0.0744637828659352,1.84680123989933e-05,0.00216251636575794,0,0.0710661895339299,0.000452948536962877,0.0015535541727531,8.19197117583342e-05,0.00474580635148676,0.00081973214716668,0.00252301805614203,0.000539426138926342,0.00555066150947443,0.0713631030817699,0.000665749373187369,0.00400615159257218,0.0135078200254623,0.00153091759461937,0.043287507487108,0.00233431954926397,0.0768305543898335,0.00284044805184066,0.00224460709970131,0.000198004361123435,0.00176611619084027,0.00329613233084233,0.0451655159768108,0.00397511013809349,0.00136608503361169,0.000292264025837962,0.254657631343696,0.00347727584544038,0.00162133515954222,0.00493585810439099,0.000273013789121487
0.00121474362447588,0.00632871546224243,0.000248888465849474,0.00381401986763942,0.00186014146042358,9.84079774347316e-05,7.4437962518547e-05,0.000770441481437959,0.000102489957169417,6.92165271512322e-05,0.00159632711994571,0.00304367381146837,0.00193595063898699,1.91718672698511e-05,0.000357176680670884,0.000137656023320118,0.00322932141620183,5.67174741186523e-05,6.07700491489361e-05,0.000571179545240688,8.804501281746e-05,0.00378271991335379,0.00019894168162703,0.00193668963055015,0.000978862212933121,0.00145695621893231,0.000748395934413659,0.000609795459992641,0.0270139100563963,0.00237196609292026,8.58480613314538e-05,0.0123852525091882,0.00709608786266407,5.8261174425603e-05,0.00204573844705875,0.000709060001134005,0.0378728181987103,0.0303512912408708,0.00137480416558466,0.00240525996620912,0.00171519853128554,0.00192804919818414,8.81373342544543e-05,9.76624048186819e-05,0.00359731706777888,0.00927758117888097,0.00887428697662394,0.00124352177530307,0.00488914979225698,0.000695078787640115,0.00328806986858609,0.00370476853206353,0.000649965413372219,0.30016953954897,0.000324563759659588,0.000165798285746088,4.1659044949783e-05,0.00266801552729493,0.00722818382977492,0.011820502652621,0.000910756810215198,0.00066821497641774,0.46586060913842,0.00734006434265446,0.00104738992321521,0.000152616576830051,0.00239314746835409
0.0107999261604778,0.0144782516780739,0.0165747037534799,0.00132896161577954,0.00119543602807236,0.0124778267940095,0.00775195510353888,0.00280137302469421,0.00220856952342846,8.67128763716504e-05,0.00587497628443144,0.000318066851209338,0.0017780999108768,0.000281831523762946,0.000543543539184357,0.0579541822072155,0.00133758271746248,0.0030099481365368,0.00060363446088121,0.021594569502866,0.023960607180519,0.00222417531638371,0.0353428942797889,0.00291318137973096,0.000697478509876231,0.0154828781047723,0.00404194504516977,0.00179334617806187,0.000155461499686464,0.000142316408171443,0.00671434513112468,0.000144315404733414,0.000247334847413883,0.0043544670556221,0.0799206508980101,0.00018867479713078,0.0266786176248919,1.63498655727227e-05,0.0021819885437352,0.00029769902870701,0.0230986520809217,0.0013473791446721,0.00135769062009803,0.00444979285231183,0.00552580393165498,0.000990882297856107,0.000305696532195589,0.000352031355028686,0.0148857516453996,0.00176822416961346,0.161726634399743,0.00255599659849958,0.000258052519407948,8.65159535239187e-05,0.368175702354585,0.000859695605253927,0.00649005100923343,0.00214090603421543,0.0153677044937512,0.000230897221024005,0.00267232616669941,0.00239060609392613,0.00950481889287212,0.00164527008334656,0.000322546433065734,0.000889223631550914,0.000102269088093847
0.00100481691731518,0.00653590310376453,0.00208652637820229,0.00139826191392144,0.000803317428812807,0.000275275523578071,0.0008483884056694,0.163713284000899,0.0919063704055028,0.00204322806251429,0.00205155596522299,8.28824507415423e-05,0.00015956978736257,0.0502013055496341,0.0327097204478317,0.000166221240028679,0.000299500622768377,0.00102514017654604,0.00185696422499704,0.000340104826383633,0.00042843180408176,0.00229177840143572,0.000109184035708917,0.000746723778339768,0.00130154556668789,0.00751526363004792,0.000939857060172909,0.00925956517797727,2.46495010567588e-05,7.41876522432807e-05,7.19271169385384e-05,0.00022723654127645,4.93317409698429e-05,0.000864369254190491,0.00397733836920951,0.000606892362768713,0.0291791445839456,2.73883345075097e-05,0.000338365706248544,6.93946937044665e-05,0.112755966664399,0.00042784571337664,0.000351940900598684,0.00141211518800605,0.00259562481909886,0.000188838575597789,0.0003044726422955,0.00362548869119747,0.00338845701500657,0.000183871945698621,0.0115545044081986,0.000541105260405358,0.000166384132133122,6.71014195433989e-05,0.00076800483712842,0.372389603545548,0.00278616937488682,0.0125367151702892,0.0048734711074736,0.000287240948864056,0.0239506617162725,0.0210118235339295,0.00476901873895303,0.000947867551397075,0.000255461696995179,0.00012735575545992,0.000121975904038802
0.002379208120305,0.00293819425769294,0.0216747060096373,0.000224843132474879,0.000460216865056406,0.00288548837200715,0.00062558186855568,0.00365526626491652,0.0171185779516043,0.000176581452336829,0.00126580494313582,5.44549559849121e-05,0.000105579765926148,0.000230596329304718,0.000265930950002754,0.00145452201413385,0.000227419201363118,0.000703024460058529,0.0003207610840473,0.000940094729696553,0.000199750374298721,0.00100785029672149,0.00197298276605636,0.00172387913948755,0.000272978077247668,0.00665241489102301,0.000748066353100072,0.00151269296860336,6.68361358451498e-05,0.00011301472639336,0.000773526192338359,7.55739847531088e-05,3.94941710351907e-05,0.0047239688619692,0.013236395787533,0.000566716838775981,0.00771282786341912,2.19496400797715e-05,9.20518583594583e-05,0.000109595575865806,0.278898723716633,0.00144676078735683,0.000493350151365871,0.00953566468911853,0.00338601415978454,0.000720772075481163,0.000360282844819284,0.0012525688535167,0.00949064096230229,0.000140094964732134,0.0245572820414613,0.000752799555396135,0.000169820313832749,6.7670283357969e-05,0.00351989764824018,0.00138981568331587,0.542064623285974,0.00181608340049044,0.00543119659229246,0.000187215104162295,0.00362255368503846,0.00641523578409187,0.00367217284482026,0.000935627603521991,0.00018185206995716,5.27207117269507e-05,0.000109140956062937
0.00268156640720781,0.00861884571408532,0.000277160177301148,0.00116134613627719,0.018722520891473,0.000110048153301467,0.000790152140043327,0.0497424325927622,0.000585730176665105,0.00179791279448978,0.00566036334823863,7.26585275063572e-05,0.000243264860351465,0.00151812702127808,0.00208685392699365,0.000700815199707775,0.00172239327140117,0.000521959759986138,0.000927338176322575,0.000603105654383929,0.000359368753745769,0.00966621347172938,0.000393846647745408,0.000746942292784861,0.00519834125795433,0.00441402726075971,0.00061360284682702,0.052612212778965,0.000585294741775069,0.000307099780409144,0.000297432738136048,0.000527257754138047,0.000417006843476558,0.000130951336775534,0.00145732139377026,0.00160245856141274,0.310297037198021,0.000240883236702357,0.000830488926208618,0.000644932662760484,0.00585934135357261,0.00157788713885489,0.000490561250885847,0.000497737657520109,0.0086473805235461,0.000386338056721847,0.000963827971669106,0.0105068159481926,0.00437853118377397,0.000143360303210145,0.00732584972342083,0.00503877908989379,0.0001692358591959,0.000631485693934145,0.00101576770533735,0.00103407887566235,0.000452940081628129,0.314479807726221,0.0773098620954346,0.000534890318622604,0.0444680130493096,0.00257788563978536,0.0152682961891126,0.00534359302660822,4.70933429881368e-05,0.000129276157508757,0.000834048623515356
0.00361136153583086,0.0105376329455724,0.000328047826361529,0.00504473462446992,0.00302813626694593,0.000177635464539909,0.00126434246036844,0.00736212712796472,0.0004029066506331,0.000382808857949913,0.0216077507663107,0.000105264891189472,0.000450283931828754,0.000492467559908049,0.000568545921959019,0.000860563850658555,0.00149097007797616,0.000791243268049406,0.00119624237610497,0.000983456685104466,0.000542144881336441,0.00736462323443227,0.000676757154605091,0.00187169029565352,0.00173956375339566,0.00632361973528432,0.000837450476237407,0.00410195185744308,0.000458334190342356,0.000347063088286583,0.000285965177791084,0.00048337557449827,0.000481390095261459,9.39705450024466e-05,0.00219044615801889,0.000719167880161257,0.349649396762657,0.000201133647438055,0.00156290138760188,0.000503681937559128,0.0108811760407592,0.00210147023012681,0.000602751972922606,0.000411341328619187,0.00947760845222567,0.000658726804502056,0.000790021941080798,0.00265507949732045,0.00619239008284139,0.000164365288897598,0.0125003613995658,0.0045396652798035,0.000475285419294344,0.000541122971556272,0.001859532452634,0.000470018765383638,0.000555304708123422,0.0206930111512812,0.428441629504524,0.000499728269546252,0.0172916356206945,0.00381857309714528,0.0265021576717114,0.00571477375519981,0.000124218860592165,0.00025341396284775,0.00066348454806818
0.00222989692155448,0.0247661373010401,0.000964105302566871,0.00391211317764149,0.00104820098526411,9.11245493953631e-05,0.000872851976902547,0.00306841765998913,0.000292136983451101,0.000171433307862978,0.00105798449383497,0.0438767242360702,0.0175492504782953,0.000580067242622476,0.00084293950059865,0.000797279661282492,0.00149902781778799,0.000797596600622671,0.000159764542562782,0.00194487788500489,0.00168515395916602,0.00403940280418925,0.000505134472445912,0.0099159370269456,0.000569924468381437,0.00580807418727466,0.00454890687350811,0.00253118483429869,0.00109162704618858,0.00132692346696247,0.000323917656012072,0.0362368796097355,0.0133959733398949,0.00050783226613874,0.00196781825114849,0.00023721325982539,0.0776349917643043,0.000714126033161086,0.000575529057152659,0.000324274383059903,0.00612532755613153,0.00203779787642178,0.000498211005080055,0.00177515067771174,0.00806385109159306,0.116062480883931,0.000618053500910251,0.00447680208895827,0.0403443209300416,0.00236667786069404,0.0203079031322414,0.00198156799193342,0.00252644774174983,0.0288323356621119,0.00250952846668052,0.000404380456606385,0.00215133380789733,0.00497367650527013,0.016959640572058,0.187432471130186,0.00609041230321615,0.00259869272089801,0.257675648131377,0.000585289188786828,0.00808596578996794,0.00301017226665468,0.00104310527674637
0.00245675637516254,0.00544331085322012,0.000568379808706536,0.000632759406125209,0.00359363931291498,0.000181745910771417,0.00102550889495903,0.156380537377544,0.0020162077810749,0.00279402263267099,0.00598251323250308,4.72634081318616e-05,0.000192645913174466,0.0138543519050533,0.00586855643446975,0.00113013362650336,0.00128517087301338,0.000493097895968144,0.01194118131974,0.00073891908869927,0.000198128833275705,0.00394178538330692,0.000541998009719098,0.00125715034883741,0.00246052919872621,0.0129642476259533,0.000679362123348483,0.0319585835323566,0.000194769019463609,0.000318696153684094,0.000288236601522054,0.000347431446434065,0.000229974489699687,0.000137811642398203,0.00135060603943206,0.000633139829929691,0.126595851144426,0.000166360122097833,0.00139133516699008,0.000497122271092758,0.0139638358515376,0.000908688239084987,0.000510818764597426,0.000655989294883386,0.00680139057794901,0.00020929702538808,0.00085016132498639,0.00472089043433835,0.00458381157834021,9.03436942431813e-05,0.0142628018082053,0.00222884129758925,0.000125440518042037,0.000748247964096268,0.00258599780988939,0.00376336500053156,0.000750373598188849,0.0960990209398668,0.0938287941622619,0.000373729255358768,0.317284313411081,0.0200377469072549,0.00762314079435922,0.00339091454445365,6.65118357619859e-05,4.6777795961975e-05,0.000708934538647813
0.00838941627335766,0.0100476010761736,0.00257905115079395,0.00105485539211623,0.00114295814141987,0.00119458999831714,0.00170693751176652,0.0156869758843639,0.0183640597384161,0.000651650820827774,0.00573213883376562,0.000163837702935117,0.000314082025799131,0.0141230005872968,0.0028495885455026,0.00211996464198928,0.000692850712532214,0.00103517082104073,0.0176262094815294,0.0021263562655668,0.000561331821181363,0.00259922768783392,0.00177470001236545,0.00148291066411883,0.00073186441398097,0.0835518364296061,0.00154004721740089,0.00463880610101553,0.000157789989558253,0.00033159968512956,0.000564252852134141,8.91195350628019e-05,9.9319806806715e-05,0.000619556131396084,0.00564533104330924,0.000306476421954549,0.0442399513730621,1.9103990019112e-05,0.00121259385310194,0.000281682542778122,0.211325757655884,0.00067389936228768,0.000784620323330707,0.0165689293118108,0.00239603949224546,0.000334512101339765,0.000492297719363203,0.00148726043382356,0.0051727692637112,0.000345376509780003,0.0827175586074266,0.00269363177526769,0.000219993132757432,0.00017029575574981,0.00391000149002491,0.00875427989253254,0.00835166143088252,0.00566909974497849,0.0349092205925894,0.000174932285936817,0.0545935503963965,0.289312576023588,0.00829035089913356,0.00181611559660745,7.47016389266741e-05,0.000231318130144928,0.000480453256154113
0.00250968400347061,0.0115774453551854,0.000189821777917651,0.0104743070671414,0.00118131005049851,0.000114572455190989,0.000519325595168634,0.00278174604599296,0.000129614995524515,0.000181399220059626,0.00292551337068719,0.00100538377272989,0.00273325906939964,0.000113217839913975,0.000380269120201017,0.000693923801533548,0.00329389382499564,0.000240527201190527,0.000157409000696225,0.000630340316711364,0.000462585670249487,0.00373093074725306,0.000519205233064387,0.00224678653651327,0.00110753082593803,0.00253219511372331,0.000802546859307424,0.00199844582326841,0.0079196749009198,0.00105068544890071,0.000316978789853992,0.00480240739045464,0.0114565300730112,0.000135077120127035,0.00305080790063237,0.000738534297801312,0.0899501491145535,0.00218772368060101,0.00335088330663452,0.000636170242794664,0.00427903210131923,0.00198951999213366,0.000212246023513697,0.000236349130937139,0.00801518279194997,0.00715817959543134,0.00226301206931523,0.00172340088874409,0.00975962404045397,0.000335112997451311,0.00821729269240304,0.00395471474352766,0.00140904774296441,0.0107684329489231,0.000987778275941895,0.000142181672662689,0.000407658480010966,0.00398680082285669,0.0243746927738488,0.00257103802575098,0.00216088579966859,0.00104338595313585,0.712741620464322,0.00731785990771155,0.00107597662001362,0.000449707395947909,0.00159045308924893
0.000986081377814994,0.00535120319459339,0.000309016690965194,0.00121003333494269,0.00782253508955092,5.59881691617875e-05,0.000449307542780696,0.00273959637036392,0.00020077672938518,0.000258867511221491,0.00265612845597189,0.000106492254105031,0.000295742383408497,9.28608049221214e-05,0.000411646447378742,0.00043186459603803,0.00637293387090366,0.000385125215107788,0.00016174686071553,0.000364031377039816,0.000226961623065048,0.0479819790931197,0.000269862845582171,0.000396847111882511,0.00161878686107329,0.00216511233034646,0.000345354680648188,0.00276102835373515,0.00921877284587283,0.00572761930227188,0.000157368586288059,0.000764120592908619,0.000772736600791041,6.58740208428104e-05,0.00119256178963706,0.00103900931377902,0.228477681459619,0.00217952945225449,0.00380330550315259,0.00390542360980735,0.00165084758861399,0.0029956263309296,0.000215096888567894,0.000130900929493757,0.0083969479328337,0.000912622534673724,0.0156210393235618,0.003731555079598,0.00276278369357101,3.1846471955645e-05,0.00460852662681163,0.0103051218722896,0.000226375914664417,0.000992132529178658,0.000938003083835529,0.000127719400605963,0.000171937908948638,0.00513790606079554,0.0263249312043557,0.000609273905390403,0.00224529306735194,0.000677074964113085,0.0373714675566337,0.501691193669366,0.000112602557913697,0.000102310833478962,0.0281769478174189
0.000319032064704156,0.0830473202447933,6.74924918406616e-05,0.000897640819933903,0.000166901057416129,4.59137087783646e-05,0.00165543941702611,0.000359022798992173,7.57310853094426e-05,5.42813759903132e-05,0.00150692247454678,0.0390852134292277,0.111730000620285,3.30194102976095e-05,2.13558375059166e-05,0.000898908254540154,3.24796473716357e-05,0.00278688591065275,1.06779187529583e-05,0.00149192279873637,0.00101175910197363,0.000474803288472891,0.000186733162574246,0.00148378578547939,0.000367631855033934,0.00121829688450915,0.00624034224835053,0.000388313488433285,4.33805116809745e-05,5.36125393211718e-05,0.00015853339020418,0.000566732286241416,0.0020146121031669,0,0.000484777333754632,0.000525123609202099,0.00485886159439,0,0.000129472698373782,2.18017286186775e-05,0.00172139176062001,0.000216639043481113,0.000536596407723836,0.000476343961274152,0.0031006381479092,0.00597112223555546,6.74924918406616e-05,0.000691279567435381,0.512865296949764,0.0091225464179448,0.00545158276416634,0.000480866727925504,0.000532375202605524,6.72695462842811e-05,0.00279844909246592,0.000108210732681078,1.32111158503484e-05,0.000425730456256533,0.0026531310129853,0.00366737887390422,0.000161055196082472,0.000165823216181091,0.00569010318051545,0.000120882085605453,0.175148393037148,0.0031560415313726,7.54142679398493e-05
0.00924915913689671,0.0405111889629725,0.000549515294722229,0.00739920967893869,0.000197189151490647,6.16716073360112e-05,0.0257186846548543,0.000299229365026188,0.0029394625771362,0.000205016014551972,0.00401327487035534,0.0136333229954172,0.120185316249582,3.95929596150295e-05,0.000423279141104235,0.00096428820421424,0.000341650393185149,0.00528953122401392,0.00013247188632589,0.00311579938926764,0.000971203793133117,0.00284034059120524,0.000432407812758102,0.0826720563774333,0.000103546734864508,0.00723471583706869,0.0187368751134684,0.000108492815649081,0.000162936174287052,0.000617932976848854,0.000231060383736603,0.00155995749536786,0.0186396934050942,0.000120285400174055,0.00266981240282534,6.16716073360112e-05,0.024732875302893,2.20786477209816e-05,0,0,0.0196693051636773,0.00144065245451473,0.0100734516376327,0.000809069018527349,0.00420219289464324,0.0630229328927801,0.00193439888404859,2.70247285055551e-05,0.11239061309355,0.0456180122061698,0.0845883636761587,0.00112580024269903,0.00462233931317741,0.000166019741881803,0.00210339026392505,4.41572954419632e-05,0.000300723729685934,0.000570197719375243,0.0097188314020375,0.00319511221042344,0.000322922968778959,0.00214320358784299,0.0372046837527184,0.000837469935399114,0.0126557814731475,0.181625508870362,0.00240104421402454
0.000954959219377744,0.00562440457023404,0.000109709119702651,0.000248764456355283,0.00418687319519674,3.53446397279874e-05,0.000234838242513934,0.00181478225830799,0.000351423071795586,0.000282346390975566,0.00131781520506041,8.46840339224204e-06,0.000450803567244045,2.76140438074447e-05,0.000307031514948852,0.000313748615218441,0.0692183019429734,0.000290121845532364,4.52107621207783e-05,0.000219679386388819,0.000198073013414809,0.100029719238793,0.000269119761421339,0.000332019081900433,0.000833757205717924,0.00167399665369601,0.000331409178110168,0.00265433337330598,0.00682065615990919,0.0557855953754083,0.000151936711259608,0.000508427134127492,0.00076809276774289,2.96669782901396e-05,0.000767749384267807,0.00175547428168416,0.0530937191895971,0.00302013492542474,0.0435111359392072,0.0339383255011605,0.000942268387606383,0.0107964583984765,0.000164854615327987,5.34271593226074e-05,0.0270563664284157,0.000506868749445546,0.0574160810055316,0.00425548762954185,0.00124560120903371,4.71811046139199e-05,0.00416502597437866,0.0742948630998373,0.000162050251058432,0.000417234872369966,0.000461020731641859,0.000143110876092465,0.000344194053401113,0.00213633397469188,0.0103236640826985,0.000214203364840173,0.0015277698596982,0.000478905995311695,0.0215567867406046,0.15928793971651,0.000102816990304922,0.000107523156442521,0.229276379267489
