0.592395565921167,0.00174789536786899,0.00240306948705965,0.0119342302148685,0.00616321550044977,0.0138441610148478,0.000113089230107323,0.00110058109937927,0.00596867161617497,0.0147812494759527,0.00231755643122358,0.0193560642055924,0.000190764828035542,0.00342438238870626,0.0277456345983187,0.00291627308015854,0.00251652799890466,0.000250517395833453,0.000366302168713218,0.00882373739205796,6.51637441452124e-05,0.00014047941651858,0.000622902801192809,0.000187214382195877,0.000214141211834286,0.00250640690658794,0.000973671470598476,0.0203488213946601,0.000152923033895765,0.00122003609748797,0.00065324906138385,0.000246563474682647,0.000930780879382462,0.00814544958341511,0.00642406044531926,0.0113170506733675,0.012653924490936,8.45081387329658e-05,0.000714812060975643,0.00434887846565349,0.0488272922058848,0.00198227804998892,0.0191545992429381,0.000648761223077424,0.00198559863833591,0.00172686389757216,0.000462797895048457,0.0219892073319064,0.00258850094204996,0.0129203846972543,0.00659181017793071,0.0108535717866159,0.00838229630433028,0.0142146585064682,0.0167279258590566,0.00221838538647763,0.00140252660997733,0.0039318067714397,0.00681164034281295,0.00369039268316371,0.00658032679872857,0.00156081585491439,0.00500248028923284,0.00818733648401743,0.000580018302993081,0.000426307637551037,0.00024088893184656
0.0463763584988308,0.177798281094281,0.000815662929859333,0.0214611575520646,0.00473027278168393,0.00129102041765706,2.680760520633e-05,0.000252246324826288,0.00124796079331206,0.117379981163527,8.24359773890058e-05,0.0435748113717097,0.000135783784765531,0.00127226341205014,0.376372349278956,0.00294064227168922,0.00418808982821413,3.31726016232048e-05,0.00040859233831187,0.00204509774981849,2.17182049542385e-05,0.000277698376015029,0.00162580176183643,2.78896898877481e-05,0.000160831383366391,0.000589010672191328,0.000189098848171272,0.00573635191947396,0.00015109448941235,0.00072579650666108,0.000712010971234928,0.000291901674618241,0.00113171875827155,0.00419189445007776,0.000966650826485849,0.00412969250372048,0.00146703528382915,3.40611748212577e-05,0.00120138689685649,0.000848901411432158,0.0128238199093145,0.000378345445061412,0.00502528004970297,0.00085008734189562,0.0272323075556708,0.000857760072751411,0.000227234873985422,0.00900246896552532,0.00101657273156686,0.0024796539529893,0.00142947295885105,0.00294674920055995,0.00803254603014838,0.0131487924226237,0.0421385195506986,0.000511055073212189,0.00171742631314543,0.000953522061742299,0.00328593371328265,0.00191128290802001,0.0104043790999391,0.00124960196400303,0.013996351035037,0.0107748597862006,0.000243916480403659,0.000237094007643165,0.000211432916932826
0.00457798501845998,0.000579193972837082,0.706884160472581,0.000213276604372726,0.00162442562384107,0.00242347832809796,0.00642278935265055,0.000288540873808422,0.00134754241452422,0.00156140036290269,0.000422809070605963,0.00195127145578432,8.20150175343853e-05,0.000376549964430119,0.00863385336280391,0.0219489528949929,0.000565501661984456,0.00266605346949464,0.0022227381017855,0.000169607562523152,2.85412196477573e-05,0.00964003449347362,0.000120715331063798,6.53620973152936e-05,7.50620548051746e-05,0.000833347324724547,0.000241501160665978,0.00733681608578779,0.0103896737309161,0.000159703099137251,0.0232775437307773,0.000850450765507511,0.000162671055051484,0.00179884874524329,0.00330222013973505,0.0309731988430347,0.000682476127772749,0.00184070464368835,0.00143212606567175,0.00109457635447175,0.00348090932035451,0.000299826741964795,0.00428263640347267,0.000452035809876701,0.000752215491125081,0.0300594827212116,5.02045008998778e-05,0.00669135398497431,0.00155501165638478,0.0014556774099825,0.00236057148546861,0.00439263478098752,0.00421113153793375,0.000336509984086033,0.0024320951390214,0.000775567229052217,0.0111041560977542,0.000896790648997712,0.00110417861179843,0.000696682499148182,0.00205379315080303,0.00160814372220445,0.000197480155000457,0.00211209380994244,0.00282993955081308,0.0312768948787239,0.0232642640235121
0.238115065481355,0.0159601930394185,0.00121468933873129,0.18137605905609,0.00250313619804466,0.00262935888187583,7.40856941745406e-05,0.000389516964552231,0.00248912696593741,0.173972121882838,0.000765671472716233,0.0243068850789804,0.000139329559176894,0.00277932100260334,0.147893915081631,0.000693230954902474,0.00287074051807369,0.00031235069960592,0.000202705252302576,0.00358177966371213,5.55010783796162e-06,0.000193913990129275,0.000900690557544597,0.000292701916037107,1.2550439302437e-05,0.00107245070595654,0.000146294448601137,0.00559154407135213,7.55932703341494e-05,0.000572797819290113,0.000337086823719291,0.000231653338933815,0.000746703997439146,0.00385036428103076,0.000933114418411967,0.00420843519162847,0.00436896072403871,4.63925075178275e-05,0.000631780781956477,0.000468590798904254,0.0236124481048709,0.000231727798762627,0.00100985152611723,0.000270972962320828,0.00799049080167381,0.000370012151687371,3.99529914396229e-05,0.00400296037236652,0.000695526822950037,0.00195925260334144,0.00222609675216496,0.00294810796968584,0.00514619667959032,0.0350364758813456,0.041653458196068,0.000286963702758277,0.000612867802698859,0.00115253260064364,0.00126241117958423,0.00181783985023394,0.0046699558118412,0.00204545454275886,0.0263146730365008,0.00684365165352002,0.000609767661273609,8.17828298071158e-05,0.000152114737305842
0.00362948120983018,0.000279652612397455,0.000581179999978353,0.000147004163637012,0.739152814127905,0.00863615759432091,2.96826836752294e-05,0.00067159663609527,0.00100532846355048,0.00136956292109376,0.00120050188748727,0.000664779913064649,0.000200312738487177,0.000112396530065386,0.00779119252507068,0.000730616159398889,0.00160970742934668,5.7931774088483e-05,0.000101905887643031,0.000140880302793935,0.000184503202807072,3.6640339981302e-05,0.000117365122876999,0.000180242501115088,0.000368872098711641,0.000984979608810338,0.00103473543153029,0.00991981195409665,3.21875273828001e-05,0.0215340213640601,0.000231196683483032,6.67292197580605e-05,4.0532311107141e-05,0.00553706191883242,0.0034166659265013,0.00306164583991115,0.000297129490639664,1.76028419840162e-05,0.00014278954544374,0.00198875813201897,0.00345273185356908,0.00293338602932403,0.00927421473830238,0.00135417620385489,0.000692788916254874,0.000515196787299449,0.000987808745711775,0.0645591970553465,0.0149861314545766,0.0108799389019043,0.00352643776849805,0.00505793959791321,0.00961625138287855,0.000871343178133324,0.00456188202654732,0.00942289389224881,0.000440647453125359,0.00191539846164781,0.0170495816175416,0.00069063322118311,0.000410957539928333,0.000153308880182003,4.64965709943827e-05,0.0189584301597241,0.000150851288782208,0.000134034710935022,5.11849426110221e-05
0.00225641689567543,2.23613858233618e-05,0.000139653723798674,3.83203553186216e-05,0.00319067859548118,0.64805293700119,5.64145162967801e-06,0.000835722959669935,0.000255956223122413,0.000444298850066283,0.00444974938534471,0.000181394901033503,0.000108174781878923,1.63603927809739e-05,0.0022617306866741,0.000304721216258116,0.00036346193241155,1.45128265102991e-05,3.14067344426349e-05,4.62324683304793e-05,0.000165830309315057,6.4204190984642e-06,2.09393006849102e-05,6.21107779671987e-05,0.000665594351017035,0.000234867485472471,0.00103460795524702,0.00474243042292275,1.43802150382188e-05,0.00111121485855048,5.77252745421601e-05,2.1064410034591e-05,1.49369520364216e-05,0.00122715281851304,0.0068244040200288,0.00198437486356845,8.33733615792411e-05,2.54010831704211e-06,3.79717815626479e-05,0.00127591162087307,0.00123890570328643,0.00232373116214336,0.199565884520924,0.00168578200724683,0.000157740370386806,0.000151300121672213,0.000649027616992817,0.00794326477305874,0.00236813533586644,0.0838450128793092,0.0011825347202893,0.00209690454966325,0.00302777423387272,0.000124515615662746,0.000971851890285429,0.00434479054242105,0.000102457162613276,0.00170534426128985,0.00190891387847498,0.000231189420176616,0.00010862778315475,3.18438899334799e-05,7.0899076733199e-06,0.00152161050539265,2.68279117181805e-05,5.19005707805004e-05,1.94545919008577e-05
0.00356337342284541,0.000490160596203526,0.282779199150961,0.000191354472579329,0.00100200786177789,0.00136256060155138,0.142616967863464,0.000135013522994322,0.00158800216131407,0.00033647037113505,0.000150187319143703,0.0020550545311071,0.000137502293175418,0.000460794092729879,0.00523961024973307,0.00843051036973852,0.000316336569723121,0.0080331009412355,0.020944416965778,0.000174249454974859,2.23840942378587e-05,0.0345177119348186,0,0.000179744887760786,0,0.00214951665243409,0.000231623491699697,0.00454096574909162,0.00903265442860468,0.00118468401121504,0.173016925769837,0.00135913545704926,0.000585004510603926,0.00126275668188843,0.00111614591608801,0.152899750599849,0.00116610341497547,0.0412624073341448,0.00236520363859255,0.000747313439475795,0.00363566605257711,0.000913067745657064,0.00272796789164468,0.000263439581151004,0.0003898621867306,0.0110029266854874,0.000345767548409308,0.00276642236516529,0.000192953336453462,0.000515531120238933,0.00241227209492819,0.00143241059190259,0.0012404944565931,0.000636579824761677,0.000872472708568689,0.00125370492856651,0.00607259586974015,0.000321296574985669,0.000703296562577158,0.00143326697919215,0.00534826764120657,0.00318527917637169,7.79838486494272e-05,0.00102792709954679,0.0100793590570486,0.0117848287834391,0.0217174544638752
0.00339573369063001,0.000123125980176567,0.00076730071676747,0.000296301540034451,0.00202777818651216,0.00759036882073863,2.83962531485828e-05,0.416672717627194,0.00140295274244979,0.000563932990067006,0.0145011688513695,0.000735129680692158,0.0157100142896212,9.07990729771574e-05,0.00222090983265057,0.00045985320662245,0.00032119240879558,9.74763117176999e-05,9.33935484845892e-05,0.00011986514506017,0.000674035003046835,7.98542546062198e-05,0.000125417627924172,0.00295670519335795,0.00220353793906904,0.00146061972112873,0.00448567979539715,0.0265841065892064,3.66193853962052e-05,0.000639819629665986,0.00013787488853341,5.40098009958666e-05,3.58655867447367e-05,0.00263619695576958,0.172173882978419,0.00187400575244161,0.000280834723875099,3.01278312683907e-05,0.000130897215418342,0.0312045679239202,0.00345217705580222,0.000971221968437117,0.0136985905432494,0.00104339600078484,0.000340572178623976,0.000289160938234616,0.000823210775904121,0.00687169963909588,0.00227116765310854,0.00543781698607404,0.0056950683648978,0.0139888194440693,0.018433733237323,0.00034462150985834,0.00100072918322241,0.00122463569620839,0.000205010772617209,0.202741688841932,0.00217432200214185,0.000895663239707435,0.000371289388943761,0.00026380841763444,0.000159550641675709,0.00194955947087423,0.000160518450807503,0.000110131537831748,5.87663690454588e-05
0.0226495378866997,0.000269147863766184,0.0012633750808219,0.00090220260921194,0.00485261265665397,0.0045367782646213,0.00018436848819119,0.00147648414985603,0.41191322956081,0.00233643140058675,0.00152547353982799,0.00169115074126857,0.000221307782566644,0.00110798253692276,0.0068869172216735,0.00145199805350667,0.0010916597810467,0.000234382939236746,0.000216570719410207,0.0011033581759919,9.60430291046635e-05,0.000149252942345766,0.00025689649058583,0.000386036841852741,0.000175222182474514,0.105311819713052,0.00119281261603252,0.0457516252795383,0.000114037466374056,0.000828587690440292,0.000540791675206118,0.000297558978403616,0.000256157414765295,0.029738489814833,0.00510774122388291,0.00386827625334031,0.01150122382435,0.000120795876669053,0.000271859019666656,0.00443162600104385,0.126495874144116,0.000950715980998795,0.00382279556865421,0.000905356533407318,0.00126403587732215,0.000937466380128853,0.000428272103395904,0.019332669679485,0.0039507946880809,0.00449428454931981,0.0583802133692461,0.0348951617525751,0.0170390891971033,0.00177028282509781,0.00394493686062562,0.00176744985818139,0.000519917638200524,0.00479909042979151,0.00448206931387831,0.0203243077419366,0.00123123172698911,0.00176877988358206,0.000230668976570282,0.00896256602689272,0.000480740940668548,0.000326322098656102,0.000183082068463452
0.0271210560853594,0.0051699060597109,0.000936973789602102,0.014080861597714,0.00387449227512075,0.00386937869745662,5.36646772504873e-05,0.000501838583743294,0.000873613252377666,0.44487373353656,0.000557821859100978,0.00437232295238963,6.77568953973033e-05,0.000418838177909046,0.317874820451601,0.00166861835920828,0.00511940806767331,0.000102190150321575,0.000231457040310868,0.000662549088894768,3.11269362066257e-05,0.000128545222600223,0.000331287248678048,7.8870561337975e-05,0.000145468438453869,0.0007529987403923,0.000473376833860242,0.0070977698094349,8.72785234677187e-05,0.000444762014693945,0.000447268015446464,0.000231333747083371,0.000211519924032219,0.00364697633850503,0.00148788658987911,0.0050761664288704,0.000795502486653244,4.37459178196247e-05,0.000490157658664481,0.0020175841507234,0.00885017080552865,0.0005250910623306,0.00533266511269259,0.000542708375498361,0.0104293102893053,0.000870639090351704,0.000225243744895553,0.00830316075870522,0.00139492655484293,0.00353260200695517,0.00178555724475492,0.00296901684876894,0.0036473714641619,0.0171027183893152,0.054280120500338,0.00112644560059791,0.000851462594359896,0.00172714844715209,0.0039952208036057,0.00088141427257097,0.00190841992520897,0.000656934885251873,0.00192551808608324,0.0100793438490625,0.000228670165628116,0.000208037446915103,0.000169154490614071
0.0030476135432139,6.33089835010118e-05,0.000168532799730634,0.000133240922094251,0.0026341796914479,0.0243232971536827,8.69389011568842e-06,0.00780309512078749,0.000700211766068386,0.000527846772167452,0.55954882012452,0.000487474377660709,0.00205051389160309,7.77686637463401e-05,0.00273521715764373,0.000350517433848353,0.000458480540995257,4.35747834681673e-05,8.99166952807948e-05,0.000121076697320323,0.000712617994592324,1.82459583383844e-05,7.31262891202113e-05,0.000954826039766713,0.00638312104240066,0.00101907414794074,0.00261704101313194,0.0156556397614562,1.33396256362723e-05,0.000795517642182974,0.000137458061324951,3.93284343234737e-05,1.60630489998881e-05,0.00176113408312505,0.231517052793641,0.00212343411083828,0.000174722295643891,1.29112875366729e-06,0.00011850519718836,0.00621453953342936,0.00258912987485458,0.000964702511329484,0.0566592481144587,0.00204469906429488,0.000276466382178814,0.000270272753389659,0.000896920377097389,0.00805699893190875,0.00172057299636887,0.0121882070601878,0.00400298760798935,0.00547297311266404,0.0101805246837703,0.000182027643567312,0.00137239688819535,0.00148190884500859,0.000175356033601177,0.0105090521107417,0.00240156940517917,0.000690092498376885,0.00020702060992637,0.000148969059831896,2.80702400887525e-05,0.00153122411671746,5.95129955360305e-05,0.000140521341894377,2.91155301114924e-05
0.197621887183254,0.0150784225755296,0.00365361723196296,0.0126994644282175,0.00317068854062476,0.00496182714999289,0.000227753950443566,0.00138991176950158,0.00442863031067844,0.0185056304390209,0.00189523293292729,0.315037820444353,0.000294537438496519,0.00752556032151625,0.0718338764682562,0.00277534011485055,0.00181433476049001,0.000528127805671171,0.000968751051483874,0.0127291336933184,0.000151663062225428,0.000467435854748211,0.00775602786223789,0.000265445721464745,0.000336409843807316,0.00169259045162179,0.00145210191229007,0.0138850059252166,0.000531198743223766,0.000892722951446785,0.00140171507681095,0.000996906784145528,0.00799238214987398,0.00686793919810184,0.0062575185009633,0.0149339163652161,0.00811903376769441,0.000200900801104584,0.0053962423609134,0.00307723196470564,0.0261327790120102,0.00117790634527147,0.00942540679741129,0.000384713857380083,0.00581777278324745,0.00195042164429725,0.000667585022626696,0.0113226651006015,0.00268454211579728,0.00475842024317362,0.00519995874523475,0.00660138475559427,0.0156263761863261,0.00811136624816189,0.0186481629194814,0.00233992151316909,0.00154345848648697,0.00357035494164548,0.00323532853991971,0.00329969451499653,0.0743191186780375,0.00571373699440272,0.0165375762085814,0.00877447089659613,0.00118889068711384,0.000669987971253673,0.000483060882780577
0.00221752804795794,6.54861762880633e-05,8.86924868756174e-05,0.000151481533180864,0.00239868561564883,0.00716009296625533,5.26198682941784e-05,0.200575335674703,0.0016716197204749,0.000464964908344656,0.0100439875031768,0.001327204365657,0.230319809570917,0.000216095597812043,0.00113047435480417,0.000267465742869465,0.000123926398377859,0,8.291357488873e-05,0.000237514693370754,0.00195953112400301,6.98687688012941e-06,0.000108114837106751,0.0308805655198969,0.00455065203014467,0.00130779719860988,0.0332311659609545,0.0254330109812631,1.76440420848013e-05,0.00060830588907208,0.000256330690748819,3.97299650241611e-05,0.000210087944551959,0.00360445408254253,0.11930110568597,0.00129026535139463,0.000486279435359456,5.49426831152694e-05,0.000140377058451445,0.0726475278615006,0.00250988531687785,0.00112573116035977,0.00801891645947362,0.000760995328819901,0.000338429543113287,0.00019200396433631,0.00398998779734767,0.00851263967951632,0.00334909630634467,0.00407002043581272,0.00548441480651287,0.00752961126221339,0.0525468967203516,0.000324722122900125,0.00126532246544555,0.00184596379370525,0.000283352408735489,0.138562323761977,0.000776925783308448,0.00110310328858263,0.000540072703341648,0.000396926317451813,0.000122308003211317,0.00137784608815509,0.000110125393967616,6.65343337131097e-05,6.50707358523916e-05
0.272990554431201,0.00185747827044086,0.00240496390719448,0.00846668947442893,0.00432564527553503,0.00173823791505698,0.000494207199966628,0.00121749354409698,0.0245365474738339,0.0198379911618633,0.00089295489088549,0.0538583035498237,0.000286501936001466,0.150018792500368,0.0189397767085032,0.000534250675236755,0.00224818586844521,0.00127091001769711,0.000568916896846964,0.0657697021894727,7.64368404203099e-05,0.00048153541471597,0.00176176918642334,7.87310784287175e-05,0.000295073946635559,0.00717852993424081,0.000650640059611895,0.0163396660430143,0.000163118299444484,0.000183119764011008,0.000761050412513077,0.00160409358912776,0.0138243866904836,0.00942627751548772,0.00552189438522541,0.0195499729976963,0.0664797055378293,0.000600462255874555,0.00511245693890641,0.00642989618847809,0.0438398242775069,0.000587225552934477,0.00362543560424199,0.000514524732845821,0.00182213895973615,0.000675676036726832,0.000575847819271391,0.00979261578220575,0.00403382752908925,0.00141998519013655,0.00846384082531781,0.0104492526067846,0.00738183813362369,0.0111975246589466,0.00888650472920366,0.000697310666027415,0.000786346006804949,0.0013346470649768,0.00241603471501675,0.00337901197197486,0.039797470334048,0.0344878435674564,0.00466187787584087,0.00627008264590723,0.00382128972864435,6.43483158502211e-05,0.000240753703413002
0.0092865075790711,0.00444448415808204,0.00115426572990216,0.00282372512159623,0.00445546874187394,0.00385818626669155,6.45510878089169e-05,0.000312282726663254,0.000761566977423443,0.0739512025493814,0.00060983625823163,0.00297167731334934,5.09777611296845e-05,0.000158436062026458,0.722635423136788,0.00156960921017214,0.00442105744858484,0.000100363832831967,0.00028357684302975,0.000426949280387352,2.39868681781395e-05,5.4020852072829e-05,0.00025579574045765,8.98527657120848e-05,6.48321677243791e-05,0.000795047249992717,0.00025225682003385,0.00647078216242541,6.10558657886228e-05,0.000718546987598408,0.000374488655076174,0.00016680831717789,0.000145086144183274,0.00227518019855031,0.00147923232203479,0.00651057052647356,0.000388616947442609,3.64886209528669e-05,0.000411632147574438,0.00115488224236544,0.00435978349353407,0.000564929153508421,0.00636848174127012,0.000492463432632804,0.0182825640410971,0.000819827705160074,9.13717930899544e-05,0.0105264997458653,0.00162672465842988,0.00374127026358708,0.00219539208375595,0.0029170487008991,0.00402492684715611,0.00415959472665755,0.0649890518423178,0.00107447080391969,0.000653758440364917,0.00121026697019935,0.00401692800419313,0.000432121764552851,0.00148200777993562,0.000379651366541704,0.000625398877893205,0.00827550374259874,0.00027571557316038,0.00024863995098301,9.62948098554474e-05
0.00213543367905263,0.000157759442945412,0.0074685666381101,8.78402008833768e-05,0.00113369249295192,0.00171768947730895,0.000181409997684031,0.000147764535876677,0.000347104584593697,0.00110230239263226,0.00030148536393449,0.000758520249365356,2.48061086950667e-05,5.99311875372546e-05,0.00390795950013192,0.761872965100942,0.000184274263790116,0.000171054234759894,0.000554930146380097,4.37805622179615e-05,9.77390333466231e-06,0.000267237976528524,3.87460921595962e-05,3.30144891578588e-05,3.19138367455304e-05,0.000325540620818245,0.000109034446549396,0.00330236736149721,0.0011993806623212,0.000203113712744671,0.00201567063050625,0.000265976323697916,4.56287349928404e-05,0.00102168185636621,0.000710637163412391,0.00708962587328555,0.000212975926474992,7.34498627839287e-05,0.000502006980377469,0.000492332605784013,0.00116643326251055,0.00013781466926758,0.00257341594889919,0.000267052618958464,0.000273805659988753,0.0333593405247605,1.80703786485632e-05,0.00339288317096865,0.00058751726057998,0.00095912341950667,0.0012991621153165,0.00129760199398874,0.00154196472665348,0.000139787182049978,0.00115446411212423,0.000264782954861501,0.139392161968519,0.000768597215810785,0.000798742965868669,0.000314777782711793,0.00088921947891905,0.000323231383081817,4.18629919246873e-05,0.00097588419374712,0.000368283630819389,0.0063739487591397,0.00101069041104313
0.0100941616047107,0.000888541779971818,0.000853794863205893,0.00093774700990619,0.010255602672398,0.00745998457520259,5.97791979255357e-05,0.000932834343956331,0.00166929861986823,0.0116646795490759,0.000538981054271478,0.00156671416459797,0.000193152347004521,0.000354528655000314,0.0647494363461621,0.00115132421967727,0.460605586731981,2.95811781515798e-05,0.000193454278092898,0.000379371102051213,5.23001060044772e-05,0.000118447985611764,0.00026039154139009,0.000192085927116575,0.000110705229028941,0.00137875122717944,0.000479595375433113,0.00719797519389997,6.52560227204536e-05,0.00141180383129483,0.000288036623618798,9.41786923065071e-05,5.89524806262351e-05,0.00961264567130231,0.0033817812870652,0.00366814303830351,0.000430061124192089,2.04937503814586e-05,0.000335727898714424,0.00155321471636792,0.00921350096697742,0.00135929676097506,0.00749957767843524,0.00118908222222238,0.00298152090653259,0.000649245351420549,0.000253165620932038,0.0326037991461235,0.00330612640535709,0.00883497366274074,0.00230081888188099,0.00547594371320361,0.00668128950719997,0.0197813078301523,0.0969765216699882,0.00203935958130979,0.000690899691461373,0.00256923240188705,0.0211236571354322,0.00100838340281067,0.000836574885959626,0.000238257261081312,0.000270479098673282,0.166417540683413,6.61585892244594e-05,0.000238761312162795,0.000105423616673474
0.00909178188817371,0.00064716667145104,0.127819121378357,0.000203626489731394,0.00158639341998511,0.00172460583092443,0.0106180057032874,0.00166289116821775,0.00478689765242669,0.00104479555384736,0.00111283549409797,0.00366694776177632,6.76844993828599e-05,0.00200212250894344,0.013732675290996,0.00922207831582792,0.00156570147211536,0.11298008093964,0.014293222674672,0.00106950335358979,3.82422684693515e-05,0.0355950157461479,0.000270760227032748,4.73724315773505e-05,0.000198083082199537,0.00188227825071805,0.000172280340502455,0.00527523149162504,0.00259816446654208,0.00166727647563068,0.0203762583355003,0.00624995428505663,0.00126061937110842,0.00452563947600007,0.00378802851499808,0.40798823643243,0.00463141471081195,0.0168775406908441,0.00311310861344052,0.000853718524436411,0.00598873944338756,0.000721700471854335,0.00270591733005767,0.000918052564997076,0.00154703768982605,0.00787542583799903,0.000119683266493456,0.00812661981946391,0.00193374246314206,0.00131889658461131,0.00189935152851493,0.00580863909020225,0.00288553952104456,0.000556081659199301,0.00254591678138999,0.00119691686854621,0.00491953023223373,0.000936393179768575,0.00520522468422576,0.000671328722549885,0.00589690777561517,0.0121162648324264,0.000395771944754686,0.00235722688068461,0.0755383176897465,0.00653928632450474,0.00296812501024551
0.00630329102562327,0.000807192007871431,0.0193969304686187,0.000713846025272176,0.00129176745303092,0.00505329340461318,0.00861638972838997,0.000901591749483992,0.000959424057629104,0.00457454491631041,0.00138691903292988,0.00251520435887858,0.000402802713182963,0.00045674640816341,0.0160096847850059,0.00464177562558459,0.00017574165661453,0.00622928988409218,0.124959027854409,0.000222911591266158,0.00021517193597961,0.00391310401132483,0.000228342456382519,4.40596034998557e-05,0.00105840739139178,0.00051317429953718,0.000266685506067184,0.00754193639545398,0.00212074990478631,0.000567204866748633,0.0338559069112108,0.00412989830615164,0.000133067621806883,0.00217795309359995,0.00279443795287117,0.631759707899646,0.000667321078007785,0.0138872962256492,0.00322634541352196,0.00160369747334988,0.00333532346246498,0.0001748700634728,0.00785507576044171,0.000449164557626063,0.000281676055272302,0.00561219477404205,0.000236004760726482,0.00577733313442037,0.00151978718539358,0.00164769669497918,0.00281026340908294,0.00345421051224427,0.00788835195713997,0.00114256589368428,0.00141573987516325,0.000646896991901991,0.00324465121711976,0.00118986400118856,0.00113950650955807,0.000812405574687981,0.00303377996897969,0.00246013671623506,0.000236583469891572,0.00193429737081694,0.0187685464510845,0.00299619892264589,0.00361403161577899
0.42554585130422,0.00232525112641494,0.000728120485824504,0.00624659360583481,0.00800516824832385,0.00224767833380537,8.39315685847369e-05,0.000982690335467432,0.0184933470982173,0.0089097458969969,0.00367217342729424,0.0531306379693188,0.00045950865447978,0.0326400906769928,0.0194483105631541,0.00115088615972911,0.00160240881531702,0.000473249200645529,0.000368694936589939,0.118558782620649,0.000142529429606108,0.000271586061422618,0.00145240502860709,0.000687810166532967,0.000692163887992421,0.00501425090831852,0.000668247499193557,0.0126757081185023,0.000130985195635584,0.000659388300266077,0.000578094943076563,0.000898420644420751,0.0077114315380199,0.00642225246998402,0.00242589571445417,0.00906416397253475,0.0498661046532314,0.000439848024913367,0.00150569302414843,0.00450257562663893,0.0417778875834398,0.00318058777751045,0.00661206261287048,0.00063680423221083,0.0012136447750581,0.00106597914428169,0.00126198418371238,0.00604290251560114,0.00193579829135163,0.00518876136498158,0.00886850050605519,0.0105667137508713,0.00735476933137015,0.00826986920556569,0.0123636657089364,0.00668589021491409,0.000738083249831106,0.00221991865996905,0.00258433452650587,0.00331010924263282,0.035422331301715,0.00840111710608813,0.00462353349869317,0.0070765117636652,0.00121409873519797,0.000475911601255993,2.55528803555539e-05
0.00429988783756108,0,0.00124569629393764,0.000178095870576339,0.00716783463541493,0.0283924683401734,3.84215548789141e-05,0.0221052886306212,0.000681137845499873,0.000277232636010172,0.0322901712886407,0.0010074513549469,0.00612232049340464,0.00135384677858505,0.00115490153683679,0.000424571674236935,0.000302989412854286,0.000110345059508624,0.000169333175659733,0.000420001344443414,0.0725924254699347,4.63091347104341e-05,6.52660872507451e-05,0.00223685729832961,0.137838622390674,0.000229397807150472,0.0631186056074357,0.00778691033183079,0.000376323327021111,0.00613430706907509,0.000979585420786646,0.000124792461071669,4.07531539240099e-05,0.00536787929890233,0.249341806756768,0.00122180259099912,0.000991866003837783,0,0.000155014499956703,0.00826506137097777,0.00185394644086254,0.0238974540585085,0.0200147914031913,0.00235554001168654,4.63091347104341e-05,0.000266901135739191,0.111558600517029,0.00615301792177903,0.0066644746221372,0.0754388787531884,0.00135491499560082,0.00302603620623962,0.0296205173778399,0.00102851445395069,0.00073462729547554,0.0341389860999007,0.000487083082617096,0.00963178103779932,0.00247604481981528,0.000530506478488022,0.000724658096213792,0.000833051002956649,1.2807184959638e-05,0.00204244596376334,3.84215548789141e-05,0.000113214916223535,0.000300893590018184
0.00481611336017328,0.000399765755512715,0.424156286266419,0.000688316723795451,0.00158787281725827,0.000268097370229349,0.0343807130000337,0.0017355788705694,0.00398362695448284,0.00110422143559879,0.000842747148508867,0.00403077436373396,0.000783280956958059,0.000910887351786152,0.00751501160592441,0.010552571760841,0.000321164895103748,0.022760954990113,0.00689990544100822,0.000280430871077207,5.92020407216202e-05,0.170727241948944,0.000118723582502793,0.000523361999563748,0.000112586585189043,0.00353604921730007,0.000197157858145634,0.00944393297198821,0.00593333541230883,0.000147096405495086,0.052151638702746,0.00228791988053175,0.000733296703804011,0.0036756113353514,0.00266153705423483,0.0879457983132693,0.00189885389617206,0.0104117719670469,0.00222420898364406,0.00600802028706529,0.00469038453993998,2.39432746363894e-05,0.0010166833408519,0.000536116239591596,0.000517584994476367,0.0148753401947161,2.83348132920058e-05,0.00550336784079631,0.00268299694993485,0.00108829131022566,0.00445009474016551,0.00392508771253795,0.003114175000177,0.00125132406516699,0.0025287060960526,0.000295656415048053,0.00833220492056254,0.00198058470272772,0.00216022862957689,0.000609778728565645,0.00301256959703917,0.00485518964619973,0.000274231886076571,0.0033649103560533,0.0147249906542368,0.0133028199030152,0.0120387363631854
0.0915759803508446,0.010459294163679,0.0102814264507647,0.0037592232333984,0.00868250245028067,0.0103045245841418,0.000751751159067666,0.000553680296731266,0.00268292546025264,0.0146611867686639,0.00211940610456437,0.158663995508544,0.000106504161808886,0.00612196621071022,0.06222619314892,0.00312637364355399,0.0039939356145876,0.00149428303711934,0.00145522454455366,0.00673838376281537,0.00025643094732071,0.000643983331061175,0.0963795799214427,0.00212598222731108,0.000559893175841545,0.00833327474237909,0.00212464713908734,0.0106633836455521,8.22752252445462e-05,0.000630782683835858,0.00252116322288078,0.00235708794994507,0.013012221811593,0.00921057982998859,0.00531019682890837,0.0285264980746669,0.00673248524039635,0.000264352183754019,0.0527780357294803,0.00215765645051451,0.0211726408139147,0.00153483004781104,0.0146931433791549,0.000589510200718767,0.00706308047522578,0.00150795381841365,0.00314822289265315,0.00770160250885964,0.0064079448213299,0.00656637450122161,0.00972803711456103,0.0145698376213639,0.0220695742406574,0.0044318561663408,0.0186621976879404,0.0051315413244168,0.00162691208924928,0.000931716459187175,0.00125488624644956,0.00298084803282049,0.169787102340305,0.0177316775459825,0.00362791353423096,0.00953550171210795,0.00152798333665998,0.000770924415994118,0.000816915656223918
0.00227732941105905,0.000184397112790711,0.000179167671884824,0.000489378741206978,0.00240817473422286,0.00246194150170779,7.81838271338294e-06,0.0224506098203599,0.000844874513073254,0.00034191711605318,0.0030697853832646,0.000841573110038672,0.0340830754584943,0.000240930664609547,0.00127420271146665,0.000357629694168661,0.000122449157555634,0.00014394665413327,0.000108401763678912,0.000304644642178798,0.00144433683580691,6.25470617070635e-05,0.000114936332316967,0.212107195154933,0.00377973764116972,0.00167198526519049,0.130589583201964,0.070488796690003,5.59721658616101e-05,0.000991376535209657,0.000237314132252134,4.87166941245745e-05,0.000133089205214345,0.00492088245288889,0.0231708276726131,0.00104248873014863,0.000526061713761553,5.04879781467287e-05,0.00015193982756332,0.0755899350585245,0.00289200377850089,0.00298293136680111,0.00558387311219968,0.00028862877492611,0.00012382786624986,0.00106819190551442,0.00380051512464637,0.011306387134825,0.00443546492044523,0.00374991505824381,0.00718433109396977,0.0120704052415844,0.292503247347215,0.000498523665221563,0.000786301711898129,0.00288631256445065,0.000375234294643478,0.040241387316798,0.00206095920796994,0.0024215198585069,0.000579425109260311,0.000325140716816583,0.000179810478958941,0.00199989302639612,0.000144252211607985,5.59852677044229e-05,8.50732505850519e-05
0.00352838436766054,8.03358138007293e-05,0.00042704859405051,0.000264095773566359,0.0023374968940869,0.0438087288864081,0.000114409313645487,0.0166000014459355,0.000286108557584138,0.000761412836381358,0.0503015791065995,0.00107604638620111,0.00441111799153164,0.000123835926557689,0.00207672109253649,0.000631632403539422,0.000342247379800645,0.000125665317347855,0.000209475239834191,0.000194392998046531,0.0173729980364673,3.51444982352045e-05,8.90807505611196e-05,0.00136363572887676,0.22695923742729,0.000639322577552986,0.0229983294461568,0.00812134755983198,4.357877350637e-05,0.00112790441761972,0.000406936248754529,5.9258389754205e-05,1.60987846966825e-05,0.00291972167980571,0.362395028156688,0.00090325592105638,0.000378722238001343,6.29053023239043e-05,0.000113070652735226,0.00406324071823855,0.00234723177467482,0.0038866483382681,0.0565296134118124,0.00115570859636307,0.000187810613147006,0.00028042874231935,0.0159081472701385,0.00599506312227851,0.00310115808864959,0.0919780681373071,0.00101198429993281,0.00185552402006646,0.0168405776186147,0.000524189148538409,0.00100866982349345,0.00520367944824146,0.000700203423492215,0.00822348202650192,0.00222725571569518,0.000452063524145296,0.000647552680166291,0.000203895199206982,0.000106408662209588,0.00126979695682036,0.000223158880036846,4.10952231485312e-05,0.000321031621462941
0.00334834584508752,6.01650483505741e-05,0.000464308497057586,0.000301987811243809,0.00224184169853402,0.00279842034243761,3.70531532821543e-05,0.000824552283436194,0.033049473452018,0.000803295869339216,0.000971923629926662,0.000525639778378403,0.000162828412973009,0.000407529907313772,0.0023837289414237,0.000395727527286578,0.00042369707779479,0.000100306020648871,9.84070375477137e-05,0.000398161243949608,4.38137014255525e-05,6.79408500830903e-05,0.000122331662777004,0.000189386123749079,0.000103106716784481,0.434876897341319,0.000571428848675466,0.127564212964161,3.03754717107221e-05,0.000330355787291169,0.00019937748256459,0.000127435020412081,7.01236669480454e-05,0.0101242813445518,0.00325914169470212,0.00195080803832446,0.00180807203412235,1.57074793289705e-05,0.000134171682541685,0.00467343759685227,0.00909072330554152,0.000365261465258332,0.00306323390677349,0.000326188677066637,0.00030718554621744,0.000409016363833735,0.000194838135959469,0.0103520140374365,0.00190098291190231,0.00235432127679138,0.236179608828905,0.0666270541377774,0.0137169480782187,0.000528539603744844,0.00132038753971463,0.000739013428392179,0.000309969975645339,0.00335714951754899,0.00225036968992138,0.00596407787361652,0.000307717268813137,0.000699092849728753,2.67105435945106e-05,0.00306886238769603,0.000285348101530945,0.000143388381590921,5.21970804244762e-05
0.00326608814665117,7.27345653962054e-05,0.000314649668153771,0.000271561273909567,0.00517069918332925,0.0170363363651886,6.46534029928565e-05,0.0132223458581797,0.00152860499090253,0.0007644297489772,0.00628365740342019,0.000822945225080684,0.0128855758085438,0.000145653302243092,0.003172847258337,0.000298385549590036,0.000519589092847394,6.65058972419815e-05,0.000198040203345381,0.000157370675645627,0.0045689519979747,2.64853841782127e-05,0.000148389235972843,0.0240159463155542,0.00974531033598753,0.00126919502043825,0.468588995566295,0.0281224765998547,5.46459320235703e-05,0.00406387095915363,0.000506408209230076,6.79264739359332e-05,4.6455027094347e-05,0.00620704018756978,0.0289101836009011,0.00377583009959423,0.000412364978080589,3.41566660792562e-05,0.000128908975757479,0.0216455501757185,0.00421631498526553,0.00559523506643643,0.0248548991637361,0.00135599093210286,0.000224956155603216,0.000370992848397981,0.0187847725227131,0.0199235937215789,0.0117093503980743,0.019174708607567,0.00570769280064532,0.0101673267238211,0.171079028410356,0.000832211545396724,0.00131211689471611,0.00957430342681746,0.000201574904460881,0.0154108136869442,0.00479440140612281,0.00111879748579019,0.000541546319379351,0.000287321930837596,0.000150553617369545,0.00362251448329804,0.000130071956793208,0.000194415753280151,6.27288911255356e-05
0.00355437566712646,5.72913510849651e-05,0.000445540084199991,0.000192403584372083,0.00235739816468546,0.00431162310168971,2.33825292772152e-05,0.00197113810173233,0.00251363490319229,0.000867794979579667,0.0019923144464889,0.000450887490599021,0.000262294973027926,0.000117332532010106,0.00357988876434073,0.000709409897400859,0.000343040985330146,4.20574753983987e-05,7.85965597115784e-05,0.000148554497093411,7.40667153629896e-05,2.90966089013959e-05,7.63207781726107e-05,0.000498491906661957,0.000198666590756816,0.00864760144761734,0.00109742243130974,0.683397671548259,3.04607149827428e-05,0.000539966578398555,0.00016066823795525,5.56609560553135e-05,3.64067836366843e-05,0.00280557484827494,0.00672073276982634,0.00309499845050302,0.000380346710982175,1.95632486078489e-05,0.000113952799591705,0.0232580369279237,0.00387289378792724,0.000600639405474838,0.00843240668912049,0.00036297235188359,0.000288972497300368,0.000415326296966279,0.000183193609122397,0.0115473889302073,0.00327527688186274,0.003924381608764,0.0617227472995926,0.0892579947771924,0.040147545047418,0.000354402515627146,0.00137750212139013,0.000952469899606129,0.000297196991479441,0.0109901720182884,0.00267401174692338,0.00117051163742558,0.000226487721685432,0.000208306926868435,3.28491590654705e-05,0.00218450134095244,9.33322642676174e-05,0.00010777358752831,4.4075743938272e-05
0.00474079116367332,0.000622254198652372,0.211248445383365,0.00031309646173933,0.00231060437756221,0.00378145348621568,0.00640679223473561,0.00028403287722617,0.000875061264092841,0.00104179967938593,0.000327010486941703,0.00167421973822715,0.00032475745761705,0.000271141856682422,0.00503922771895512,0.0268923230452899,0.000439884423157142,0.00129840005196245,0.00300388082090767,0.000409596794154032,0.000152581962857467,0.00548019742112234,0.000122390294776128,9.97197346569924e-05,0.000333283684835034,0.000367811215940295,0.000875950285554299,0.0052880524467119,0.242748551447541,8.9291781096038e-05,0.0996173128545651,0.000932835362408577,0.000424284582292165,0.00143383299246347,0.00247354708683557,0.0289312184163044,0.00112256632090657,0.00178997748877595,0.00141745635800488,0.000363282044885978,0.00382026319998026,0.000801008508343151,0.00194690132084765,0.000594424448651234,0.000204170030772354,0.0707550332558823,0.000516101396268006,0.00130018185765799,0.000691476318676574,0.00357118686692196,0.000766310739494227,0.000584195205409205,0.00958581961708466,0.00194213748347218,0.00108705896628774,0.000177815146419453,0.0196273517111253,0.000426788767243782,0.000252912238496763,0.000469123485423247,0.00235967699016981,0.00162764231769944,0.000107646748231889,0.00155703326570051,0.00213095161687081,0.10801732675805,0.0997105444357423
0.00387307227356968,0.000209973245388885,0.000277018074833689,0.000267100317188186,0.123917435481634,0.0134950493109033,2.37731478264211e-05,0.00104703624690663,0.0010314153671372,0.00107064066383808,0.0016792445407433,0.000715502777621589,0.000520151001181673,5.78604992136658e-05,0.00449034556872571,0.000450870026116614,0.00134249723124789,0.000101680998326422,8.7776098505609e-05,0.000138092644302247,0.00048752755361456,9.20907798473252e-06,0.00010364140859328,0.000264837472978802,0.000651980544040342,0.000754899248906507,0.00234741362224563,0.00739031229989958,3.05003474416179e-05,0.513702959792018,0.000367313026011728,5.42971942498335e-05,3.12651321268177e-05,0.00286553478867798,0.00344571200127795,0.00243258074380998,0.000329588066642959,4.48818688697687e-05,0.000319651864866183,0.0025091135492714,0.00268419547549396,0.021841650181026,0.0144747404590022,0.0014527639979408,0.000466067992393293,0.000265082258040146,0.00544159412968549,0.0245790185795229,0.00980561324972139,0.0367707244924372,0.00182104539604251,0.00509564658522694,0.0126790414419099,0.000614233305403215,0.00333525006578777,0.149084964609811,0.000254159421710909,0.00213792520630518,0.00596958745422656,0.000583543333212328,0.000513755034534513,0.000132545399113124,3.81293650051984e-05,0.00662310970169723,0.000152224300131702,0.000134988861067184,0.000108644584812625
0.00697291500965204,0.00092828182168129,0.168347544088935,0.000506517705981797,0.00208379998197779,0.00334504723435669,0.0309382759654703,0.000749033742577034,0.00338037349593223,0.00493152534085601,0.000567909382671247,0.00255570987228445,0.000330984279976319,0.00102026064450271,0.0124262416466879,0.017060719635978,0.00104507866008603,0.00413725167338836,0.0204488813451508,0.000327326669009506,8.46011411049736e-05,0.0122680045295631,0.000239653485801506,0.000338978543976584,0.000397290483844303,0.0021522700907881,0.000949411644753855,0.00974782557134983,0.0294732962708882,0.000343923332940098,0.352188984652961,0.00145836125493796,0.000563000473911427,0.00396883300319819,0.00258688054606125,0.114056291180471,0.00124813959411367,0.0082265904831833,0.00267848057894724,0.00252663003816999,0.00577710741362391,0.000488143214419953,0.00594943917449355,0.000210988602000449,0.000577610339428304,0.0192073721151545,0.000377145735638125,0.00433029162431545,0.00221990171857507,0.00257916761662108,0.00391502595758104,0.00357054456085583,0.0132082815805006,0.00126414351735894,0.00246100531331598,0.00119254750234802,0.0110706724918944,0.00307846579025923,0.00202246298170171,0.00124277351986403,0.0032491054389307,0.00286404231050994,0.000274328974705454,0.00414744976538785,0.00592888099216245,0.0146336910032277,0.0565582856470055
0.014811266536983,0.000877659319111072,0.00813816580205462,0.000702872580401011,0.00275461991274803,0.00726826417069287,0.00157926604072148,0.000456025661137857,0.00310777517159192,0.00229734859061901,0.00171518420235365,0.00562486164180952,8.41436054272141e-05,0.00168410081964399,0.0100622279431947,0.00595014328456229,0.000197355654686652,0.00873549293170325,0.0137230961521163,0.00101854312554352,5.55595515526892e-05,0.00278637015953758,0.00123193333648842,0.000109007141702448,0.000283508286238465,0.000771669602998687,0.00147242761463701,0.00883668939671518,0.000774816324890134,0.00173939107815372,0.00521618513291185,0.0749536055044081,0.00184473262516098,0.00418457113634661,0.00169757799533131,0.64709756671845,0.00280156665699101,0.00146855292200757,0.0269292130349503,0.00292964555130906,0.00926702144909538,0.000978774627484277,0.000198764068305657,0.000401194913857068,0.000354844343448985,0.00370170438179345,0.000414369902707696,0.00447639972519087,0.000756661065388126,0.00223076170575778,0.00237258785306708,0.00837314322723214,0.00339586159148572,0.000790390914144759,0.00255726536259646,0.000182138581674573,0.00359366978938633,0.00106488589440272,0.000658766844091492,0.00193679770159101,0.0102512074320795,0.0259327912053573,0.000189995176639355,0.00510351360780733,0.0302448868538526,0.0013978348254837,0.00120076403819523
0.143096141076143,0.00639459444066289,0.00188320461174434,0.00499475063340243,0.00144303914354294,0.000791463775773312,0.000453623806994445,5.18609476673961e-05,0.00766478714311864,0.0183046587013029,1.9993722532202e-05,0.0924520954184633,0.00029967221860721,0.0198333500413312,0.038537686265489,0.00241383781246111,0.000583384273007336,0.00295771680115204,0.000923917249019316,0.0191784823829312,8.33071772175082e-05,0.00096319484770678,0.00797186579196532,0.000285799193529558,0.000426743245146183,0.00195934680213152,0.000883632340467171,0.0126106011645856,4.84877001994395e-05,3.99874450644039e-05,0.00213579668000627,0.00325200239188881,0.157106018536426,0.00444767873808205,0.00469467804962121,0.0485667273800599,0.0122793123527971,0.000156956567995485,0.0298128414777523,0.00238335645521893,0.0157837439603887,5.61110752349139e-05,0.00529371047690513,0.000172700162960169,0.00328564766302256,0.00137304516617071,0.000646709495038761,0.00700815149103812,0.00193739513090813,0.00239120260864965,0.00536040043385626,0.0125596720405094,0.00737082302626307,0.00573241699448305,0.0122069383295247,0.0012555737778556,0.00106356198532917,0.00238951941497188,0.00243734303625971,0.0027525237532783,0.182571017355892,0.0551589939195461,0.00807838457265886,0.00608747376736841,0.00382511374669748,0.000358936404308485,0.000456295407672385
0.00748948743694384,0.00017754040070499,0.000571547587304427,0.000457750816694173,0.010858549542175,0.00678428083934167,5.77590304989411e-05,0.000998384652473589,0.00715151588973618,0.00232737921125635,0.00100523711731768,0.00106935191838417,0.000275836274252167,0.00025729884043498,0.00665961660411328,0.00117441481134743,0.00273637691743826,0.000144192495304331,0.000204649405392184,0.000255605264502108,0.000103130260768348,0.000102794977116606,0.000173435964081975,0.000374600921969832,0.000247728841080009,0.00542270411527756,0.00115810708645383,0.0179140425604519,5.47461906792157e-05,0.00123136843786651,0.000311882354989637,0.000124514735227412,7.33418021202145e-05,0.438315732902149,0.00413629097574218,0.00315461147531591,0.00103592087616665,6.27663940021794e-05,0.000285545049123968,0.00403345261938033,0.0456092600372807,0.0010740882002287,0.00745749723240346,0.000641592709674038,0.000605704736979781,0.000547476984875602,0.000483012319428377,0.206856903113225,0.0187906067398066,0.00614393973686265,0.00899261982465697,0.0107278194325223,0.0288941707279093,0.00235514665793849,0.00422185825215299,0.00215559261717453,0.000691745941713748,0.00368527106085499,0.0563563122480664,0.0211163896974802,0.000534217041323369,0.000442435774030496,9.69544924165369e-05,0.0421070025522952,0.000222406454213965,0.000157802708787866,5.8679110118828e-05
0.00213717974009783,5.30673762537412e-05,0.000297541233717149,0.00013562423591148,0.00140836589053165,0.0115401252582571,1.41863867072591e-05,0.0249460805030196,0.00061323809236203,0.000408320367057544,0.0686407029048524,0.000373672439768254,0.00239145425153185,7.52894759303665e-05,0.0017722254005419,0.000273038333103701,0.000224457568490318,2.84727410238444e-05,6.88391344256655e-05,9.08048864911372e-05,0.000952022439518168,2.6022260392247e-05,7.18776517165684e-05,0.0011219805561637,0.00733759192686907,0.000962255182253795,0.00214360511520477,0.0122462145890052,2.63807726522759e-05,0.000483402476986199,0.000121226870216405,2.92123128923674e-05,2.28934459776551e-05,0.0014800654910202,0.76605448852043,0.00130770798774516,0.000184710508881646,7.58148420223778e-06,7.20352817907045e-05,0.00686953948091197,0.0021489824528768,0.000706161578175254,0.0243186582026479,0.00111032179288637,0.000209509018536407,0.000257265871500269,0.000754354032891586,0.00573032900758668,0.00158166546275233,0.00680383690482886,0.00276095453073529,0.00550627637849362,0.00943677478511494,0.000215315346460494,0.000826851636220104,0.0011694340358919,0.000227556669577,0.0155836477698912,0.0014756143020223,0.000511120764961994,0.000194194130166871,9.26698374114849e-05,2.07297958895809e-05,0.00116648499950716,5.031388850542e-05,8.7588375863293e-05,3.98878536994387e-05
0.00894189880561802,0.000744046648669775,0.0111118214201763,0.000296786828648803,0.0037588994353878,0.00852082451811292,0.00166276825930368,0.000498723675696133,0.00160513308973236,0.00303196986229366,0.00164568554139338,0.00279937630862078,7.44781487513042e-05,0.000515996927290952,0.0170198458613007,0.0054159694216551,0.000586414244198182,0.00532823115675193,0.0153091022779232,0.000259094426899306,2.69783885774326e-05,0.00135552244165822,0.000194560436672629,8.54109108785361e-05,0.000129008790844978,0.00109256392664566,0.000661812602361433,0.01408793670371,0.000572421195101682,0.000871241345264629,0.00608919133163303,0.00510052654074776,0.000289024446970993,0.00221670237374904,0.00419219328768384,0.748992006101087,0.00102911026134146,0.00206325185741369,0.00353824549214581,0.00279813424839179,0.00514891927301526,0.00114035854991273,0.0119621233236059,0.000378677336635222,0.000880480450607456,0.00450009092445674,0.000261344001102434,0.0117978667441536,0.00198040540616679,0.00827452435223424,0.00396115519151371,0.0083541531777144,0.00493447222449489,0.000572497345022077,0.00430688261360329,0.00141509817598509,0.00253424466426083,0.0026423792707177,0.00427169992281528,0.000966192688606235,0.00302747784155435,0.00403165769492597,0.000143531194967904,0.0028835020859512,0.0217358142133911,0.00234008146433737,0.00104146032694468
0.322350625252083,0.00155496062192073,0.00180599551837785,0.00505546155606536,0.00337492220977237,0.00879794263098808,0.000190157534215528,0.000725770378222807,0.0638134775430435,0.00814832806876985,0.000894988062277922,0.0163835101299472,0.000519676718136693,0.0201672558006143,0.0147612462126752,0.0015424988298968,0.0015752258242141,0.000755543116119172,0.000478185595422119,0.0310217412781948,0.000152026359295793,0.000366876568578489,0.000820706128451262,0.000380862131961463,0.000234226865489854,0.00964447471339544,0.00166734495670612,0.0140458334591049,0.000165350315087149,0.000549689891580239,0.000776868602460929,0.000782462013815716,0.00228365441573056,0.0114806546611503,0.00557759508829325,0.0087950246094718,0.131669870806457,0.000213777899769233,0.000777065426664819,0.00261233307917129,0.180056966148396,0.000979344084396879,0.00575131764897487,0.000700683887237897,0.00192175076911028,0.000584709251960051,0.000540762073949407,0.0104385712305415,0.00159392029285588,0.00482153107869984,0.0121248833558551,0.0108014323010937,0.00857268119686571,0.00863832938304802,0.00915090205200185,0.00202313768119852,0.000704970612142308,0.00255207341741044,0.00288982390779533,0.00664372298292428,0.00926007385875852,0.0059885172969873,0.00290398395455372,0.0113098115344404,0.00152192441046624,0.000335959164366059,0.000274005550376585
0.00403698361448385,0.000776563091574991,0.113785783676264,0.000160255724780764,0.000457950381532167,0.000532135558374389,0.0583043193458872,0.00214088223627515,0.00125099845117672,0.000689226069667169,0.000518180197608358,0.00231418433601231,0.000111177707436043,0.00127153098346369,0.00250819715701041,0.00282058574284523,2.46766749201718e-05,0.0189806420469639,0.0553101986364058,0.000382335807157227,0.000160658731619115,0.0202026961695383,0.000123579882067493,3.71476826755274e-05,2.46078417962661e-05,0.000593016236045575,9.8903207147321e-05,0.00327352823706034,0.00719911237932589,0,0.0752396442347668,0.00302206057406996,9.85002003089702e-05,0.00431752383552513,9.84313671850645e-05,0.380017826452389,0.00196096854845511,0.152179807464987,0.00240868943960556,0.000226468194025447,0.0028391434861137,0.00056563980388254,0.000505778022976908,0.000246078417962661,8.64321993919653e-05,0.00542245062629235,3.71476826755274e-05,0.003089248086719,0.0015892424791786,0.000457034179346632,0.00111266330083071,0.000394334974950326,0.00451050471477048,0.00183805812402819,0.00232429114800384,0.000472969602636626,0.00114696606608675,0.00147647050777597,0.00384418453240043,0.000804278693405012,0.00260930330167563,0.00486817023072467,0.000357256125398704,0.00172193914197564,0.0265227762502389,0.00433457169091437,0.00916308849121101
0.0293686273504807,0.00405962410876309,0.00975278494208163,0.0025877054059144,0.00414298219791661,0.00474673473606391,0.000656199835272692,0.000850995621881384,0.00564330334886642,0.00909677403554426,0.00422688373288872,0.0366923437179714,0.000101803940392871,0.00505577143591701,0.0330884951601876,0.00583330638401481,0.000702840706881879,0.00501023794917141,0.00605635819817537,0.00248166331227502,0.000106714010471909,0.00130074987120631,0.0162337609682755,0.000402906160416188,0.000793727486016367,0.00345608399610095,0.00112911216208407,0.017603903277318,0.000742339571449016,0.00164136595149392,0.00550019407264718,0.024249411707908,0.0150258331896551,0.00518226576513237,0.00198293222949219,0.205840407166602,0.00544330097388293,0.000891622041097145,0.252887936992128,0.00380171174505584,0.0136586694537512,0.00147734417287139,0.00746771310548332,0.000163568111655565,0.00215204937259753,0.00347912562299961,0.000171304129997277,0.0105780569489557,0.00190274957139746,0.00611726471006009,0.00852617012334797,0.00374995071016759,0.013451351700813,0.00367336163730663,0.00760339972155417,0.00637336649567938,0.00197977823762843,0.00244504806060025,0.0026207042444083,0.00400400274400124,0.0774084205226101,0.0637711555445999,0.00107001123637878,0.00721719770246087,0.0120337211091015,0.00187212775573302,0.000660671794746129
0.0034551845712069,0.000100743817500494,0.000405741338890502,0.000218165731007959,0.00187783314885846,0.00479184133812456,2.03496490226431e-05,0.00784606241325631,0.00129326103108441,0.000547678531898234,0.00322936348863756,0.000604208790125316,0.00237320782676517,0.000113883944087811,0.00214969840413408,0.0005081111143342,0.000327922308032147,4.53947642969547e-05,7.29538601262729e-05,0.00017952946595033,0.000179449158526352,3.00683237233601e-05,0.000123868876510351,0.00168526370722097,0.000389576740969592,0.00238409686146551,0.00239803504840929,0.079720869534725,3.34119369797544e-05,0.000465617541202035,0.00015505099140097,5.89878515859077e-05,4.60006034879681e-05,0.00285527794922434,0.011781667225203,0.0023750086794468,0.000339835160266583,1.97214361544108e-05,0.000127369413540184,0.569178485974991,0.00386910033482191,0.000682540614579939,0.00715445592571282,0.000582544599288177,0.000305802571707351,0.000446136666569835,0.000611394934208711,0.0102364876707049,0.00276126134131699,0.00431844424522762,0.00795853769897937,0.0484806518142707,0.0146194839794356,0.000383244494600572,0.00118140348645304,0.000931034243845832,0.000191082666353439,0.184742383932365,0.00238696928795042,0.00106261977434394,0.000382145453965639,0.000163008218235515,5.0473447408377e-05,0.00163832499107748,0.000152237862326495,0.000162421080489143,3.70101113877474e-05
0.0602003390156499,0.00040181160655776,0.000934617933593259,0.00198118514543726,0.0051922779174406,0.00604417426818276,9.86572405254709e-05,0.000854243397694423,0.033956408103925,0.0051343887873083,0.00145034854776314,0.00272120178249247,0.000187559784721616,0.000826916399061612,0.0115449702066791,0.0010067513440108,0.00260159577997096,0.000139429141203435,0.000236405113348668,0.00125146563950966,8.12713184958567e-05,6.80777551451717e-05,0.000321587936113799,0.000123997950080679,0.000272653233270752,0.00755127655411261,0.000821317706853923,0.0212923779303142,0.000145298866596593,0.0008361773337774,0.000731769805113011,0.000168700866934785,0.000264012306095682,0.0752435517972064,0.00449578261426902,0.00443996108973093,0.00912899540968521,6.22460067940083e-05,0.000413564757402623,0.00382100581304689,0.562737052071378,0.000919121928629965,0.0104746717782504,0.000633151445279021,0.000914440899846772,0.000711489012209137,0.000532088119968311,0.0328143354684372,0.00474726535583362,0.0054792717472481,0.0118231183176554,0.0112487839681114,0.0112035768463571,0.00835071135315023,0.00708032186370328,0.00169090740327999,0.000518695271040732,0.00338258735506089,0.00860455710527374,0.0256950013981839,0.00123154366166796,0.000809093441851978,0.000465843108984311,0.0202277882782087,0.000261419257344423,0.000197662663292826,0.000197126673636419
0.00565518957189724,2.44171050928951e-05,0.00017797438417528,9.54480177854425e-05,0.0108627150327433,0.0299692059585221,1.12893083624988e-05,0.00152333799137668,0.000905325058139043,0.000746464804806734,0.00194804042615435,0.000560070445112959,0.000703507919404632,9.96264468796301e-05,0.004501293317986,0.000375813552927537,0.00114630467065518,5.7583818002822e-05,4.36688240522335e-05,0.000195075198503054,0.000773209632716072,1.94903831303244e-05,4.82014092340039e-05,0.000217277396927385,0.00107608631462408,0.00043206658598172,0.00246549444978582,0.00568153799959588,3.42347288930321e-05,0.0158922745654165,8.76324486053474e-05,5.66727656942419e-05,5.1336030342819e-05,0.00278739404983632,0.00600321980217279,0.00281802291670166,0.000355485606540613,4.55806594228005e-06,0.000116242865091075,0.00256001978222652,0.00246860291480527,0.408822208854438,0.0183241179099912,0.0020806905478052,0.000491026930906559,0.000230864833882965,0.0117697361705421,0.0117475353000425,0.00392699328587784,0.245095262010281,0.00139557701886185,0.00338433102340167,0.00618381816670658,0.000298980559318075,0.00251367426147996,0.1691133855072,0.000110848730369689,0.00289732500866817,0.00311572014400872,0.000437161022472665,0.000349008884878759,0.000118394172908048,1.11967097349108e-05,0.0038105117542939,0.000109471497314344,9.45110706130149e-05,1.62360571586614e-05
0.00143425465316308,1.69851657147955e-05,0.000110586547309278,2.76581784043186e-05,0.0015264544409269,0.0941370488766369,3.14879681285452e-06,0.000475089768126057,0.000154036108130583,0.000219500380312861,0.00368725870496188,0.000130867756612039,7.72116463352377e-05,7.86928355369475e-06,0.00140109645351443,0.000233647295702576,0.000204715748372032,6.77630993134038e-06,3.13566215959329e-05,3.39366090207613e-05,0.000120908716884958,4.45640065171178e-06,2.10317682662816e-05,4.88391122034387e-05,0.000522853194530577,0.000206207225275438,0.000628261621517795,0.00384658123414197,7.46291393775581e-06,0.000472449623162938,5.49325523568854e-05,1.06666610856381e-05,6.48203411088851e-06,0.000649870506353511,0.00586132218631961,0.00114931049371998,4.96181519669376e-05,2.0406019072682e-06,3.33304769538984e-05,0.000885908685053387,0.000798756231737151,0.000903656467448978,0.844973252372464,0.00303760651266326,7.221725081036e-05,9.6367663725662e-05,0.000334915922773692,0.00493985705645452,0.00182254717672699,0.0144415455352496,0.000716414773999336,0.00129543391561219,0.00218092380624292,7.44289438559594e-05,0.000492373275174082,0.0018778776355446,9.45344532876912e-05,0.00126421521842254,0.00102367387330415,0.000116560972705294,9.46804910917826e-05,1.12349030240444e-05,6.6153686303298e-06,0.000774274514653087,1.75051491309123e-05,2.70994273869976e-05,9.39758234152931e-06
0.00596558931143221,0.000336640814481311,0.00273032855771468,0.000328011000959766,0.0189801331077961,0.0824726369422754,0.000116675564973674,0.00504161468913107,0.00247658540063159,0.00388673552757516,0.0149483071331885,0.00141714086695312,0.000842136920945011,0.000177595402334586,0.0134334183578606,0.00315066163969465,0.00223274343707921,0.000154015630128615,0.000134914979891849,0.000333826355880641,0.000540314566783985,0.000100454673824097,0.000120831233038868,0.000444191540748768,0.00179419303219444,0.00298408661792277,0.00353162831216425,0.0251237646112562,9.53374809602357e-05,0.00627535413149755,0.000389594658772606,0.00010997797942387,6.59408862435716e-05,0.00864938677253961,0.0397295499884276,0.00590281706650279,0.000600080916364221,4.71780722030657e-05,0.000268141647922293,0.0093041493196793,0.00676002065498399,0.00768826465592832,0.422293178094717,0.124718124749261,0.00115731312725454,0.00153339595845192,0.00177424216632408,0.0175696831030379,0.00420832673205463,0.0564454257582334,0.00799721897594538,0.0201456804704452,0.0106601973836898,0.00109178207516955,0.00709522500434832,0.0112943261534902,0.00138685913576454,0.0105607517317674,0.00671705201697842,0.00130226397456739,0.000659594584260765,0.00032989041492361,0.000160734497328736,0.0099384856484807,0.000466622676283727,0.000574238709418381,0.000234416397493566
0.013567648108397,0.00944418971171741,0.00234634999473993,0.00550907292216607,0.00597920954415117,0.00239780593075199,6.58448552605535e-05,0.000366712799114,0.00166811360841758,0.0478135110678934,0.000391649242149621,0.0049197697321675,5.684418403586e-05,0.000582175763041598,0.431493364290359,0.00144972876304722,0.00426501998423111,0.000193889690993829,0.000319135169603967,0.000827107913903245,3.82474227239847e-06,0.000250622907227752,0.000413675755848246,3.99697961133238e-05,1.08705038125194e-05,0.00103398386664539,0.000336921145349905,0.00525434080741664,0.000150432104911364,0.000888599245375394,0.000603508712475342,0.00027175419120462,0.000380444271823801,0.00321310802468409,0.00361556302463843,0.00538728597283711,0.000694187115639283,7.54045218426531e-05,0.000771020960826107,0.00184756449436785,0.00772412612531349,0.000543868885033079,0.00443014679957975,0.001188033400016,0.325084113132804,0.00132757364203148,0.000169203487889132,0.0110285434626074,0.00142700855036993,0.00399280644202955,0.00347520876232261,0.00334502979946763,0.00446365250419138,0.00591746334810962,0.0382883227073461,0.000993070203790578,0.000778046070530192,0.00224627720008954,0.00561469944681779,0.00082459172086535,0.00296294387400201,0.000890989378926139,0.00128088241688699,0.0119799780372056,0.000495796317101774,0.000367811317807493,0.000259587525410254
0.00478350276789185,0.000344746542259229,0.0258358746118421,0.000141086350858647,0.00159082926675671,0.00149790969112941,0.000503254809803907,0.000487659506628347,0.000837477093558981,0.00161494266703494,0.000464764339174048,0.00124534057708299,2.82045412972318e-05,0.000201712802020791,0.00691455066598589,0.0933741432890401,0.000400973559128246,0.000477146678923523,0.000999079836790932,0.000126833053851316,2.9370122958651e-05,0.00074347860558298,5.24804610949072e-05,0.000100146608955201,7.97931882872657e-05,0.000673517683123173,0.000201484005544656,0.00516730936975469,0.00384991587367303,0.000207971962850949,0.00444726322237572,0.000518283539502623,7.26244656725662e-05,0.00169703468818544,0.00191693777880211,0.0162451118517336,0.000466516834185993,0.000185517530801633,0.000968081163985041,0.00227819337939324,0.00257272408824278,0.000386759202219244,0.00232714531565663,0.000396170264046757,0.000648593266676793,0.639316625696302,8.83325103777708e-05,0.00572151180286249,0.000775124465194467,0.00191423201941959,0.0024842402255538,0.00278686813184445,0.00287767084451533,0.000451326597309198,0.00166845194471438,0.000807017609656079,0.0823243274841194,0.0010087518457718,0.00211962984828049,0.000521778772481384,0.00141471301512474,0.000645204608360991,5.55299209417722e-05,0.00204350026476948,0.000947548459517598,0.0586553556937713,0.00326980111474666
0.00235161254223238,0.000149618179216863,0.000574112909380909,0.000115624030194732,0.01525508522608,0.0237282321560142,0.000126581850328347,0.00172132701017062,0.00170927872749301,0.00132957598181544,0.00344169017092665,0.00114452642681861,0.00356036206789437,0.000324020739466183,0.00274296180757701,0.000233768893400939,0.000359729851047178,0.000134006450327032,0.000117891693134566,0.000419151426376209,0.0127459364119908,6.74759604300588e-05,0.000101805408572112,0.00235293967517989,0.0105220843573312,0.00137163607404702,0.0387156454764252,0.0104671454559912,0.000160307212447977,0.0321102000777793,0.000395664943204265,7.35860161729845e-05,0.000193757262384139,0.00503907624347733,0.011288311984958,0.00225385217990237,0.000663203375086587,6.05692042426658e-05,0.000205966244152343,0.00356544324630728,0.00804404159429116,0.068150656914042,0.0173131784098756,0.00118087270046978,0.000326409490706318,0.000394297653752215,0.351555952251838,0.0156172188437334,0.0171430101300353,0.132274104739619,0.00192067707517949,0.00284532201219508,0.0247373762640298,0.00134828309071743,0.00211335887917744,0.150346120859891,9.86102506266875e-05,0.00292582861780758,0.00317411708568006,0.00117022993620859,0.00129355959846849,0.000672525739981336,5.82699086539816e-05,0.00284966093742349,0.000311348760133783,0.000110382886035689,0.000130820419448779
0.00564254735016424,0.000141621775860732,0.001155783720428,0.000252753418376663,0.0239565782521963,0.0154040417238298,4.94492182759355e-05,0.00139642750498704,0.00159102030898247,0.00231504173751813,0.00254311498194494,0.000776285677787454,0.000300402829131672,0.00010154869001999,0.0103468461986413,0.00199473842823753,0.00208519347267995,6.49663103286339e-05,0.000148282500437103,0.000153775635203131,7.33467763952982e-05,6.11364947870035e-05,0.000153308774368458,0.000325047682115126,0.000265706573179298,0.00212978150975301,0.0011657049150635,0.0248583164634257,8.15824451459283e-05,0.00259298898825609,0.000308035901673593,0.000106386737127896,5.0149723111901e-05,0.0319470320562288,0.00811254942986228,0.00468484962630783,0.000366383835708124,3.32055550719495e-05,0.000227031210029117,0.00590066712317726,0.00738706875418419,0.00190397444502885,0.0248962467600854,0.000595601150769303,0.000870417479802719,0.00115638479362464,0.000504888183966957,0.552166966743707,0.0561078163488935,0.0134391717035808,0.00689931968441517,0.0121572747296825,0.0301937046994691,0.000719908172568364,0.00451959437243152,0.00384445358542698,0.00100737140999297,0.00543058263673297,0.095544770661517,0.00200961813345495,0.000428367415955805,0.000146526238941525,6.1355480808895e-05,0.0234887241298481,0.000159639080798679,0.000400991975682231,9.5629672810564e-05
0.00469569779397004,0.000156790249763632,0.00136330413268873,0.000216549025043221,0.0322090003792217,0.0148046587059521,3.92928471953361e-05,0.00145668112294659,0.00168204021063522,0.00196325717439891,0.0022506983898209,0.00119188502684754,0.000409360260252198,0.000106651119480443,0.00984872791286997,0.00244497741711311,0.00158743856135041,6.69966928345118e-05,0.000278902815539235,0.000205948372643742,0.000174988945704488,4.96091156828804e-05,0.000293367821979147,0.000438198565849079,0.000522223964176363,0.00206524526604888,0.00174542959850987,0.0270959120292043,0.000130568337298772,0.00343627787372978,0.000473501991280254,0.000183917975401661,5.71032959066275e-05,0.0191218820335327,0.00901139012752475,0.00381761950290372,0.000395348754347882,2.81811693584035e-05,0.000317615711546027,0.0069990718694393,0.00781960276452276,0.00172315205558447,0.0289764510414153,0.000710574877692114,0.00085590985315324,0.00135901227203306,0.00148363334255103,0.258387068555366,0.382440769513193,0.013154261568952,0.00700009170833178,0.0123352425609997,0.0656167694510601,0.000636037084282492,0.00444860987359512,0.00430001586323954,0.00119611518152446,0.00555996388261536,0.0304327037546637,0.00202666713922051,0.00071420531161754,0.000206920396601785,5.27233663058275e-05,0.0145128564645102,0.000161078562262588,0.000407047759529849,0.000146203635183269
0.00292569043125574,4.34317395151508e-05,0.000182395284884952,8.10503689695055e-05,0.00435099890392847,0.130353456129804,1.01509257428241e-05,0.000595799788585337,0.000339018840546695,0.000514893569486,0.00229313278605532,0.000295270055674647,0.000268188417376681,3.03962649590029e-05,0.00273088249332821,0.000308941486024512,0.000447214815118821,1.50920200542244e-05,4.3062965103636e-05,6.2940046554128e-05,0.00025979372335525,9.1247678840268e-06,3.02176022662896e-05,9.50137334486684e-05,0.00128090843173134,0.000438587694104648,0.0010783953943788,0.00532684044244266,1.54335884503376e-05,0.00304943866758995,7.65189448825188e-05,2.46752381191565e-05,1.3341866331281e-05,0.00139738870382572,0.00496398396232246,0.00245513393835028,9.42511658017128e-05,4.53594791387424e-06,4.57156429069415e-05,0.00141055499207058,0.00137095862231778,0.0157825992804613,0.0384600963941979,0.00134356978134544,0.000226852022279611,0.000151233111703085,0.00230023810425603,0.00817418913431629,0.00268267104094448,0.732145102413147,0.00141367331118635,0.00226936954596664,0.00407473196287704,0.000177231338896922,0.001322827716033,0.0136708274008189,0.000111306824576922,0.00153567672890581,0.00223318035786768,0.000281560687101165,0.000168724690556316,4.2907835073388e-05,2.40688913497538e-05,0.00195200234611652,4.76713420107763e-05,4.69138235840473e-05,2.79535109655962e-05
0.0026153632608339,4.60052117906566e-05,0.000407081925960438,0.000210968380546375,0.00196683119727416,0.0026800884925352,3.6757934409761e-05,0.00115001488985371,0.00798547277800297,0.000619135323998604,0.0010913339273197,0.000409478783087755,0.000180412907862808,0.000239398101701439,0.00227455684204749,0.000614791998867762,0.000322430240850712,4.13110405247926e-05,7.02624079142998e-05,0.000288877601475338,3.32062177869672e-05,4.10579661656616e-05,8.28422423328303e-05,0.000199346263414411,9.99106058160377e-05,0.050966249843397,0.000599703201103688,0.23589516898446,2.1984824464781e-05,0.00048308840801367,0.000185775619123312,7.05527961795831e-05,4.5704736006156e-05,0.00462176523538493,0.00433437480413851,0.00160587218569808,0.000871155266214233,1.94922109814385e-05,8.6703122188417e-05,0.00651386075266056,0.00488218221320002,0.000293986134783367,0.00323393109382002,0.000340041570069789,0.000235788662040034,0.000402836046290419,0.000119569077831115,0.007622322124229,0.00208862944379595,0.00281370565313281,0.463247338581946,0.148671751795284,0.0219928623463729,0.000421019847769473,0.00110765777199929,0.000577791871729889,0.000212248457227286,0.00441250552649923,0.00192908031863349,0.0025034646089284,0.000264340876078585,0.000380609884638308,2.46863987402556e-05,0.00195199681399519,0.000117616680278335,7.91364729264568e-05,4.45111953721707e-05
0.00329594618276495,4.94451177611051e-05,0.000300943929816846,0.000211251518411642,0.00197308462755021,0.0030373774779408,1.39869364423509e-05,0.00168120170218867,0.00344080024806913,0.000551792374272863,0.00168958704205865,0.000463084053841567,0.000243392691584863,0.000172327920180292,0.00266511913840387,0.000488388595163578,0.000251348013688164,3.86495355394541e-05,7.61584325450979e-05,0.000215151993338904,4.01481637980044e-05,2.64911774194182e-05,9.55892184571388e-05,0.000240470017744259,0.000129494756124441,0.00696100175258924,0.000594525433732977,0.129412784044717,3.09058840275177e-05,0.000408252687293362,0.000124886764369842,6.39728308769414e-05,5.13051734167856e-05,0.00260139776408965,0.00589585133948357,0.00249705117782402,0.000648407079839479,8.92895730367664e-06,8.74728715385043e-05,0.0190448911666978,0.00366662166798001,0.000477100737093167,0.00446422887102894,0.000513776794072752,0.000289569486187036,0.000280625030610434,0.000148465738767876,0.00875653444082794,0.00224413891081403,0.00316619612605264,0.0604908433790519,0.696714860174397,0.0108954665916872,0.000306611667059492,0.00110227192762372,0.000673709875618525,0.000267994846689052,0.00938819874882983,0.00264247164880737,0.000960851283084658,0.000297540530914913,0.000321000799604634,2.5062360796153e-05,0.00186011319208062,9.5760168099455e-05,9.41310269188846e-05,3.29881823947096e-05
0.00330621920909408,0.000113061226385021,0.00038996371239888,0.0001942248527678,0.00611454736857306,0.00590255800526352,2.90990860073028e-05,0.00249954546651652,0.00214239451378556,0.000793297630992526,0.0016450744136988,0.000903112874717787,0.00119395044027147,0.00016948760069109,0.00390486286246785,0.000709668118560968,0.000645248580798275,5.50763443928937e-05,0.000141776888539772,0.00016574973718742,0.00035079876043089,5.02547252224576e-05,0.000166962491944723,0.00413808276572193,0.000705951847077708,0.00380976673200734,0.0108983484900495,0.11491383519992,4.71787906442304e-05,0.0022057742659837,0.000267207420431352,8.16071632777161e-05,7.79989759690442e-05,0.0141616248155363,0.00641411014535024,0.00218155597797794,0.000432143457976507,2.48664397284455e-05,0.000200150152680503,0.0110027924007364,0.00490705184553416,0.000861545671251272,0.00944324283196487,0.000512962233625047,0.000396718821609719,0.000527393164581957,0.000756760100304863,0.0515470511467558,0.0385476935046923,0.00550458623025083,0.0187338086190395,0.019211260748225,0.61871322951567,0.000551257853379336,0.00180918076207258,0.00192800595399285,0.000368701827488984,0.00547946048811116,0.00756286719342006,0.00244857030936921,0.000506951929707752,0.000272993401806426,8.3262931682779e-05,0.00583199590765278,0.000138121233172942,0.000150710135579835,5.46856872800977e-05
0.103912841857002,0.00236026540872756,0.000919071567436112,0.0163196010717914,0.00503172343436169,0.00304626412169428,0.0001470908787351,0.000293162533228086,0.00191755212291341,0.101109807013904,0.000234711791229404,0.00511722867002643,9.74007837377331e-05,0.000973087818044298,0.0853398725754256,0.00108199845869143,0.0342704521130463,0.00017467262281396,0.000311715971024924,0.00125531830475036,9.98667087295588e-05,0.000126768567950906,0.000289476261741596,0.000169454622822164,0.00014365747039555,0.00122692950423977,0.000603531641505833,0.00543440082813591,0.000105781682162491,0.000609892257100365,0.000434271747668503,0.000157452641542929,0.000275748040903145,0.0119188410514904,0.000671543228875985,0.00400577609613224,0.00238786200268785,7.62761485513663e-05,0.000451219359504694,0.00142811374220163,0.0430978017928369,0.000448222055526302,0.00312883433728626,0.00090211698969018,0.00435181122104941,0.00089031256097141,0.000622280454318035,0.0113791523594643,0.00207329691812605,0.00231382541264185,0.00209785513736098,0.00459640939235158,0.00585764252857986,0.333384228301886,0.116243696986923,0.00103461855263602,0.000557451411036337,0.000914989518100742,0.00606000799884573,0.00169897745382373,0.00160282316111745,0.00116644681746016,0.00201068337815069,0.0584332366874958,0.00028470653919377,0.000214477292494769,0.000103392017705107
0.0216339547950904,0.00209810608268252,0.00179167759588513,0.00307533232490536,0.00904630187532197,0.00726617091494055,0.000109346348887624,0.000907037024605501,0.0014782539027209,0.0504519149337215,0.00193009761887015,0.00380377814848518,0.00014579718842685,0.00041334345368609,0.307266926886836,0.00160644191403752,0.026938949483996,0.000146866941605544,0.000199624516210624,0.000641565983715199,8.05889084157633e-05,0.000132584391719727,0.000374767890192535,0.00019552896256471,0.000192533293692409,0.00148716941586474,0.000351990011246058,0.0114413272948399,0.000108510390387079,0.00157117083762981,0.00060946780833242,0.000252727560840821,0.00021789528295711,0.00576353957638574,0.00521473664465076,0.00988234869751831,0.000720076944642459,5.27780936389791e-05,0.000577810072931802,0.00296175393878413,0.0102599292290072,0.00168559740315072,0.00838238360879242,0.00120156694787744,0.00820528928411524,0.00126223235838046,0.000360298673808249,0.0192258666169678,0.00269486656939945,0.00875041700608933,0.005514734052022,0.00660139025623959,0.00767333366083541,0.0217943642435841,0.368076755194133,0.00235917869126392,0.000698948190301004,0.00315582285094978,0.0086825415884461,0.00111948917142923,0.00202890266699791,0.000804118631152727,0.000620825648552457,0.0245717186450902,0.000365951254069998,0.000605500745551489,0.00015718285992665
0.00255352980389476,0.000100564828555147,0.000252636761586573,0.000135606296832245,0.0214501076958818,0.0351589284157637,1.87039786978602e-05,0.00086897570186064,0.000865402125284186,0.00126003579982413,0.00175668437169883,0.000555949940700947,0.000595500015987595,5.30623048723338e-05,0.00378906167569545,0.000463474434746717,0.000814191266077661,3.51039308947081e-05,8.21138080459073e-05,8.07926455236993e-05,0.000952880145590989,2.15469161728943e-05,9.15249449143329e-05,0.000238746238411035,0.00114525226084894,0.000725052140165219,0.00256034633082568,0.00633401781900829,5.66957487751112e-05,0.0624023161971983,0.000188676054035951,5.71953947542626e-05,2.85246062438293e-05,0.00232742094359007,0.00501612321737808,0.00206005872111142,0.000213329436035065,1.13449750285456e-05,0.00014002030817092,0.00185013451114681,0.00260476111081817,0.103006850820876,0.0269075068792884,0.0011386081129653,0.000401796952419111,0.000387294645602315,0.0102163575593512,0.0165726084596997,0.00659611551540199,0.121594938851133,0.00201103802666288,0.00213541428883206,0.00883018552179271,0.000330346524130581,0.00213456871138822,0.526727531727101,0.000255424733055586,0.00188038556405274,0.00378401491879763,0.000452233869244382,0.00033612963237053,0.000128090484564456,3.18044306597463e-05,0.00394743380053916,9.83004887908382e-05,0.000123041490868306,5.55841677625402e-05
0.00357310507430632,0.000200306147018086,0.0102826675350988,5.95941828855102e-05,0.00121393249012581,0.00119168727839191,0.000262158984456309,0.000157795636985277,0.000564765618819143,0.000799449459041917,0.000264569424695188,0.000954221937406385,2.65566553767009e-05,0.000107185094859105,0.00350014276630039,0.368878379797355,0.000308843567215146,0.000250227540788275,0.000774457779933108,5.9905711070069e-05,1.29423131828094e-05,0.000480656535202668,3.5774315387917e-05,2.43574821382539e-05,5.84467890644986e-05,0.000488835494582588,0.000173761544769299,0.00412475646184268,0.00188321677387917,0.000249548889078776,0.00267139824281203,0.000420324064887059,4.2436851973286e-05,0.00147118661611397,0.000982298885897636,0.0091626401942874,0.000285997629419163,0.000141815886976014,0.000842719823640564,0.000403199546570462,0.00194350613161294,0.000135125323414662,0.00124046373943278,0.000422894357447286,0.000384618130147604,0.0970748871436947,0.000102809768794011,0.00383038214085992,0.000699368723613293,0.0012990065111337,0.00122288775440899,0.00218287427005898,0.00194772102213944,0.000249843073132105,0.000845580667728245,0.00022007346513864,0.450553564586529,0.000390473852432102,0.00140149443039183,0.000469042118607789,0.00118831418342789,0.000407418937457757,3.43004735863728e-05,0.00120714480696968,0.000452120113646738,0.0111210021134283,0.00158681513693096
0.00467683130047803,5.46490576899961e-05,0.000287281297703159,0.000302754177621832,0.00252893659005453,0.00574177451640291,1.72170578618027e-05,0.063603734693263,0.00132645597726845,0.000688147489018588,0.00591100056189987,0.000623450650480142,0.00383133317636586,9.63388282161337e-05,0.00310857359174422,0.000507552652349504,0.000287515274677324,4.05060383622427e-05,7.09639895640352e-05,0.000156869110309527,0.000185457451373117,4.01789598735256e-05,0.000113969865346087,0.000907952041310896,0.000521216053670186,0.0015243446276137,0.0018886916100801,0.0414875769966472,2.48413234228388e-05,0.000634741901439684,0.000168612256912238,4.58098455538105e-05,2.64377427753776e-05,0.00254537027716031,0.0278008518827423,0.00262654994327294,0.000293680489422562,1.23204906090062e-05,0.000107844426624211,0.164579131095035,0.0038277464305064,0.000719945406715782,0.0119394444025529,0.000836879176776596,0.000360512177192995,0.000258039818166771,0.000466723334795971,0.0109811814294935,0.00272356339024323,0.00515952731794978,0.00595089388509711,0.0216916911058632,0.0107075659148213,0.00025508456586772,0.00115332505818289,0.000838861293315116,0.000184666918606253,0.576481059339444,0.00275629885508694,0.000914073983968132,0.000228273475469176,0.000153503535553672,5.11653152185846e-05,0.00176529405144119,9.63177638431886e-05,7.89477035880575e-05,2.19490380236618e-05
0.00431721535127816,0.000108249866284011,0.000505544388258271,0.00014200005598738,0.0168241328266886,0.00586794985942781,3.04869606342249e-05,0.000579873456494034,0.00097497507992136,0.0010686034079968,0.00093105590227067,0.000488788273508564,0.000165642453883235,8.9731782548543e-05,0.00561734614672817,0.000566729236001792,0.00222874524325931,5.4080563087654e-05,8.7624214820502e-05,9.48724095938168e-05,4.5858411380931e-05,3.13280684096416e-05,5.80827546529265e-05,0.000195862642303867,0.000127240683584484,0.000899520836781454,0.000677713205475095,0.0108111661258775,2.92790083176058e-05,0.00141128148739772,0.000141455468937784,5.14877140989317e-05,2.19551568575044e-05,0.0224973454834344,0.00319259716503853,0.00341055813110224,0.000242856119148637,1.95669790930166e-05,0.000100159442064946,0.002220126128444,0.00446799373942959,0.000996615101853346,0.00656331574205581,0.00058546867820262,0.00044319591054658,0.000355212901961128,0.000225267776066883,0.326571148289563,0.0166700508327704,0.00633815998003362,0.00250696990740301,0.00566782645501162,0.011807263884547,0.000721028212290578,0.00332124811768002,0.00190117241145438,0.000285749915933953,0.00249658860689158,0.457470803308312,0.0012538503685881,0.000268070686809118,0.000151872616838074,3.25743209713273e-05,0.0617250813047349,0.000102133652584641,0.000104630584211695,3.76182021809494e-05
0.0151976003889881,0.000216432613272629,0.00138301861943981,0.00091538173448508,0.00610511750173893,0.00606466610456837,0.000143054130486489,0.00136652606532168,0.0436420158006717,0.00196625058201195,0.00199576555956767,0.00185166122561255,0.000437785025545835,0.000639601313856003,0.00818397706159625,0.00134651315690903,0.00151278245281525,0.000207453374424179,0.000399526139846854,0.000559250365375362,0.000108008703054327,0.000235406110965456,0.000307577661915456,0.000310449686899795,0.000274777566031541,0.0394050340488801,0.00156127770125587,0.0463029554579089,9.20733059342882e-05,0.00155998153654839,0.000835620612159725,0.000246842031428336,0.000185639997367813,0.253010232690321,0.00518390310279598,0.00326767886886379,0.00247011073953968,8.67010851584535e-05,0.000437949142553372,0.00541910061990527,0.146794927466764,0.00128336159061034,0.00664621941061523,0.000649797219198874,0.00125568974608211,0.00114563497410699,0.000595737517967421,0.0575407932355418,0.00621349871827057,0.00633732379509421,0.0509411919462764,0.0170374824302122,0.0245660211286197,0.00226098754275811,0.00410636081058142,0.00222916345557246,0.00103184427757323,0.00547020399077048,0.0130536604830775,0.179366237120853,0.000992815025476064,0.00107217133897296,0.000206759230106908,0.0127526038921881,0.000483121425360984,0.000423137555486933,0.000107554785841086
0.119392168217233,0.00809940040322303,0.00282238765079309,0.00593119283879696,0.00456376589998138,0.00437292110109001,0.000263192766274969,0.000680961201855892,0.00684385744128342,0.0103213740194364,0.000665436155977999,0.135336796284268,0.000429271656438511,0.00934393199453037,0.0534130268614371,0.00331595911483114,0.00189439743372142,0.00117483643718684,0.0013739265002097,0.0142670720025144,0.000146427613223736,0.000639686534735262,0.0140074212196485,0.00118421471928907,0.000360836025862059,0.00338377557079963,0.00180036841754474,0.0126170624620491,0.000384160141260355,0.00116733564473105,0.00168545694054797,0.00227534573823974,0.0268942369573606,0.00601074512923398,0.0102244944316834,0.0242007834558705,0.00781439754367992,0.000305313123237443,0.020538210972276,0.0023934364936735,0.0194070420845398,0.000606323617487758,0.00509310155896662,0.00069478337154279,0.0043532305304546,0.00214158013704579,0.000829111748823112,0.00685949314706327,0.00243303135062729,0.00466585524617568,0.00643835994106369,0.0108798389586222,0.00978772282988701,0.00431185736950549,0.0167486226265923,0.00184876921865604,0.00168098763940146,0.00191214354145299,0.00356589912679809,0.00295931893952039,0.333058897073775,0.0184483031072176,0.0058320489522512,0.00840473786619958,0.0027074415614478,0.00134577003673352,0.000446143302119306
0.0524730381751029,0.00355910687710911,0.00668611300921314,0.00314556117486491,0.00638912183048123,0.00160329901191852,0.000905365978955638,0.00104524059909201,0.00934638572516267,0.00676141744400999,0.000564297429619605,0.0229721073237553,0.000364203467039326,0.0193865799914623,0.020079221350053,0.0059591545687816,0.00156683255240784,0.00566115744912845,0.00320687167500332,0.010423988973763,1.1292275698434e-05,0.00132153405983596,0.00311235018759126,7.50351880930127e-05,2.58660674117974e-05,0.00753124604934082,0.000234925983529599,0.0115090551052192,0.000448929621486887,0.000657319293320593,0.0055840939103334,0.0164695539251289,0.0255959928605181,0.00439828374353159,0.00457621866408622,0.238405500238461,0.014009686931101,0.00115150725584018,0.0400146454274225,0.0020106342306263,0.017632131318562,0.000218352182872496,0.00216716652770447,0.000437160131858177,0.00455459179602214,0.00167980509896757,0.000996594268952388,0.00387957690461124,0.00183602295572732,0.00109354989210591,0.0135454856978518,0.00749454194035684,0.00653332239872552,0.00671489061779504,0.0132273584613701,0.000168464560318731,0.00292874729837359,0.000845611403048159,0.00119459247340548,0.00208067763078974,0.0449692334587399,0.275105773701652,0.00232006973923182,0.00813821065559082,0.0197254394156379,0.00075115253560207,0.000518741308626396
0.352208023350175,0.0311045667567123,0.0011619258297879,0.0833258688085744,0.00103577850656523,0.00218625579502369,3.78946880867075e-05,0.000333107853481657,0.0027073072905602,0.0622151395315396,0.000875458212327265,0.0980262882772535,9.43971378580783e-05,0.00546899159098798,0.0753961959755751,0.00207352548259705,0.00245897334318964,0.000326192351246274,0.000575764839872643,0.00817546583516522,6.79753643167849e-05,8.14606697250818e-05,0.00220169254421507,0.000144052108568824,0.000103021456186685,0.000420349744267994,0.000448008650398044,0.00295692360230376,1.8163352969496e-05,8.79940675126203e-05,0.000401370585877066,0.000424257522389212,0.00324768616136696,0.00412260690871439,0.00109640227621502,0.00471611193984607,0.00535348133731349,1.22046913392053e-05,0.00147761605804562,0.000417699498668025,0.022062959005988,0.000854266936549262,0.00129181555549186,0.000407956595741014,0.0045046444518933,0.000806031275112776,0.000544449085554925,0.0042417316850456,0.00243282429414156,0.00161066834424055,0.00114937073602946,0.00144548604269228,0.00367460598024537,0.0151092296183747,0.0269637283922944,0.000419296281271018,0.00031442006921253,0.000738245130816754,0.00074762512179951,0.00324557190188041,0.0203294916184287,0.00371841851137756,0.11926480238042,0.00538638591362737,0.000572272670011316,0.000341411810034905,0.000236090594906713
0.00637802086621905,0.000670347802271442,0.000599892551371425,0.000527716459406572,0.023233965302671,0.00703072096953219,4.03953885456781e-05,0.000735379413238931,0.00227779544107031,0.0043393940645073,0.000949876546055762,0.00134467363065718,0.000192773410591069,0.000264276179105553,0.0178307916764679,0.000942800394555417,0.0275747370344911,6.28791239315293e-05,0.000137121934182074,0.000316447313232388,8.39789409741043e-05,5.43574417281308e-05,0.000251446140794366,0.000211442000570454,0.000245935389536537,0.00199065956479105,0.000745312128906816,0.0127803513378918,7.46435427783615e-05,0.00196651838472995,0.000319774240737504,9.87967753818194e-05,8.20608888577768e-05,0.0260653567854389,0.00402804599290462,0.00354546419760543,0.000744557661733619,6.33810980807779e-05,0.000245509499119634,0.00271490222985518,0.0128895701284004,0.00142641753920842,0.00968921327170236,0.00115635303164713,0.00145320151546069,0.000659276677916359,0.000375709837240239,0.112457344756856,0.0100798900557755,0.00782322516554747,0.00444849248018795,0.00546761874646784,0.0128432690655462,0.0059101508747649,0.0133481659871255,0.00285030681733923,0.000529621155984103,0.00233870872491401,0.116403617574776,0.00158229283166652,0.000796665835260487,0.000327834539939254,0.000149754343652664,0.522712216730042,0.000193040270664179,0.000218283797933354,0.000107258499460368
0.00534440544640843,0.000555260133441498,0.0171314075417915,0.000189701055334128,0.0032941123742813,0.00196707565631323,0.00312452222443952,0.000320548935722881,0.00294329899628782,0.000831192934909417,0.000150721754931807,0.00231759871192953,4.76123429710498e-05,0.00140672200221688,0.00821913978385201,0.00540330623778234,0.000382318565956238,0.0119761365884451,0.0122123789656998,0.000602852970763255,3.33405721309643e-06,0.00346030271236404,0.000593718271050405,7.9318660300453e-05,5.8750550191362e-05,0.00265639020268501,0.000216966132212179,0.00610274112499866,0.000970528266292799,0.000649863285941577,0.0058420819740407,0.0057720073504665,0.000810690547867222,0.00262191946245893,0.00081665694503778,0.642611186377037,0.00283307431844975,0.00520811394997462,0.00402680063205411,0.00173844001422535,0.00746930942551188,0.000192350223674662,0.00158285289043561,0.000482807209343578,0.000610118706433171,0.00533327037470654,0.000287797513878628,0.00463317190166831,0.00113707646167037,0.00134870924838493,0.00309467319965536,0.00578585084437588,0.00422253003375371,0.00122252385498245,0.0025294494532975,0.000763316792767635,0.00273909242227296,0.00116591687388329,0.00157707612762302,0.000791967437997792,0.00396388294228004,0.0095078551555885,0.000212374824487051,0.00241222444831579,0.168230813918958,0.00223227305682293,0.000977516598891581
0.00570064845693501,0.000608458148104056,0.104303886194769,0.000135188584000809,0.00222470211076074,0.00291014941102205,0.00129868862920445,0.000721085130125902,0.00103664472580544,0.00133893621904548,0.000491752858480888,0.00206027211685526,0.00016679441667443,0.000369733496132052,0.00882511862764034,0.0644568399872145,0.000592227050206381,0.00119275483121535,0.00153424301953665,0.000396988492039112,4.00846121067511e-05,0.00216697719222589,8.56146043209045e-05,8.3027181032925e-05,0.000121533690501123,0.000999294616342116,0.000290247824937185,0.00807323562951191,0.0200518295004555,0.000295834042279158,0.0124127127856315,0.000821304683232349,0.00011499495627184,0.00318630906623021,0.00287316774021018,0.0268170988400755,0.000671790943296406,0.000310015899378266,0.00129455839116563,0.00158581337085752,0.00379433061674393,0.000638868093474309,0.00437653731476473,0.000660994493724935,0.00110498053468725,0.28917853048556,0.000125571877746916,0.00588900237548042,0.00182478980671837,0.00450243704850208,0.00227100618958388,0.00267646168492255,0.00277391041691207,0.000247083538985868,0.00359605944607371,0.000522093704004383,0.0391168003687596,0.00135806084978546,0.00178344095209987,0.000854040064997369,0.00217996726477271,0.000979599157977306,6.95133029196437e-05,0.00219082837377022,0.00160856598994089,0.327637681906227,0.0153782860650332
0.0053288722853674,0.000660437853800781,0.353088937670781,0.000189741152619726,0.00123141019585718,0.00259740847294465,0.00941045338970779,0.000347639397680018,0.00188023357807495,0.00271131590795181,8.47032708861568e-05,0.00291008674871521,6.87503297879938e-05,0.000461014046473166,0.0127240581024312,0.019921500069399,0.000515738700257374,0.00202261604195135,0.00401552764628728,0.000203201251803398,9.05819540737062e-05,0.00718912306800969,2.61875784189611e-05,0.000206462105289936,9.76390316051781e-05,0.00110394993650158,0.000128447884622536,0.00422849265675022,0.0671246356184213,0.000120671331173768,0.108235097076202,0.000878393966879303,0.000129383239440265,0.00143596667785276,0.00122583617074663,0.0330602856823402,0.000971715270417117,0.00215825153850627,0.00212334641628275,0.000761047069621518,0.0032963730491421,0.000199750657419896,0.00111726651842742,0.000200110453734708,0.00143567543613561,0.0442276634036125,0.000132847461377351,0.00282727087732724,0.00110792502496617,0.00135044898279261,0.00192100385597157,0.00306078416000381,0.00333544552949426,0.000571580641145841,0.00147955399671902,0.000375963606434409,0.0112238298842247,0.000454931689159927,0.0014264735528481,0.00053234889292947,0.00213459363863522,0.00196352217329048,0.000529641650470686,0.00110228570764538,0.00221631359239019,0.0507105778780921,0.209396657299676
