0.693579610099289,0.000312651530237415,0.000395905266248819,0.00271895772751374,0.00153818509748482,0.00385972677666767,5.13328784758131e-05,0.000174743063269839,0.000838130468247617,0.0024252391897515,0.000488079045404302,0.00455618124434763,7.8130738259735e-05,0.00061043632190137,0.00512809262315647,0.000367490608316005,0.000520014407075085,6.42321295210585e-05,0.000123305533335805,0.00185165630736251,4.02181913459581e-05,4.02353581932776e-05,0.000351433627726896,4.14945091249203e-05,8.05961720852128e-05,0.000397078533184886,0.000156040484459595,0.00566605962156838,3.08421830744425e-05,0.000372431439987673,0.000109965648994211,7.49653657319156e-05,0.000187224473126799,0.00146118342774918,0.00101286688097271,0.00159631806334452,0.00330203925043994,2.86271152065789e-05,0.000128995074368245,0.000687534424535869,0.00979608781372636,0.000388554153863639,0.00447520975360912,0.000587485291973902,0.000430749687035058,0.000281260795279483,0.000162764957138674,0.0112604053106883,0.00108032169372172,0.00309909621479978,0.00110317629075033,0.00229349577776588,0.00150838733173865,0.0027668366617952,0.00283642907046882,0.000544202992537858,0.000221113986529552,0.00086342803204722,0.0020767949818891,0.00110618178276464,0.00150660332310984,0.000358826816639107,0.0013742813137311,0.00192126478818594,8.32740805048313e-05,0.000190165676541874,5.69695894773599e-05
0.00504460642437814,0.559264369524854,0.00044928770477433,0.00451948792041613,0.000561838859388716,0.000628756728834897,0.000209056319772543,0.000183504991800343,0.000437117759524413,0.0173197740952894,0.00028431659489066,0.0186396163274534,0.0001533079678332,0.000293176600823879,0.120677992873502,0.000408713208113456,0.000486620297386046,0.000243899039734632,0.000396277868368846,0.000265754927710856,0.000321548529935866,0.000246885558588529,0.000634377797930482,0.000201092269495496,0.000160276511825615,0.000198603503783917,0.000320553023651235,0.00148662271838255,0.000183969561399838,0.000326592428444665,0.000312713411659764,0.000208220094493454,0.000249438138805532,0.000737977411937818,0.000370940957134875,0.00111167851240847,0.000354212405954236,0.000154469391831934,0.000367261102303119,0.000432783258476497,0.00184186360546272,0.0002236570786138,0.000720452423216145,0.000397538842996047,0.00640966676422628,0.00047614576000654,0.000171426182213485,0.0051866098652903,0.000960895394899748,0.000530417290553337,0.000399407600407546,0.000718805312817937,0.000772752757906229,0.00149173820386013,0.00548346983936732,0.00045195985322255,0.000203746952921178,0.000379937137673581,0.00101338115303077,0.00038123296056983,0.00148120273972178,0.000486116017126275,0.00386212193713135,0.00124438285578897,0.00017189075181298,0.00026551939417265,0.00025202900772579
0.00081152425871083,5.73249510746259e-05,0.715170877359755,5.89487657602164e-05,0.000540138690846156,0.000673418400302239,0.00137004131475997,9.3245964329287e-05,0.000209766858006408,0.000250691626144074,0.000163879665360413,0.00034719023070454,2.9980622280721e-05,5.78445125647283e-05,0.0014363886756121,0.00265779435243075,8.59870200693011e-05,0.000503260087991903,0.000525757741947274,4.8118421868368e-05,4.48371709778301e-05,0.00315664265779435,3.5005915999804e-05,3.92872456051133e-05,5.31107300993515e-05,0.000129722817465092,6.25519046052105e-05,0.00165746529682035,0.000879504710370123,6.35775324817765e-05,0.00323527476143468,0.000182915482004844,2.8402694792262e-05,0.000484418607485402,0.000328470622646334,0.00342356769405141,0.000113249972578697,0.000255298404689647,0.000228486466064612,0.000208301026628286,0.00103052904829805,8.64764502688863e-05,0.000882527147087855,0.000251645593239354,0.000111012971718534,0.00567559991712674,4.95315287230906e-05,0.00535800031686837,0.000757705385543487,0.000453316758680361,0.000313821554361201,0.000594835045641228,0.000718657453109572,0.000118935762794512,0.000421361802737251,0.00016050601440532,0.00109492644997745,0.000192676232695307,0.000704398376658984,0.000252958453682372,0.000331346812426111,0.000161735818201758,2.48937722649041e-05,0.000523807782774544,0.000335368603219866,0.0120932324229461,0.00384349140189877
0.073699092379163,0.00510610720083253,0.00037342381499864,0.515590950587165,0.000716309239714765,0.000665302490470708,0.000264839585105418,0.000448032100257216,0.000997368671072162,0.057755281991843,0.000913362737203906,0.00611872914388267,0.000326348981646128,0.000467973578898553,0.027829499390869,0.000513909610281392,0.000823592436278561,0.000242783285293232,0.000363350629777922,0.000666712684042536,0.000218726339698826,0.000237420898647443,0.000470123110427742,0.000533532873152002,0.000210313788171946,0.000450808199053322,0.000562238860379682,0.00177208840033775,0.000223132914308142,0.00025938700541207,0.00044787577783033,0.000218402780024714,0.000311965452455057,0.00176788212457431,0.000529105214453645,0.000758747435789579,0.00104802342105916,0.000207976968303372,0.000345036533638618,0.000557812648628612,0.00575621048827072,0.000410550040660662,0.000925934125293883,0.000324233756765089,0.00173371029126018,0.000638491090245104,0.000259854369385785,0.00718727897578743,0.00129823929861493,0.000518996565097343,0.000531847570629429,0.000628324126263047,0.0011812624435658,0.00898117769489857,0.0053804498534035,0.0003027921914816,0.000236673116289498,0.000458746950450067,0.00143340530738528,0.00102515744188003,0.0012836930478051,0.000496296029231164,0.0189849477642865,0.00218835391292697,0.000380808165783343,0.000422257915787094,0.000272583164669918
0.000654013439082624,3.16379675148009e-05,0.000208597375123202,5.15416177041549e-05,0.731767872251727,0.00199180449948531,1.41122391234759e-05,0.000117862750292619,0.00021747468396974,0.0002160403589596,0.000201557552911276,0.000134245067840856,3.25657906753558e-05,2.38574214041674e-05,0.00126250838014078,0.000119461458618527,0.000407573143016232,2.02356123052061e-05,4.56771318442968e-05,2.30267312438552e-05,3.58726039494451e-05,1.87434371803129e-05,4.55856328928799e-05,2.2995487375139e-05,4.14623890062392e-05,0.000188129169573109,0.000136687296912175,0.00205508536831102,1.6418346697936e-05,0.00685426707426307,4.92648351301898e-05,2.18969926258305e-05,1.1972431236837e-05,0.00105153855391973,0.000497920112438671,0.000377607379966568,4.42197622547604e-05,7.24617416764673e-06,4.72686968570658e-05,0.000291671929088828,0.000763634635398068,0.000636770526528301,0.00182537627966019,0.000640236165877126,0.000115753904872307,0.000117188229882446,0.000185322544418134,0.0215157745126338,0.00285303526043815,0.00181229678618936,0.000341974094849816,0.000934722473229096,0.0014915507014896,0.000142269534789473,0.000893119294826898,0.00171694130889368,5.38453361914388e-05,0.000352433037761586,0.00318627160238836,0.000221289213185893,7.10417300967819e-05,2.09932017314108e-05,1.54186812336665e-05,0.00437812590784051,2.4338075917617e-05,6.00090571809553e-05,2.21142500523737e-05
0.000464446051115535,9.11615171500795e-06,9.74097275355439e-05,8.97550251711926e-06,0.000617211280257251,0.702538451193577,4.58143599627368e-06,0.000193382141817354,6.65197487398154e-05,5.3546046781315e-05,0.000952566545653802,6.2452932169176e-05,4.02455307838312e-05,4.98100551903631e-06,0.000572191063722109,5.19572028279637e-05,8.26377127153968e-05,5.97368398810592e-06,2.072182317281e-05,7.93307780354914e-06,6.99403314444349e-05,5.90635469615365e-06,1.84109800036301e-05,1.45552460049233e-05,0.000205335239946073,5.74435055112043e-05,0.000246453540966042,0.00145796153994856,5.59240845593757e-06,0.000304315984293838,2.05702924731916e-05,9.19295529320689e-06,2.65280014906731e-06,0.000258319731781744,0.00109894297309249,0.000358918289187199,2.25825310284177e-05,8.20320247252447e-06,1.70494320997063e-05,0.000287547329666954,0.000270417675432155,0.000533437087294714,0.0597850180483091,0.00128758309536885,3.51417519556094e-05,3.43930120280835e-05,0.000292786280766995,0.00459174342643669,0.00107466909204922,0.0263856440706539,0.000169651988578593,0.000520463385336214,0.000666037591423983,3.49278262620307e-05,0.000327714107029026,0.00104635959193228,1.3571697677929e-05,0.000355836422164079,0.000369897579731606,0.000101340612155055,2.41000664172427e-05,7.11830212788789e-06,3.2953316699458e-06,0.000512129196857205,8.44910987094694e-06,2.15396432722208e-05,4.73854475925193e-06
0.00170138807091385,0.000455884752334603,0.0650328396981243,0.000505929243944268,0.00141846494147455,0.000523504021819644,0.532507941992264,0.000427777572115477,0.00107279546397337,0.000763715129536561,0.000715704784116283,0.000915391230606333,0.0004318908180012,0.000560149303347018,0.00135606694237453,0.00162159006203232,0.000687186279308586,0.00275116068635377,0.0103276291753445,0.000390301331823307,0.000700622882535291,0.0153391622597807,0.00041269567053448,0.0004078968836678,0.000753409538068772,0.0008331313198862,0.000410296277101145,0.00189358883321049,0.00168561832013311,0.00040309809680112,0.0859974598421519,0.000796427234623654,0.000500993348881394,0.00104037699269624,0.00108612542749193,0.0251846733145861,0.000619729046782683,0.0220664216086173,0.000756121895862982,0.000547061702801528,0.00188592323860528,0.000930964652135936,0.00064303744013513,0.00068142773506857,0.00074709534482314,0.0017438675840097,0.000633439866401765,0.00590506719901209,0.00120539019261354,0.00107599465521782,0.000893681769556346,0.00110312113097808,0.00126236322751726,0.000948103176659794,0.000899075939408965,0.000491169949883724,0.00116331188490475,0.000863781636002413,0.00119061793070603,0.000683243492261368,0.00094122412750608,0.000922069339895261,0.00040309809680112,0.000730845029610553,0.00127427245851708,0.00349111744550978,0.00558002936857563
0.000421163464069488,3.76038807204904e-05,0.000196813007731608,5.95129213945044e-05,0.00040549518043595,0.00245148577110936,3.05531530853984e-05,0.633412954327998,0.000159576127347249,8.54247880603486e-05,0.00368392684791737,0.000121785295515222,0.00594433790011574,4.01744585041173e-05,0.000465217454885784,7.14413471059949e-05,6.77063023588958e-05,4.52243641240744e-05,5.04661171942035e-05,3.81568789663799e-05,0.000262652661310198,3.66361337901836e-05,4.90613131275144e-05,0.000437014544345416,0.000629394953559204,0.000211417373828531,0.000975402883799827,0.00530081537748029,3.19994561900327e-05,0.000152264028254455,7.36095965103591e-05,4.46546083555823e-05,2.35024254503065e-05,0.000504074798296958,0.0377183114186273,0.00024972632731253,7.95724975960368e-05,3.016144599456e-05,5.81246551808319e-05,0.00485855195811763,0.000512509557653012,0.00019542131690519,0.00344456770160903,0.000941977212048281,6.3130126140128e-05,9.95742466504879e-05,0.000228626372019367,0.00330480661159787,0.000737558338242726,0.00104865210978662,0.000634617714770382,0.00208153148071548,0.0015853430518474,8.2744746154354e-05,0.000293910887159107,0.000285805337807487,6.07324039477227e-05,0.0618480427180085,0.000365932764261268,0.000287069069972462,6.28602185178339e-05,6.26961761277288e-05,2.87904711766254e-05,0.000580118201531727,5.28293650339496e-05,7.26589068498903e-05,3.40379954797542e-05
0.00356430899914861,6.50522065450538e-05,0.000301878146909172,0.000192688178878194,0.000965695176865526,0.00126073543169951,4.88715833359178e-05,0.000217703062734088,0.63858960787551,0.00026545569894986,0.000211725241224407,0.000335505508130275,6.31571230802624e-05,0.00022523327850659,0.00120858381325124,0.000179917508433855,0.00013566443074353,8.61689175647735e-05,8.54881719638653e-05,0.000174963236252502,6.75401864109137e-05,8.78748661905432e-05,9.82107064053055e-05,6.76039498403499e-05,7.49563637423084e-05,0.0198102341481417,0.000158659762035532,0.0111793193420674,5.2915427445625e-05,0.000189534871817886,0.000119904326267404,8.94860172895297e-05,5.6157678524604e-05,0.00531846154344188,0.000555409880643685,0.000589853904249495,0.00344582673749705,3.72511560344788e-05,9.04508770953998e-05,0.00135497091357593,0.0384180352015331,0.000169558403590003,0.000987352180429706,0.000362644839423398,0.000135769017859742,0.000195896337732713,0.000136897998426709,0.00875030348939972,0.00126267776385773,0.000798330889232031,0.0063511024353608,0.00584185531567753,0.00277695228661053,0.000379661192527197,0.000698486650449281,0.000368442951249314,8.75373788580664e-05,0.00058357369693791,0.00142130155677922,0.0104891439818457,0.000176937730031322,0.000255929541791837,4.93308224275791e-05,0.00181187218159511,7.43635740576557e-05,0.000112169682137341,5.60686549673521e-05
0.00681470616300642,0.00132978835697355,0.000369296518948055,0.00548149780740088,0.00113835287799218,0.000885674090174805,2.57555452533374e-05,9.11304513526961e-05,0.000212522386901154,0.58559232687418,0.000114196506045534,0.000901845194817474,3.22499871000049e-05,0.000132551632372603,0.141605296691215,0.00027233322440004,0.000900261862117474,4.43951041931776e-05,0.000145624386194687,0.000101821646018328,3.87599844960051e-05,2.87651047730278e-05,0.000119172174553349,3.52270129362216e-05,2.61439895424042e-05,0.000181386594112026,6.77756871754383e-05,0.00226380687225503,3.82302877381879e-05,0.000151306998300727,0.000152971049922688,7.0125259306217e-05,4.4581141587833e-05,0.000770365247409453,0.000299418769121377,0.000946030732698815,0.000241405458993367,2.6104337384352e-05,0.000158767352223392,0.000161478344499569,0.00185349148082563,0.000127623812586836,0.00095734628372815,0.000265546484690494,0.00212020915191634,0.00025191878812137,5.57999776800084e-05,0.00672850953081841,0.00104071402815883,0.000634177524106764,0.000366488742293388,0.000654570849282768,0.00102099625826816,0.00508895796441681,0.0152580072301304,0.000234058795265367,0.000121576780637578,0.000191055479133361,0.00141319832360956,0.000323464315058714,0.00029819432516671,0.000111211643827029,0.000336785420841383,0.00243446902621239,4.17999832800062e-05,0.000138913427580694,4.31013526224723e-05
0.000375036002152263,2.06767544464473e-05,0.000191819722953766,2.31750586402946e-05,0.000326325287815655,0.00450061099791127,1.43337463753359e-05,0.00168142994604375,0.000106764402159615,5.36971039559162e-05,0.729225131413449,0.000108878945711245,0.000231832767461951,2.0249412939605e-05,0.000361779284211372,4.90559286484318e-05,5.92301305287728e-05,2.54268196571176e-05,2.80060565900894e-05,2.07863291917915e-05,0.000134778763019098,2.59253847484336e-05,3.29577254619721e-05,0.000111844768818561,0.00140094233915747,0.000102502193599238,0.000495982779817416,0.00300722957733569,1.74064784983041e-05,0.000130777458568279,4.11801815684408e-05,2.01955581179571e-05,2.396947554404e-05,0.00023584685563306,0.0506544689521146,0.000344495694379083,3.81644512714891e-05,2.35366552999305e-05,2.6550803679552e-05,0.000999124442997324,0.000383652229627827,0.000213385859083257,0.00752421652093865,0.00125138559548295,7.89039624575645e-05,0.000105474310632172,0.000126354291347886,0.00316587554613651,0.00063430263335689,0.00167243020695948,0.00032443803724383,0.00104795825450572,0.000977481604546092,3.33139934725522e-05,0.000293207408574983,0.000236179232360603,2.68526610309086e-05,0.00164177484570369,0.000248605008482633,0.000179892511923052,3.95948342301203e-05,2.46382823738542e-05,2.1987998899066e-05,0.000379471953092946,2.19395089255516e-05,6.40728877301364e-05,2.95903175591173e-05
0.0562617040976587,0.00405335456898268,0.000627031620930272,0.0020819784546641,0.000719323535492749,0.00110235772588948,0.000125138647933789,0.000195732284552282,0.000367397750040001,0.00237921434417552,0.000202216800646629,0.606299593299394,0.00012358734238089,0.0012924673486091,0.0120996432284507,0.000253574756946201,0.00039683004398255,0.000140530032439012,0.000293907764542839,0.00215307995917194,0.000107906989194242,0.000217346072727106,0.00610284753625387,0.000120065459504041,0.000126030902108005,0.0002672062255123,0.000169816247857257,0.00247660760501692,0.000106743024639846,0.000178938786344716,0.000287010217714516,0.00020836827114158,0.000992513801592039,0.00100723971319233,0.000585230019830852,0.00179548679250053,0.00173854238755692,9.32851739142786e-05,0.000943785570502669,0.000358351582719487,0.00398250586982421,0.000185969935123824,0.0011630942110735,0.000311337526677572,0.00170403445736912,0.000237576424377411,0.00019307105681213,0.00605468811720056,0.000828316727181943,0.000944867094511312,0.000824082237580144,0.000870851227211966,0.00132735448682094,0.00134644129069771,0.00212539777341689,0.000398429948019076,0.000221183958941093,0.000367117979981158,0.000985624855821947,0.000858021355731884,0.0179932943381082,0.00100287882091585,0.00438926967694636,0.00148719066895455,0.000146981030118595,0.000258470897815623,0.000138939333398915
0.000788244157579418,0.000469244595733849,0.000319404457028326,0.00018302527558178,0.000450614597146161,0.00188707023469299,0.000290737235398183,0.0929754172388623,0.000355042463382289,0.000235345324978993,0.00360266735948731,0.000418700014206232,0.555069096487647,0.000196493250456843,0.000496024331427225,0.000276138514642018,0.000269561321963936,0.000238280815054,0.000191001516020998,0.000233171990542121,0.000919595689665835,0.000134311323906018,0.00020042311546598,0.00961214415618157,0.001329225896646,0.000441737153914966,0.00563560108376944,0.00602692103081815,0.000147786741707235,0.000486211631963771,0.000209027138099621,0.00021434138737334,0.000128048101547705,0.000772128132571057,0.0219228247287483,0.000313439483353743,0.000210121008149818,0,0.000183721189177149,0.0159813928169345,0.000535654635977536,0.000632577270970738,0.00396899627608903,0.000715637774985282,0.000199113160462935,0.000220465427012577,0.000786974289272242,0.00398656422818543,0.00105659567022444,0.00144193296960249,0.000959001302491303,0.00122975664674807,0.00474050155266055,0.000301062927719199,0.000551669686509902,0.000502467233921397,0.000309425160719409,0.0303455442972201,0.000512987736014121,0.000420596921543361,0.000185311848823704,0.00022021799106756,0.000178153880414204,0.000671258370846386,0.00014475002783654,0.000253312548713948,0.000207382251419659
0.0631722897486533,0.000674769838400131,0.0016201707785164,0.000884572366785253,0.00104331221543773,0.00109338149327139,0.000607072760451746,0.000650849720468385,0.00335570681925645,0.00201588943140413,0.000854289926133721,0.0103119195740117,0.000584095902984447,0.55163284164202,0.00365708413949923,0.000722007435633555,0.000445025449892911,0.000819853432987244,0.000871734303524992,0.0350157767702896,0.000530785562632692,0.00120271964259853,0.000989036339927452,0.000876143854476676,0.000497961944940658,0.0012585876004784,0.000843443504695692,0.0038361811871672,0.000568202136916845,0.000818408545162917,0.00146445401361542,0.00080943717951921,0.00306236262886284,0.00180657545208788,0.000721576979469225,0.00208852133604808,0.067253543978713,0.000464658925623481,0.000990876978277192,0.00151995824614161,0.00799840532547122,0.00113574203358088,0.00146690751891072,0.000830945957221925,0.00074144418705373,0.00141017439434818,0.00088155214987468,0.00549359194256699,0.000969721769523014,0.000942588626509299,0.00181026637672109,0.00335719685982529,0.00334019101717379,0.00141156509887909,0.00140965036075682,0.000844772147616492,0.000781402108308067,0.00127944816844213,0.00113555660631009,0.00171131830520477,0.00737629683197508,0.0141790053063104,0.000710997691430475,0.00166115996469074,0.000847557150230081,0.000702608115184192,0.000772473153081166
0.00151110831156814,0.00128479525717427,0.000290697543625999,0.000477332075538664,0.000969071799028806,0.00120614309713939,1.12481637372699e-05,6.69440713803462e-05,0.000117575805749709,0.0160284783509092,0.000130078764641669,0.000633706547406132,1.97517755226459e-05,2.12322481212085e-05,0.725882279717836,0.000276524857317039,0.000845721935893962,1.67141633047324e-05,0.00011179174999681,2.95416479142132e-05,1.20965966591668e-05,2.02762951579734e-05,0.000123394855789789,1.30137845905747e-05,1.94218293863527e-05,9.00602976564059e-05,5.81255110103272e-05,0.00302598600778423,2.09342229375437e-05,0.000138367411520067,0.000114856249717231,5.82354930557584e-05,2.44511807585343e-05,0.000500928223467515,0.000296616577343745,0.000915820492304628,6.98385988487367e-05,7.66426604994666e-06,0.000139947153627167,0.000186974476416721,0.000987798741855389,0.000132623349238234,0.00158147182472461,0.000266791446296388,0.00508622967300588,0.000185689686158731,2.43410263274519e-05,0.00673330578783014,0.000790006031515352,0.000814831978679477,0.000252598763251895,0.00054811052095745,0.00100749052717144,0.000799484484157957,0.0185876705627806,0.000292012328987289,9.59943289258007e-05,0.000206031365379598,0.00123035914386976,0.000155179666919372,0.000304080358881408,6.61841954300953e-05,0.000111051870782092,0.00211838417378363,3.33835036314043e-05,0.000131458539393441,1.8544131761399e-05
0.000459465548175314,4.1761368354752e-05,0.00199270663918987,2.76406543773843e-05,0.000205295231492302,0.00026573964413884,4.38787608690796e-05,5.0231768813485e-05,9.19328170304258e-05,0.000119298929986261,4.60821217834249e-05,0.000180580876767638,3.60464146410861e-05,2.16103740886232e-05,0.000787168522798456,0.72858170408102,3.95589697524866e-05,5.28604700780989e-05,0.000213613790865452,2.71169420521487e-05,2.17191055305784e-05,6.19402414280985e-05,2.53353474284915e-05,1.90887640303355e-05,2.32096323807163e-05,5.60786530499869e-05,7.75073962071615e-05,0.000678757536565104,0.000149762459704313,3.96510561051949e-05,0.000407808146197683,7.78010960791098e-05,2.45691239033694e-05,0.000157612567781705,0.000141416488343116,0.00110273435021333,3.3004523110193e-05,2.55924474132495e-05,0.000117165458916443,9.16238469274594e-05,0.000247100960765213,5.71470022270492e-05,0.000441011406221228,0.000167350517036008,4.89383634088804e-05,0.00571669570354926,2.75090548147002e-05,0.00319340409219178,0.000365363619703285,0.000192391527618252,0.000141296203395559,0.000312300863838381,0.000323132025616048,4.15778542406839e-05,0.000174556723894138,7.17528979035944e-05,0.028013699787167,9.56727332871656e-05,0.000215033340246535,9.29946799547829e-05,0.000188481067823194,6.02902901423057e-05,1.67684270640496e-05,0.000237490611455277,6.52070929986038e-05,0.00173914672874072,0.000196593393786259
0.00134043562207015,0.000144062944958704,0.000303427030188315,0.00012160219402785,0.00180808388191405,0.00150442462531352,5.77407751308903e-05,0.00016026555828471,0.000169403056482877,0.00155999795393049,0.000254971006860948,0.000232064673340052,7.41266707761437e-05,6.98784756088565e-05,0.0117744797911622,0.000145162619120746,0.638709857806839,8.4304245711083e-05,9.85646302206188e-05,6.72418406730966e-05,7.55640300432714e-05,7.48581839745936e-05,9.68757009476211e-05,6.3397810532229e-05,8.34621725468239e-05,0.000151225839628524,0.000100714014680258,0.00170920497194891,5.73336721334941e-05,0.000260743815624857,9.40077966079567e-05,7.83002654587674e-05,4.31941126703102e-05,0.00125872288849528,0.00042827768981841,0.000432091421549649,9.75933230328491e-05,4.13548794856389e-05,7.08648414322413e-05,0.00023749795176304,0.00143151172458517,0.000254453180161194,0.00171869838767989,0.000466064319155512,0.000298197291385436,0.000133189588280528,9.7735165112406e-05,0.0107384403575073,0.000977128237406482,0.00118260216692633,0.000380343514263094,0.00103777339086603,0.00111857579690506,0.00425010252022011,0.0305690587473373,0.00044636393507717,8.69848182643708e-05,0.000300589547468013,0.00361668795099143,0.000276696221967326,0.000128051552400606,5.95614302025868e-05,6.03869446139757e-05,0.0772880649124222,8.866826647864e-05,0.000131867445907034,4.84424295861651e-05
0.00147225897376898,0.000545742032166328,0.0256050689437712,0.000473889509784582,0.00110713166196469,0.00169888019634913,0.00258621729740723,0.000674142789094224,0.00153465040112169,0.000603586839806049,0.000641361325779813,0.00148726101326193,0.00104133479651197,0.000855926865169894,0.00223311739648601,0.00119690620937987,0.000934767602393003,0.61869577815275,0.00174745615380682,0.000751009868589248,0,0.0259527705339946,0.000703073068466528,0.00107378432274889,0.000548396993403892,0.000862152227392293,0.000882037122258012,0.00164962513422304,0.000751300394650598,0.000776576161988033,0.00180347435420593,0.00100219870123229,0.000632765761619878,0.000990054711867871,0.00136288010195051,0.0402145012016158,0.000935452413823327,0.00377806618854825,0.00109338514768795,0.000843687682159839,0.00162657747148111,0.000685778222932059,0.00106171135086613,0.00173133691760295,0.00112626250393586,0.00206420029745826,0.00092860429952008,0.00504593410713981,0.00111502806021296,0.00146630212140079,0.00073411785330791,0.00239796793084468,0.00250160623017223,0.00073679881720535,0.00134044670854782,0.000672124397510109,0.00122585968865544,0.000894820268957403,0.000861492779348276,0.000815171431830426,0.000889341777514808,0.00157600438759621,0,0.00172415952114854,0.0246199144381381,0.00175882089655738,0.000803740348724239
0.00157925863135093,0.000226669562999969,0.00385201835603702,0.000199752552393722,0.000699038782908493,0.000924081720320107,0.0024364879230247,0.000210827066661262,0.000201620933755407,0.000358166969740337,0.000389779755293868,0.000769732057687401,0.000363186458897679,0.000194827886292831,0.00262411995017467,0.000776725817938192,0.00022037318624997,0.00135216459351387,0.518185405208573,0.000201687164927392,0.000199425625139397,0.000674230837394031,0.000215443004455159,0.00015347418328123,0.000468072647594939,0.000233239695260838,0.000288422488817269,0.00209186623557474,0.000497895250883759,0.000552870312317236,0.0130698089784234,0.00175165201184978,0.000196446954599974,0.00121055164387049,0.000577208230139349,0.220145677170072,0.000319834595249958,0.00419296715704948,0.000723564801105789,0.000597080800097484,0.00142214162859982,0.000203058150187473,0.00146254337941232,0.000692738320255346,0.000222832708417939,0.00101728460357487,0.000170557734904388,0.00537448225418683,0.000886215027562387,0.000641324785268753,0.000427838800162443,0.000977220991513765,0.000792306871888618,0.000242301946655139,0.000485978431946628,0.000316917629749958,0.000453994998578066,0.000540111068085867,0.000819660910398771,0.000525708106270244,0.000867677753660183,0.000977345821641053,0.000186057932962473,0.000932567471695469,0.00328555432776209,0.00146296313786232,0.00109137196999986
0.174262160593873,0.000767785613814784,0.000937797458259369,0.00158607442182024,0.00100644122383253,0.0012605798667387,0.000337655321447862,0.00041602470469749,0.00288682794085279,0.00168213741957664,0.000370397655648867,0.0183982131780619,0.000390861614524496,0.0161204153910799,0.00329301478680193,0.000686261626294038,0.000605367754881529,0.000463713308121733,0.000592453379618451,0.448123386757909,0.000415418365175249,0.000403310522840502,0.00079217947104983,0.00042394501470676,0.000408649517239465,0.000777893545316557,0.000470466414550689,0.00283005182383897,0.000320772555375469,0.000406311903475595,0.000436607089261056,0.000524724131721278,0.00174569065815219,0.00128523406481267,0.000520953924519561,0.00135062128579146,0.0563644276367129,0.00028298731702297,0.000807436638244894,0.000618211206423243,0.00828706204854233,0.000504496774398572,0.00089240203035769,0.000662804890249511,0.000697432888094037,0.000417191908277804,0.000692896857554472,0.00567786181643556,0.00104733988445496,0.000983634289955195,0.000929088094809324,0.00207420714733597,0.00175038348965825,0.00129022765106095,0.00176534146884037,0.000570839509251176,0.000544000240110448,0.000738822000977589,0.00121346517072272,0.00148031162516576,0.0117851711787422,0.0020702022930548,0.00126313786159815,0.00139728909444686,0.000633046303340349,0.000479879835633479,0.000426796326310099
0.00117985376302222,0.000397444128527315,0.000433749121037019,0.000557950411201808,0.00162202435172423,0.00920032203165286,0.000611452505426637,0.00447141629385049,0.000852211929438378,0.000467324414861787,0.0111827869325806,0.000753309486685618,0.00186244167205242,0.000471881824840121,0.00115448056381744,0.0015515607325201,0.000653142448978454,0.000402539566072535,0.000466634806772959,0.0006725977559693,0.413573566228799,0.000330184352930384,0.000517762202175779,0.000600662167095578,0.125054266409857,0.000736290725284577,0.012539532102955,0.003603493431981,0.000499352879431753,0.00108037047411531,0.000595266997930049,0.000362503985360078,0.000414914200110927,0.00102724020911675,0.0567628345579368,0.000722034341514434,0.000551581114270279,0.000389800972209482,0.000462410957228893,0.00195089317025535,0.00156437771773,0.00258733723082779,0.00622696437609764,0.00121546842632782,0.000705718100013243,0.000590051667736704,0.0618922416867937,0.00386539892180542,0.00144672682302488,0.0162133425730601,0.000850938070052071,0.0014433298646614,0.0023479089183096,0.000445001545616052,0.00104417274003626,0.0041242471491027,0.00038910613981695,0.00209457224728251,0.000941457019384839,0.000829741049863949,0.000465025721232362,0.000418462808401354,0,0.00126415379098127,0.00030572625271332,0.000527887329684997,0.000419281718006837
0.00117295241413349,0.000505182475394126,0.123397206979648,0.000414349173168087,0.00137235432453619,0.00135179862381325,0.012632174897657,0.00067154429056702,0.000878537277805632,0.000419749929115074,0.000512975671475522,0.000613345369028668,0,0.000537774893161488,0.00174287954010974,0.00203292396132741,0.000474953503742752,0.0115367418633685,0.00143979941456769,0.000342957930493855,0.00067938332897831,0.5956330749354,0.000607736203713846,0,0,0.000606799639984899,0.000731643585053564,0.00154748424933949,0.00084317461936051,0.000522602560752543,0.00668931277763261,0.000608713209967452,0.000362555526522074,0.000992944865429837,0.000820486020381497,0.00917341694974305,0.000844706639062528,0.00291815463229103,0.000654604759287455,0.000613435862978581,0.00191440731163031,0.000679383328978307,0.000882175844400765,0.00112560551546702,0.000677205818308504,0.0027875140036462,0.000418082048602034,0.00455999767732195,0.00156093133277406,0.000710873483280064,0.000872389956528965,0.00262869088058531,0.00101086266751278,0.000391951920564406,0.000686732427488891,0.00115166119869543,0.00137756760373979,0.000659609178030915,0.000774239273224491,0.000782742502104924,0.000782597334726937,0.000960095561611106,0,0.000721732157177221,0.00158816487503114,0.00259733472694016,0.00262407968151985
0.0155997670735462,0.00150482358046533,0.00166466672405887,0.00106819775010849,0.00162545907637682,0.00188047312258682,0.000689877713611729,0.000644513546339493,0.000877448151874827,0.00166534996457886,0.000910034541573076,0.0633626716812617,0.00138293458719402,0.00168525867468862,0.00721181842121856,0.00153460701078954,0.000880507343544612,0.000584170644590575,0.000889928045801817,0.00113172967274599,0.0016964792392906,0.00187305508265551,0.550186007351278,0.000595297704487538,0.00161211461918946,0.00101724752847502,0.000867910671963143,0.00386026555758727,0.000795584782632882,0.000960752077978433,0.000860956259527542,0.000912902696763909,0.00221484127249057,0.00143738363295848,0.001052699345252,0.00360896072249012,0.00156973967213088,0.000612999845232707,0.0218961993672412,0.00155699359558224,0.00319700661857754,0.00101701327458245,0.00125081243900571,0.0015188436759355,0.00160271388990887,0.00119801344890639,0.000845070917437797,0.00360023609598,0.00129491159550912,0.0014551721665251,0.00122419057058707,0.00165108450317249,0.00206431150349317,0.00158936141803251,0.00166259811105595,0.0012249881395657,0.000840093022220736,0.00128669274444886,0.00118254604649643,0.00142936356926409,0.0726967913268277,0.00286394434432325,0.00255745356222707,0.00233917371117507,0.00139855632153213,0.000969065761935539,0.00056748005474513
0.000981838614615547,0.000167954644434156,0.00072750435708234,0.000212750686954022,0.000906516983291782,0.00147874255732604,0.00020847858480635,0.00672630141522403,0.000408168845194638,0.000223288538918278,0.00170361833419582,0.000376896748460872,0.0178544249864432,0.000219643011752265,0.000711223891723687,0.000414678715133948,0.000286072617888497,0,0.000233541584072688,0.000319397891476795,0.000565646428361769,0.000160631040752432,0.000242275659574594,0.564127101304643,0.00104748147236766,0.000513551647646365,0.0472727659374093,0.0169943843691947,0.000173813527379534,0.000385012307839098,0.000323175983267027,0.000332922407366749,0.000570752846928868,0.00185390246088273,0.00565026331338926,0.000541087369615439,0.000235250424931757,0.00035543889868624,0.000306969957956298,0.0200425007708771,0.000969678799201061,0.000908608020833393,0.00225172061287387,0.000620177782545001,0.000548469562126615,0.00026837795386633,0.000845876225238893,0.00651136720939452,0.0014849827065305,0.00157720251154293,0.000912987066249582,0.00265698171616229,0.0489045950350958,0.000572160127636335,0.000647536762863011,0.000511458781564999,0.000377995598025943,0.00988910002567059,0.000800048220382056,0.000646866629192788,0.000361704648502825,0.000292211786900706,0.000169175245047776,0.000777408668152216,0.000243794629227098,0.000276569320575387,0.000337325185580113
0.000467884040550169,0.000171719735156499,0.000358947628831783,0.000166211026838425,0.000668547036559219,0.0108032144178389,0.000228115400389803,0.0035484355183952,0.00028044333255647,0.000718696480049356,0.0259776163240799,0.000299032105174198,0.00149752441603048,0.00018656548489433,0.000527106748837116,0.000280830150946204,0.000234508648775669,0.00013828757432957,0.000231956721898958,0.000223387620070844,0.019728081714955,0.00013828757432957,0.000202112608635525,0.000545931989867013,0.570058139878473,0.000453576268387405,0.00401282174022502,0.00279730942022048,0.000159562585764888,0.000486700423939137,0.00023898929512341,0.000189702185298256,0.000167540715053132,0.000762055530086773,0.0908976045519069,0.000424049659744871,0.000279118900026406,0,0.000155182436351734,0.00109052361986431,0.000781003043245923,0.000806086544382626,0.0138117374238089,0.000630804089057195,0.000195020938157086,0.000247461975116073,0.00379640759612464,0.00440936431447776,0.00121542467014469,0.0337837726032222,0.000454637744367785,0.000539098283592485,0.00220125451650764,0.000155241099067089,0.000459744253961849,0.00145131036341265,0.000191475102917866,0.00174561468826789,0.000614789542778144,0.00031654177728406,0.000246182275180114,0.00025288252228799,0.000195020938157087,0.000722168443721091,0.000470709628006423,0.00020372435192608,0.000209067900835533
0.000794666837461322,4.61893364279425e-05,0.000226310175882039,7.22498549707462e-05,0.000675458123160323,0.000907669350476348,3.4382355124299e-05,0.00034047220254856,0.0112713800531201,0.000151828508260078,0.000280495473320901,0.000183207061961965,7.30135711289947e-05,0.000106281589819862,0.000642987278032104,0.00015405812215463,0.00010015319387254,6.51299840614902e-05,5.89899432231873e-05,6.03242764996711e-05,3.8113377309161e-05,9.30288172073475e-05,8.97416705951896e-05,7.71825759928458e-05,6.29614033411876e-05,0.619842988072426,0.000132923689001672,0.0354917011917644,4.15910966180076e-05,8.3460341609438e-05,7.93021098908536e-05,5.90520052360473e-05,4.43318757122346e-05,0.00228040660051849,0.000766937530115588,0.000323260802532782,0.000361250564454002,3.30431222152203e-05,5.4579107309227e-05,0.00351705426876178,0.00237389681669041,0.000100093614340196,0.00103412690787937,0.000220753066034481,9.64181445983277e-05,0.000127771811792986,6.60029506763387e-05,0.00734615633818236,0.00144646692131952,0.000573502648434332,0.0591207947711017,0.0133383429790114,0.00366349579430564,0.000152749594133694,0.000503322924292533,0.000200779676839106,7.35062480310811e-05,0.000952056102073638,0.000869141252893018,0.00391338228288412,7.87222154229823e-05,0.00015558382423821,2.9313129913915e-05,0.00108598592582497,6.41127576325013e-05,7.00169026257081e-05,3.95935293844239e-05
0.000530487943455827,5.93168337083245e-05,0.00014822390400218,9.89014955542439e-05,0.00102529487966182,0.0036928706165769,6.73125197567817e-05,0.00286425308515716,0.000203328712226234,0.000101544612988999,0.00191691097929592,0.000219399402364676,0.00397354605577146,7.10438399127284e-05,0.00055244198995477,0.000141616616151284,0.000171150901361576,9.10888388900235e-05,0.00011764195441839,6.23849457966858e-05,0.00232385627599373,6.29531147019381e-05,9.51467403953973e-05,0.0079143655826004,0.00241399059112293,0.000266801031683866,0.668915342833117,0.00710992931978819,6.70893843321733e-05,0.000649757960046359,0.000118877895244577,6.8521169973409e-05,7.64471262016766e-05,0.00102484034453762,0.00702174950569305,0.000319734468844713,0.000134996931887909,7.21006340764977e-05,8.26530801985891e-05,0.00311252016999614,0.000796981886775297,0.00073725597145519,0.00296747801186337,0.000832753801049973,0.00012317075438368,0.000195553406844056,0.0058580486807118,0.00879902729483421,0.00195663734915116,0.00290779755005568,0.000706438490034314,0.00202990841117247,0.0237560055453285,0.000165331906792325,0.000401172700620437,0.00137142337674144,0.000154064295148915,0.00363332651530647,0.00117983682189041,0.000436853707870271,0.000119465697813492,0.000127969119582945,8.15436012817877e-05,0.00101956773709688,6.50439762732665e-05,9.02295102212504e-05,6.49417058703203e-05
0.000791994783082222,1.63798954698108e-05,0.000220611153261167,5.06737388330603e-05,0.000709949126008005,0.00148598825418327,7.99851893409765e-06,0.000474364204295684,0.000573059942553179,0.000140535728877891,0.000551158060787165,0.000160619182766856,9.12443828181485e-05,2.67696158066939e-05,0.00122966421098156,0.000125968926523561,9.38056853163709e-05,1.33552266999357e-05,6.11741101088761e-05,2.0704318521063e-05,2.90237884603148e-05,1.27034901485971e-05,5.24727873721648e-05,0.000155406140860006,4.71434694376535e-05,0.00161280018190739,0.000287114581304554,0.686990314529885,1.31867585916753e-05,0.000129240804746385,5.78731628791365e-05,2.35588151601977e-05,1.5325561678738e-05,0.000578011363397788,0.00118785328936807,0.000567000669556122,0.000101864260011283,6.84964064361401e-06,4.51700068570556e-05,0.00602981963327187,0.000792786106048255,0.000119302434270935,0.00254897400940092,0.000296022616979332,8.05599078318676e-05,0.00011217406779732,6.51436444976726e-05,0.00993556047144761,0.00141032162918218,0.000822769171736782,0.015484304189716,0.0239953605864963,0.0113191709131641,6.11902595571622e-05,0.000432698627716777,0.000207533330038842,3.77962413512763e-05,0.00272850419611115,0.00141038945686498,0.000423193062455403,6.19525135162804e-05,4.63198475750472e-05,6.21701664031858e-06,0.000785922590526536,1.39012143785275e-05,6.21463068957168e-05,1.43249361986e-05
0.000816096217531913,0.000372895059663202,0.0356573640385116,0.000334560053529601,0.000715540314486446,0.000790890126542414,0.00224829002639307,0.00091167614586818,0.0004644221795707,0.000441433403962671,0.000532193310957374,0.000692317142020738,0,0.000342263738972717,0.00122730102970149,0.00361673357867737,0.000329734668142155,0.000589990094398409,0.00127206620353059,0.000350550056088001,0.000326196052191362,0.00100748197937893,0.000387532062005123,0.0002927400468384,0.00111868517898963,0.000579505807006639,0.000727668116426895,0.00107848496128998,0.52015329355786,0.00030110404817664,0.0382441637857329,0.000505325080852006,0.0002857700457232,0.000925930288993912,0.000460020073603205,0.00442409204118806,0.000451191405523951,0.000649205818158639,0.000664200106272012,0.000419693638579547,0.00100909216145474,0.00062033009925281,0.000731284981870457,0.00313006665465682,0.0017201962752314,0.01098681275789,0.000731850117096014,0.00405654064904651,0.000513407316187717,0.000543660086985609,0.000759363279392856,0.000430148640252346,0.00140846626309045,0.0003171350507416,0.00080345103764307,0.00108078579792572,0.00185090429614469,0.000455838072934084,0.000824884479807599,0.000559035089445609,0.0007740435167041,0.000401091882356511,0.000310304449648704,0.000702227612356412,0.000616313488440661,0.0524086000520427,0.0622860209657634
0.000601124120623395,4.76172840159353e-05,0.00012219435383501,4.68142147418574e-05,0.0246671933961294,0.00398474365734838,2.98209253433134e-05,0.000182724156133438,0.000119254842413243,0.000119452617905054,0.000403659358883235,0.000118756358931308,0.000119572290973349,4.88798635163583e-05,0.000832508848878609,8.00947136268041e-05,0.000121946702967638,4.76172840159359e-05,5.99794635200728e-05,4.16497432542488e-05,0.000169576451473415,4.15484144844923e-05,6.70335560098543e-05,7.99094651301905e-05,0.000126167765792222,9.43304423859978e-05,0.000353749390822088,0.00168186010747397,4.10037723470558e-05,0.694913268938305,5.55534980185911e-05,3.87992684574291e-05,3.40123457256685e-05,0.000546628784471823,0.000745886542708879,0.000440342303606623,6.85400300229378e-05,3.1744856010624e-05,0.000127567291746394,0.000382760662009574,0.000498688173218741,0.00453972016321559,0.00418938040507612,0.000690391831460677,0.000128732403039064,5.76477767137368e-05,0.00138819079599051,0.00889646650359216,0.00176707153115434,0.00811874692471707,0.000263638624254894,0.000673402454817954,0.00185407595133161,0.000167076625127074,0.000635308627605205,0.0327782098605402,9.79601364772269e-05,0.000372590550732096,0.00103917374018481,0.00020525935306869,8.14343736828079e-05,9.23136003781146e-05,2.7776749009296e-05,0.0014950945379448,5.29080933510394e-05,9.42777195350968e-05,4.62945816821599e-05
0.00141690084065497,0.000208200720419265,0.0269490253163287,0.000160504925091004,0.000621569974367249,0.000444292128744159,0.0118096655712705,0.000184994503220684,0.000329325357158125,0.000417322723729009,0.000237659398901527,0.000548883763055139,0.00015465059964046,0.00021196508230976,0.00159420726062493,0.00173776708831666,0.000142703885018553,0.00091754248194329,0.0112686256107449,0.000139546719420796,0.000137494561782256,0.00280881096162283,0.000147169019221093,0.000137494561782258,0.000387298114328311,0.000264021854873292,0.000241838884788078,0.000951555521655241,0.00765126453953687,0.000275575454318382,0.623536332766938,0.00056085945507292,0.000143651034697879,0.000731029278340547,0.00033920958613533,0.0179349456907882,0.000262352152842971,0.00159238312050178,0.000595361595365272,0.000418150090766623,0.0013671930222992,0.000169645031452734,0.000852785507571547,0.000622119481037745,0.000356673045255464,0.00405661401286201,0.0001727543612081,0.00451419956275361,0.000850510697535621,0.00052424970360105,0.000360093307986367,0.000591021399899852,0.000607155604782176,0.000230753725578182,0.000438021647070839,0.000247962594664481,0.000932740233643447,0.000302400086307884,0.000612788105638984,0.00034528201685429,0.000553582036152808,0.000517368618900155,0.000122308595257052,0.000618834171659845,0.000684860971916779,0.0045640897951217,0.0298966533413231
0.00264112004439276,0.000611874214078885,0.00161365477492458,0.000500158990937512,0.000908898192803007,0.00110751641701877,0.000816268690075967,0.000538802621583899,0.00109968731782288,0.000847205230428623,0.0010776052431678,0.00168476192311584,0.00035772960941226,0.00063265143886798,0.00354960666118436,0.000855061017619554,0.00063265143886798,0.00207237577701973,0.0054457340376043,0.000568834243114804,0.000591799600756083,0.00086981292066352,0.000831010009478637,0.00137792145847687,0.00038422809899835,0.00127775716784143,0.000559780592506224,0.00129764662237782,0.000583835573831304,0.000834702421961945,0.0017211835017358,0.436851743895042,0.000699871872009174,0.000854162250251733,0.000966836782195304,0.235334263724746,0.000849129377403263,0.000888396729807451,0.0107739914380436,0.000779055593831148,0.00137494037839843,0.000755206953203663,0.00115667503337852,0.000977794265726851,0.000712514942203847,0.00189527292182441,0.000695585351634951,0.00482831923024832,0.00116052568677054,0.00126234294006943,0.000727383539138265,0.00128835656367587,0.00112462707272744,0.000866721430211807,0.000980002473192358,0.000540569187556306,0.000869632249143614,0.000792916342230028,0.000987828939652076,0.000720758916741741,0.00204872030159449,0.00635875421767626,0.000574598826814235,0.0009514219594245,0.00434486900913315,0.00144222876856995,0.000836859275765464
0.0346681863454805,0.0011164767903925,0.0017816347627245,0.00115928683644237,0.0026435690422383,0.00250581134972596,0.00066229245602686,0.00231032252102394,0.00171477271560443,0.00197253743519147,0.00159412253950651,0.0439099898345809,0.000723901056587497,0.00498259557034162,0.00429562466920382,0.00261528509379909,0.00102809352185565,0.00230262144595385,0.00105966792964298,0.00537137006798059,0.00066999353109694,0.00149400856359548,0.00376845107577018,0.0012937806117734,0,0.00176162092228075,0.0014810383318985,0.00315026717455784,0.000818514264591336,0.00180205156639867,0.00165503104233351,0.00127067738656316,0.480432081651932,0.00131449384816879,0.00251055047284601,0.00396193448140244,0.0034521228802095,0.00055447740504574,0.0112872090277136,0.00177006248533834,0.00273853811387419,0.00138619351261436,0.00160439063959995,0.00354865539229276,0.0012260111511567,0.00113865895679037,0.000863705188628947,0.00506268675107045,0.00120547495096982,0.000998059329082334,0.00171560078819261,0.00161491544219573,0.0034342264768397,0.00169423651541755,0.00223245609531535,0.00208853155900563,0.000850198687736806,0.0020066801325465,0.00118425421077671,0.00160482891216492,0.101326125127068,0.0283466305229543,0.00250397427390976,0.00179743092135662,0.00108702632514617,0.00107429997227613,0.00105284697743805
0.00132207797780302,2.89552839514221e-05,0.000216714910671268,0.000123528613584606,0.00221419502168682,0.00148953190080821,1.46626667190483e-05,0.000202950811176333,0.00134743289792527,0.000355345026130888,0.000271158332560143,0.000242320593739782,6.16098617976222e-05,4.33483507718572e-05,0.001289659901361,0.000154358524700286,0.00042743937318179,3.45634927600558e-05,6.70720442226365e-05,3.7614441939601e-05,3.06366903913854e-05,2.5209679172286e-05,9.16975290580001e-05,0.000166130451899901,4.91154832404749e-05,0.000848136009364043,0.000278876258795157,0.00357250824522499,2.47290843931122e-05,0.000229127676511337,7.72716157448353e-05,3.45478830184209e-05,2.2860249984998e-05,0.612066155723232,0.000676460910096743,0.000451289715626456,0.000222510320984925,1.38755496932751e-05,8.27657035419136e-05,0.000481158368781458,0.0112415774995424,0.000149830860392741,0.00143786080260303,0.000317842034389626,0.000115436442649486,0.000144718082543914,0.000149984104415458,0.0813005095781694,0.0082328958077172,0.000890375634534735,0.00111113061489582,0.00157116917109194,0.00642022798809823,0.000348588357856551,0.000871930626709539,0.000417701412101871,7.96701071443586e-05,0.000660300631337507,0.0150686797915993,0.0177151762013704,0.000109750582814878,4.83941905442427e-05,1.91701673393933e-05,0.0107955677370622,2.69271639916828e-05,7.87395651268972e-05,2.68415337876014e-05
0.000400553788046821,1.28446230104967e-05,0.000176926463797924,2.17939514692289e-05,0.000354636814739181,0.00363020644514518,6.23190278946554e-06,0.00730731442585001,0.00010923624119718,6.24475853861608e-05,0.0294848049121253,0.000124675682372188,0.000613821259809481,1.44894780796578e-05,0.000421480439225132,6.59719419825677e-05,5.42990515006647e-05,1.07517960579005e-05,3.28429336069285e-05,1.60067184546e-05,0.000356185775734399,1.61226357962278e-05,4.13037262066806e-05,0.000225652888627255,0.00233951431481397,0.000145169627847381,0.000686264974047374,0.00362617412967989,1.1736401262642e-05,0.00012783631533409,4.13406225494432e-05,1.78752040311121e-05,6.5470254210838e-06,0.000281685141632411,0.715532811540424,0.000257089898623321,5.63372563663785e-05,7.36471530756903e-06,3.07925453846483e-05,0.00146756842535196,0.000376366166352261,0.000170504860319774,0.0058695399830417,0.000848140804693386,4.63124047367055e-05,6.22280969860286e-05,0.00017110688564585,0.00360777473065167,0.000799470819738376,0.00145988633134734,0.000466945893538213,0.00133388117638006,0.00131699938286133,3.25664562166474e-05,0.000259479186636187,0.000234532762186885,2.88115358424719e-05,0.00316237005581214,0.000354147669161743,0.000208695841942762,4.20572187065358e-05,1.85811794026505e-05,8.48613824592451e-06,0.000439102222207167,1.50613836041681e-05,5.29280599175735e-05,1.14447522926034e-05
0.00217126926001149,0.000178348757720996,0.00285518643640475,9.87799094838541e-05,0.000897346720444717,0.00370593601446988,0.000620169696887836,0.00012380170877132,0.000289979982362865,0.000576836605544494,0.000491436649552907,0.000677740803958277,3.95983621012362e-05,0.00010244792766428,0.00413895740582228,0.00110873623259852,0.00018552404232655,0.00165220073013445,0.00858507326950425,5.49022908053884e-05,2.82124193469131e-05,0.000374845309305411,6.94068911708183e-05,2.23700049467256e-05,3.46704928419602e-05,0.000251557036759402,0.000113600679065863,0.00384702180667476,0.000187359343317949,0.000283222188981003,0.00146921690350734,0.00249116033074967,6.89682436264877e-05,0.000721707008649169,0.000799354843429659,0.699622242369296,0.000189132060691086,0.000442686921791645,0.00087054492206515,0.00057160286853809,0.00143933395350303,0.000273931784128208,0.00470890011047125,0.000459811017515299,0.000215848484695,0.00145369859189964,9.69482744905359e-05,0.00643948027303224,0.000823891502943552,0.00256237854775616,0.000694933348640604,0.00166870388472722,0.000984434978696436,0.000123583725441531,0.00123165870632151,0.000324632386252039,0.000397159037510133,0.000639993179258866,0.00115592428076917,0.000359172236657203,0.00087273971500332,0.000923571682218741,2.40160996503526e-05,0.00100504633545553,0.00566402897576892,0.00152628151989974,0.000260702007335106
0.103479736034064,0.00026120384580371,0.000698053304632093,0.000714844369255138,0.000641645493800817,0.000927676063756126,0.00016003076209702,0.000319812713115167,0.0202268704655595,0.00114102498854903,0.000453903506539769,0.00308525737809671,0.000208199353194004,0.00781888815376525,0.00243552117438829,0.000316538863613795,0.000321946456609794,0.000257581784813265,0.00036670229188932,0.0164845256473329,0.000157923064941229,0.000228453808788682,0.000295665113213076,0.000161087963321506,0.000194848156576484,0.00129585333717859,0.000317728025583157,0.00364666564880316,0.000163560135551335,0.000258282864267898,0.000480813272940095,0.000482919684914694,0.000407823977471283,0.00333112796240691,0.000689173649229365,0.00101809223787584,0.509866829524827,0.000156411691858784,0.00035851414547531,0.000737829866538704,0.0546582523283628,0.000297065348721917,0.000672819213145761,0.00039018101005988,0.000364681408723087,0.000401844029382322,0.000289699612820378,0.00700086518397883,0.00106223777863298,0.000841867803202006,0.0018606544862334,0.00219515416915176,0.00146006864923858,0.00151944402033465,0.0011106148867684,0.00038690930593826,0.000311059086976432,0.000568307123348088,0.00117382281258305,0.00236630645608202,0.00135307988532071,0.00133962146787227,0.000458038577026817,0.00155778862863479,0.000241598545031334,0.000403267826546361,0.000179767828618049
0.00237533221673211,0.000938822886795029,0.0192850906870304,0.00121193499931722,0.00113227729983158,0.00123203908537788,0.0755180279282423,0.0007738176521462,0.00145090809777413,0.00125813646501889,0.00166598388638536,0.00122792072812556,0,0.000746506440893984,0.0018409779436681,0.00222521345012127,0.00068278028130547,0.0111323531643073,0.0410416698276865,0,0.00072829896672584,0.00960444262369703,0.000755610177978056,0,0,0.00101441641793956,0.00081933633756657,0.00204702146173033,0.00174858364724573,0.00063726159588511,0.0275924155754826,0.00243898627849419,0.00068278028130547,0.00113465668566037,0.00110762134522888,0.0924059659823691,0.00154606569445033,0.434691307448374,0.00132686968000364,0.000967272065182755,0.00198449645397617,0.00140197551094724,0.00129403119980752,0.00251111414569014,0,0.00262322498200326,0.000864855022986932,0.00607421568776205,0.00231998461174764,0.00195224584136232,0.0018504335160018,0.00240574681832818,0.0015336295549323,0.00330144347784177,0.00182706945645632,0.000713126071585717,0.00117352860849378,0.00133521477233071,0.00144441687678989,0.00100875280270293,0.001317874320742,0.00166405809584834,0.000872441470556993,0.00158117538828636,0.00553895913598375,0.00192115628171246,0.00233989090496332
0.00465821957614567,0.000988261383083855,0.00212641046121912,0.000697194984016357,0.00155642559287074,0.00105348379861019,0.000492227749212494,0.000623258921038944,0.00103948224745101,0.00150966758134761,0.000972192092302002,0.00652091819927528,0.000495469799107079,0.000743003832525847,0.00635299411060493,0.000980075140610081,0.000565409474224279,0.001143345198837,0.00133944657972773,0.000781786156245348,0.000398642021319001,0.00099353411912165,0.00699121277615746,0,0.000457974787282756,0.000872816215098449,0.000801773034799738,0.00198417931059907,0.000550466635387601,0.000941322138957919,0.00129653804045148,0.0149487255713302,0.0025804602780523,0.00151073048607216,0.000819533829874415,0.0409544623081394,0.000743013397579885,0.000566442500060255,0.618186955485386,0.00163906765974884,0.00214873199904655,0.000576566153252821,0.00247969243377443,0.000777753673841601,0.000622530505385372,0.00125802735367507,0.000662858244751363,0.00493112969792412,0.000732759659652417,0.00113639102720019,0.000975113781535067,0.00117485909586966,0.00145531881298245,0.0015349042212879,0.00177424513963671,0.000721511156105122,0.000636032896430047,0.000633451442620575,0.00112818942813881,0.00110175074923068,0.0240447476183972,0.019581502103738,0.000528868717202691,0.000947219545816694,0.00166531416802586,0.000952431207691889,0.000456706159063139
0.000586227012692233,2.10575247243839e-05,0.00011436957646223,3.82735779136556e-05,0.000459601398925325,0.00149486259727626,2.39505954486499e-05,0.00184194006315237,0.000483377628775241,9.92828870445253e-05,0.000870383720122287,0.000149786629145818,0.000756846492650234,3.95518878009146e-05,0.000485886738774624,9.95111613497999e-05,5.82686868521723e-05,2.51552650408619e-05,4.60353379944119e-05,3.4152683694331e-05,7.30682905231577e-05,2.30045220317594e-05,5.01934214098267e-05,0.000505211710981405,8.68176185843973e-05,0.000590099244950894,0.000492678224013337,0.0215831108910815,2.02937262154188e-05,0.000103814426224444,5.9897050602607e-05,3.26041051452194e-05,1.90967025840567e-05,0.000453364813013398,0.00229144470693595,0.000412977792446417,8.46824624791536e-05,1.33241636767901e-05,4.56866177269025e-05,0.648904894115558,0.000631451307825332,0.000160462409672037,0.00220384299147675,0.000417658247637573,6.03475084396473e-05,8.1597563517671e-05,0.000124164755882896,0.00539848285698845,0.00103796331681181,0.000921253512753996,0.00168391438530665,0.0119572722693163,0.00313687002038169,5.2602161261676e-05,0.00032889848140942,0.000187001073127043,4.00888657048276e-05,0.0781077136796677,0.000607385565283178,0.000336884206503609,8.03005309174429e-05,3.62009518038253e-05,1.85202972239479e-05,0.000728474248811064,2.68505368836344e-05,5.66746944400322e-05,2.19775344410558e-05
0.0143983435628894,6.9630666858321e-05,0.000272284863104602,0.000365858778749803,0.000876045223286697,0.00137428493436118,4.48428227841723e-05,0.00016750591807004,0.00684218033978258,0.000593906291782934,0.000202352764788018,0.000676871190240336,4.8248606793097e-05,0.000167545652216811,0.00206294392147685,0.000139399887502358,0.000407778303592982,3.97862571272065e-05,0.000102937929567514,0.00020493548432812,3.47049390509408e-05,4.52129819381942e-05,0.000148155388592667,4.18278306583234e-05,5.66726663756649e-05,0.00102141922160541,0.000130600336571436,0.00393430303194056,2.76867534698837e-05,0.000133559712012199,0.000138009936450527,4.39520792741462e-05,4.73303807122593e-05,0.0215149146755555,0.00053402693259936,0.000591297082811653,0.00352864388284201,1.85077473116556e-05,0.000125811553391896,0.000481127538531853,0.668998875656094,0.000196935676111602,0.00148246777130244,0.000248249127099946,0.000160367016366889,0.000172313749829305,0.000137427168964556,0.0132822643589604,0.00165271534549966,0.00109650351428661,0.00161033225561083,0.00166172175210104,0.00155614812413106,0.00152650645064006,0.0011120130762428,0.00034801814684972,6.31632695490419e-05,0.000506027603841546,0.00224031715266164,0.0216756922781057,0.000302946379696058,0.000114206652645332,7.86468235409167e-05,0.00391060823574958,5.18705913065096e-05,9.82228108173813e-05,4.02343295595476e-05
0.000812347774948261,5.26692810859183e-05,0.000110238501966006,5.74755994301302e-05,0.00220427422978978,0.00828431617316623,4.49393319019324e-05,0.000228857708759837,0.000166878372733393,0.000122304401253428,0.000735396104148285,0.00014090733607191,0.000133881759624505,3.54521396115245e-05,0.00089703899735357,0.000128149366775903,0.000178865674196974,6.43153481929824e-05,3.25486519125107e-05,7.45962647395703e-05,0.000191824370433245,4.15064662705348e-05,4.60489450353132e-05,9.16525847999921e-05,0.000201517723800139,0.000132515908718034,0.000552864743707103,0.00154580205611313,5.32614304022902e-05,0.00336728749521479,4.15137239145755e-05,4.83962035866964e-05,5.13592364593512e-05,0.000525540520297594,0.00100428310669485,0.000521228160165591,7.03633428205246e-05,2.82951349012167e-05,6.29068789920486e-05,0.000390056756711768,0.000620717586813353,0.652681546578785,0.00576058432227604,0.0013340601299357,0.000171501427618167,8.48400114391013e-05,0.00304860660330776,0.00608878014680182,0.00130848354721126,0.0852746292505118,0.00024601619274653,0.00076446796824287,0.00105624074166542,9.81367461619109e-05,0.000663215769821848,0.0426045394273287,5.40574572153678e-05,0.000489089728866026,0.000790599357533992,0.000224135619161319,0.000176890827013159,4.68598161712453e-05,4.36910171268787e-05,0.0011822927936175,4.17914076865795e-05,6.98016011717505e-05,5.99191092025758e-05
0.000339778314976333,9.33481596116027e-06,6.55807686953131e-05,5.35657322013983e-06,0.000406505553198585,0.0349049984278604,2.68782722053231e-06,0.000138534496477133,2.5534181356203e-05,4.09535185549012e-05,0.000875785209220366,6.1434797423128e-05,4.03719978750088e-05,3.68454257577939e-06,0.000408715633088227,4.19176979205255e-05,5.57596979382721e-05,5.27559505168413e-06,2.47161354256809e-05,8.76066177113633e-06,6.04615788759506e-05,3.36935492378004e-06,2.08142220554192e-05,1.66260679359877e-05,0.000174853927956002,3.57680414041519e-05,0.000150440605112338,0.00129202144136047,5.26642559367887e-06,0.000172011105357669,3.44528404882297e-05,9.62977526878739e-06,3.08946312355801e-06,0.000184922069675485,0.000994733305802997,0.000307499397651535,1.28192029293259e-05,1.88316282348538e-06,2.31538635473174e-05,0.000233818015754717,0.000177412016335424,0.00025107080027836,0.741237086719392,0.00313526121298796,3.41198973010373e-05,2.7946136300523e-05,0.000204116771702705,0.00443207040751086,0.00101783896038203,0.00402234389261898,0.000104837934178817,0.000326001095759714,0.000533014925150074,1.7513414258414e-05,0.000269906948103991,0.000685778599921467,1.76340213156485e-05,0.000286492339722991,0.000258291599808732,8.05451337558566e-05,2.53383324225605e-05,4.28042909778226e-06,2.40668208841431e-06,0.000325430120791634,5.15735525258529e-06,2.63929036037122e-05,5.23895897493632e-06
0.000809156491856931,5.98707564187245e-05,0.00020416029586928,9.05786605173593e-05,0.0013896453204888,0.0107278095157164,4.82828680796165e-05,0.000670294963259952,0.00023504100181157,0.000203465260187971,0.00229485253124545,0.000208647830378595,0.00013183322240869,5.64909556531514e-05,0.00110670771354225,0.000327324547050086,0.000191566862922466,8.9004844476977e-05,8.08325869508499e-05,6.71784337496927e-05,0.000132001162819402,0.000112273762574467,8.67525694576448e-05,0.000138115101555311,0.000235131455792275,0.000200967092052526,0.000381563412143845,0.00252371332594284,8.7633405564503e-05,0.000465468548452928,6.74350724178642e-05,6.63669968512548e-05,0,0.000499373610258109,0.00309795757030307,0.000407212029046061,0.000175628932639602,4.63515533564319e-05,0.000110406825008722,0.000666625465285902,0.000603728982467521,0.000707762468889735,0.0429273323522255,0.756424711558146,0.000301354903373063,0.000166347186552192,0.000214870539263578,0.00337252614678249,0.000806195142614714,0.00407101830500095,0.000566518985467496,0.00158007295219481,0.00090450629541329,0.000155783653798286,0.000698234649588691,0.00100389739311138,0.000134890262697426,0.00107934742163047,0.000393988203529668,0.000270583852424109,0.000113522024745835,7.10520521845298e-05,7.24243021194248e-05,0.00121762955581049,7.05349724989172e-05,0.000156992076265446,8.42191170360157e-05
0.00206645096903532,0.00270660280896878,0.00025119742642171,0.000692005597172713,0.000942408499116617,0.000656483731977316,0.000113892122933192,0.000111552655478152,0.000275600678240142,0.00663092315436496,0.000138332386761461,0.00118732855158865,4.72458305554535e-05,8.97501440659138e-05,0.136906634656158,0.000206268382181123,0.000586314924374586,7.83230879874845e-05,0.000147274674242872,0.000127200313033911,6.19445333949279e-05,5.63634469784357e-05,0.000257106620685547,9.8574634121871e-05,8.67555017217078e-05,0.000182785952473025,0.00011165906500643,0.00170639107765406,6.58379398018123e-05,0.000132692136072836,0.000148356472758667,9.57554384714422e-05,9.02377261758366e-05,0.000486690382907038,0.000344640933752199,0.000879180745632528,0.000147431904388672,0.000111406835013475,0.000174760740155376,0.000249385399145929,0.0011629473698946,0.000187287318048025,0.000788013791116264,0.000426940980995009,0.626734140712082,0.000140133466554908,0.00010302215829453,0.0056095382915791,0.000985804669404589,0.000544241296548272,0.000327260891953554,0.000542838722389722,0.000919952147556308,0.000975655565063047,0.00568833967069073,0.000220096430148573,0.000163667007999444,0.000261708611532102,0.00112159268611212,0.000298420723194703,0.000631110971123461,0.000247992003594568,0.000439969506024422,0.00211579661428212,0.000156808742273653,0.000125988881481208,7.48830974490023e-05
0.000589277579412928,6.56996963812387e-05,0.00555663398058443,4.19932170333633e-05,0.000350607959386727,0.000302830462653048,5.99567551563414e-05,6.83292083886218e-05,0.000135390150089408,0.000135247722437017,7.00092313825338e-05,0.000228756824306259,5.7254565169224e-05,3.11885420281842e-05,0.000964896284923811,0.0118256167120586,5.4426298977801e-05,8.81831758058783e-05,0.000268168357179594,2.08143572006137e-05,2.59514044381054e-05,0.00010546313816572,3.14108110013809e-05,2.89213985015774e-05,4.06702224964774e-05,8.31694454084894e-05,3.27948859047465e-05,0.00106119201477464,0.000388015146751856,7.48945174272073e-05,0.000765158897758114,0.000140074082401848,2.14051028458002e-05,0.000206101453423921,0.000314384579407736,0.00213828807542962,4.89244433919519e-05,3.30595410542273e-05,0.000177449936568997,0.000124882552044743,0.000375509773689781,8.85443707916257e-05,0.000563003224164037,0.000163969623708094,6.47055017323422e-05,0.690577114252269,4.48018082320564e-05,0.00390871339101055,0.000640061594408918,0.000266795816233757,0.000178804852590972,0.000346860704740948,0.000438133576081406,6.67062902831251e-05,0.000282634503021438,8.33858369990494e-05,0.0121463119933717,0.000137520372368662,0.000248974570302088,0.000180903570442452,0.000331087377045926,6.38864447483883e-05,2.18952960407422e-05,0.000262409329855989,0.000145685417536757,0.0277251528150052,0.000487034172130138
0.000685661442335823,0.000160483851835721,0.000158883117763704,0.000123985852087129,0.00233078373335678,0.004817864783284,0.000100942016951746,0.000757620160222507,0.0002193323192439,0.000179345065400655,0.00106126316988739,0.000400247857974314,0.0010658608671679,0.000109896550713592,0.000855256221492158,0.000234120355446144,0.000261309576141211,0.00011722298742783,0.000177229992896841,0.000299273839114998,0.0119935397109151,0,0.000150680381756192,0.000543302014776123,0.00249804357004779,0.000305507622463062,0.00877598578562738,0.00229149232460782,0.00013737068839199,0.00589240883470582,0.000222723676112883,0.000188742964876362,0.00011722298742783,0.000859080208053039,0.00353666094661904,0.000446607371372189,0.000220920245537069,0,0.000170298951179878,0.000659823330749096,0.000958189382419372,0.0177282402116092,0.00462542371225664,0.000802789153860699,0.000218507761652758,0.00028747542154921,0.623330522152431,0.00800893499659728,0.00363944814022474,0.0243911731090467,0.000352430150513551,0.000546591477776528,0.0032259114901321,0.000360185162224838,0.000453762560073799,0.0264717725960876,0.000222156468109199,0.00090781211286442,0.00123453172130018,0.000526418045393513,0.000293265310745873,0.000150017513672524,0.00010745440514218,0.00137215279128358,0.000211652616189143,0.00024812199005558,0.000297367137225018
0.000932867409101019,1.76681057850948e-05,0.000257858691464922,4.93256778829445e-05,0.00507521271105116,0.00305109593869913,7.59186679247527e-06,0.000144741245806072,0.000266612848867959,0.000300420623202508,0.000328596811923589,0.00017358942658479,3.27669170713593e-05,1.60169564735534e-05,0.00158868783178695,0.00018343557108149,0.000334885781071703,9.70462443021282e-06,4.49175560700677e-05,1.79977852595838e-05,1.47537781923411e-05,1.18870410911886e-05,4.71088345188879e-05,3.58529675534478e-05,2.46993602489526e-05,0.000271955916152333,0.000189253415363107,0.00494712883358686,1.40241820724498e-05,0.000358215592290143,6.34886409238195e-05,2.75115009249386e-05,5.72471494754299e-06,0.00890863157728661,0.000681155253685032,0.000484663315179317,6.28495180429132e-05,4.10864709153803e-06,4.19958514716406e-05,0.000598058322775019,0.00163907993184832,0.000270440281891899,0.00511786594605744,0.000300026193081721,8.90827732060387e-05,0.000140957638351109,0.000163761542741832,0.686553968485618,0.0190981457547851,0.00184947187998105,0.000658022657526986,0.00184759103264581,0.00495744245081931,0.000146154620405561,0.000757933998400948,0.00061642854043763,6.2842213781417e-05,0.000557844711108419,0.0312115768454326,0.00068825499585921,5.95005141469662e-05,1.18480158887938e-05,9.42249732992721e-06,0.00509472239350716,1.4218819158198e-05,6.98031749871694e-05,1.38939943528434e-05
0.000616459136182596,2.69536680632135e-05,0.000201383156261766,3.8843005354255e-05,0.00573526919366124,0.0024958751355377,2.24137564898131e-05,0.000161945161160404,0.000289442313520919,0.000208048390803713,0.000277808176651529,0.000193547002138125,5.03389454555189e-05,2.2782961091644e-05,0.00115574266249999,0.000133529867681581,0.000236961097397837,1.9660267777506e-05,7.10958351141061e-05,2.61205137454699e-05,3.29068778993168e-05,1.62549533275958e-05,6.94050690687447e-05,5.55798565368827e-05,4.71599782654009e-05,0.000277222716860682,0.000283317503401292,0.00464658419489746,1.72723883996414e-05,0.000476849493749912,9.04160082120478e-05,2.33988110388581e-05,1.74672893642737e-05,0.00495771854425873,0.000645972314357076,0.000298074092488531,7.70712020258138e-05,1.17328986424752e-05,7.22495983649322e-05,0.000540859764215823,0.00134819380400397,0.000227969035482012,0.00475366328946438,0.00026075478376943,7.77160342875267e-05,0.000112411315934832,0.000393263849764409,0.142306285241114,0.582430862077533,0.00130032120726012,0.000663821332083148,0.00181223824130281,0.015854731513394,9.8972728232115e-05,0.000668084680303673,0.00069180330772772,5.02364043796913e-05,0.000494788582213037,0.0064647821166353,0.000616774383762284,6.59563442695167e-05,2.34910293250417e-05,1.32403983468417e-05,0.00259240094207986,2.52279946237596e-05,7.98492264439192e-05,2.51583945087638e-05
0.000544623166511634,8.77831284687447e-06,0.000108154786706354,1.30617106702082e-05,0.0009229469261844,0.0421820600001953,9.95035093643959e-06,0.000163937309641763,8.39933095612579e-05,7.98603860204326e-05,0.000660342039438299,8.7269188986319e-05,5.5104651805521e-05,5.28755061573556e-06,0.000656164322651006,6.62910185569157e-05,0.000102140546813853,5.40718475226628e-06,1.74029311953599e-05,1.3493198490984e-05,0.000106649733625012,5.97243286246374e-06,2.17847882086128e-05,3.02979435705973e-05,0.000556977143887639,7.1346682974991e-05,0.000233274268958536,0.00127431411013244,6.45423882696548e-06,0.000696119898500888,1.95656900574312e-05,9.70557667855748e-06,4.54823733372239e-06,0.000330854863281899,0.000936113154429701,0.000386072991311808,2.91514448016854e-05,3.61332188179056e-06,2.15246480363193e-05,0.000308049128396582,0.000424481707050312,0.00471482961948048,0.0122035347784172,0.00105162896463904,7.15497456923147e-05,4.38525882926398e-05,0.000701793709720229,0.00473494178714482,0.00103218570945529,0.739439324725684,0.000192151082484042,0.000573550645080976,0.000696406575278287,4.42826034587371e-05,0.00040353339878522,0.00258460316961193,2.04038446180949e-05,0.000353920398996734,0.000483136970192568,0.000131653323803717,3.70171388815503e-05,1.2628063619262e-05,8.42113033607388e-06,0.000709372727022696,9.40658175838039e-06,2.96752741379145e-05,7.99954683989997e-06
0.000632171828535676,1.90242445262848e-05,0.000159197395217187,5.52552995379118e-05,0.000684568359680507,0.00117855500436794,1.33596332839276e-05,0.000327589256936114,0.00152762342561864,0.00010403356859717,0.000436913680469735,0.000170749542618388,5.0777079578872e-05,6.09934512898464e-05,0.000671042545044586,0.000115699050368339,7.97352009337526e-05,2.76242087862969e-05,5.08092746638962e-05,3.41917989594551e-05,1.90865170124592e-05,2.53449018729883e-05,5.97853184120056e-05,6.95235405923342e-05,2.98420257540661e-05,0.0144429331373328,0.000204218466909922,0.0885886072703345,1.71349545578092e-05,7.81937157785146e-05,6.01854143650572e-05,3.46053693284966e-05,2.30513408068565e-05,0.00106624380788632,0.000944135996135284,0.000415844130730877,0.000189267534895959,1.07779835237657e-05,5.39069848928167e-05,0.00225825635779424,0.001187412919568,7.92518867658043e-05,0.00111109660392822,0.000316188317911767,6.50860493553126e-05,0.000119197841535991,6.7279194062841e-05,0.00633055059964587,0.00129945957330279,0.000659897615130066,0.598792166087105,0.0466772449630848,0.00550966592261886,7.89788103819873e-05,0.000386863899498329,0.00018138245431325,4.66140223497346e-05,0.00130767746572827,0.000834171549827092,0.00110592521990969,7.25103135403294e-05,8.00113804582946e-05,9.71951827313134e-06,0.000936165579182633,4.20841963192223e-05,6.07003417791429e-05,2.29111529328036e-05
0.000630692350812053,1.7693369112406e-05,0.000126256150475868,3.66276816722586e-05,0.000582373926045517,0.00115966535981288,8.58095779246323e-06,0.000403578612001469,0.000872567092720362,9.28145558872365e-05,0.000525118283772542,0.000130462990027888,5.12694905409802e-05,3.90213352156407e-05,0.000599293945917737,9.37689710278931e-05,6.5891709370952e-05,1.73321968168109e-05,4.37502047243642e-05,3.30711886117141e-05,1.29995549497837e-05,1.8422297102113e-05,4.78782818618636e-05,4.03124569847179e-05,2.73671432196942e-05,0.00123505952284154,0.000154689382117657,0.0402630219868987,1.09119801256982e-05,8.67822815516309e-05,4.55988049239851e-05,2.88756910880652e-05,1.68539610729455e-05,0.000444711124713839,0.00105851588723613,0.000451104779539596,0.000146284969180033,6.7697521684485e-06,3.18074176444043e-05,0.00370970509081793,0.000666093739597277,9.76607609218314e-05,0.00137574772750743,0.00038770103585084,6.46407769050432e-05,8.47761565229697e-05,4.52281582674194e-05,0.00573804575345724,0.000952548008124016,0.000654807548904853,0.0102191638313356,0.717648183027543,0.00288823163970513,6.10918351684276e-05,0.000372833471839351,0.000146456393258694,3.88641972931261e-05,0.00202312844403136,0.000768327353644488,0.000353101170460439,5.35862403729737e-05,5.09754979857899e-05,7.22413499062426e-06,0.0006828191699748,1.81933862147111e-05,6.62759949915655e-05,1.09864503527657e-05
0.000672519763943082,3.33959186407292e-05,0.000191605519867921,4.43592093603409e-05,0.0013119446460273,0.00142343964690829,1.36221140054879e-05,0.000447072759057039,0.000739442556217179,0.000155693907908262,0.00039593722995024,0.000244648280681517,0.000228942465131592,5.67757766098185e-05,0.000910855854278263,0.000109587769174193,0.000182415513707766,1.25170179243252e-05,6.30404558460246e-05,3.78867166809334e-05,0.000111569661196914,1.24179723472843e-05,9.35900996620182e-05,0.00132864140758858,0.000130899895719897,0.000551318921991911,0.00273699967068013,0.0297023849762811,1.94847761559469e-05,0.000396120487089327,7.98797507377109e-05,3.25579829098745e-05,1.37320682889403e-05,0.00503850571857296,0.00116147017293229,0.000404346696443911,0.000100995045541433,7.90899231850373e-06,7.97643666131006e-05,0.00243453036896585,0.000963966488106337,0.00019540640867862,0.00176389068752377,0.000233713938049309,8.91987156253711e-05,9.5748461522379e-05,0.000178377069346398,0.0304699948335061,0.021537268122027,0.00104204760396042,0.00318291858849107,0.00417212026337988,0.642297173034649,0.000103872861355249,0.00056897269305732,0.000440251521102123,5.08640370488916e-05,0.00123119612070428,0.0020694549986982,0.000580606127738638,9.86059154318508e-05,5.8737306728197e-05,1.46149847739757e-05,0.00154350022221625,2.38399377335166e-05,7.74091730107562e-05,2.6102395067432e-05
0.0299513352823814,0.000285967249141303,0.000212475090044741,0.00401878956121825,0.000889798854549979,0.000849711178128849,8.32671280614165e-05,0.000138721000012401,0.000386905017457789,0.023189982999628,9.9050991893311e-05,0.00135578735086247,8.6512720811572e-05,0.000254194222177234,0.0162070417815652,0.000227337704857553,0.00645165653715027,0.000187477519851697,0.000185466987614011,0.00024459718868041,9.75292587776318e-05,0.000110803251107042,0.000212619480462408,0.000100781705765689,0.000115414563578799,0.000234410235913632,0.000140218701499649,0.00161684912093013,9.34383658562597e-05,0.000207432206021141,0.000140552804139111,0.000112450148418384,9.54541681653415e-05,0.00163886045246198,0.000445086102093122,0.000626629661679131,0.000755394467039872,7.23317299141107e-05,0.000141704385956382,0.000202974603965111,0.0075263997639008,0.000147093985293077,0.000750721670401827,0.000247904158481584,0.00101086117797514,0.00015938152106326,0.000186007169932131,0.00702106140116267,0.000736088438824789,0.000530054997586742,0.000341216397910045,0.000794928785964392,0.000871722509660696,0.608240353902861,0.0373239631463907,0.000272946802397964,0.000117153687139575,0.000242230295699435,0.00172543015859841,0.000480674922055861,0.000466111464645063,0.000322768524605318,0.000402210072536458,0.0125811975271068,0.000117127336782593,0.000158756357648304,0.000101653821599591
0.00211338442743928,0.000291882105096025,0.000265826115372225,0.00034212732811545,0.00159953515799932,0.00149772815742691,2.13151523460956e-05,0.000140033527659995,0.000208445268343076,0.00922629627075121,0.000321278606322877,0.000483313064288533,3.6462434381922e-05,6.35556876040092e-05,0.144122871087107,0.000238846572468168,0.00591816807921178,5.1652574417364e-05,7.74774096506017e-05,5.44075697054065e-05,4.30610668854345e-05,2.08469354227858e-05,9.62514521315284e-05,4.12523268349958e-05,3.55812867032653e-05,0.000139488376879948,8.56251698502711e-05,0.00219320300229454,3.10848955023761e-05,0.000258064338644546,8.13512801331321e-05,5.3055182695521e-05,3.1833109617313e-05,0.000780579287924774,0.000550771746582506,0.00127627189484227,9.76215361597584e-05,1.53270527787063e-05,0.000121966630219362,0.000337136210928539,0.0013872751270819,0.000210393274489237,0.0016790589818396,0.000730137564228698,0.00153958280155338,0.000170876988414907,6.18977131447745e-05,0.00818684699140762,0.00109389961684333,0.00145137364780515,0.000351480760323994,0.000889381712585924,0.00095316583222654,0.00538977775969972,0.613946890976119,0.000401254381719459,9.63516209434312e-05,0.000396754516224172,0.00179607513478473,0.000202258146475924,0.000217958550540265,0.000115364176326307,5.76116866211366e-05,0.0051419707563763,4.98085222619146e-05,0.000179222014878278,4.08056772790554e-05
0.000520990617091267,3.68413839074544e-05,0.000182300259169966,3.30062704625428e-05,0.00419963779638384,0.00945461898691666,1.43165999640367e-05,0.000170961413348319,0.000145017832647207,0.000148587218826746,0.000448181692118607,0.000129895041718145,0.000110623837677667,2.62617836263381e-05,0.000775495223918619,7.88996245547442e-05,0.000179335033593951,2.86583167701156e-05,4.4596208887974e-05,3.75195386425928e-05,0.000226785548319199,2.0154591282705e-05,6.4460347597111e-05,4.29280531579874e-05,0.000216897549944038,9.36478126804177e-05,0.000416053120821537,0.00142271371215947,3.58105887100435e-05,0.0228697970347289,5.98123685497506e-05,3.65846724598234e-05,1.79781788639297e-05,0.000581580589116843,0.000857746741934226,0.000383241594681738,5.9452201878824e-05,1.69254026241501e-05,4.63510769744749e-05,0.000298777896849465,0.000599812514048822,0.0666082443339245,0.00703602349245884,0.000721036998633196,7.24353369343205e-05,8.86147008597514e-05,0.00282819023796225,0.00668452445111959,0.00180037289334413,0.0346839507690517,0.00027756175619165,0.000531413101865087,0.00133207372705383,0.000103603351925793,0.000659912540208962,0.637415740446278,5.99926720544261e-05,0.000380702784288114,0.000844533050411863,0.000201441984916196,7.13443898207821e-05,3.13676705212042e-05,2.05355300536779e-05,0.00137285800864027,2.71494795681641e-05,5.25462602316394e-05,3.88924145405999e-05
0.000588287710561342,6.37744458397258e-05,0.00216314565095613,3.92141746392421e-05,0.000251036889812695,0.000251679910211217,5.74007097910803e-05,7.83449148643571e-05,0.000184132451464948,0.00011653944334957,9.03858182082316e-05,0.000217628825861854,3.15382085396458e-05,3.71700314931539e-05,0.000769882712906684,0.126119168372483,7.59387740182704e-05,7.63328618775481e-05,0.000293462271114485,3.24274437428311e-05,2.11193360756556e-05,8.95536997867428e-05,3.33403918847684e-05,2.10254723597638e-05,2.71829321222661e-05,7.68783493878879e-05,0.000104464794392523,0.00087458455919346,0.000208972271029944,3.99614567831535e-05,0.000527739356230068,0.000115203522555947,2.67824469344611e-05,0.000173568712229803,0.000166182098843516,0.00139183620956789,6.18964160795083e-05,4.48199243383357e-05,0.000168799327972042,0.000135326598776826,0.000283443391669003,6.5661516139917e-05,0.000371374920716444,0.000246589368019351,5.79273218075121e-05,0.0369734933872386,4.80816884655756e-05,0.00289658421177256,0.000428243817384758,0.000176577295486502,0.000172231385596374,0.000306220986725414,0.000339210954070853,0.00012778246803449,0.000267531010370786,5.73641395121611e-05,0.601779580962336,0.000101764592151216,0.000151894694579784,0.000160179522607916,0.000254608458147041,7.36003608670401e-05,2.57812339649485e-05,0.000208035743168014,5.38643638196239e-05,0.00340329809564287,0.000295482977627391
0.000639257674757785,1.87042839883781e-05,7.66137359602716e-05,4.05699598850074e-05,0.000521339190654234,0.00174257675839114,1.20432564576185e-05,0.0311554259695754,0.000183695479867132,6.13876670099366e-05,0.00143685375966948,0.000123984716985903,0.00100510233983577,1.90521135568851e-05,0.000528281296733507,9.14254157232062e-05,5.6572603446417e-05,2.53802409618305e-05,3.24538522722647e-05,2.22928966140551e-05,7.11305261666614e-05,2.17198858427572e-05,4.65872946177532e-05,0.000174579910669581,9.58758575602286e-05,0.000237383262863383,0.000596642659090468,0.010055391951093,1.61699667123269e-05,0.000140453295737825,3.38568528165264e-05,2.70841292547927e-05,1.07051168512164e-05,0.00047523149544859,0.00593540337853488,0.000403042242823621,6.31086674694161e-05,1.74093314449075e-05,3.26482892713504e-05,0.042172775395619,0.000588143445105563,0.00014496242071455,0.00245443458924899,0.000598524164476439,5.98571977277759e-05,6.27598534407565e-05,0.000112987642402381,0.00444115289134393,0.00085685269132044,0.000929139263189512,0.000775180219020199,0.00434690461005585,0.00168450960941029,5.47361407071059e-05,0.000378323154821722,0.000208857911092163,4.54443913281209e-05,0.682919012871443,0.000437969038206882,0.000267184578057275,5.82427052643181e-05,2.53971833801585e-05,1.58807311966392e-05,0.000566506133166892,3.27982926175224e-05,6.2388586843939e-05,2.21498599576077e-05
0.00093320226517676,2.80956452596297e-05,0.000176456713086008,5.58657326367607e-05,0.0042087117437294,0.00176163276914586,1.35673922117848e-05,0.000117523469219007,0.000237843183947985,0.000284661301299128,0.000239837045112798,0.00015275609924011,2.61009958452167e-05,1.52706579007102e-05,0.00157295895392262,0.000131829962015062,0.000517115417098822,2.17915978370344e-05,3.54162581901778e-05,2.22193254805298e-05,1.44993834705398e-05,1.87824445933938e-05,3.83018848759607e-05,3.07467422865711e-05,2.26936296369287e-05,0.000183745592344172,0.000158709467718068,0.00335328887399136,1.61766094503752e-05,0.000307571894683497,3.59692813580816e-05,2.12685589039654e-05,1.95288221230236e-05,0.00503608888708313,0.000603904807801185,0.000499763181961646,6.73774593619109e-05,1.68520598449734e-05,3.4171519963002e-05,0.000487188689615628,0.0014897998953411,0.000216155241277888,0.00183189756519456,0.000258590626068641,0.000127334369388736,8.03187469222106e-05,0.000102674444982409,0.130933712016475,0.00470146819659772,0.00139246749347951,0.000537232723851353,0.00152306539977481,0.00259425790556547,0.000178121399058518,0.000938139893061323,0.000475376002714657,5.36585326131371e-05,0.000512601014461509,0.605515358562073,0.000517501022324093,5.38938877348086e-05,3.15895324546049e-05,2.04124792326627e-05,0.0157040361392979,2.43852429223295e-05,5.47339617508611e-05,1.66136655880564e-05
0.00230004456639561,9.14865995028252e-05,0.000213490994445925,0.000224553982617538,0.00109342248514969,0.00137375795548212,4.92275554452097e-05,0.000387079638868027,0.00910676481737528,0.000280791859979609,0.000524769632552292,0.000373647232434701,0.000106540796325863,0.000128134332724051,0.00127387595892662,0.000278348399924762,0.000287935686622053,0.00011216772397685,0.000123271352119554,8.98937968999469e-05,8.09655694527419e-05,0.000155499518239969,0.000169679054389457,0.000125430044654045,0.000100790014706001,0.00726922145788713,0.000248333698671654,0.00654812100561194,8.48577298467289e-05,0.00023688021179659,0.000221378668556072,8.56970743555982e-05,6.6971569119008e-05,0.0881050054673502,0.00128391172143767,0.000400216827577543,0.000598102907945419,6.54328997843154e-05,0.000135281351217077,0.000908545665811008,0.0366243024312705,0.000318736735806162,0.00115135404315187,0.000453749641494973,0.000213863876459335,0.000280408213523196,0.000248626531293043,0.016623122872454,0.00191435737112488,0.0010882381338999,0.00691554406436967,0.00290214275420325,0.00293890884150677,0.000319006233804033,0.000795346069714776,0.000405711157437328,0.000191517705825799,0.00112771530396707,0.00255322164623604,0.621258551206884,0.00019711903431719,0.000155815914626574,5.99291979332982e-05,0.00217357493361414,0.000104965276737339,0.000246554724335971,7.67138793093531e-05
0.0300977899131155,0.00213567594548527,0.000614071233897849,0.00133847445275674,0.000658583502249806,0.000902342327701171,0.000185575166352938,0.000265251340234633,0.000531215696403364,0.00181169112695675,0.000323212168388213,0.0859832749627689,0.000292777499928807,0.00158620343294765,0.00886248632980855,0.000312266291400476,0.000281486910579123,0.000215750725404156,0.000472105004100166,0.00276550407261524,0.000146438883097951,0.000211394713133525,0.0109200615376416,0.000250835349122355,0.000216635904368242,0.000441879009453055,0.000192257928576175,0.00209416571090633,0.000149972460414259,0.000156816441742687,0.000303055460748225,0.000552024993717891,0.00842329779852265,0.000815072371357914,0.000412027513598441,0.00291268604015936,0.00165405472996311,0.000129497740353124,0.00678564217357838,0.00064502292287398,0.00362143486019251,0.000190831772855992,0.00158036125178468,0.000274792897914434,0.00121999091899559,0.00027382189827516,0.000296048686892908,0.0044337030306571,0.000875907879145675,0.000618700163010028,0.000666334223045068,0.000802012971715099,0.00133427218209566,0.00104464832539629,0.00141238443597334,0.00038594838131153,0.000245916692732853,0.000369594829362183,0.000626523566097066,0.000802838685078759,0.579903204282626,0.00316389983016677,0.00245515101013362,0.0016234077508366,0.000369781993060768,0.000351644171088324,0.000174670306077719
0.00615821337068556,0.000440757730916278,0.0010425974241921,0.000414236704359938,0.00131592305519262,0.000620699396408646,0.000317256082488785,0.000441399766940921,0.000963156927350574,0.000709472414130957,0.000681737435960998,0.00342663543518093,0.000573819697023195,0.0064383550894374,0.00339074373777719,0.00078569158515484,0.000461578042001075,0.00127773616746056,0.00118578505291784,0.00114866590513231,0.000276610520616307,0.000374193092748625,0.000757998284708409,0.000297209176406882,0.000278572297358269,0.000806009987125137,0.000346183531500805,0.00162825188446905,0.000403565501203126,0.000619494977254474,0.00129186543837697,0.00488835528561508,0.00366773779676778,0.00119690178778894,0.00113842757282328,0.0371990144033648,0.00239506489270911,0.000635615664394925,0.010766623115223,0.000700690601463931,0.00218129955938494,0.000344675644098213,0.000933214832563771,0.000436985769271509,0.000648344401860198,0.000620706161156033,0.00037260228602461,0.00411816173672171,0.00100138454589582,0.000755069476323314,0.000758918156668259,0.00117492592509365,0.00136054986986496,0.000521057027207468,0.000732573986082288,0.000452221180582051,0.000481527018481005,0.000596886394521399,0.000725706488621842,0.000842672282341759,0.00470806800302898,0.632213943524371,0.000284387564129076,0.00132886697651915,0.00409344334977302,0.000528838958868264,0.000346253594955876
0.125201120162933,0.0146820547635212,0.00118744544661041,0.0532696877121521,0.000872069805518946,0.00093559063136456,0.000341140529531566,0.000515039949866832,0.00075079501196984,0.0125927811722109,0.000567355251672967,0.0643293165874632,0.000432790224032582,0.0013565160544115,0.0167916949536094,0.000625141434713733,0.00126607289418488,0.0003479293957909,0.000873217922606923,0.0020264765784114,0.00068737270875763,0.00040733197556008,0.00206354836495114,0.000768839103869652,0.00068100814663951,0.000651221995926677,0.000617362525458242,0.00205528786448761,0.000427698574338082,0.00044127630685675,0.000596359470468429,0.000653428377460961,0.00107354059823816,0.00146952371604544,0.000746775288526813,0.00107282650203666,0.00155729968704982,0.000483706720977593,0.00151709646883337,0.000755791751527493,0.00486082824168364,0.000964231160896129,0.000752914156952807,0.00118562700029095,0.00336614618692012,0.000583225328642841,0.000472391943878702,0.00580844082371577,0.00106031371708293,0.000743793691858862,0.000645770205156224,0.000856033604887981,0.0014870407052981,0.00275835831483558,0.00358493105789264,0.000646003054989813,0.000908010862186013,0.00112016293279022,0.00114529055465919,0.000991437422908118,0.00798144376555782,0.000860983819868746,0.448630063362752,0.00199412597486463,0.000628500509164968,0.000603510243201149,0.000383464867617104
0.000799835088711396,6.56253531165516e-05,0.000179568554846379,5.0072136493964e-05,0.0043069524697238,0.00127219958015454,1.53389995597707e-05,0.000120453754876308,0.000240754119757019,0.000372754732635268,0.000206309544078912,0.000176347364938827,3.35090860753261e-05,2.74839922491841e-05,0.002491684131822,0.000135076934456622,0.00772650120658275,2.31904874700262e-05,5.68395150353722e-05,2.25291556034132e-05,1.56084684709559e-05,2.66279650252511e-05,6.42704081554388e-05,4.20443701416409e-05,2.58206492589474e-05,0.000190689329527212,0.00013091836124264,0.00209586124818212,1.99303352388102e-05,0.000327743290593763,5.95749699568644e-05,2.53985295036203e-05,1.28568705400987e-05,0.00379841350431887,0.00047462273304499,0.000442368225637361,7.27068579133123e-05,1.26100845218115e-05,5.35586734628656e-05,0.000372132650986456,0.00155127563381172,0.000213476265539893,0.00135907796932779,0.000390028150472855,0.000151114710663004,0.000102917793113673,6.24979015396429e-05,0.0260988987109616,0.00195413741391626,0.00119334007908447,0.000429901027661836,0.000938670078060166,0.00156168911017952,0.000869891708367438,0.00206331700411613,0.000470634593159449,6.73978597323474e-05,0.000360125622997723,0.0299697549015347,0.000378114860814766,9.63544822346249e-05,4.40694627801502e-05,1.45720495817822e-05,0.687115325586457,4.87013236022715e-05,6.27365081994616e-05,2.02762400430719e-05
0.00114236470638493,0.000321800720109023,0.00526067811865212,0.000226699017229119,0.000461898700905724,0.000538073732048023,0.000817761503283236,0.000141916473028207,0.000566259158977721,0.000439705520374136,0.000220785129823141,0.000559421781646485,0.000266924107242749,0.000266712561190865,0.00267030663772591,0.00109608526808509,0.000298624674869383,0.00819279415018859,0.00646480242465832,0.000189320108209832,0.00020139184139273,0.00138152316876388,0.00019393288430411,0.000180879709399025,0.000232160039383287,0.00038278732973938,0.0002345268238441,0.00129039957633124,0.000358424826217264,0.00022629513360796,0.00146220422127245,0.00254474752673415,0.000279122025789927,0.000687580226169137,0.000487862412077538,0.205884619879115,0.000535966506946127,0.00168883220081502,0.000995273507524841,0.00039365627476913,0.00121406958212436,0.000261685077859075,0.000717675987876705,0.000783383398367719,0.00023371398877675,0.00166235290315041,0.000266827237670168,0.00416023331617773,0.000969774112066,0.000369390505665646,0.000450602750148127,0.000620889113210113,0.000555242968337801,0.000274226363552195,0.000837784668176607,0.000281011871710789,0.000507821384473719,0.000328830852138541,0.00068148887152935,0.00045470949944086,0.000781629317240023,0.00257234566796204,0.000181166592363972,0.00084681629694054,0.487120494479129,0.00119929972964214,0.000359963743943391
0.00074751249071086,9.44145091639985e-05,0.0369690056081106,7.07940521922219e-05,0.000280249527281612,0.000517938068610329,0.000255960462317441,0.0001196775429797,0.000218005805935778,0.000173689317994882,0.000300135141495159,0.000351574281930829,5.79898206853892e-05,7.89383710457027e-05,0.00090071918583412,0.00568326389495868,9.87831059166921e-05,0.000216417377428688,0.00038592645882218,6.16316934820552e-05,6.57938338211028e-05,0.000448561577396465,6.61139984625686e-05,5.82699647466713e-05,7.17168796882101e-05,0.000162899769577505,8.34072156508989e-05,0.001030706030269,0.00424302459963678,0.000150061848656114,0.00179351963286934,0.000219038903626038,0.000103093014551802,0.000396004090581739,0.000479531927831897,0.00354864085307228,0.000125547638540717,9.58092689584674e-05,0.000235094378079047,0.000208951087370803,0.000516044246998066,0.000143914006338617,0.000779174015779204,0.000343241123700063,0.000138909168499863,0.101483493538384,8.19621482150963e-05,0.00353153338906333,0.000633364802639702,0.000581308587300343,0.000218848540673552,0.000474796968581884,0.000554984061670536,9.45621760405027e-05,0.000454412987679608,0.000202873021074528,0.00344293316061518,0.000251424107147671,0.000328745798425425,0.000228442991765461,0.00037944029985038,0.000135445135177279,5.37876597661581e-05,0.000497309219439068,0.000285823345433515,0.606759241205531,0.00264657697574401
0.00140673960738718,0.000262259540783539,0.12646737855562,0.000288905782587509,0.000335546512458053,0.000608539267781072,0.00552580852430927,0.000232536792828072,0.000370057662839839,0.000611938928494932,0.000366616983053659,0.00070070784713463,0.000308154960420659,0.000369591686178286,0.00126874191888234,0.00305085552461864,0.000558844227346108,0.000868705195113417,0.00200070033010706,0.000224377607114806,0.00018868116961927,0.00204535430060709,0.000234184320712481,0.00117168306603001,0.000576970989723794,0.000338046908079859,0.000517667255726793,0.000970698898897774,0.0299885771400014,0.000482234481694376,0.04995461452947,0.000404782553520827,0.000198880151760852,0.000598680251710875,0.00045650644065722,0.00464682624674058,0.000378555837148725,0.000485323933092526,0.000419223833103243,0.000656443577840019,0.00105851683193028,0.000305274079101448,0.00060078919378083,0.000449775112443774,0.000200792460912398,0.00678640271700884,0.00028275798764938,0.00431501936106777,0.000824111196325555,0.000501249975252466,0.000609309503411556,0.000545985510646034,0.000723343194964523,0.000324327632102312,0.000711781595775685,0.00089415550012319,0.001866585624867,0.000237636283898863,0.000585890176809,0.000386559635634074,0.000623468212654982,0.000317716506178393,0.000218549617319614,0.0005880350641006,0.000441776963290638,0.016374125862239,0.486450992190979
