0.274489864666285,0.00607820944483015,0.00315026805398181,0.000321918359254353,0.00226168442363116,0.00343758207127334,0.000277642863687489,0.000948431970761606,0.00281551321925355,0.052985717018656,0.000309781451170611,0.00210470929160198,0.000177063343894507,4.46637433625048e-05,0.000260333341444357,0.000709789520052334,0.0162159637173307,2.84730803169959e-05,0.000219597011633969,0.0182331314894823,0.000388337217432209,0.000699348119918822,0.00775409778666279,0.00115126233290716,0.00096544777496244,0.00481693468301582,0.0379581319185492,0.374492621629792,0.00231939548244193,0.000274403908383349,0.000750454352429765,0.00265375398663051,5.71207612419253e-05,0.00018954208938069,0.00140657566562637,0.00240540300024811,0.00356410610162765,0.00121040371026528,0.000900434012186362,0.00699052152041754,0.000154833427640016,0.000139730693796222,0.00202752700598725,0.000306418295241065,0.000939121209378152,8.67110790985869e-05,0.000333187949362997,0.000504790259754628,0.0804594198164382,0.0117604667787302,0.00309417216442328,0.00211645591251475,0.00405837403107249,9.03247109317479e-05,0.00385622078961384,9.62913840818866e-05,0.0467948589810716,0.00259226976743087,0.000141041954488318,0.000284798396304349,0.00292945022795845,5.99747563290641e-05,0.000285248244818958,0.000869678027507876
0.023848690988841,0.181321673196918,0.00189065260822918,5.58063376972694e-05,0.00534511698389012,0.0528583379468772,0.000369471674450578,0.00212289809907862,0.00407357186868453,0.292704869385761,0.000814265477833191,0.00346067792854869,0.000675198988803682,0.000162975062257543,0.001257181944163,0.000978796775463438,0.011928518942464,7.8737510114477e-05,8.29574135412891e-05,0.0370033676653271,0.000564530225545712,0.00322143375876458,0.00257415037015104,0.00059214499748196,0.000679247132432621,0.00491059811999443,0.0479909340489001,0.0771140627828753,0.00092474796776864,0.000797319094007624,0.00209572222258341,0.00350277817165319,0.000233243265270613,0.000387954876591137,0.00502798615357567,0.00335174547217628,0.00559603064149592,0.000208309361494796,0.000758722805565342,0.106644489806482,0.000262201026668706,0.000577163160037878,0.00644153046418317,0.000176136588007309,0.000143025282408531,0.000199232772752291,4.86693912071971e-05,0.000164201480204897,0.0479204081473148,0.00282416453012924,0.00113287753744272,0.000881000564366499,0.00165414081744495,0.000363792517461759,0.00212130224925215,0.000243166307846777,0.00774116925838814,0.0341101181790043,0.000197605202158447,0.000245114023568091,0.00198714412188746,0.000168756688128399,0.000302223221628912,0.00188493839475301
0.00158286131278718,0.0002545877812954,0.413561015680219,0.0092951481288514,0.000992474364565396,0.000837649139482614,0.000114262079208464,0.000889918007500635,0.00193207378614033,0.00652754770353132,0.000101216405039682,0.000129769641501765,0.000227489726026856,2.77330024790694e-05,0.000985870363915115,0.000254423912500447,0.299149741229878,0.000142619246462096,0.0013730711237358,0.000565935678194064,0.000675426082863678,0.000166390271912409,0.00143524202624944,0.00908143545800601,0.000115354425582325,0.0267712707701897,0.000681373691855463,0.0128643263767495,0.00934066043898095,0.000134463000313661,0.00092317371461895,0.0856739487273467,6.78931319275628e-05,0.000271754912862136,0.000959498596284369,0.0150138852557361,0.00192318931295718,0.0014052414528966,0.00222362159987491,0.00263830460308693,6.32770880730553e-05,0.000646106988387173,0.000462928954438412,0.00182011668209361,0.005233816199964,0.000924552536378575,0.0116970219566122,0.00951067376256751,0.00246726316096818,0.0027692514861776,0.00197374272225312,0.00989002796494041,0.0202504104247095,0.000140351226099666,0.00733893918318964,0.000231753954146475,0.000690537233155307,0.00095713231870728,0.000888836821751998,8.48004669336442e-05,0.00796260813204498,7.952226791453e-05,0.00228997945529897,0.000314486849584036
0.000931226381647727,0.000181400137889659,0.163298840978821,0.199618495835519,0.000288119353829029,0.000958527005449987,1.48728581872182e-05,0.000440227509703533,0.00202227214587266,0.00601489539183213,7.43642909360908e-06,0.000297175536046529,0.00018077109893481,8.56527174716311e-06,0.000774739173319716,0.000112739601903179,0.108715616918024,0.000138475913705681,0.000927271381553485,0.000366259228199073,0.000381552511667563,9.95037252064892e-05,0.00623306167435483,0.0246999041729636,0.000234223100599046,0.0192458407390716,0.000568016821067338,0.0189632474695518,0.125461704551834,5.54576123272979e-05,0.000463268482551017,0.019436701072076,2.22840798164227e-05,0.00026532851635556,0.000624126899611384,0.0106244839109951,0.000846063347457406,0.00463090908738763,0.00247527030071602,0.00125849678254613,0,0.0003116392685002,0.000605409556030675,0.000753835090239902,0.00779471696927558,0.000519023705139475,0.0204353019541601,0.00545671447795659,0.00177206136200459,0.0141421382020609,0.0602894149626899,0.00485619206380393,0.00867101539554615,0.000176262682278934,0.132208577835143,0.000128111472174339,0.00206678097094989,6.68522394492681e-05,0.000159697646508731,7.43642909360908e-06,0.0155405966272326,0,0.00178217876794798,0.000368669312378263
0.00630822184188785,0.00607668710327639,0.011784608722781,0.000765412048280859,0.343253654215493,0.00174177015020665,0.000247615502436857,0.0036336438086487,0.00965435302848448,0.013166439568851,0.00176002679214969,0.000614424687009633,0.00517045145105157,0.000109212940662449,0.00535376621159901,0.00185304456724621,0.0487827995708042,0.00018889718820159,0.000859529875609702,0.019884963937822,0.00123233480468176,0.00821011780355322,0.00353665714178824,0.00162374750019689,0.00099562773621206,0.00667468020559226,0.00346729641115451,0.0796952685655688,0.0019620362941951,0.00566310449912602,0.00254118496886508,0.0108802137238721,0.000436142982690404,0.0013260241010602,0.00917581218119572,0.00379880730130738,0.0141617932890281,0.00075787749056443,0.0168611974550323,0.246473466390924,0.000392633450107959,0.00144571699671936,0.00417329087076624,0.000640359021624804,0.000675852426153843,0.000395516736611298,0.000849595630163569,0.000917772292631753,0.0430274157376458,0.00361079918448216,0.00185496699097736,0.00717907161975487,0.00465052383617627,0.000592371478249577,0.00226232811720394,0.000375268461517567,0.00427963410777851,0.00536197207525967,0.000714724990733489,0.000712262808327911,0.00800644281590058,0.000209493665209114,0.0035921656700463,0.00339690695684666
0.00516782977970739,0.0198221443954352,0.00126003617077358,0.000184390259295981,0.00109641754145169,0.360785811038933,0.00015802212283838,0.00167563811497469,0.00492575130729704,0.35110875124824,0.000325968889188493,0.00229986230710314,0.000545197935574905,0.000163973903456562,0.000731310263250519,0.00181713203395903,0.00620188717336487,6.8327753982856e-05,9.5481554498644e-05,0.0025526029275779,0.000476021657820312,0.00118073894930783,0.000765935328908522,0.000313197587339188,0.000197266521236045,0.0014662039048801,0.00967190993451642,0.0199977818173596,0.00126437222733805,0.000348786337425053,0.00128434712051453,0.00154171344985403,0.000315294465636478,0.000251089077240548,0.00480510513357795,0.00135114600540302,0.00159347761591688,0.000454951744592735,0.000518358769007001,0.0239532915288344,0.00035585918940217,0.000767906182376621,0.00858012122797799,4.35583854761735e-05,0.00034044119082665,9.73699679611641e-05,0.00020319847083333,0.000168816428393697,0.00536870383381959,0.00120365334324582,0.000495366541668369,0.000866977123047267,0.00089897894129571,0.000410891653186971,0.000765335557825375,0.000226369330813978,0.00160713971419162,0.141616832087162,0.000297774985534244,0.000328933102008557,0.00102613909944809,0.000335821999870957,0.000333618887623154,0.000922666858398037
0,0.000944254945025232,0.000895585542518465,0.00030047787320951,0.000695297271004415,0.00133874717439605,0.161034696101888,0.153970750024804,0.1311307736534,0.00297622509831463,0.000883894553037194,3.95629898408842e-05,0.000304315158208915,0.0221476584202161,0.000761751157978179,0.0115439553018549,0.00539076131418171,0.00015725199478882,5.3309019637164e-05,0.000891947038112067,0.000811379585999375,0.00309763662552229,0.000393634078628727,0.000215519318365905,0.0400410632847301,0.00103238741939161,0.000131445414477631,0.00739136330615541,0.000397609068091444,0.00115641726431345,0.113825789213465,0.000885806198398169,0.000769863748861299,0.00142060695550757,0.0469982781608946,0.000571608439949954,0.0499314474214221,0.000203456933518219,6.68265445312257e-05,0.0115762645551344,0.0386831042830173,0.00158043283424674,0.00523987678715218,1.5725199478882e-05,5.40700995762471e-05,2.60454649468224e-05,0,0.000121886228948774,0.00219515024771405,0.000327956087358782,0.000327643471823496,0.000294857152852379,0.00120341593951751,0.000219934667535546,0.00158952803216154,0.00864580238320315,0.000229082332393338,0.00194308319601003,0.000131216909575413,0.144383481672957,0.000353620349347504,0.000279366728639812,1.5725199478882e-05,0.0157593765622903
0.00112869645793338,0.000349220259248194,0.00131989621497697,8.41893852201354e-05,0.000798850128097882,0.00100834706567698,0.00669009373436156,0.471460292855702,0.365805559137083,0.00497475482430981,0.000487456367542299,0.000115395176985965,0.000243787274907923,0.00346202337289357,0.000419590919059787,0.0126905601760907,0.00807301364588248,8.32040880369544e-05,3.45351973828139e-05,0.000496841320855188,0.000931166629602697,0.000409783348672919,0.000362266561024756,0.000132148035833172,0.00143371148478081,0.00263085119393646,0.000384247829422584,0.00798026520556957,0.000399903229097611,0.000656792027327599,0.0128271780948531,0.00120328250604298,0.000512393918375203,0.000882198101268017,0.00830361363731571,0.00215537175637664,0.0128835254332429,0.000155999247138577,0.000320069233642084,0.00746724798599001,0.00451734328342357,0.00158891209009475,0.00356570999030832,0.000156834887130117,0.000180947612368059,3.12463498175824e-05,6.03169338966096e-05,0.000153402199329066,0.00282785244737859,0.000462533546405655,0.000184550616008103,0.00141441977922418,0.00107342455310075,9.86678403546793e-05,0.000795017031192908,0.00167163753155594,0.000491227332913018,0.00222173344666656,0.00015158959442138,0.0343528012761621,0.000878963125035277,0.000306372391334122,9.34749746604364e-05,0.000962698105456839
0.000582411407495655,0.000266954003292394,0.00106302492253099,5.47296722613841e-05,0.000768689330730423,0.000983796538243448,0.003311112687609,0.170029159192582,0.696138378896662,0.00344735173056413,0.000421830770878793,0.00010090861363441,0.000245553257516566,0.00164789182391584,0.000287201276115128,0.0183075944960893,0.00920627328066423,9.56149484692521e-05,7.75402893836807e-05,0.000748782470610583,0.000336036118158803,0.000452543328776761,0.000450356920957529,0.000156713445920229,0.00090265428484418,0.00219782096310378,0.000252025629552829,0.00746803354867211,0.000418334770989514,0.000609505682802449,0.00953646228537151,0.00104989873649356,0.000422166496942162,0.00077018721628861,0.00841247724555564,0.00241777380954981,0.0123904471524153,0.000115599616006557,0.00021616880578996,0.00750522784544271,0.00320257000442034,0.000974433999932065,0.00423585581662106,8.33545188822355e-05,0.000154891968648554,2.92395416614567e-05,0.000103693335555612,0.000211301696483823,0.0031700787642143,0.000465603976791466,0.000233811441394943,0.00163287158137011,0.000843381391831835,5.43356318689427e-05,0.000350536867650915,0.00123111863165886,0.000369487076340131,0.00166919978641951,0.000113176610625954,0.0148287389245683,0.000796491121113412,0.000222738840871647,0.000129960945257016,0.00102789401293419
0.00935129559078548,0.00770779509733942,0.00313727605134055,0.00020544374075749,0.000710958997270424,0.0237641437208791,0.000143559447912848,0.00151398851858676,0.00271818388513609,0.808624727613773,0.000211348972862354,0.00628614547058786,0.000165386267668907,7.95257092803865e-05,0.000405851854849448,0.000682190477613921,0.0143670660632938,4.55328026278329e-05,0.000126336462325762,0.00311178732538374,0.00023811922877231,0.000505043706079813,0.00153107297480925,0.000701388157564433,0.00046523490130219,0.00293733409319395,0.0180636940836823,0.0345461245924233,0.00108212760821816,0.000263739385457578,0.00120992385414106,0.00293914423996976,7.38900111252409e-05,0.000119637623229319,0.0014934684512476,0.00255616351301882,0.00326967204315643,0.0004923631316935,0.000373622039484061,0.00650877799653763,0.000114428389593574,0.000267773754972841,0.00301892693197811,0.000206696830918322,0.000467292428893407,4.26144959048443e-05,0.000251686841517752,0.000371637054107818,0.00615240469922163,0.00217488973598919,0.000845213741661596,0.00268673621517943,0.00250002406391536,0.000146995867903667,0.00240821675638935,0.000292347045017478,0.00405633804908047,0.00810101102299844,0.000378105405106671,0.000432116033965147,0.00138657018334143,7.1515168631509e-05,0.000278622392053311,0.000618751186277062
0.000584607465346413,0.00270983629060972,0.00149164446767988,0,0.0055182575487046,0.00142195399719596,0.0024708922153632,0.00952703697847091,0.0176938942303815,0.0045244485554896,0.208780182175917,0.000493092347646244,0.00802790578137856,0.0016898917957599,0.00888104597585941,0.000866473993965299,0.00878177709470429,0.000465240621285542,0.000504803351864496,0.00076533012453595,0.0351687142696159,0.012875809821892,4.39576691672598e-05,0.000298141012999528,0.00945665226996234,0.00153714300801642,0.000547850009423333,0.0103386964311459,0.000270266463432142,0.0467607246061617,0.0206841379673078,0.00114894856865519,0.00191787824356743,0.00748390943199848,0.00616429933105775,0.000711060862793688,0.422576159867458,0.000336157367649374,0.000388809953730706,0.0432640597905226,0.000451114406844558,0.0291745040172913,0.00543426755129355,0.000310122561829352,0.000405906316965845,4.5901246063881e-05,0.000313534414860682,0.000146880241354948,0.00201557250737408,0.00016827422450581,0.000473620427211078,0.00289564923710072,0.00210681809017952,0.00225800685819511,0.00474434351840872,0.00825121642343461,0.000209224284384202,0.00244417496356876,0.000153587078102738,0.00631596914259978,0.000775026494838131,0.00649288718693843,0.0019253542699814,0.015316352577957
0.0267248621830357,0.0100353863714159,0.00231967617207843,0.000155317411243671,0.000848288661215403,0.0177354501204758,0.000218560268348161,0.00147600556470438,0.00240468684918184,0.683565522213092,0.000317037855309706,0.0696463925741023,0.000242139126823736,0.000100188443908766,0.000921120231543194,0.00076627820962517,0.0146900682683912,4.95515733104948e-05,0.000199904524361211,0.00487160581942799,0.000182227615375339,0.000829965889912406,0.00506564153925482,0.000476307963259584,0.000295523129122985,0.00187017291065968,0.0391311044653791,0.043290504967064,0.0015982720547273,0.000201026958743987,0.00147337995875465,0.00151147278140354,6.67922959391776e-05,0.000115583127427189,0.00183826163002213,0.00101283936760487,0.00284130165158514,0.000367786356799873,0.000128542389275041,0.0062164368179555,9.15680825944251e-05,0.000672176879899032,0.00640584186595609,6.97990861299769e-05,0.000130541624588423,7.43273599657423e-05,0.000120464676604588,9.17819671636899e-05,0.00936345547634006,0.00246638769723955,0.0015261629832494,0.00316130686666718,0.000487025385348449,0.000160388333723324,0.00125184818790689,0.00015028266586315,0.0172818748656096,0.00817451490462819,0,7.03417347738653e-05,0.000699030384666989,0.000344207717931196,0.000223866929420628,0.00118161801186837
0.00230874342548278,0.00422109281132477,0.00383616362398805,0.000210213343096657,0.0216326654731236,0.00463506458801939,0.0011804388625255,0.0025199755805507,0.00732526565868277,0.00364238845449043,0.0139777348446676,7.89736670103017e-05,0.203438977660337,0.000599233717850212,0.143535245818641,0.00316503672517604,0.0239271175867546,0.000823867316956041,0.000613864437705759,0.00374241760982704,0.0604378932835102,0.0100436422521094,0.00147012901781293,0.000200810886589548,0.00224156278292874,0.00468918555930159,0.000443121084028555,0.00558620672105713,0.00317551467687797,0.109321892904645,0.00739061659546757,0.00319472906851709,0.00576267909911763,0.00434927512756015,0.00642252170750469,0.00158718518548816,0.0713340608622313,0.000385626811604064,0.00141965483308132,0.179944303181045,0.000345960126940698,0.0259727542162571,0.00220590273573767,0.000918505104955213,0.000475906407260644,0.000107154571869175,0.00011436469987376,0.000724804961741868,0.00655027078765329,0.000848336371995068,0.000978182085305472,0.00356093059174201,0.00324207734113489,0.0064614900119521,0.0015786065255942,0.00129266505485334,0.000280995408823574,0.00339005649126075,0.000356362974825156,0.000296886837744517,0.00154367872770126,0.00177121740501027,0.00471775616536062,0.0074500415477201
0,0.00172654211689506,0.000437983565502555,1.40586219223227e-05,0.000831835420371863,0.000451229427373344,0.0341067589995687,0.135676009133233,0.107730642930929,0.000776645081202385,0.000371006916513595,0.000116485724499245,0.000368509661303708,0.212914891862464,0.000419154409463321,0.00748919199691832,0.00446016032486085,0.000170830754542961,0,0.000761759197165753,0.00150993608460433,0.00118299449150328,0.000267239178800122,9.77690400135344e-05,0.00647522807056551,0.00102423396494214,0.000201351795859608,0.00462264627021491,0.000430551419464305,0.000488086903318561,0.112725479969382,0.000294702540747637,0.00123380005142567,0.00258575324230167,0.00503589060569525,0.000899478197444296,0.0441598881412199,0.000309221683730088,0.000144569452465477,0.00550708163907654,0.00572818379422967,0.00341385921552984,0.00329425345279153,0.000433514996559429,3.57343717502942e-05,0,5.21052670151042e-05,1.40586219223227e-05,0.00301397724182459,0.00036800080003433,0.000357384806680805,0.000505370461734022,0.00412161804834384,0.000155635493167126,0.00072461683625402,0.0299404683136501,9.22927388415642e-05,0.000991646540814056,9.36008249038856e-05,0.24121752218206,0.000205633449326965,0.000578192408825566,0.000177991550873284,0.0064647396953644
0.00207025936405978,0.00210098585880342,0.00774594275881526,0.000592941616278218,0.00806376286682149,0.000482874446975588,0.000341460960222927,0.00369702148013573,0.0061877395152092,0.00289500900965002,0.00333577074532142,0.000158052501714695,0.0570534938937692,0.000129160249431436,0.404561010369747,0.00253789288825885,0.102255202286167,0.00201950486953034,0.0015055783800137,0.00185946970335439,0.0425043234747677,0.0026127036555334,0.000890440673448812,0.00140161204235602,0.00137211010213385,0.00974097281347268,0.00118118922067933,0.00982353723669878,0.00317806911947261,0.0257717926881028,0.00633533941398057,0.00756822932529233,0.005586848234604,0.00574567806641007,0.00376503673030294,0.00451195357039797,0.0392444339575141,0.00113055674920552,0.00364470984736163,0.104266022987499,0.000260293089243872,0.0197355032073739,0.00111797219247841,0.00070545530530197,0.00342146255727157,0.000931758404792105,0.00149405157136933,0.00260161906462262,0.00337486253985439,0.00118094457275303,0.00161338636222531,0.00693479139197783,0.0138203768088199,0.0185389562700788,0.00338941592435421,0.000784993416914933,0.00134777649127432,0.0023429927172902,0.00130346937144034,0.00141331548750613,0.00256866023056584,0.00144661653053371,0.018045920774258,0.00175671204418584
0.000564315998510919,0.000340777889735159,0.00082775262595356,3.00219108274689e-05,0.000807855910499793,0.00278520240303697,0.00392983512230243,0.0947924931530194,0.572843088692216,0.00503612221241497,0.000529159158256645,0.00027341823202537,0.0005197962578977,0.0010605712818332,0.000611669178684295,0.157823097439028,0.00785075530564638,0.000242669382660562,0.000101015988175859,0.000789850355390399,0.000898300562222107,0.000602147682891575,0.000362703427279978,0.000142002486471069,0.0016657412462961,0.00525337104844681,0.00089123233202864,0.00958819472280447,0.000229511357607669,0.000781435354487142,0.0079438971166755,0.00252717932134446,0.00020786909120604,0.000824422011324827,0.0223373567069655,0.000893771133193465,0.014059405750377,0.000534896532543434,0.000259357867541379,0.00865393686684239,0.0106503403739349,0.0015590096171614,0.030571597634057,0.000348144450974353,6.13706403505338e-05,4.29383143230078e-05,2.20335898263135e-05,0.00028640638540838,0.00305380937164357,0.000386205898823771,0.000130799150952091,0.000999073492087553,0.00101277156075956,0.000132867239959313,0.000327792791890328,0.00167439059397539,0.000162691197420806,0.0035917999714021,0.000667533644969861,0.00950143286899173,0.000945809064502719,0.000967896526067585,9.28493927748282e-05,0.0023942351110782
0.00179119086785668,0.00024728173429792,0.0485188066954632,0.0018488132267155,0.00136591687191439,0.000577713962129628,9.46198938810055e-05,0.0016142655792821,0.00343123424245628,0.00712105418296476,0.000128379509923519,0.000142551458494615,0.000313900934981551,4.74421114752695e-05,0.0013990279996884,0.000320755800579898,0.699193612183808,0.000116755826712547,0.00463015752233598,0.000853084686673723,0.000594628187212681,0.000246114606607213,0.0014087323075626,0.00619062504894307,0.000239935415303045,0.0208109728092808,0.000793093172294095,0.0206567937579065,0.00362777561274602,0.000220448413012415,0.00122576843172125,0.0689427315264291,0.000113366631174717,0.000317834740948297,0.000994888060568183,0.0171838953533609,0.00387759609522621,0.000736312293909707,0.00408842876798214,0.0043015036118379,8.40743592818971e-05,0.000604717252842129,0.000380630100428416,0.000847746966475784,0.00189115962492169,0.00129577573183788,0.00230192840486363,0.00276668228157181,0.0037346124528624,0.00201740403136672,0.00118967153906263,0.0120510668992048,0.0156759105604751,0.000148653571854532,0.00478077183183414,0.000224473771343972,0.00183997664999281,0.000574219814228725,0.00102610472024138,0.000469684258907059,0.0115757415764231,7.39414494200848e-05,0.00380743962648723,0.00030960238841019
0.00281567788178209,0.000402536916122944,0.00119272609783372,0,0.000596249220468797,0.00227607254278142,0.00210003684784959,0.00375845884097541,0.0055006648956794,0.00190823433191015,0.00133227028945686,0.000197584052530716,0.00288548001565634,0.00186302230471918,0.014561374580703,0.000658322086529332,0.0260817873904469,0.250904100629685,0.000234236812807501,0.000391516109019361,0.0117615330817579,0.00112417291498685,0,0.000377638524059491,0.0018646981124268,0.00181755416352006,0.00188381971075097,0.00668797465652606,0.00518002438603757,0.00204272422424909,0.0185009692634638,0.00152727581144878,0.0660281279644109,0.043664640106082,0.00386797919847085,0.0017010112231593,0.230479035356264,0.00033047244184341,0.000318210588465789,0.00543502066206084,0.000723017749747354,0.0972351028860403,0.000461612299717778,5.59308727170515e-05,0.000199332583969041,0.000132014123593531,0.000444082718715837,0.000265776778625388,0.00078580994836163,0.000524404498332054,0.000737608343458295,0.000673948202927527,0.000651305827466686,0.0122071682940293,0.00360634609154514,0.0029144477747381,0.000279654363585257,0.000570851247994394,0.000332220973281734,0.00356525402179384,0.000290167685524553,0.146212097691887,0.00222028869847645,0.000658322086529332
0.00162111783988575,0.000129602227126109,0.0248978749035948,0.000940958595348879,0.0032443419723173,0.000130507593323038,0.0003330420742572,0.000452051134235155,0.000712985697290825,0.00246994917194279,3.4934707472536e-05,0.000145744432069211,0.000442932103220452,8.30562314020965e-06,0.00174900435926036,0.000240508609016187,0.602250374177073,0.000147670236899948,0.112435046948597,0.000393000460161018,0.000871013355502089,0.00013895106578737,0.000461228701818343,0.00597043347263104,0.000389376100386561,0.00940071506322363,0.000571054789965898,0.00902072547802613,0.00126349994622436,0.000106771788747583,0.00253404551374261,0.0887886267930969,7.51439090042871e-05,0.000295147800579343,0.0010140544623673,0.00565926182025849,0.000895741088055157,0.000664461883519587,0.0108775520878606,0.00193403658525594,5.81393619814675e-05,0.000626170223392346,0.000232713219244015,0.000833415232123774,0.00140048154169753,0.0111771424955712,0.000791952035831874,0.00224128801356304,0.00286391187139634,0.00146600808581602,0.000560095120759576,0.00629628889255534,0.0330525373578109,0.000139135475581697,0.00237732682739061,0.000284256278010227,0.000694554969746326,0.000118384239617033,0.00190436929913663,0.00015241358089264,0.0127572614942227,2.18857403396344e-05,0.0258776792011533,0.000360794869880995
0.0551763127898043,0.0276226394770404,0.00312429112513772,0.000193079062737141,0.0221084169031242,0.0055489084792762,0.000107058305262725,0.00178347976159528,0.0046126288404836,0.0437470529128166,0.00075904816500802,0.00137089981108049,0.00083370370861625,0.000173490849775558,0.00132645366635417,0.000851804125220534,0.016316155618419,4.13418631412919e-05,0.000190192531293441,0.296507251498572,0.000383290982970783,0.00184722172932645,0.00568691832389643,0.000506793727478605,0.000815844557168803,0.00292253028145272,0.0151548553457521,0.165911787783209,0.00160164752213282,0.000628601991934475,0.00136425506738869,0.00302991847079451,0.000216820787257937,0.000287727354409901,0.00239341088512789,0.00187946548180522,0.00357321130705265,0.000303444107487362,0.00201917616381428,0.073589844437723,0.000273418236922364,0.000201509702113432,0.00392283606868403,0.000218208776885499,0.000527077796635515,0.00010260699256067,0.000266434963737645,0.00041639037942383,0.190494961193412,0.00556576675879274,0.0014855378755447,0.00151598289205289,0.00112613707560734,0.000398551116273927,0.00187759579554339,0.000120598318717452,0.0129475236792042,0.00536249090280905,0.000228276254939196,0.000486806699799787,0.00445468237390214,3.03167730784291e-05,0.000520414446471737,0.000944899123945801
0.000437739226437555,0.00151283520051498,0.0029419613761431,0.000622823673170078,0.00198289276979828,0.0004094688587305,0.00180300484320237,0.00853617057793659,0.00954007856745973,0.00628949707704404,0.0208869605108723,0.000234003278894751,0.0201208262441918,0.000883362569999381,0.0271280459550418,0.00124559293177829,0.0208463266554151,0.00330829941675183,0.00024513051377936,0.000408520694157785,0.356325451116194,0.00396349923942442,0.00140901041816806,0.00170712268280155,0.00221725393938772,0.00474729725144684,0.000746500764974503,0.00462851453650678,0.00122626162976197,0.006072216967056,0.0161712107645722,0.00194558196142293,0.0130398067062353,0.0135620502874532,0.00243021716785311,0.00170778023440382,0.241521107825989,0.000935943468324856,0.000449311883580083,0.0191913861975317,0.000222888766129064,0.130517642535494,0.000945946749136534,7.80824773845822e-05,0.000407257191698353,0.000194617397013535,0.000324648030663661,0.000969581223252437,0.00220436478976271,0.000559959177234109,0.000348767807072134,0.000571869421867124,0.00237889735309195,0.0112772431941849,0.000770927021741218,0.00415567145082272,0.00015349185704786,0.00118374130409636,0.000419324727983506,0.00321421907228258,0.000999269620619498,0.00904992484575552,0.00372190979063509,0.00194868821062226
0.00293848115991561,0.00461273454883239,0.0026823712021812,0.000128289956189704,0.0152528171958716,0.00384509231711319,0.00192336462701569,0.00736723652169089,0.0163538597857592,0.0144750471538865,0.00836790164202366,0.000441622685989375,0.00470735278135191,0.00034937746295289,0.00338128832246158,0.00363649500398022,0.0138554618608975,4.15633461207833e-05,0.000190377227509211,0.00610159765260976,0.00116761275898631,0.111474231884357,0.00133794513924694,0.000471085681814017,0.00713044813709128,0.00243059443531201,0.00103559129155926,0.0282759858025489,0.00141513901611242,0.0295466591936907,0.0113689322212473,0.00291280807098319,0.000363203607239711,0.00212759952784037,0.0413862267986019,0.00189792727923377,0.0245102182412225,0.000103194473958672,0.00135881705718216,0.534738117381262,0.00224826221384673,0.0020676138569535,0.00610061900047928,0.000545230411596965,0.000310441546211493,2.71164214456585e-05,0.000143387347955024,0.000454875046241813,0.01092932052462,0.0015259898372434,0.00101841943250691,0.00190801896370168,0.00116892102229646,0.000351836129742304,0.00214636572548689,0.00178860344427323,0.00229903773076912,0.0114637340702888,0.000214576904348088,0.0014253137620063,0.0034646548566945,0.000627239924193584,0.00015671337183479,0.0319090380014196
0.0112006696658527,0.000829455139850654,0.0018739322628934,0.00134476756456677,0.00145439947868147,0.000315375578253077,0.000192226257287301,0.00128856652430988,0.00225001126522526,0.00988220742980497,0.000172014401549014,0.000596992687713653,0.000174104383378501,0.000180755535246647,0.000277747177785975,0.000409570431032324,0.0198965525758808,6.42792548376246e-05,0.000130843493390379,0.0016411992920949,5.97683536309114e-05,0.000614246525928803,0.359643892738782,0.0010034992324284,0.000915201292228395,0.00810294712779958,0.00285996712420929,0.379889975938632,0.00590606992486659,0.00015204124279728,0.00119720650068421,0.00375265845099243,6.29391416499837e-05,0.000233470779465848,0.0011490222291399,0.00448435831420386,0.00144450634019517,0.000744577625407182,0.00045270916675199,0.00512266463345827,0.00017121908538706,0.000113507555574088,0.000775146783889031,0.000369722520922851,0.00243703587650199,3.05984036077817e-05,0.000270290806275161,0.000495728989706358,0.0100422694306642,0.0446492032265217,0.0294946066130781,0.00555923739849509,0.00316990271589076,5.39466850075286e-05,0.0107938082952179,0.000128429166803815,0.0555056008830812,0.000420008586894017,0.000256501898350778,0.000201824121166386,0.00175450604047515,1.50631863181999e-05,0.000398124415658724,0.000926324231624235
0.00302002975313521,0.00048881710082936,0.113259192718463,0.0172937676197436,0.00186075175765379,0.000455866174892044,6.36613615332491e-05,0.000646177778284893,0.00132975928858001,0.00508199061155229,0.000552165870864942,0.000315749349553051,0.000195192237164307,3.6946315854881e-05,0.000861181838287599,0.000284406117677378,0.442261600863038,0.000113672730040001,0.00283250435089567,0.0010120076520502,0.00166900042317004,0.00025434256566611,0.00298461410311837,0.105607811942409,0.000280780626959675,0.0144146511857802,0.00116014423341206,0.0308196150845601,0.00976182335531414,0.000318519051845843,0.000651203935962822,0.0698767662696928,0.000104627604116346,0.000484968232526907,0.000795686891223277,0.00870929055875706,0.00161325037781594,0.0013711533196355,0.0161302167485472,0.00291007510629133,7.56138019119104e-05,0.000653070213933136,0.000830222671369018,0.000906478540576356,0.00200359316327269,0.00103475827941602,0.00643087019661439,0.00401010942526274,0.00811607426769289,0.00782416069094524,0.00665337214621184,0.00789254678276263,0.0168523836496802,9.17720378750575e-05,0.00597930183674234,0.000124111168873174,0.00202223946628661,0.00123732235208374,0.000527131493534316,0.000386155618883364,0.0590356350936518,6.00946554676286e-05,0.0050769340160861,0.000292065323968373
0.00119457188654353,0.00148493619110892,0.00350048912468268,6.91744668385122e-05,0.00198421984712783,0.00111557076182373,0.0296820967124325,0.0275617220964691,0.0343183149101563,0.00336215646466612,0.00574441055503119,1.03706735512411e-05,0.00057246169932284,0.00514389028573885,0.00111576169391656,0.00301879462601851,0.00945287340349909,0.000619974680696964,9.3127722537149e-05,0.00146448835501525,0.00217129303449816,0.00820202171355192,0.000691296246756661,0.000216771374344568,0.243934729571494,0.00141445394365914,0.000626337681940152,0.0113083019657381,0.000529595890258147,0.00386500756304989,0.201506968404455,0.00337886315078319,0.00152516881219974,0.00621088055063175,0.0249658359122889,0.000825973147801542,0.221860258114668,0.000132880032938993,0.00057675973761768,0.0209668579079086,0.00319964290055449,0.005768197746253,0.00435650637531097,5.30571066505457e-05,0.000330958712898935,9.62296650725649e-05,8.70627304156643e-05,5.83813363755133e-05,0.00295406381930851,0.000632205963905097,0.000484714195216675,0.000387499735980612,0.00128468737281297,0.000547759050702134,0.000329754974004594,0.0172990953014223,0.000518374524819673,0.00295824044512525,0.000180372717950061,0.0147319574709953,0.0012548080179422,0.00140960900066249,0.000153965723382984,0.0545031941984761
0.000605200526336819,7.96790772190638e-05,0.00733471312319536,0.000390051735726919,0.000337080101718475,9.21957970724466e-05,2.16162332093632e-05,0.000420608883128492,0.001273756272405,0.00204515534454353,7.72062873906421e-05,8.3776470085819e-05,3.93980746415228e-05,2.69578750379277e-05,0.000197914438824959,0.00015064203704774,0.0232033070633657,7.90367883326867e-05,0.000104675439339523,0.000158393857015508,0.000111370957053065,7.24171015203087e-05,0.000699033412209028,0.000593437065978511,3.38355619329848e-05,0.629841992997665,0.000310842036182163,0.00694496981605425,0.00657472581011045,4.43665412942442e-05,0.000460371174946402,0.00401381976759093,6.96883504414239e-05,8.61319138650546e-05,0.000419206798257473,0.1941759255558,0.00129283083236645,0.0133367157807079,0.000222587503786738,0.000987894915486511,8.48162771387961e-06,0.000124345605171409,0.000195612206350005,0.0080812678010276,0.0180706806536565,0.000148522956107515,0.00144992989975161,0.00806471616702507,0.000815072308077104,0.000771245153153651,0.00101258804639079,0.0387612196562689,0.0137607975278458,6.05901404897931e-05,0.00765382222609839,7.35142820074083e-05,0.000689243440867008,0.00028104299372268,0.00162334805066683,6.87898889950588e-05,0.000947690019990372,1.96960796431439e-05,0.000247993935258623,5.62600148347549e-05
0.0782887582135754,0.0233677713320013,0.0053095246296061,0.000343466372610871,0.00158402887524064,0.00794959062782382,0.000104874045385818,0.00125095040904084,0.00324069209114138,0.344397536263457,0.000247784694199981,0.006810800765175,0.000295797369268704,0.000233988583169256,0.0004638901877834,0.00107318011547357,0.0194326916162765,4.87127024562318e-05,6.15629431478827e-05,0.00891968916845854,0.000229386018404881,0.000694023903155674,0.00741416514657176,0.000640136679595879,0.000599024746206311,0.00333874092191194,0.24127301340262,0.128706484201911,0.00292194301155288,0.00043391902044807,0.000938183376908057,0.0104066964281693,6.78500601909745e-05,0.000251719413129404,0.0023873809812728,0.00256635637963996,0.0027324117756763,0.000598873036916618,0.000509473863209041,0.00904359425190588,0.000200205474244668,0.00036683206663239,0.00195831969804613,0.000895140104855071,0.000905947603153732,3.01240821229209e-05,0.000278218825140723,0.00130379183696849,0.0262042049044864,0.00505189948227916,0.00268391333736802,0.00179551010509754,0.00376793446922308,7.4297587073799e-05,0.00365622014049829,0.000562035615624578,0.0228526273168374,0.003994583692924,3.69791721208449e-05,0.000834172494222988,0.00214957967032,1.01171673072809e-05,0.000110792568343655,0.00109788496041983
0.0268582249212406,0.00106349172701709,0.00319093803329595,0.000464700036301051,0.00196148700419544,0.00100934076867783,0.000123804087789399,0.00173615059597101,0.00292852396922799,0.017086515785756,0.000252771036297375,0.000586446942540332,0.000272174191444236,6.53134271748012e-05,0.000354848247275565,0.000477129767824822,0.0256561372745747,3.09204793609916e-05,0.000200694969593474,0.00353179685032506,9.73584502620717e-05,0.000496764443332769,0.0243834668526655,0.00102087927067388,0.000291394233445629,0.00797687588758579,0.00411346094684119,0.734334949892308,0.00348760511314237,0.000285250179975956,0.00116418932491336,0.00352395107290487,4.45411958693702e-05,0.00014492304287649,0.00132221292562378,0.00563365688023553,0.00206828396084636,0.000525795884676467,0.0011933014670081,0.00591042168994343,0.000139945738462694,0.000178726769285392,0.00116659923947752,0.000393676843597861,0.00103701018865697,6.80783502741536e-05,0.000279791857942031,0.000536368733747178,0.0300912194048242,0.0220058348003884,0.00532444852993577,0.00418461570555067,0.00368449207096719,7.5296664377359e-05,0.00550008579435542,0.000143461819061665,0.0344829202954114,0.000909128239074516,0.000260047141524614,0.000176495474867916,0.0025443867955575,2.47622447425787e-05,0.000385215699765948,0.000536698767136592
0.00124948979300957,0.000288756099732245,0.0222254076701023,0.0169977066002799,0.00109082866379609,0.000490462464820426,8.05529618967227e-05,0.000732444776426559,0.00112755013086675,0.00482643578797295,0.000243609199830706,0.00047151754514851,0.000356389905196538,4.84675429498836e-05,0.000621297157261722,0.000197646548435259,0.0319421799551244,9.70086317185929e-05,0.000317083033144984,0.00105027717398561,0.000168863164806694,0.000270033978644576,0.00564222706614613,0.00254093336464046,0.000229726704615523,0.060862076313024,0.000964651992625959,0.0220805244931407,0.391338378823485,0.000270958487878184,0.000946966112592239,0.00765142182497221,0.000115239238132297,0.000165602106353571,0.00080387576898223,0.0190078538093684,0.0011829224595502,0.00305791974891312,0.000356230748047477,0.00251806387982095,3.9556610518544e-05,0.000196805575104249,0.000463818428630726,0.00160797653396214,0.0307056992146996,0.000475392612066167,0.00912901251258961,0.00565792837755292,0.00280505432565314,0.00372210914211362,0.0162395557218689,0.0106262878765039,0.013325016167363,9.39006099855855e-05,0.292473338962777,0.000127905694105014,0.00298909989689871,0.000177455683092011,0.00109558552229148,0.000144215651589218,0.00194791977282316,0.000265271578491272,0.00062626039320504,0.00043525140867438
0.00144927460031688,0.0032222548304386,0.000962179435252513,7.83906591286304e-05,0.0125946408714718,0.000970987878095435,0.00174888139045167,0.00554198152238145,0.011358546345829,0.00661828491074312,0.0391806538109395,0.000364282901304954,0.0433048064758166,0.000539006817806898,0.0290555215428477,0.00349261996371027,0.0129011331722157,0.000406178009989318,0.000160699510472174,0.00263012802207249,0.00974693076979937,0.0324343385065943,0.00110196859312582,0.000533262660516735,0.00751705248178255,0.00262220129861059,0.000775320740015261,0.0122594919405115,0.00124571428031569,0.276038110905329,0.0119458281251135,0.00114049085620794,0.00104304189486494,0.00209027580101553,0.0150493906250772,0.00143302735767323,0.118289148546094,0.000421894885301572,0.00132410738651666,0.259694566657049,0.00128479659216133,0.00537105453985414,0.00257869086147764,5.61786316339999e-05,0.000189867267722107,9.28670681197196e-05,0.000117076681080857,0.000159659558398292,0.00572297284574484,0.0011778965401141,0.00116203183161877,0.00243927750885139,0.00300889401416858,0.00149622048056479,0.00177956623178188,0.00157347437600443,0.000603492371707235,0.00387010268762667,0.000231354551097263,0.00147352436541944,0.00126844268608131,0.00114612313497157,0.00285068211485266,0.0270591360761471
0.00133880757972213,0.00100442087201949,0.00452599888297694,0.000284261801312112,0.0013678686662792,0.000808647690524705,0.0158323348911859,0.0477105581684697,0.0680247353397394,0.00478230680872216,0.00271324134818883,0.000154599281315395,0.00108334715673541,0.0107677017445438,0.00249010543979893,0.00337376322390337,0.0226302965314637,0.000273408186831428,0.000689506724660618,0.000945202768026317,0.00476151671146851,0.00355685036508639,0.000943334531439969,0.000504552420660414,0.033474778023094,0.00873029489567573,0.000636618124615541,0.0122812151103866,0.00111246196496029,0.00132880085916176,0.391595867983551,0.00449251207413855,0.00159904144908434,0.0075843947071645,0.00683119967783228,0.00731208352498127,0.197187491521135,0.00040000055723882,0.0005241840427484,0.0204264726970628,0.00109328977216941,0.00754040770887901,0.00109896900372273,0.000176459206894458,0.00112980377983036,0.000107214224261991,0.000163364160157394,0.000474939981309544,0.00435805023767822,0.000571004784289482,0.000278559190372341,0.00461349766473705,0.00679074056475608,0.000556374701502005,0.00134905000921975,0.0350311521207038,0.000745152232581886,0.00109814817914667,0.000309387191771398,0.0197368320280007,0.00125936042840098,0.00239824201883249,0.000931449987859234,0.012103766475017
0.00116161294613493,0.000214800054588094,0.0632510419638258,0.00182210255219576,0.000909455766101257,0.000213691311074238,5.00156940682368e-05,0.000854467230808518,0.00174574450217018,0.00401173764863619,6.83749438291497e-05,0.000114131806011349,0.000211424371976964,6.54495750936349e-05,0.00103079473078601,0.000233947947384246,0.305701009284195,0.000128449506417643,0.00299530308687278,0.000486520632826458,0.000474571862032608,0.000149619102726465,0.000734444355515286,0.00462773393863986,0.000358592910896759,0.0184763022496965,0.000663581390858065,0.0108327910198241,0.00317258933532726,7.69129467748454e-05,0.000501677327825921,0.426116300630521,8.11797154743005e-05,0.000151229809138625,0.000860320479420103,0.00800929973409834,0.00154666649634585,0.00122048567677073,0.00231765781179248,0.00292885492158399,5.953681395168e-05,0.000392461954761217,0.00052563047667411,0.00122751426411607,0.00313847520544237,0.0053837441567362,0.00238280383037297,0.00376812504287183,0.00251173903502765,0.0019207656209545,0.000971666648534955,0.0177769440352735,0.0737400230378055,0.000105203718222297,0.00303059610964512,0.0001375354513974,0.000982302625750595,0.000274347515551572,0.00267871471895554,0.000123746471210269,0.00754664763992159,7.7320171089979e-05,0.00245068196454349,0.000222586220930558
0.00203129299513112,0.00140935331792638,0.000253081544986572,0.000178191789172187,0.00145328247762278,0.000908748521526584,0.00172276302939611,0.00779012103535704,0.0118059707211051,0.00219776567952694,0.00562586675923653,4.10606680815366e-05,0.00662371683717327,0.00259283619065677,0.0142810097377333,0.000567473302952253,0.0182627715095053,0.0345035464901321,0.000359767980345985,0.000913586705739565,0.0850949668969246,0.00175485387492143,0.00015407129871001,0.000454537707047178,0.00158198382706856,0.00312292739350938,0.00318082159782064,0.00310699377621766,0.00200896350761067,0.00632734087896468,0.0209537831073685,0.00372583127157446,0.182055091647603,0.0157037393950069,0.000678643529668533,0.00408212948703285,0.311748059929516,6.16285194840038e-05,0.000659864814672388,0.0146718723314396,0.00015407129871001,0.141870531236301,7.55026016066465e-05,0.000534500332793163,0.000363320619405695,0.000342752768003228,0.000253451118997337,0.000677856847211948,0.00238831542632777,0.00033557245516041,0.00122044375800631,0.00280768287773368,0.0112541844038993,0.0264866152712191,0.00117791524648,0.00616783198930437,8.21213361630733e-05,0.000496824066713238,0.000143749855647077,0.00471535772151321,0.000677712377371376,0.0196968397472034,0.00234738068716842,0.00107915387159116
0.000278029925160734,0.000476462552894757,0.0016273361044889,6.77830448248147e-05,0.00337346817706679,3.36799919450741e-05,0.00190351375662666,0.00921026935290976,0.0170446999085219,0.00307826515380175,0.00496886421348211,8.96764443514639e-05,0.00163605302352323,0.00119604403069491,0.00379472156232129,0.00103486583411567,0.0131016225208785,0.0029672982037129,0.00013799063569453,0.000663894314630008,0.00903325477303712,0.00261412580035781,0.000513294275293495,0.000397037964170712,0.00212420269934449,0.0012110345830396,0.000233827483977877,0.00495367440960602,0.000375687709815442,0.00350433874865686,0.0246500997956771,0.00125383331225947,0.00362443638297761,0.335553475929143,0.00165101005522582,0.00158298294908037,0.430198772188256,9.29607602850391e-05,0.000342371515859919,0.0155309297742635,0.000474899335085012,0.0369801322943466,0.000790899585783898,4.40940562364689e-05,0.000192191499039224,3.13716446450218e-05,8.77849287718453e-05,0.000194902661284762,0.000994922487909039,0.000573542082540944,0.000146288205721717,0.000491403983238174,0.00408971903436106,0.0012914675497225,0.000989984902378001,0.0192587104185757,0.000349854110088938,0.000327251485506647,0.000198548005643603,0.00388041257687972,0.000516796198532102,0.01938022128982,0.00121107245783021,0.00137763934408581
0.00216927800852868,0.00198344861099071,0.00240097994421139,0.000209224501712698,0.00442556320265037,0.00510921210828983,0.0105132806937757,0.050304921039723,0.122343523599616,0.0136319911920226,0.00116859041257876,0.000308628211659723,0.000766317870220788,0.00126909696174424,0.00091440564531912,0.0187667081170675,0.017344358492319,4.58830937185297e-05,0.000290862875698948,0.00242868260688232,0.00101608235258818,0.00867469403031084,0.00261677580127598,0.000314134090245126,0.00811984452859395,0.00595781955152029,0.00211282595397525,0.0262831463076918,0.00208674964133751,0.00253642067267585,0.012073847192853,0.00341488921083641,0.000287017075057891,0.00138695226829763,0.402825169185351,0.00476403016993731,0.0139765097881625,0.000274821515991158,0.000939821835194284,0.0989233206939001,0.0226390724287368,0.00151432470413822,0.0358794896174633,0.000118545706695623,0.000711521945256523,4.81037125716515e-05,0.000244267322115372,0.000465302305577586,0.00935239031552668,0.00150484747491998,0.00098137121399001,0.00444611989306033,0.00357650812178435,8.0860268437172e-05,0.00242912241199684,0.000823167571782838,0.00239445282384586,0.0177306448720616,0.00178601787898663,0.0090037603462146,0.00267840978100205,0.00037046249766293,0.000314264642723024,0.0259271430889242
0.0010350920113924,0.000125426715706805,0.00880779511465034,0.000476167056105227,0.00048908332173343,0.000264618065360997,9.2009968751148e-05,0.00129736684214022,0.00292222158449877,0.00421659143550791,0.000138462685849753,0.000102917028750241,7.29776918687962e-05,5.10440721772774e-05,0.000290384971837234,0.000208905581996129,0.0337701567373103,0.000183638080260843,0.00012262595168057,0.000255156131513528,0.000136813569042506,0.000135514957381362,0.00117720771136296,0.000739466240678221,0.000134614291765454,0.311989529895641,0.000394233785621611,0.0128994308452426,0.00416348217656882,7.92742517222626e-05,0.000624866361503286,0.00445329410273201,9.11447552636738e-05,0.000263061216175384,0.000723972637101191,0.480343966857159,0.00378558254718608,0.0073896884717866,0.000360924747855711,0.00270907587386915,6.02152205755996e-05,0.000212744128266974,0.000214066555578677,0.0178812827116899,0.00818836505101332,0.000177730328140528,0.00107087886258097,0.00467276767510462,0.00152698616125693,0.000968174770430163,0.000840995703992261,0.0541000955695404,0.0121394660667791,5.05613910226279e-05,0.00617867990456741,0.000129145027876665,0.000823744331256593,0.000365080495966614,0.0011442367495245,0.000169480481197227,0.00106179494254213,5.63919893751751e-05,0.00033439900426787,0.000114930532702142
0.000761047579585365,0.000599703433028511,0.0012600893122697,8.09891873501604e-05,0.000738670981898913,0.000393079845712192,0.00272652118517766,0.0139683444944731,0.0206193247994895,0.00416559677722039,0.00901364175183329,8.08766710171149e-05,0.00180544729481442,0.0015495395467551,0.00405085549594381,0.00110657850483366,0.0127681737203742,0.00204947477770248,0.000173011961968024,0.000871474938342654,0.0112435950603728,0.00287370204005346,0.000390275719591591,0.000246881109659444,0.00851958701153446,0.00330359942321164,0.000413399875258096,0.00598504472191941,0.000631002755704215,0.00318665981138588,0.0384901760301481,0.00185344319945996,0.00334657362288865,0.0249009823697835,0.00293853250396971,0.00277671088187767,0.725657767139806,0.000246904220771948,0.000218390389268824,0.0120663544483663,0.000353276317666007,0.0227119240004804,0.000787036982853949,0.000171481294752718,0.000405328787444244,4.8295589948356e-05,0.00010470056106935,0.000270023343715256,0.00156041687795836,0.000389584451474442,0.000181395319332084,0.00191388488924516,0.00392601708851647,0.000988134147652187,0.0012741425581491,0.0212805415689748,0.000491240840589353,0.00071306265209802,0.000353860519979771,0.00455243105172837,0.000468579400715345,0.00460735361908231,0.0011678685357438,0.00320739500600827
0.000911866867869471,4.00414357374046e-05,0.0130821321964594,0.000576951098451497,0.000521676770690776,0.000286506113433752,3.42071032025107e-05,0.00287509923308151,0.00320981383446409,0.00725221031548306,0,0.000357086673211456,9.25692804970599e-05,8.47309704237703e-06,0.000329342208022967,0.000232579524445345,0.0274736070121903,0.000109648623249623,0.000394234292974533,0.000202281533597742,9.5219024842012e-05,0.000135580967839454,0.00138230169238699,0.00101842454594827,9.16417381699077e-06,0.420487295289289,0.000364827615827367,0.0125463975335548,0.00775144187992094,3.24398572479578e-05,0.000243680055480108,0.0128671625537414,8.82578562560392e-05,0.000353452939533509,0.000567557714481177,0.136214883894605,0.00159531095042349,0.212238516901997,0.00023717799646372,0.00234011937354124,3.9633259070264e-05,0.000305719123985563,0.000168451058168146,0.019616248081756,0.0108966867365449,0.000192225272171064,0.00165079819996632,0.00558686161797365,0.00140672279778334,0.00104181965325021,0.00313494455984489,0.0477359954447309,0.0210610051695473,7.44368528263731e-05,0.0112445900575008,7.41266361408798e-05,0.00173123085423697,0.000143757766470486,0.00286336982822801,5.71683376317795e-05,0.00188557742843604,4.23654852118852e-06,0.000455648066991531,6.92066169219145e-05
0.00353738017284364,0.00191754969171969,0.0273013856388647,0.00263659652095643,0.0270409410311241,0.00193739169296903,0.000109970338481377,0.00259271352532365,0.0031025038418258,0.00753102170185691,0.000359347170437867,0.000107260677427289,0.000992137194481283,1.40457323968322e-05,0.00392111866249545,0.00108522552231188,0.391668893079586,0.000202554777038225,0.00673717518803395,0.00360861928534435,0.000800062964474492,0.000783981607659568,0.00197384279780844,0.0222194659402366,0.000300389426773444,0.0104004281604686,0.00131086933142832,0.0516148373531007,0.00396648307741102,0.000406226218473666,0.00139919746729276,0.0332710058147212,6.87800138772899e-05,0.000546212433232936,0.00168781972727309,0.00569293842466121,0.00695851956962423,0.000948413158784797,0.190492695195805,0.0123015220783775,0.000146192686859735,0.000930657638253289,0.00113323596879643,0.000275881193358344,0.00202789422319952,0.000902248273142374,0.00241277410940648,0.00190469185311713,0.029995013246694,0.00516969999906122,0.00155412112145212,0.00695170579967018,0.0120155852201767,0.00024703016580836,0.0071690775250599,0.000211829242041645,0.00246125430333808,0.000444667111817721,0.000912370966541624,0.000170691195943043,0.0639936660831703,0.000110537592354409,0.0245123476222534,0.000799304651481472
0.0042439732322832,0.0142766570309884,0.00405038161530629,0.000162968379623457,0.0338314916454106,0.005968110480135,0.000755551953357313,0.00706805662149958,0.0174954594831002,0.0166726821488672,0.00280777107068768,0.000456937502676884,0.00483700511168154,0.000238905498521285,0.00543448728567996,0.00266511808839464,0.0253547329362984,0.000120396707083304,0.000156761902757996,0.0124162249793755,0.00188185402354624,0.024293298355501,0.00186322726411729,0.000532469994257841,0.00353481752849458,0.00668652408433189,0.002606692245951,0.0389070339149096,0.00120578240521843,0.0108270430612882,0.00803212922390505,0.00400249500066924,0.000789092634714559,0.000856468319565634,0.020342852731822,0.00386042094013298,0.0164835164243937,0.000579888555190535,0.0019650457266866,0.613937706939242,0.000819300895140218,0.00143465373592632,0.00537274349528326,0.000436087818621355,0.000503345922115982,0.000120337129123356,0.000293989350200637,0.00038308998800488,0.0172884249227595,0.0019799430753574,0.00119487504642858,0.00459876831731471,0.00384543412814263,0.000882719046536688,0.00167816360477816,0.000803864300598358,0.00224987950587068,0.0186348575282209,0.000394364479276403,0.00154265583080469,0.00398480141284698,0.000347388639792157,0.000531223982559819,0.00847705479662974
0.000257188298080077,0.000263394094280263,0.000626481640302949,0.000166207411274558,0.000832036951127515,0.000894507082438908,0.0488863602662552,0.154153530062147,0.264913750656107,0.00169742778434295,0.000762393098051995,0.000170164730590619,0.000156234670231337,0.00281990600001691,0.000147482109504243,0.0394902882676646,0.00313725956051819,0.00125568141646024,3.58362280093631e-05,0.000342720358752211,0.00011591198477602,0.00283666512795049,0.00038937026844997,0.000184674901416175,0.00813035623522165,0.000449750876986788,0.000164009906726814,0.0105110269581076,0.000651858934876176,0.000970249778992651,0.0166381245464541,0.000293502691882952,0.00157983748565409,0.00291125096513895,0.163428560118495,0.000595422199386333,0.0319711002245493,0.00021348538522477,0.000580382341603573,0.013802698053138,0.142269796223663,0.00336975893067814,0.0131239373186293,0,7.26423024782497e-05,0,3.79048267427586e-05,3.58362280093631e-05,0.00192363052738297,0.000314038780757965,0.000194352373366817,0.000548772289688574,0.00043962220038422,0.00123800101328404,0.00042546430808803,0.00242637246480294,0.000531590907743652,0.00307310288288431,2.0536088875013e-05,0.0428301097662573,0.000642208492670534,0.000157417393083582,1.84674901416175e-05,0.00887934751919988
0.0018504886709025,0.00127562752257461,0.00160981588513031,7.0917221457734e-05,0.0013121607463144,0.00115101197701418,0.00163403345754653,0.0100056043804608,0.0125780412072237,0.00574556121794947,0.0158820137546888,0.000103216887283335,0.00349656541742233,0.00073566783630598,0.00807292874197592,0.000652317961097839,0.0128806933146336,0.00664637906531104,0.000332508111209624,0.000903296610115478,0.0806025261461877,0.00353494366087423,0.000454693504302759,0.000355126489631128,0.00499235568283062,0.00266919325014854,0.000654715425258262,0.00422552804970266,0.00120533198205282,0.0034931133633467,0.0224116711989974,0.00100305613599661,0.018952382634141,0.0331709869992967,0.00374379154530741,0.00238264007356473,0.417409068331046,0.000118937912332869,0.000387244500142501,0.0120612692307731,0.00030780901952754,0.242727342034561,0.000667324426996318,7.78657181585444e-06,0.00023594395779145,5.56593812731647e-05,0.000415463314314077,0.000380269225566685,0.00241257942651596,0.000557809190517942,0.000132601624607187,0.00112146500436653,0.00430313033146926,0.00392537955298476,0.000511518205622907,0.00949287055580944,0.000281488057091731,0.0012808018041247,0.000594382339828129,0.00379887399605736,0.000420145582566204,0.0218036296098741,0.00210202748411621,0.0016962732000497
0.00377385485191836,0.00301035112715076,0.00217692749579524,0.000389490661975163,0.00286452024455149,0.0263749719629415,0.00277045834243701,0.0333717700581261,0.135066370590178,0.0525995537182543,0.00114299725101332,0.000790361448519344,0.000668276394093661,0.000304258140491754,0.000500116138467117,0.0647237946712187,0.0120374156397918,3.24830708034959e-05,0.000219276583078217,0.00250998181758682,0.000528597671008449,0.00210420873725921,0.00140394884615565,0.000380909501963694,0.00181242208344403,0.00128604638449635,0.0022620818828842,0.0420827806833448,0.000740705118601589,0.001520657988793,0.00376709786782052,0.00417573028695249,0.00010246427716566,0.000712752109357948,0.115527582321329,0.000719856435834794,0.00860577360532645,0.000244743390560985,0.000493839144570391,0.0404777540703915,0.0072877716324264,0.000282850628482156,0.302048436912795,0.000391450316724386,0.000266042640118465,6.84349121219909e-05,0.000211290872075401,9.19486121781872e-05,0.00767680612948139,0.00170661696522968,0.000984113284874845,0.0007888827290229,0.00176348562276725,9.9012342651366e-05,0.00438840368224414,0.00057425343552294,0.00368895505212321,0.082042720977319,0.000178706643470485,0.0024863818431096,0.00126266512518709,0.000247218654611036,0.000416000481878353,0.00677036788793258
0.000808557233465346,0.00053555957037576,0.00499498255070876,0.000216047839238502,0.000364266782372415,0.000310827732049316,3.39524831077924e-05,0.000242130711433293,0.000566764621045522,0.00286011993040355,0.000128072429310428,6.76484680711918e-05,6.87246329818546e-05,3.21337427700608e-06,0.000112821758562178,5.15697457308225e-05,0.0212185295365403,7.27207893074572e-05,7.34699561380238e-05,0.000231014811775706,0.000135578468049111,7.26786450379428e-05,0.000424949954730873,0.000688121572695383,1.89835408961158e-05,0.245347396294631,0.000553429164263245,0.00434846616242751,0.00395506168536775,0.000140040269246355,0.000495956306086092,0.00437925047112216,8.06155782084271e-05,4.57482576639905e-05,0.000108505247964188,0.288113453700761,0.00236206308670634,0.0132206260768037,0.000320601932347065,0.000879791879128033,6.68656860225953e-06,0.000178353760301513,2.11023079036225e-05,0.271845943312,0.00847327697793907,0.00036217503917944,0.00175675307128131,0.00555055028039996,0.000581664641074514,0.000631617645266542,0.000822473106880707,0.0913234250179317,0.012862137634215,6.14295343927716e-05,0.00351789269152561,0.000103632664268422,0.000276554007143145,8.70461527868967e-05,0.00166853144267655,9.36186042393422e-06,0.00089039473188708,2.9180188541302e-05,0.000242832019593417,4.46720927533278e-05
0.000710005214617508,0.000175469532863526,0.0191433808121607,0.00159360022756254,0.000303134224528027,0.000195999875238843,2.84512210787431e-05,0.000302830509262365,0.0008964258007053,0.00385043173060521,5.61801195720771e-05,0.000177372570708058,2.76110651146805e-05,3.04613282432763e-05,0.000627130327846778,0.000140216074723027,0.0318234332574943,0.000212009901985767,0.000148982235903983,0.000293321717731075,0.000417430268706907,7.56359222040824e-05,0.00142534754168029,0.00151000320569781,7.66279331015933e-05,0.425926203993763,0.000332200245067374,0.00848545366994386,0.0290255519719154,1.81024008400057e-05,0.00074795134916095,0.0114642618978984,0.000172975179956935,4.94202220202451e-05,0.000650617226328213,0.106108540380939,0.00182701757256549,0.0068073616232613,0.000531875575640543,0.00156492101499714,1.32084425900767e-05,0.000256751253421936,0.000213400443736639,0.00652330470193718,0.178151693373951,0.000326007454050354,0.00701936396443024,0.0400771780228571,0.0017045591554984,0.00124236930372424,0.00244044621102692,0.0285048214244441,0.0356199079138779,0.00023222819633225,0.0331783430439333,0.000445306502287213,0.000976973164444378,0.000357627041619036,0.00158017064397935,5.92368638859435e-05,0.00219283612621539,6.12727668919069e-05,0.000788637602530408,8.04094387003697e-05
0.000637670522015425,0.000208782423266899,0.0176482535981971,0.00222182552090885,0.000775227329740526,0.000174891230318466,1.82568937276161e-05,0.000164781005416674,0.00110943759401854,0.00126051468709132,1.82568937276161e-05,0,0.000232807333445342,1.82568937276161e-05,0.00105123214051141,0.000207021636610483,0.197027655435791,0.000336954602946989,0.0156735054409951,0.000697806362399472,0.000567329418448235,0.000136536084756892,0.000891359571477209,0.00354312887790403,0.000497761767796153,0.0177929499247481,0.000567478322298686,0.0031067164109847,0.00367279504671536,9.49671848507637e-05,0.000552986490208255,0.228699813889144,0.000104391211633449,0.000355152701106392,0.0012776580473514,0.0129892520403762,0.0037858207495554,0.00345515397198934,0.00156082106556405,0.00194142586689871,1.82568937276161e-05,0.000390501791742076,0.000565216484086754,0.000522267878892126,0.00265714878119029,0.0975332452356377,0.00146879653323776,0.00606885331645734,0.0015282339364533,0.00179961343168334,0.000839429346756348,0.0340008372150758,0.298521591205463,0.00015663433659085,0.00376694332914734,1.82568937276161e-05,0.000710795362989266,0.000493215015951061,0.0127085597768232,1.82568937276161e-05,0.00823357390130384,9.05032322376229e-05,0.00230195681198776,0.000510676206446794
0.00144469080252373,0.000204903863279719,0.218029527959438,0.0124620285113601,0.000652226576975031,0.000334058356955551,3.87813813239922e-05,0.000199733455426238,0.000575768872822543,0.00763821845170823,0.000241099973918121,7.99557683399168e-06,0.000141106943388743,3.09023087822937e-05,0.00094607297057102,0.000205142479114972,0.151753186261706,8.79513451739085e-05,0.000820555297010891,0.000264053705081789,0.00030472261379728,5.09185579464564e-05,0.000483849507766259,0.00624956690255148,0.000130667170374155,0.0895634059408533,0.000961893046681218,0.00801997103932508,0.0698806911794852,7.99557683399168e-06,0.00110380157712385,0.0264229230592028,5.27290421769228e-05,0.00021455956617129,0.000623410645808753,0.0243312377141048,0.00145741702129676,0.00150382664960168,0.00170467849410784,0.00170473846276935,6.27681118259673e-05,0.000239555374172643,0.00128049585055184,0.00185306679317878,0.0237130459179473,0.000838110292738915,0.170274166987487,0.0674521805655242,0.00137014262612925,0.00181465326444688,0.00451978968095999,0.0111920790893373,0.0306634052957222,0.000241343429400444,0.0429396276590251,7.03208257261188e-06,0.000946635273215787,0.000120485743760449,0.00115235040777038,0.000309880777437286,0.00606214730412198,0,0.00186453900978273,0.000231489601517023
0.00102020844646697,0.000378161088786325,0.0845119453855485,0.00152868898361928,0.000389161117316714,0.00014262067844975,5.99253727189188e-05,0.0010540090317538,0.0020272500138234,0.00543191926236194,3.80386542647068e-05,0.000203215075701551,0.000146188947138408,0,0.000763992735380984,0.000113607901586105,0.066524718713423,0.000206503051966199,0.000462982322930706,0.000905522690848719,0.000281460512411659,9.95434742128982e-05,0.000652827383849034,0.00254484567944652,4.53926663629103e-05,0.28501941803607,0.000949511589758016,0.010521814614239,0.0144970811498969,7.37667453250595e-05,0.000507463133901668,0.0212306071968749,0.000141268477349718,8.56160833472485e-05,0.000639441797553512,0.0821829552639027,0.0013412889320588,0.0063218413159512,0.000748865086902897,0.00243626252254746,6.51839216783804e-05,0.000180079242452516,0.000428839083099596,0.00430158635867442,0.0633498954725441,0.00051908542827588,0.0332196919023497,0.199235306099419,0.00177599255862351,0.00129687164860028,0.00115932133006994,0.0231639412005436,0.0548909984991898,0.000232232725051846,0.0123631088940628,5.42450063525817e-05,0.00182873758011295,0.000244360669700906,0.00108535538522362,0.000322678684554758,0.00285269281385969,0.000107792139372901,0.000959947403260659,0.000132124816878334
0.0530876148335376,0.00459610137130774,0.00295058197135078,0.00032300556454485,0.00720054279287182,0.00106859871176587,0.000127975425021645,0.00173768798797206,0.00326981602931512,0.0166174489075554,0.000290314088062291,0.00069574951967584,0.000479000514550459,5.6539160598454e-05,0.000895811810776938,0.000630714271888612,0.0251477765387534,4.63277996272554e-05,0.000294415577181982,0.0348427693457049,0.000164275597923165,0.00074217630302077,0.00779189426519273,0.00130778819404998,0.000282953424105399,0.00507986644773721,0.00781451791874798,0.419527715458425,0.00262988246682501,0.000285576528636784,0.000852314356048379,0.00450829477089435,8.0822115891192e-05,0.000191274510561196,0.00172606244467352,0.00296246223590965,0.00227579780754049,0.000500131247329855,0.00449716487957407,0.0129844903527814,7.4965131980621e-05,0.000203476890268974,0.00114366108267045,0.000516939830940357,0.000670560361008614,0.000161701349943503,0.000308363515439423,0.000663952461439528,0.317617750145064,0.0181952401570595,0.00251441518607134,0.00147338269347119,0.00227007418266451,0.000124254490376802,0.00363061618287612,0.000462359862685415,0.0109844114366641,0.00114538276586289,0.000161169657317884,0.000164854631949692,0.0057827851240338,3.01301288892806e-05,0.000470636822149429,0.00066466236124172
0.0183839311646057,0.000858419948619275,0.00755401066424997,0.00304461551466819,0.0026077779723949,0.000471236057417699,3.74531831680673e-05,0.00227847559806235,0.00305819711931997,0.0105420436318346,0.000125738870403399,0.000799504736041622,9.1911870697734e-05,9.3026441088975e-05,0.000264004519802947,0.00039967555828899,0.0297440504950558,4.7223161382496e-05,0.000301842274825056,0.00255316808061758,0.000201793247920861,0.000456937616629624,0.068860786638753,0.00263559987978535,0.00022496457739119,0.00484560348300702,0.00330478669452243,0.561657018495302,0.00399124295544566,0.000375356423747128,0.000592548033594655,0.00459604054087962,6.99024322268373e-05,0.000108379733815408,0.00100090501287051,0.00296720217199816,0.000983328279809574,0.000630907457495797,0.00166829236315141,0.00489059480943506,5.66546150362516e-05,0.000110944109377104,0.00110727891214253,0.000975511668143414,0.00114468249406553,0.000141214060828416,0.000740843491073585,0.000855499503662683,0.0372997655805212,0.150942028817042,0.0128148544402145,0.00508102334234837,0.00269315677171293,4.54379784810686e-05,0.00868496317031521,0.000109624166683284,0.0230241567559656,0.000676614516856809,0.000365450591935857,9.622630061644e-05,0.00466996587956893,2.93146096398796e-05,0.000575189524654223,0.000441100988787603
0.00553490166444314,0.000676794580641012,0.0164842214727654,0.0281046094697111,0.00133399764661967,0.000210865034779787,0.000105232095621994,0.000978368693339005,0.00146537346079633,0.00563791241906356,0.000148308345609846,0.00102365744365932,0.000128468088041154,0.000103591013340364,0.000891544433184809,0.000318003125225064,0.0262339729361884,5.96592608749697e-05,0.000234496691095443,0.000821967744779919,0.000184917002233351,0.000618512530993286,0.0895694549566898,0.00559325196495811,0.00040263389151583,0.0245574622851139,0.00213162389070074,0.15551081427746,0.0540104315044515,0.000335888626007226,0.00130964663823689,0.0040558444016203,0.000179535557894591,0.000245301583510349,0.000782125561750527,0.0104196651856684,0.00757349551418176,0.00349895940766224,0.000999807836371699,0.00367294325654978,0.000117272079721923,0.000330220192329038,0.000529415642613922,0.000978546657859845,0.0113976909220131,0.000129947184349294,0.003264286512556,0.00195441762509183,0.0047606732151046,0.023062433630313,0.337421772139165,0.00597560927008247,0.00435048160421264,6.61145997536758e-05,0.128696778185482,0.000198092402772639,0.0137276604062588,0.000205682464872681,0.000987978851539174,0.000162955642211241,0.00387667588710055,0.00031724148763648,0.000642498986026712,0.000697292917582993
0.000824102697819383,0.000133472742415428,0.00553818889824123,0.000197775398077363,0.000384774878844739,0.000109662713938258,3.14903526173499e-05,0.000721943528850801,0.00166364621207595,0.00261701126812218,3.77589536904032e-05,8.30177563005419e-05,8.46291916333119e-05,2.85745502838893e-05,0.000483891438592129,0.000153948071054052,0.0319213929759193,0.000128663353392434,0.00017096554444978,0.000325026211662428,0.000162513405102135,8.15273842915846e-05,0.000769785332268564,0.000604674179273334,4.70772982799397e-05,0.105786685541135,0.000405800788727895,0.00866830033568045,0.00297758425111559,0.000134151652603313,0.000722454226259679,0.0121228041014935,0.000123459401812014,0.000155133052556112,0.000512684275007302,0.0828739033177916,0.00182513721604336,0.00354778116402663,0.0003978241455316,0.00187415015919675,1.87083392559603e-05,0.000180524437704832,0.000114647425218733,0.0107878008458727,0.0044894265461698,0.000477439073107732,0.00081939536093127,0.00326728605260083,0.00131855760827824,0.000957422477430072,0.00072482086884677,0.625956961195805,0.060209852231221,4.81780335115423e-05,0.00322847086516471,0.000123949531148992,0.000724999687135577,0.000214163956192837,0.0149587575089584,8.05048040643221e-05,0.0014508535495083,1.56191108382449e-05,0.000345033868245553,5.32586566107565e-05
0.000951213043724172,0.000202846924857761,0.0193620539235094,0.000460079435567779,0.000490342063593054,0.000261540991798892,7.68232011239582e-05,0.00074614313004391,0.00155422984153113,0.0045479082715764,2.84713543875036e-05,8.67581998959266e-05,7.96924230282436e-05,6.44057705115267e-05,0.000391258211708288,0.000195288455889903,0.0737980175165105,0.000152831624792277,0.00114284859474385,0.000332283192788516,0.000113685028513215,0.000117539030486317,0.000674650390466171,0.00174972664169767,0.000106241265218666,0.0550715224782983,0.000512548650856525,0.00813968353414262,0.00356122613282894,0.000128688693155022,0.00115958849467586,0.0821291573060351,0.000176824801069942,0.000357709516128753,0.000470973721354411,0.0233868034644288,0.00155857573494167,0.00256560780912337,0.000728576556230388,0.00246733601517791,6.17541251520904e-05,0.000286318353483106,0.00020700018113556,0.00306733364365244,0.00675396495778168,0.00765404817719668,0.00169286003487418,0.00877069470567756,0.00144907635880193,0.00108377546750148,0.000604047431408673,0.11211503318803,0.543598423705244,7.17571546191246e-05,0.00391771433104617,0.00012482368104218,0.000615340668649734,0.000275749212481312,0.013452404744603,0.00015389940515878,0.00312706356668291,1.29145867222322e-05,0.000675613497656393,0.000126687384985722
0.00431863589169027,0.00168676482257175,0.0157026075944677,0.000702979790370994,0.000551882851810233,0.00194382096837109,0.00227118573155333,0.015876508153853,0.00500948664583985,0.050154617567418,0.00416978027683779,0.000134185234907651,0.0143511944987033,0.00057224303590959,0.114301132180165,0.00221366031533934,0.0492989170132046,0.0104608648632173,0.00324489338073369,0.00129712393744062,0.114518267972257,0.00125395573875546,0.004070818387109,0.00170515788477035,0.00149477996964259,0.0134809971375554,0.00141465677837388,0.0491687078989202,0.00220516838023466,0.00625319158409597,0.0155274754599191,0.0100421622025937,0.0447783958413825,0.00419540605327657,0.000415352709301056,0.00806501253332551,0.136179973891874,0.00695240012754253,0.00175872059494189,0.0205341879315728,0.000223642058179418,0.0516296405036189,0.000306761483549613,0.00103991778163371,0.00358121729525986,0.000442732063067868,0.000399666787267627,0.00253250615872398,0.00406209023873422,0.00138233467651152,0.0014315535898982,0.00753320625415915,0.0139898948122216,0.131392714526056,0.0159637619530167,0.00181955739069836,0.00445744814600984,0.00032769612276869,0.000311995308606465,0.00123451735021067,0.00204453254714363,0.00275620953514651,0.0082787489151184,0.000580380670550563
0.00158070476868144,0.000126421590796265,0.0104771204648082,0.0101944572794954,0.000490301883036531,0.000327237892575688,9.47241745406889e-05,0.00065783915875252,0.00111318509739966,0.00378087578802519,0.000228980967550476,0.000433541614739637,7.06020760516158e-05,5.64827325486039e-05,0.000306321176938054,0.000193511758428524,0.0224317281214514,5.89529968769496e-05,0.000186615191159824,0.000249508059984489,0.000261335212891418,0.000302921441493919,0.0039531104988868,0.00130239389031558,0.000152402256920605,0.0413723365479281,0.000750734079991341,0.0211226637401746,0.109012719883139,0.000117130108665325,0.000480908715720343,0.00518915777519494,4.99324274843173e-05,0.000137603985880648,0.000796344561513353,0.0150237127735383,0.00125004776761752,0.00260747335426949,0.000222443435832414,0.00220057507349914,4.13477009426338e-05,0.000158073899015483,0.000541539962918485,0.00130787043736256,0.0192015782949357,0.000182437488627393,0.00423806549280829,0.00311345153441309,0.00188784423209418,0.003032439500536,0.0194451524938782,0.00906653598144743,0.00847908078156685,6.10426529326801e-05,0.663760420533562,0.000146560382690723,0.00278269983895899,0.000629669708960178,0.000597791047629925,7.89121078746198e-05,0.00116973057871057,1.91602860075822e-05,0.000376633455643821,0.000316901281684409
0.000478833961540949,0.000353489959712752,0.00130838309870999,8.13418776758512e-05,0.00131155195003115,0.000730736102627669,0.00615714430086125,0.0240171172517414,0.0255295362801632,0.00112027814398511,0.00314955618907831,6.44619017595221e-05,0.000968928047956374,0.0119625810843833,0.00212161721450371,0.00168625407257434,0.00524855734408689,0.000847466731409266,6.38114619042185e-05,0.000507988484271881,0.00569718843966891,0.00247436770293006,0.000206390519623935,0.000266811464318329,0.0120559659933065,0.00216566723254846,0.000157307835807363,0.00302249971318467,0.00083691108300943,0.00115934755053994,0.143309572184231,0.000589869967243896,0.00188343096363144,0.0254242944943312,0.00290125809246134,0.00174834816431742,0.421437817147913,0.000209020221670511,0.000178814430972612,0.00699620949739541,0.00127553088883451,0.0114904821010203,0.00126497755154687,0.000177455214087892,0.000551240224916077,2.85688663604465e-05,0.000476920863171768,0.000352657294022056,0.00162067381471007,0.000337567910734594,0.000577433620614286,0.00161266726040646,0.00356294161129386,0.000740567938850365,0.00457764610264949,0.229624947857764,0.000148383436020313,0.00165224708816825,4.92403406819954e-05,0.00973046178212148,0.0003250928791356,0.00230412980802013,0.000912463164740444,0.00617497422204627
0.0479471417718027,0.00151803840966316,0.00198376303596902,0.00105065811302441,0.00162454236406703,0.000916493950084095,3.36378650501984e-05,0.000779792598195018,0.00163620745475119,0.0172526616000872,0.000148700246080261,0.0018468795130155,0.000173658651690068,5.07445241532568e-05,0.000315637188894833,0.000335133672058602,0.0129695762665207,4.61804571966066e-05,0.000183418137788541,0.00308218399215189,8.65454900994383e-05,0.000472473307384657,0.0453467650816065,0.000780001882540418,0.000118522436674159,0.00407061461148549,0.0129827956687197,0.395185932938105,0.00498881881751092,0.000261802439604595,0.000872975817184945,0.00224304551345534,3.08177354103423e-05,0.000196288995570378,0.00132843663281657,0.00217477261779393,0.0018211353860992,0.000971200236105273,0.000518743598052968,0.00450608394158446,9.51243260250584e-05,0.000100723993015506,0.00122275398865915,0.000404907679946782,0.00111218410943485,7.08456375062015e-05,0.000308230533567355,0.000262590334478169,0.0130236546418876,0.0130407999699425,0.00755274285382374,0.00257310137105278,0.00247412977220915,6.17529955419568e-05,0.00617130225375993,0.000127242524276444,0.374725326288566,0.000953012688812708,0.000296125533262096,5.76250974664115e-05,0.0016206639268626,2.14416038747264e-05,0.000312555889384866,0.000558339026595372
0.00250338619264045,0.0149983384910774,0.00260791126839596,4.55747465573801e-05,0.00215820260337125,0.130461778500673,0.000313752892715961,0.00420150064647815,0.0160665696101055,0.105122757609777,0.000731816118812888,0.00082529753736165,0.00131940031974681,9.40310137343033e-05,0.00133975573780451,0.00545027281036391,0.0129247069006376,9.33349400579187e-05,0.000410740719665896,0.0031842305182608,0.000270984994950396,0.00277910952164204,0.0016626580486344,0.000437189396387439,0.000781428242012554,0.00415737699372654,0.00421477776439368,0.0154285391832239,0.00140741584607407,0.00107711841156906,0.00240106221911818,0.00272417839775694,0.00083248977179476,0.000268638159394949,0.0192929765562073,0.00197207346233602,0.00478874559588033,0.000239617365957782,0.000439733699682415,0.100266500971994,0.00045187071543805,0.000371838110793593,0.0336841614806757,0.000131710249750697,0.00034799408278765,5.40321591497005e-05,0.000247050484861688,0.0005366808251624,0.00590314550252386,0.00132500036412541,0.000537184767072499,0.00209840843102056,0.00416781667693248,0.000794999820809708,0.00169298865117873,0.000456199983256089,0.00162801681579406,0.470646078473984,0.000604490601748097,0.00038524911272751,0.00168120888722562,0.000120429242805817,0.000112350852516899,0.00172511992668373
0.000809318034070905,0.000222923110790525,0.00595288285468556,0.000391102739737411,0.00141144913190432,0.000445848569596045,1.52948599104795e-05,0.0017222222090449,0.000325950285472724,0.00191204165255159,4.25707363540571e-06,0.000318900773231669,0.000147638994212907,8.47366458859285e-06,0.000517563579384655,0.000142598996550853,0.0267436454023476,0.000203289416887737,0.00190633501706735,0.000141147316197743,0.000160207801708031,0.000112583314627426,0.000630706352735469,0.000876468886687573,7.98091948219453e-05,0.0414503243841531,0.000514294722171164,0.00646681965725472,0.00515580678460293,0.00011888310517758,0.000554962698063373,0.0246610493305058,0.000307662198043,0.000191527812429838,0.000519341673922036,0.0198818124257284,0.00217296392215043,0.00380896740862547,0.00043093918982865,0.00469767392696416,3.65802280875081e-05,0.000311978840411823,0.000274621353387242,0.00267098858245038,0.00345131859609005,0.00419993623625098,0.00130894651471469,0.00269452038258848,0.00119369290240136,0.000703864730763992,0.00102317519459696,0.324631517150811,0.117477004364384,7.2157312444721e-05,0.00597838743754449,0.00011199147043734,0.000503343693741445,0.000293642632578573,0.374144433422975,0.00100648548024178,0.00104598267377763,3.58782694252978e-05,0.000493690133372837,0.000200173924452788
0.000460727964780015,0.000334887176601814,0.000317607626115117,8.23291724740424e-06,0.000800114091021064,0.00123300715115297,0.0289595248462297,0.242167510714123,0.198286955753046,0.00195660721479928,0.00138397121978684,0.000184045836616463,0.000148952193234308,0.0300539280459827,0.000472669653846319,0.0101836983341052,0.00448863219679272,0.000215020551182743,1.35644711760586e-05,0.00122839299366477,0.000600889683105182,0.000526719603224834,0.000141305961580549,0.000114727244067885,0.00433956060467084,0.00132636411678049,0.000190899920106354,0.00463798038891805,7.22894980571263e-05,0.000357093468555659,0.0305507692530925,0.000694795439818277,0.000635949258171083,0.00122778350301091,0.00986337016171302,0.00118538726067175,0.0219403168262307,0.00010998204677266,0.000216076017047296,0.00486754645694154,0.010984321095882,0.00185350154305701,0.00292776775741202,0.000150157084791449,6.35746241868655e-05,0,1.63855083909991e-05,4.83452016190477e-05,0.00169281293705824,0.00026932673920897,0.00012425027749292,0.000402839254739382,0.00062907316425215,7.01614364723767e-05,6.09142391795439e-05,0.00371458314378883,0.000285451731614999,0.0018230403473511,0.000172509596571045,0.365163163357328,0.000416931792507365,0.00041902088725918,7.57339687124593e-05,0.00213827664708292
0.00358727646733735,0.000547285448464897,0.049670913371703,0.0059501163168877,0.00227314673572935,0.000466790997291042,0.000134610266650069,0.00320025134004395,0.00557394630922774,0.0112573678635715,0.00024533599757199,0.000388145290022994,0.00072470150483989,7.62719290737514e-05,0.00191124234239699,0.000334486778935802,0.505462014660089,9.93607830597872e-05,0.00380554996473707,0.00126675351738124,0.000760209797609051,0.000620192603077984,0.00256519782410711,0.0412438638060819,0.000318568806794621,0.012887356661707,0.00185644335981578,0.0369518691364949,0.00405550231115257,0.000604350082929279,0.00131940839450359,0.0684640142354932,0.000159735814162483,0.000242161894174367,0.00268514218626029,0.00672520699593973,0.00265014860330725,0.00180529529436191,0.0339559684383985,0.00571008500600492,0.000179396518096339,0.000691729018146072,0.000480742421085503,0.00102985841380969,0.00214792452711331,0.000964794558448703,0.00290058375062592,0.00296999089209661,0.00839778493997047,0.0060280834324759,0.00172738070261338,0.00853745644327181,0.0162263993225215,0.000374993647143365,0.00674696264927784,0.000138201090925882,0.00199927957753822,0.000550578461889435,0.000621552371808027,0.000629210357836948,0.106852990606365,4.79305890668796e-05,0.00667798041002176,0.000521906160460203
0.000393652530676787,0.00170700557597921,0.00269802465674974,0.000149701021954818,0.0007636902679148,0.001280283270972,0.00144862771950068,0.00929083901277035,0.0122168566063388,0.00345802017571684,0.00351887273610888,0.000295993709609042,0.00308845134824812,0.000350854174094459,0.00788344633464165,0.00146654337964638,0.0104617312026924,0.0503416878129601,0.000325391158243735,0.000446842557105218,0.0216083542096363,0.00245323717527653,0.000133361066337263,0.000899132456995479,0.00239407615717863,0.00156268349646937,0.00143729879540805,0.00143743399442733,0.000854423507443179,0.00163810711938703,0.0214523069362951,0.00274153179536832,0.0140134814196137,0.111420569469536,0.00269054273360144,0.00104661555552675,0.274936698611098,0.000250417319380449,0.000611970493774587,0.00771805384128508,0.000204526344116758,0.0926412512334528,0.000581515948975237,8.16997780877752e-05,0.000313968960960106,4.96802222018708e-05,0.000768911211227146,0.000123179779355302,0.00122200349609836,0.000253058740777272,0.000414823001219313,0.000630893928352132,0.00463303188446703,0.00361762525600259,0.000628094036745955,0.00523781021438515,0.000397822690252552,0.00054446020606744,0.000108294791301991,0.00314637852219518,0.0017212846651524,0.295803553865463,0.00250750380044592,0.00148181601673441
0.00126114055262381,0.000555688830635375,0.0262422085676633,0.00130660089439571,0.00956614688055173,1.59908190946151e-05,0.000170070941689385,0.000736524407896837,0.00117917525526584,0.00531873357818268,0.000196643262089622,0.000213646071495118,0.00121024245053074,0.000223871467324611,0.00742258253904829,0.00028992082055927,0.552060404626381,0.00121314542292471,0.0357178480283094,0.000230512179073268,0.00341257691429332,0.000568095562319626,0.000938644353093646,0.00576141786778924,0.00119376189037066,0.00857552938722858,0.000765944940368625,0.0125935515985507,0.00253139655798381,0.00062877181932897,0.00875936322085453,0.0310104815729999,0.000594275460042758,0.000496370727915997,0.00197323091953265,0.00627941692211733,0.00472001184827497,0.000333495950365003,0.0424748172830487,0.00621482407869435,6.04412373838835e-05,0.0023673825967672,0.000404650169616746,0.000917173965833378,0.000979301675035337,0.00275723530470195,0.00122531164434001,0.00300310407350707,0.00427379171124207,0.00220185581981151,0.000936862680190709,0.00424887442933691,0.0122772804014729,0.00150514474267833,0.00411596368357924,0.00015232432436259,0.00132608187604242,0.000169027903261285,0.00081274755107542,0.000235784795034916,0.0161399270288152,0.000105095675000043,0.153533247194286,0.00129431304571638
0.0034711277614122,0.00319335383528729,0.000892643298136748,1.19734846636221e-05,0.00361364498312266,0.000835832934732753,0.012495259282535,0.0208249650867381,0.0401479857195997,0.0110950530547289,0.0112560946037761,0,0.00281375069916598,0.00154940166968606,0.00165425154602617,0.0060914102402991,0.00735151941882671,0.000441963519012238,9.34950823733892e-05,0.00186924656320047,0.00203865863344108,0.0349619565270795,0.000968178153514704,0.000622603005723144,0.0727182295867281,0.00255557471070478,0.000517370996893772,0.0243874043162993,0.000376928208696455,0.0234735253698306,0.0657711883093953,0.00118166283751716,0.000616652656961739,0.00145274034668734,0.120895583170754,0.001396257525417,0.0575418741691575,5.79749576569907e-05,0.00050681686147599,0.127464022135152,0.00837978335708196,0.00222985225556977,0.00621245525546995,0.000414995883341284,0.000200182834019006,0.000147958060486187,5.37896970602839e-05,0.000305360252492769,0.00888845629064866,0.000787993586433875,0.000808919889417408,0.0016751778490097,0.00349667604783731,0.000182422771660807,0.00325216584506362,0.00408412286454812,0.00349165373512126,0.00385464320635216,0.000434120704589713,0.00812844935985711,0.00189672370885711,0.00074171916166246,6.99120487502066e-05,0.27105429007226
