0.588366576205568,0.00297692925689054,0.00104738769855578,0.000141410576693875,0.000622470792702129,0.000995135343720541,0.000311720666426721,0.000344354283129898,0.000601721545745383,0.0145108458429013,0.000185799505310634,0.0011557512383049,0.00017767246575627,0.000127508167665302,0.000136453681630458,0.000238718796117309,0.00523364899828567,0.000153460911116725,0.000136517636299389,0.00683696126620234,0.000198021242543283,0.000208157524613218,0.00306277241126272,0.000445802415248068,0.000354689040852285,0.00147268138082857,0.0268076721133104,0.122428026493083,0.000961987360750002,0.00026127358261797,0.000404940767457706,0.000699728032770369,0.000121134604908318,0.000194134397539023,0.000799753134977924,0.00214342195990612,0.000722187619033604,0.000239975360010276,0.000351088856083972,0.00228986772436567,0.000147824821766328,0.000135935648812121,0.000721517145609214,0.000129007226344631,0.000264058168903211,9.69009166302916e-05,0.000180575569680043,0.000203279915196105,0.0524430189968307,0.00522991668722601,0.00101316430392398,0.000652964656912046,0.000683265961955728,0.000119571974657089,0.000881837562231539,0.000124419487143187,0.0106563806704243,0.000894236426090749,0.0001311290557253,0.000359638421620086,0.000906951587497387,9.66099228866566e-05,0.00022343754903387,0.000227444464782713
0.00656189830011186,0.603410228668879,0.00107057500351469,0.00032053985660059,0.000962484724610406,0.0264522399281169,0.000444256994235901,0.000722058203289747,0.0012250912518029,0.105751930024022,0.000755908082883222,0.00148293713877855,0.000953363784021462,0.00032616336285674,0.000979821971630885,0.000809784900885699,0.00311114371114738,0.00063475326866301,0.000348657387881339,0.0116076504135111,0.000805768110702734,0.000929702372131723,0.000659483915494034,0.000482684286986265,0.000793818159908413,0.00127492920407302,0.0226345515559386,0.00702712119267233,0.000538606932533543,0.000615912217989224,0.000682452652085715,0.000589391315272302,0.000427090501453967,0.000622522142555879,0.00138731128995915,0.00244860694172228,0.00085159444739882,0.000445292903283088,0.000672784653645337,0.0387468138558304,0.00124167018135807,0.000392622982247607,0.00128051352213227,0.000323913960354278,0.000371151412905941,0.000416572040359468,0.000410128128681331,0.000673523018525123,0.0163941099884474,0.00079428226201739,0.000522098159781566,0.00102600871643469,0.000583648159946872,0.000627422626579097,0.000761927714991518,0.000831716575284686,0.000904815038252296,0.0111431610217666,0.000413327709827074,0.000508646140868827,0.000800071571897802,0.000424574722339375,0.000940062795819857,0.000712685692862829
0.000352434747423243,8.70939424207331e-05,0.621759776132062,0.00408409311281182,0.000355795976430928,8.26576741268477e-05,5.01105826132528e-05,0.000282157638018632,0.000546064677161136,0.00131211326801896,0.000104506211897213,8.89627246183829e-05,0.000188720925932031,5.36441897511606e-05,0.000204732398943021,0.000103304541484073,0.144479984625572,5.26922076792675e-05,0.000564154923434902,0.000204238748288788,0.0001019172966527,0.000144167441943089,0.000363076131970265,0.00881014550555492,8.72967559925711e-05,0.00828634323957392,0.000191883886365895,0.00241581386094878,0.00202239174829225,9.90102388478517e-05,0.000394879999825524,0.0157097980294083,6.099571938932e-05,0.000107454976364901,0.000627849290697756,0.0070622691700873,0.000493032549796414,0.000472269510379495,0.000877425836835233,0.000974656836176944,8.50696189875374e-05,0.000131775771867079,0.000179061336936185,0.000576475847924063,0.00289408085838121,0.000426017150987645,0.00800599331488802,0.00588063384050778,0.000757769451121716,0.000726021883787211,0.000534526033591921,0.00240942523343589,0.00480760517864754,0.000104253192912168,0.00152952217368748,9.20614262623941e-05,0.0002317792889723,0.00012132754213822,0.000287913072287876,5.3508829800313e-05,0.00342114262819531,6.96230018752566e-05,0.000798252488728958,0.000163494875928673
0.000461528425584656,0.000509185267331324,0.0782097107452667,0.51712455524089,0.000343292344825336,0.000416606127816538,0.000217445665764267,0.000298348244350089,0.00050250334322711,0.000775103196088876,0.000266370940561227,0.000421557399193932,0.000552040183959032,0.00021200952412016,0.000302611884855271,0.00021200952412016,0.0287639844743795,0.00021200952412016,0.000497678767517965,0.000342942878576786,0.000270253898878446,0.00039547930460876,0.00274956499049148,0.0145880633674487,0.00020793241788708,0.00542113316608926,0.000505241399864031,0.00271304829988215,0.070702694577236,0.000324421167403651,0.000476206008023744,0.00301918579833994,0.0004994455135523,0.000328498273636731,0.00114883793412121,0.00415616664090408,0.000500260934798916,0.00052186959783424,0.000434775668940361,0.000628368554589239,0.00021200952412016,0.00049332985420268,0.00026908901138328,0.000498642447173057,0.0052529082176026,0.000349000293551648,0.00894747552672667,0.00311668181695708,0.000848657403756551,0.00891999937602548,0.054795244179665,0.00120920557447618,0.0017159057550949,0.000218532894093088,0.0322018713563079,0.000203855311654,0.000502187016019371,0.00035266968916142,0.000513344739346891,0.000417029723269326,0.00468016342459906,0,0.000593354860454243,0.000496319732106939
0.00117671988638478,0.00254431560652813,0.00203872254259408,0.000246570920949573,0.670364925744381,0.000604079402251035,0.000287096972461329,0.000835618636518641,0.00143938628842989,0.00344073326922614,0.000614630138227079,0.000413453104780155,0.00237406165176294,0.000169832011878529,0.00164884731532509,0.000337159588558858,0.00738294565924146,0.000226736763910558,0.000366181054183172,0.00584295960867329,0.000307381087388319,0.00333640789050076,0.000445266334902593,0.000773976000201505,0.000616739852660352,0.0016732145170294,0.000498489501067866,0.0115904546392409,0.000365728038641283,0.00201140174068318,0.00137898347868942,0.000877722715935886,0.000253534932018666,0.000288819905915169,0.00259695298163831,0.00230655078989818,0.00101568607920325,0.000338739767910109,0.0059817788183827,0.108952826363329,0.000391229223099292,0.000313662788515285,0.000628891015415001,0.000238458008515163,0.000317944011353553,0.000259115126694675,0.000308379179463652,0.000464692733454313,0.0101388656234269,0.000886286127105661,0.000517085598071201,0.000821886544184598,0.00079736411689949,0.000245043331424738,0.000619209405832463,0.000353303042471636,0.00051336384542994,0.00148758978567893,0.000517952976635269,0.000323419222620859,0.00149874113339766,0.000452885365009423,0.00142785472843967,0.00109491697069927
0.00137039215433206,0.0119875894926461,0.000609664815915199,0.000201009287137947,0.000435369465604552,0.578650046186779,0.0002732452494133,0.000928978838895719,0.00139862509057587,0.181248536496774,0.000324868083868971,0.00244600940698388,0.000518333662141404,0.000184595274859866,0.000411701511103569,0.000398871850279851,0.00268258988905954,0.00028506942971978,0.000276087386737907,0.00094586098240477,0.000235510429098484,0.000372799440505377,0.000340347538022881,0.000432478514993803,0.000273698385677153,0.000780598930104171,0.00362441759485806,0.00392218864487437,0.000541254965155559,0.000352617297534058,0.000712520590812433,0.000638475143248424,0.000328654425172805,0.000311528512198538,0.0019251610288886,0.00150175101554957,0.000833142846504158,0.000227054266853254,0.000344075160664784,0.00631357596296208,0.000203879916360298,0.000413007524480833,0.00180056991350811,0.000209384674102028,0.000278249586903517,0.000206145248764303,0.000201433357363975,0.00034573503149899,0.0014738745084012,0.000666204576351404,0.000348123103731428,0.000706956096319791,0.000374258802654541,0.000447394088461046,0.000637809192630868,0.000204462430407043,0.000462399650305164,0.0443532514201743,0.000224227132013058,0.000474428565370422,0.000559797353604545,0.000669929988025062,0.000312238803520053,0.000310509112616737
0.000656464561675381,0.000672193220782357,0.00131570724511988,0,0.000547088294069631,0.000630158149367807,0.448213155939973,0.0595474976351223,0.0519716288102677,0.00121555630611613,0.000958975163146401,0.000576993441976973,0.000743859141224671,0.00970884776306434,0.000764795344453921,0.00542575752569548,0.00249476100189602,0.000714074991425885,0.000464409355737565,0.000506628388077344,0.00100550642239183,0.000878781339813171,0.00136324643555112,0.00043626333417771,0.0276292973162157,0.0017777812687572,0.000651688653039659,0.0023767751539431,0.00103146890775224,0.000747433239200526,0.0578715856122433,0.000969955204524147,0.000791020480921686,0.00143608678186066,0.0168478413837074,0.0028129465076582,0.0123955690819624,0.000450336344957637,0.000830307636015645,0.00363874296705239,0.0224030094215748,0.000904105131568919,0.0016734413071725,0.000770497340200959,0.000823271130625685,0.00070365053899631,0.000689577528216385,0.000593411954553554,0.00127067559833751,0.000564930861308466,0.00047848236651749,0.00137081549448911,0.000574828363395447,0.000575429774112538,0.00124138768774507,0.00283571167215514,0.000759942582116016,0.00117048627590283,0.00047848236651749,0.0764421470764238,0.00089866225980386,0.000685739434367313,0.000469100359330873,0.006372320468154
9.92497509248815e-05,0.000119567744158005,0.00034183809695845,3.36599080146448e-05,0.000203329652484851,0.000158138312343891,0.00239472971729636,0.651859745904881,0.153730623810702,0.000576692828868153,0.000112098907670598,7.10807807298037e-05,4.98024479516482e-05,0.00126206661518916,0.000100473905754095,0.00365445717280524,0.00232332536859458,5.69538256219684e-05,4.10947108202954e-05,0.000112075413704055,0.000147817956700761,0.000113558296226752,0.000103402853558886,5.58443829083279e-05,0.000324363475664998,0.000633972251808257,7.49321722755219e-05,0.00119704997176814,0.000130033286842032,0.000127731891373118,0.00405544312261263,0.00026758979696726,0.000138981281155763,0.000140931440754738,0.00329029799334887,0.00125816801572203,0.00335234570332954,7.02347688616334e-05,8.82059248438562e-05,0.00225965824037373,0.00154096642322212,0.00026360530243115,0.000814567374816267,6.66653534640021e-05,0.000186030229323946,3.64583312804994e-05,6.81475186853868e-05,0.000191644999604187,0.000538276629503613,0.000108395032771165,7.32438765490328e-05,0.000310992997976527,0.000146059236996772,6.5279190612997e-05,0.000166113831760582,0.000255606842464576,0.000121849925262984,0.000327685359234622,8.5327395766831e-05,0.01243785182611,0.00024794292898219,0.000109522797887228,7.19031491045513e-05,0.000176334016405306
0.000141839458703294,9.20198542037415e-05,0.000261883076926382,3.00559848792976e-05,0.000176065932430023,0.000100531690717587,0.00106769286541264,0.0712273692671931,0.750621030243485,0.00059747891205006,6.38502763356214e-05,5.81628940536065e-05,6.98460377230336e-05,0.000562290069705436,6.77229452359963e-05,0.00802499022189028,0.00290258376147237,5.03752132182988e-05,4.30951982199676e-05,9.03174869009722e-05,7.39711498887168e-05,0.000113011206827394,0.000111988984171794,6.84430529873971e-05,0.00015742891068199,0.000755771815326871,5.27239683159958e-05,0.00112069555127214,9.83878948388554e-05,6.20356821160698e-05,0.00283084078220717,0.000177388947596634,0.000118309276409476,0.000126560163763788,0.00269791960313357,0.00157481853284664,0.00220345541754089,4.17954932054497e-05,8.50586119863803e-05,0.00175393217840681,0.00104160598690773,0.000157424243632581,0.000987530569595693,2.87562044386697e-05,6.4388146117749e-05,2.58477197611585e-05,4.60655842717525e-05,9.32151796747323e-05,0.000537958569941046,8.03201870264086e-05,7.58447249135838e-05,0.00031841971347333,0.000134799936707069,4.78099100607885e-05,0.000136822020719188,0.000184423124466665,7.96010080468286e-05,0.000324322475817378,4.97977211004903e-05,0.00361065153417501,0.000209637731436932,7.3738097231858e-05,7.96570826454841e-05,0.00017917288056293
0.00191111122262233,0.00349821715141134,0.000749362146825526,8.01458947089214e-05,0.000261138595029841,0.00667851941012867,9.55579217517126e-05,0.000385233047479711,0.000672716168367983,0.812023046725396,0.000102741471813466,0.00782329225152054,6.32399016787579e-05,8.1069106992605e-05,0.000123657978519145,0.000126456299342916,0.00350355889859,2.46134040875625e-05,5.41585380382573e-05,0.000777507488967671,9.61502229195943e-05,0.000132759080594089,0.000455505350326345,0.000239953711332626,0.000118206390218838,0.00129608187700578,0.00635657797315983,0.00582729985687355,0.000282746166929962,8.60707118170326e-05,0.00041060949407251,0.000497733480484976,7.42914893429776e-05,6.66227479061836e-05,0.000734470003175909,0.00219954533637953,0.000570514785794316,0.000119743224810586,0.000134613722902574,0.00160424403432056,4.37654753532644e-05,7.58051478831222e-05,0.000740135492607828,9.17155577651919e-05,0.00012238446385387,3.89187126192043e-05,9.88905269317291e-05,0.000235643892586202,0.00133705550593306,0.000672574531132184,0.000198696807933754,0.000738193039088312,0.000420116275267674,0.000114343102953569,0.000438589817593899,0.000108629370207325,0.000769899546016235,0.00186350087750338,0.000139939612357499,8.72927820261744e-05,0.000328456749815544,3.65389381688831e-05,8.83466359754335e-05,0.000139091713629886
0.000846477872400139,0.000950776038820873,0.00110222225086997,0,0.00168588748321395,0.00148108876855043,0.00102117248058906,0.00300204491233385,0.00395499528305224,0.00225589535242279,0.57996438691322,0.000760817551819935,0.00268826026768996,0.000991349696238548,0.00219478723364537,0.00101200961605008,0.00375105290468641,0.000734653690309384,0.000782620769745393,0.00080471087211724,0.011548732961122,0.00290599599968328,0.00133693141311345,0.000815001292476796,0.00512185205637699,0.00191369272241944,0.000557211561869414,0.00271860955733878,0.00160401192324546,0.0366454217508204,0.00447184125754202,0.00128280380202219,0.00128370258557258,0.0022351577052982,0.00222830526537877,0.00422354868027417,0.129458015908167,0.000757374938463283,0.00114389732085144,0.010785183770443,0.000703836365227083,0.00853158171170029,0.000964196556274413,0,0.00127617677131064,0.00056803120384746,0.000886128678002044,0.000844864802044386,0.00110926298679546,0.000951767839335527,0.00109091120944039,0.00138010544342199,0.000852046805771194,0.00119155970922025,0.00167513515801291,0.0021051823113483,0.000900735194672406,0.00103219384470568,0.00089262046318887,0.00111007405196334,0.000940892712014003,0.000990084496168536,0.00130557013201766,0.00585072139962889
0.00359368178751439,0.00514683425045425,0.00138409334444576,0.00053577806881771,0.00154036194785093,0.00536360436283822,0.000684605310155965,0.00137042553656776,0.00286645344276145,0.325407527811282,0.00053577806881771,0.43664553751223,0.00053577806881771,0,0.00190498868912966,0.000906192536148479,0.00329099007513104,0,0.00086319799976187,0.000903787247399577,0.000658808588324001,0.00144046729949813,0.000986511999727855,0.00179336825812596,0.00129777354446958,0.00161968967554538,0.0190570047158823,0.00607082853778889,0.00130800279711367,0.000684605310155965,0.00115754521040864,0.00118035398302753,0.00060381337914377,0.00168670873516688,0.00272502678890344,0.00197967290478303,0.00147976799959178,0.000630035321665272,0.000888384148296038,0.0028467244379351,0.000926981103192554,0.000637831034306799,0.00258259036439912,0.00086745020665725,0.000751853174760659,0.000555621700996143,0.000837153232527677,0.000731379586005131,0.00257156703765874,0.000995902289955149,0.00113206295050738,0.00166081111351028,0.00109003124345673,0,0.0014324621978807,0.000527273655026953,0.00473011797470713,0.00268983855494565,0.00053577806881771,0.000817196852439138,0.00119267072024173,0.00053577806881771,0.00053577806881771,0.000982259792832476
0.00113406359017495,0.00130529968193647,0.00143295783347004,0,0.00386454699416821,0.000831302408195296,0.000904163281791432,0.00166739037789816,0.00253977009036503,0.00274569739498922,0.00441530463423148,0.00131356107232847,0.533734759081693,0.000870750547317111,0.100962272385225,0.0014760350833712,0.0066059348557593,0.000856180458807577,0.000717708290305254,0.00149603004272575,0.0243464072829544,0.00198338935998484,0.000743525135280264,0.00213615951564648,0.000778931094103134,0.00192705910665635,0.00161613449543558,0.00429017140293572,0.00180138610010991,0.0701755725053744,0.00283047944661394,0.00184724689165186,0.00129159786372534,0.00104644278298704,0.00213588716211708,0.00304518692356388,0.0139442392067628,0.00184794258768487,0.00168915928550775,0.0455974871005573,0.00135486802428849,0.00472245209205788,0.000886221878414861,0.00071598716730692,0.00068156470734024,0.000776570696848275,0.000671237969350235,0,0.00240773633313598,0.00126255596643002,0.00070221818332025,0.0017666665607514,0.00119123919523397,0.00296142681722425,0.000752704457938044,0.00107693124752896,0.00131312626230784,0.00121717818442177,0.00070221818332025,0.00142681096561885,0.0011101243339254,0.00151348671981494,0.00169934879109921,0.00152835722252055
0.000608535640495864,0.00115358126721763,0.00119016873278237,0,0.000745523415977958,0.000810553083280351,0.0250269493352497,0.0336338932806324,0.0302071168702839,0.00109651711924439,0.000897965670692942,0.00100723140495868,0.00054235537190082,0.537938768864535,0.000950413223140492,0.00137787580969399,0.003125,0.000523907910271541,0.000553423848878387,0.000631313131313128,0.00104511019283746,0.000748966942148756,0.000940082644628098,0.000697314049586773,0.00205624941963042,0.000902012549739819,0.00056818181818181,0.00115802452679285,0.000961317722681358,0.00162402771025766,0.054822808120733,0.0007350603941513,0.000987861570247929,0.00183682725257004,0.00173801070888139,0.00302353896103896,0.0132930403341718,0.00067148760330578,0.00135035419126328,0.00232096195916383,0.00132097490052035,0.00164073894020418,0.00101662283996994,0.00051652892561983,0.00136019283746556,0,0,0.00059400826446281,0.000901253918495294,0.000596877869605138,0.00208333333333333,0.000913440626359283,0.000755423553719005,0.00128845270890725,0.00144369834710744,0.0166645144628099,0.00121900826446281,0.00138410621365167,0.0010233729338843,0.123109054976644,0.000859069160504563,0.00172146622969507,0.000693624557260916,0.00188151530803907
0.000543768378194973,0.00056359797934102,0.00125375642227033,0.00040714770413933,0.00187268058790339,0.000727930743764262,0.000334263238583522,0.00169519213853075,0.00120242232320947,0.00139944730190887,0.00071627836839327,0.000532582097838821,0.029306275385266,0,0.722969424584247,0.00036777333768964,0.0131858324400342,0.00088696597958486,0.000584530768223427,0.000591721330015829,0.00573350510901527,0.000969150731647901,0.000472624674103258,0.000635187347954332,0.000516003166704361,0.00236346728995451,0.000410540601673825,0.00216410314408505,0.000588102239312368,0.00598723483768181,0.00292139248823257,0.00169156505109909,0.00118364504339337,0.000535567051681486,0.00146632180403804,0.00336183003899788,0.00913599126697678,0.000802447194666146,0.000563867256923122,0.0202184730977646,0.000640300662919977,0.001896088825074,0.000752092286812934,0.00087402454195883,0.000675210672467475,0.000571137751639897,0.000793046959072742,0.000636507577471155,0.000616585823552568,0.00044861645178315,0.000441946653211068,0.00109535245227083,0.00144854105406016,0.00509401768240512,0.000676458945939829,0.000377331331866499,0.000695274716989257,0.000476839653496513,0.000455866232839763,0.000460369626249046,0.000681878157279646,0.000536831787680008,0.00219997443033742,0.000969320482618982
0.000411389271471905,0.000393623152073052,0.000524231405273764,0,0.00050422783849358,0.000460472803954386,0.00148033210163127,0.0399165695042781,0.277212807353109,0.000836506521915253,0.000289085458817286,0.000510175925567149,0.000372035955682976,0.000562378792954824,0.000667758111057266,0.491504308608881,0.00223052520043908,0.000273916582755597,0.000200518512517212,0.000309579373846071,0.000414929022648757,0.000401405286765406,0.00032947149531448,0.000167436333684406,0.000437617690311521,0.00071078538797017,0.00064103384118564,0.00124760794022535,0.000502402124709335,0.00041859083421102,0.00213331457761499,0.0004281850214128,0.0002958083764642,0.000297450260992345,0.00948478102356907,0.00142494492733494,0.00206682893666186,0.000255055347010297,0.000292676010694316,0.00298899100235186,0.00587083918949543,0.000344878117239961,0.0114409446415089,0.000235176033199202,0.000200955372021608,0.00017553809176591,0.00026085205944235,0.00061386397771393,0.000837527897399886,0.000441095717770752,0.000411320025676337,0.000577352558232406,0.000341493458919292,0.000243052742445108,0.000380430379479299,0.000301433058032412,0.000416661844191614,0.00128001639992242,0.000291277492930247,0.00269691675267446,0.000561669959304242,0.000851584793900272,0.000344074664202128,0.000505504060578324
0.000429436483592787,0.000123091367372334,0.0172189313748009,0.000374636087883645,0.000418793617726565,0.000130359035923488,2.91625653519139e-05,0.000450055346507197,0.0010813097649637,0.00188357097654251,4.02301273830325e-05,9.23995535088885e-05,7.19468043664674e-05,4.04206613310427e-05,0.000344744143702223,7.89955021377026e-05,0.744094480099697,3.73086068468752e-05,0.00345732731666262,0.000211974166727582,9.29511906947644e-05,8.17570568864068e-05,0.000643861843813696,0.00438410375065768,4.45604345068443e-05,0.00810840388805428,0.000263755629273995,0.00426574354719708,0.00106051066723361,6.99481833632051e-05,0.000412233070435618,0.018966632335539,8.88892363129511e-05,7.05021451336745e-05,0.000509037189940241,0.00818634643409743,0.000933868673992272,0.000328856444699556,0.00147767315987823,0.00133398095307305,2.72148849944757e-05,0.0001128302716157,9.3013581069851e-05,0.000299847651114993,0.000949008398509844,0.000489031125399162,0.000874850783596091,0.00116977802424288,0.0011073807310526,0.000591936193414735,0.000354999504714722,0.00524497732429737,0.00414797811862825,7.61754848230972e-05,0.00119059514545454,4.21130200362736e-05,0.000340382461162637,0.000157343013490972,0.000408457151047009,9.75090378948571e-05,0.00620014074176287,2.68787785327934e-05,0.00238115424394595,6.50235719331252e-05
0.00213499967454273,0.00145060953496806,0.001841158255921,0.00165983206405,0.00162728633730391,0.00667187398294604,0.00205399697686361,0.00293924074435693,0.00546677804537598,0.00186161556987568,0.00240838377920979,0,0.00173938828498485,0.00262535529085031,0.00279392546527872,0.001526032965205,0.00345662739482306,0.588793232752887,0.00209377508733103,0.00143201197682744,0.00434046343048491,0,0.00286402395365489,0.00188765215127254,0.00162537188278944,0.0022841182770884,0.00218056369198724,0.00324155438390939,0,0.00167791302335337,0.00404313962757018,0.00156219488381176,0.0488758988988224,0.012094982580961,0.00199486160408315,0.00676021238411396,0.0503779549397338,0.0020296698679827,0,0.00219046891317083,0.00156219488381176,0.020196745993338,0.00132352622100718,0.00208292651174901,0,0,0.0029942068606392,0.0014971034303196,0.00190211691871524,0,0,0.00322498565029321,0.00247347523270195,0.00267125311062042,0,0.00401479172577094,0,0.0014971034303196,0.00320807877925628,0.0022686285996531,0.00130182906984313,0.11313389877996,0.00197227104081234,0
0.000652459269554471,0.000389580306189057,0.00731519808777567,0.000887440602520516,0.0010186747851793,0.000407304455254415,0.00036676704501582,0.000773519970879245,0.00127197932633149,0.00136746197204849,0.00102469564769773,0.000503027247498485,0.000569454096208783,0.00280866342367384,0.00137113549205279,0.000373201554577505,0.272951266143625,0.000357115280673305,0.466102164345208,0.000456045865184151,0.000787934943598596,0.000618785336181673,0.000626748612199498,0.00377950502395316,0.00053901391635929,0.00258238317075472,0.000570419272643035,0.00207480399327109,0.000841028249767975,0.000493117414590655,0.00154697581043396,0.0205196509922014,0.0003410290067691,0.000528916685970191,0.00117175805702194,0.00301177011679474,0.00157137496664215,0.000920295730059451,0.00390518778136991,0.00126225021985967,0.00050189174581113,0.000720665070908292,0.000705182032275497,0.000623997787725825,0.000988433697728135,0.0034064433500183,0.000927775847424906,0.00111890694582825,0.000887460929156548,0.000917485363383247,0.000785412323372709,0.00231896896247139,0.00649584722348115,0.000621332329549838,0.00127217678468547,0.000363549790234983,0.000618999819833727,0.000642531740516447,0.00132527498754045,0.000818469616245847,0.00592912079980394,0.000516905601455053,0.0232502610172792,0.00123542583584279
0.0180397107852529,0.0169978124500816,0.00112804752847754,0.000314588827152469,0.0103302537794175,0.00156436841808199,0.000543420477501208,0.00104498328537203,0.00134172981318765,0.00853973980534453,0.000879209942518425,0.000644456893512589,0.000438901137318588,0.0005788609434252,0.000458041173229773,0.000599349962787507,0.0047110138181863,0.00026383457965638,0.000259896750109273,0.599754510569734,0.000409398485673698,0.000507417464499057,0.000858760077711274,0.00045357140896151,0.000383794313908593,0.00134848287957007,0.00410300437561347,0.0305216887947006,0.000547187097068009,0.000873269008666452,0.000889204482867725,0.00093118850576115,0.000272448581790686,0.000251458543936892,0.00139742581335182,0.00193021541421282,0.00176414763710538,0.000402374582813805,0.000837313822700535,0.0368038966021839,0.000263834579656383,0.000279857472296348,0.000712283873962582,0.000245720563739675,0.000380394334250845,0.000359683026505192,0.000352256752214221,0.000360723502001559,0.0923958628135518,0.00146911003853765,0.0005788609434252,0.000662688164195191,0.000434197521115571,0.00041635984411445,0.000763266619777679,0.000268280516241829,0.00135264444943236,0.000776736878167489,0.000381313161145169,0.000364499822260691,0.000912824285240796,0.000295337216033265,0.000415508910833007,0.000570827771149095
0.000292104062072108,0.000649179799715409,0.00098174349612049,0.000234726478450801,0.000728371551330676,0.000605507378670314,0.000879921030006472,0.00172265989323914,0.00274958823646141,0.00112752167959835,0.0071168614688548,0.000352089717676203,0.0071178536701526,0.000354560522712527,0.00503919195126307,0.000613913621982064,0.00255935899386379,0.000798363068528552,0.000233683249657686,0.000288260587571159,0.64903042089179,0.000493360283410484,0.000409827035364102,0.0006519737910868,0.00110605695413822,0.00122565285504582,0.000389472082762812,0.00078312227089109,0.000414965398990953,0.0023417935030659,0.00488817891373802,0.000585818992133591,0.00811402377314309,0.00218395935420125,0.00124711658257984,0.00170483528874808,0.0756684460143274,0.000693747147421265,0.000445823824737559,0.00320619927370865,0.000485982990595325,0.0562201099359038,0.000416518755176898,0.00032861706983112,0.000374960502756025,0.000229510334485226,0.000346873573710631,0.000727865859589524,0.000440184593539222,0.000302062155097294,0.000396810481381047,0.00051714341601542,0.000609691160809368,0.0056263766793007,0.000685531720675486,0.00135812513642768,0.00040620721131903,0.000425115733194232,0.000310360565951615,0.000659650441646304,0.000520817485673712,0.00170811132364781,0.000686257299675826,0.000664768569834746
0.000415485415485411,0.00154962154962155,0.00159104559104559,0.000280507780507775,0.00395488373749243,0.000533118345618341,0.000445036716223152,0.002002862002862,0.00363636363636364,0.00162925322016231,0.00145800759437123,0.000753480753480748,0.00162864162864163,0.000784085520927624,0.00106997279411072,0.00096314496314496,0.00354627354627355,0.000272317772317767,0.000253890253890249,0.00064490464490464,0.000502110502110497,0.441524231741623,0.000526890526890522,0.000329160329160324,0.00132714532714533,0.00108988533988534,0.000409500409500404,0.00300751344229605,0.000802993075720345,0.0133817612078482,0.00179579579579579,0.000873990873990871,0.000360360360360355,0.000833992698399474,0.0175778940996332,0.00137834804501471,0.00356229747534095,0.000452497952497947,0.000458640458640454,0.306498593455115,0.000622628898490963,0.00042955757241471,0.00147474747474747,0.000387036387036382,0.000676187551187546,0.000218400218400213,0.000627081627081622,0.000432120432120426,0.00238222412135456,0.000694802973283982,0.000428166009561353,0.000722020722020718,0.000578016032561483,0.000426904176904172,0.000501345501345497,0.000598500598500594,0.00039139618086986,0.00253409536018232,0.00025463480008934,0.000479195773313415,0.00106564244495279,0.000403200403200398,0.000377370377370372,0.0169931987323292
0.00209749492695798,0.000323373168568938,0.000732154946405009,0.000259452715367163,0.00052261303105327,0.000175982780914058,0.000127360501624992,0.000338852010020136,0.000454686843704282,0.00209332484638535,0.000125622222571171,0.000297384873224289,0.000116190359269359,0.000207759829636936,0.000130036280930056,0.000220887904271364,0.00447193880501282,8.7983139975037e-05,0.000111172494697139,0.000435097802134527,0.000174559572770239,0.000180314283960466,0.680666572367245,0.00046415776827073,0.000153885239975717,0.00232862859283022,0.00048712101195734,0.105909593542803,0.00164768223585709,9.17744791121274e-05,0.000260368710740078,0.000758655653996636,8.78627800024302e-05,0.000170083686288949,0.00071842867648563,0.00324332186616777,0.000469714345473964,0.000258383487620486,0.000258393637022938,0.00151696411017375,0.000165151076697326,0.000104579442864385,0.00035574578266862,0.000145131734409876,0.000670882562524516,0.00010476889837682,0.000207722608127736,0.000310914257360912,0.00255197810830022,0.0226102324658676,0.0163619505390635,0.000788590036821252,0.000552211554316646,9.30054333774155e-05,0.00199852501470092,0.000120209522640311,0.0202022055389345,0.000245659107502617,0.000148048552842609,0.000145691289062883,0.000486067062704465,0.000173920160415769,0.000240261651470292,0.000274446902753272
0.00032515103396285,0.000378015923547874,0.0322951384754542,0.00681946210748445,0.000634835944947169,0.00035610163189023,0.000345200561526244,0.000774122178778972,0.000548310992929313,0.000872808237949882,0.000432169695244096,0.000255704119649068,0.000179791959128251,0.00020712033691574,0.000255448415529419,0.000304042033036575,0.129147659790338,0.000440130715945963,0.000615744652404949,0.000364461752278071,0.000404321117465796,0.000227257036338109,0.000763096300126841,0.5689987132524,0.000176784529993742,0.00319310519411778,0.000358878319624453,0.0034483785079131,0.00208671237989272,0.000205028212300434,0.000700884991958103,0.00516900319085389,0.000208271005454166,0.000253147078452579,0.00136686457085087,0.00368714222963542,0.000651229428127526,0.000433069795369288,0.00850956905962364,0.00100616250249187,0.000330309556911385,0.000263503095298367,0.000382789067114658,0.000381090461176988,0.000743246641113298,0.00040256960722751,0.00279937643771031,0.00112753009498518,0.00152038334272212,0.00218501949632737,0.00165145949796832,0.00124376808380214,0.00303814015943263,0.000266571544734153,0.00172781284802875,0.000178353623455225,0.000283831572810467,0.000444158055830434,0.000314516067168355,0.000351704340221665,0.0578697473231948,0.000522595294532786,0.000780852409427089,0.000289310946802948
0.000880357573876759,0.000722981535119474,0.000817644219164852,0,0.000683012162142187,0.000463519889747955,0.0128006151024777,0.00700451389982055,0.00846946525831943,0.00113275759253738,0.00122867530429985,0.000413778835212573,0.000758594531223056,0.00126798705016587,0.000452570601013753,0.00132320329471397,0.00153391262370263,0.000647741672700937,0.000353005068790726,0.000408570681470748,0.000938605929567263,0.00153554542743962,0.000652455949794831,0.0006449131064446,0.549233532333218,0.00162542472010249,0.000761827178373155,0.00114196047342006,0.000680364470190679,0.00122537786780813,0.136592202405314,0.000715353530634646,0.00077534143937565,0.00108523950284189,0.00463220767874571,0.00195079827614398,0.0779388065516482,0.000644158822109579,0.000582386904988753,0.00373793476617517,0.00108761998923114,0.00132036109681303,0.00121046700186637,0.000520456191165815,0.000726941527878344,0.000463884866039097,0,0.000497827661115127,0.000792442248441733,0.00042617064928795,0.00089221061342712,0.0011710264301231,0.000904455488995672,0.000538235750491357,0.000594997231332789,0.00288661335516167,0.000827198487408477,0.000819706955917771,0.00044691346850108,0.00183440292509807,0.000667541636495288,0.000845088564585301,0.000778798575911172,0.0249713207977836
0.000119892615716311,3.55819303731506e-05,0.00184087333632207,9.40385662116402e-05,9.74206629289359e-05,3.75125747087923e-05,1.83016647602433e-05,0.000117880488657109,0.000277412335233312,0.000577428042206314,1.64583316189238e-05,5.49504858490245e-05,1.87746894023279e-05,2.05371355418745e-05,6.80277706915509e-05,3.68307921036301e-05,0.00550399704894958,1.80127296051555e-05,4.70024301688485e-05,4.16872215347739e-05,3.09731793977404e-05,2.60801254884485e-05,0.000203126224312029,0.000240792547381207,4.60010368748918e-05,0.703072824181726,7.79921501155168e-05,0.00141836828522432,0.00203441079351699,2.11143070111193e-05,0.000137538024062633,0.000811055848486027,4.08455757002071e-05,3.21378314737377e-05,0.000231096443318755,0.109073943348276,0.000264737630937652,0.00731388578704994,9.01630340862763e-05,0.000313549106831384,1.7722096368234e-05,2.24361218767404e-05,1.83367281623879e-05,0.00367978777339167,0.0084719619798228,6.73834716630579e-05,0.000642957247336876,0.00309586584599224,0.000234307606933533,0.000174404646687918,0.000403327516863524,0.00928179239818286,0.00279170872187817,4.12116623737852e-05,0.00155528550375196,2.34615196649352e-05,0.000109881971154692,5.5937227079188e-05,0.00036153766614417,3.17676853701113e-05,0.000256696304782535,2.06444724872153e-05,0.00011185193123265,2.90508690668908e-05
0.0257953759118497,0.0195271851378405,0.000876457009726497,0.000345384174809514,0.000711306269561641,0.00292755912166624,0.000253964842107226,0.000701401948319729,0.000810257656327389,0.155314875365136,0.00021000746307513,0.00506370402455193,0.000244450123377136,0.000191349775239944,0.000379182679088678,0.000309495520242815,0.00343043002857701,0,0.000226278702466282,0.00250616703554431,0.000249926237048088,0.000276191633256384,0.00159167766991847,0.000320456950482353,0.000226278702466282,0.00146127782502463,0.596221337150645,0.0190500652358792,0.000579847803757409,0.000323538267313915,0.000408857504853474,0.000674421430044665,0.000300797238362956,0.000282744833832182,0.00105126244398865,0.00363506557151028,0.000698279793901899,0.0002324332274009,0.000258549993925401,0.00248226482069377,0.000229048003601874,0.000311323047017369,0.000620696783365395,0.000225864525463597,0.000435226939761442,0.000224618783781107,0.000347653804098946,0.000464055747435648,0.00942328313428027,0.00155082434270868,0.000653372248419895,0.000750875928819695,0.000565393026363743,0.000318241336951089,0.000782518417070716,0.00023152888904316,0.00474967382060397,0.00111975053658931,0.000442166648549446,0.00017373344672579,0.000489819866003297,0.00031587899404689,0.000293858583404199,0.000590215589372981
0.00970978888750964,0.000391435537349396,0.00136109932329942,0.000139561275290466,0.000840847862813605,0.000192694636016428,8.0292324574857e-05,0.000583552811160535,0.000787778653443786,0.00402912214963496,8.15554663240725e-05,0.000465289786109752,0.000124153742651368,7.35928601206289e-05,0.000153267681051694,0.000142285569548033,0.00836629911147164,2.67226037980526e-05,0.000118978911887746,0.00129094981535636,5.61110528402954e-05,0.000137495390134655,0.0145739371643882,0.000625203079136788,0.000121609830460502,0.00440912270775176,0.00120436152240149,0.742333945016514,0.00142699880389796,0.00029741485156132,0.000272049863566099,0.00107686070206602,4.53086224283352e-05,5.5127666010077e-05,0.00103721516396926,0.00520992408649271,0.000557363020014899,0.000313090693658987,0.000587834914183124,0.00227230518596355,5.98997767501759e-05,6.07201495810037e-05,0.000483572922610688,0.000147695667249479,0.00053725156986387,8.9568415044809e-05,0.000124134989017797,0.00023358002243866,0.0124902530033259,0.0147786281040035,0.00311031435126781,0.00245216955075126,0.000777819155402487,9.42491985583399e-05,0.00196232583307753,4.85699382317611e-05,0.0120224773521656,0.00030343591455937,0.000101386636145283,7.20850218856559e-05,0.00080747311977988,3.98926396167243e-05,0.000186992649644529,0.000198626293854013
0.000359013717515238,0.000144776538898184,0.00485156925178901,0.00611518434725459,0.000181803043752991,7.7786305461635e-05,8.33208086767413e-05,0.000192519703957245,0.000271470484228308,0.00124014866998115,9.68446561645761e-05,0.000150386857225826,7.9924291635142e-05,0.000106765517300282,0.000190216586237257,0.000111935216032717,0.0063464013218949,4.96740617333955e-05,0.000134944515883027,0.000104329176360385,0.000103016361871717,0.000104286136704192,0.0011270944926916,0.000961458908918368,0.000155348894197754,0.0165305807811554,0.000276773682427351,0.00316701216997899,0.646359182009417,0.000114134048196797,0.000301812381493395,0.00115442353334425,0.000100737607711079,8.64519728244648e-05,0.00056569990303443,0.00869985536375202,0.000407950745855028,0.00128741378892145,0.000196830137279909,0.000545098528713726,7.0836975607977e-05,0.000135648399348886,0.000117473767294556,0.000506500988995613,0.00916170784408259,0.000256181049143153,0.00433688616399618,0.00191564945596104,0.000575280459088006,0.000609254859169878,0.00620581043647053,0.00297562581841755,0.00217411240426114,0.000129916776841186,0.129137608448113,9.34345446890048e-05,0.000579849143695593,0.000192327777480579,0.000405506925731992,0.000111987085919665,0.000546040877599452,0.00010631597828007,0.000269672838987258,0.000165398249507897
0.000548386668164459,0.000757454052484868,0.00118107205207041,0.000448130955702673,0.00210649733517095,0.00090533892576892,0.000634509948869583,0.00157121123367365,0.00398774297259953,0.00126110184182958,0.0217234146034813,0.000538155043363256,0.0199577271709629,0.000512074169900816,0.00494690254750868,0.000515500612463819,0.00380920920643925,0.000545366917789105,0.000319610379727568,0.00114563977784606,0.00181366207543819,0.0110956526150592,0.000561548614628074,0.000491464373589018,0.00139051269102254,0.00102946035523465,0.000383563202222357,0.00295783531372634,0.000682976942394031,0.643922550177617,0.00241175587056777,0.00080206985769728,0.000596300040786758,0.000835552849859216,0.00394816101383334,0.00223058894392887,0.0237562711681219,0.000441789479914429,0.000468884876464204,0.0733987222202003,0.000948872673500427,0.00130325060955502,0.00107034163892582,0.000565297270266447,0.000355122644141741,0.000339903102249952,0.00174010095629455,0.00132012982930953,0.00311049387413439,0.000862878050359186,0.000767553439851333,0.000619562184511576,0.000785307654756596,0.00052422866516162,0.00101327723845036,0.000559799241996835,0.000563520946516238,0.000987684854019224,0.000519155484531023,0.000834216674115665,0.000844322204949247,0.000484488750221947,0.0008294650331025,0.00808262446662674
0.000241007573472982,0.000303761538300243,0.00111759751597528,0.000137009870623741,0.00065026006316267,0.000273027501342333,0.0100253884620169,0.0136408218583177,0.0180873204475456,0.00220531187218677,0.000912452818362325,0.000174607636493761,0.00037520722134771,0.00325214717824785,0.000899395174705543,0.00116341132154636,0.00618106236274832,0.000202016205428032,0.000282411595823186,0.00028256483054691,0.000999276945300158,0.000564900650957269,0.000599641237514899,0.000302676165230374,0.0102712302579044,0.00202106384943605,0.000364797503575011,0.00190060092529255,0.000706002011613653,0.000438724944451017,0.668961989580465,0.000775980640937941,0.000860399043280393,0.00252037808629391,0.00247014374642963,0.00340516870583442,0.0551550666115341,0.000184013012517611,0.000428220041594928,0.00666371176820292,0.000372308726495064,0.00181307325110145,0.000280705917505014,0.000289715784320694,0.000493655656045552,0.00011713943324673,0.000602681550123963,0.000312157520392474,0.000689351943792683,0.000196722218877027,0.000275234081363958,0.00222985727753887,0.00124572258789435,0.000361984198785537,0.000974140180134807,0.0125168251726649,0.000284060401450455,0.000555589133947186,0.000303036989636425,0.00516603555280106,0.000301083623715644,0.00078753273634527,0.000416032274910446,0.00182074831204623
0.000298483064064323,0.000114164808317285,0.0274592837002105,0.000409559355828097,0.000386533361880047,9.18603874330749e-05,6.62309645557857e-05,0.000247081324280887,0.000447145499242703,0.00137910536926469,0.00010572201921404,8.27060611365214e-05,0.000112352668502725,8.94072291956055e-05,0.000309072263676361,8.48823755547793e-05,0.140950657528629,4.17111946727865e-05,0.00147939942913184,0.00016121722931627,0.000145158949049206,0.000122634471019797,0.000371697452006931,0.00382104649750641,6.37656839821916e-05,0.00563127568639247,0.000223757448487065,0.00210052216887545,0.000934910506372214,7.74417949752249e-05,0.000337282553267807,0.606459345580846,7.55497562688411e-05,7.56176193066727e-05,0.000522198289895734,0.00427646480894602,0.000607831088147251,0.000497912990091042,0.000847908098101431,0.00107166009198705,5.32769105480668e-05,0.000114224502334706,0.00012565590667079,0.000586239048313329,0.00170502659378209,0.00330173449986604,0.00162657275811477,0.0023243844669237,0.00085138267922413,0.000627823717623105,0.000317682049029418,0.00644700254504794,0.0426365298045708,9.11681695092875e-05,0.000832300059089937,0.000148153089486254,0.000193032284594443,0.000204107347779951,0.000939295096836574,7.91459490811638e-05,0.0045423805689952,7.11009319035855e-05,0.00108812298825889,6.29550794836059e-05
0.00100317672629995,0.00157164353786992,0.00168987508061241,0.00066878448419996,0.00151312489550242,0.00082553084768433,0.00125739705789645,0.00164618514183804,0.00262027670958034,0.00124999004784994,0.00104139298253994,0.000694908878114023,0.00147341581675305,0.0024347935127905,0.00197869232963207,0.000734966282115583,0.00527287026200251,0.0132066762138075,0.000794181574987456,0.00066878448419996,0.0225996452534475,0.000676384307884051,0.00105542551412807,0.00149083207936242,0.00139595491543326,0.00202590461191623,0,0.00135887827794552,0.00155016748439022,0.000810901187092454,0.00365144385793107,0.00144776641181924,0.676507309378249,0.00368388786713482,0.00131039959872931,0.00393393180970509,0.0463905628693762,0.00127069051997994,0.000922191105166357,0.00161286602978397,0.00719988296271527,0.0553155645049904,0.00112857381708744,0.00359471660257482,0.0010240762414312,0,0.00071058351446246,0.00164641735867283,0.00105020063534526,0.00090564565568745,0.000955406405999948,0.00172614513861797,0.00183461395869529,0.00517113717247474,0.000928867339166616,0.00174510951345928,0.00071755001950621,0.00069665050437496,0.00066878448419996,0.00127315734799543,0.000913607375737451,0.00630529284764072,0.00174389442537026,0.000872862102540393
0.000474560254646129,0.000558107290973165,0.000597277373846438,0.000283986931021858,0.000334368109550884,0.000331570483595546,0.000380437020593197,0.00189085984981347,0.00280032897558416,0.000946461689376636,0.000723718288012632,0,0.000408811334887692,0.000506030534557159,0.000833040364805545,0.000385139839851454,0.00229428073264137,0.00109454404624714,0.000323971993346482,0.00059475455494952,0.00229749963419126,0.000399580111196679,0.000265947158717261,0.000239352442845535,0.000617271654954885,0.000888562844580017,0.000523259669424224,0.00089681421623138,0.000269401017921384,0.000499573466566494,0.00546694854963142,0.000496049265607416,0.000969152892676158,0.638949138709629,0.000673780915545283,0.00228501045200592,0.162022840340883,0.000290124173146103,0.00036480428438186,0.0014608893055666,0.000280990634361874,0.0101213917382727,0.0003107382591328,0.000336544040849478,0.000319136590460714,0.000200185679470808,0.000328807396232251,0.00026034827116532,0.000376581176743644,0.000387523002702296,0.000263529457274378,0.000757224091911335,0.000759947706598013,0.000463629806106029,0.000767668562144594,0.00716748616233835,0.00070769575092425,0.000367188406638038,0.000398920738075892,0.000847058969810505,0.000580248346292209,0.00602039194514383,0.000605913176993597,0.000387868388622707
0.000418995431128078,0.000507986490305227,0.0013538692408193,0.000344229237601367,0.00117153160635463,0.00130451192106407,0.00221552744792338,0.0107715419723409,0.0265803671364641,0.00240936627731098,0.000222966094963328,0.00016925398801729,0.000445346926714267,0.000350451513599138,0.000390992604713187,0.00571910054678781,0.00388353949204961,0.000223710266732361,0.000272005121346421,0.000319786462789836,0.00033665107535063,0.00268209788338508,0.000613132571679071,0.000470462791121891,0.00139597227538832,0.00178820073577467,0.000292970455108736,0.00363049804297096,0.000505228262500876,0.00119921007887726,0.00271393017430352,0.00113280979022279,0.000226096344736194,0.000392589067852403,0.675452210535336,0.00222058019251361,0.00284509942386585,0.000480657487379251,0.000393327197280299,0.0295554231511907,0.0099960467326326,0.000416147061015148,0.014326450956242,0.000287981794108432,0.000411353688001109,0.000126439880625872,0.00015140910074947,0.000278717812837982,0.00201119445669454,0.0005335473720855,0.000626653794330002,0.00129612498954082,0.000602565056107694,0.000174856056634763,0.00103894534264278,0.000300795326873548,0.000466880949583784,0.00417902399568617,0.000232181591938768,0.00103309637434459,0.000491136754900259,0.000160784277266466,0.000222509397768084,0.00700401349608291
0.000137996790934237,5.09863554500508e-05,0.00151002534624785,0.000104923590937892,0.000110673699606277,3.15940624461969e-05,3.88201460890879e-05,0.000200563501403092,0.000470998913732231,0.000709567027837576,4.41961884781064e-05,4.06858442780057e-05,4.0056123834525e-05,3.14706481397665e-05,6.15390086513461e-05,3.64352312845116e-05,0.00638010122756129,2.80996348933345e-05,8.56374205997864e-05,7.13032105697626e-05,7.73525743540217e-05,3.89011839694347e-05,0.000195520818164283,0.00025292131249483,6.60702497311915e-05,0.113808502505107,0.000113774611375768,0.00165178624139546,0.000885113900685211,2.56210477311229e-05,0.000224521962310766,0.000792955789689111,4.64885780785638e-05,2.79400603017875e-05,0.000221226476770966,0.703305294374629,0.00049685188975169,0.00321389881573199,0.00012003310827613,0.000417509573718613,5.81929159823604e-05,5.37054025608347e-05,3.51644372645549e-05,0.00822702701107127,0.00289474616362499,6.94604458635406e-05,0.000445022945438655,0.00192823597592894,0.000298735934603528,0.000211608207618826,0.000246181335873202,0.0108815692633452,0.00194653722631759,2.60958857608401e-05,0.0010570448006738,4.61098035665786e-05,0.000128566830612633,3.6899349927045e-05,0.000339876850295768,5.02542527526679e-05,0.000220709635903507,5.09188014845659e-05,0.000133495267694595,3.3280262408213e-05
0.000157983504984323,0.00012302357870058,0.00041535673245004,5.21767464626135e-05,0.000249495489209869,0.000169982601553493,0.000955503405867816,0.00353697534669697,0.00470566348040736,0.000745414572418102,0.0022986895871008,7.06066127438209e-05,0.000288583034976386,0.000741430708315674,0.000781437343609332,0.000221992427394313,0.00301391318939328,0.00064543398295597,6.00228413897226e-05,9.00833270775453e-05,0.00250145867024184,0.000395530507663319,0.000213193099650005,0.000108188309480385,0.00301235324260619,0.00112493762612769,0.000164379992669688,0.0014367829884587,0.000177434650645897,0.000792140978486939,0.0158774503884124,0.000309570450921785,0.00139394444976693,0.00825161452092546,0.000966807020278921,0.0026311502462028,0.770581025940043,5.97587483948198e-05,0.000120691613304763,0.00275709794987473,9.7741056100994e-05,0.00617899722204676,0.000130927395873635,8.25257094731603e-05,0.000195152942942808,4.23594439235374e-05,8.67765747612015e-05,9.53936690080846e-05,0.000294109967320791,0.000107820322033173,9.38367990391096e-05,0.000477034394069413,0.000617378939969596,0.00051523842418687,0.000325055578370774,0.0080118626993396,0.000119953825943307,0.00016693940881116,0.000160114441790617,0.00102541302111102,0.000163386426562214,0.00138146487547017,0.000209364638373233,0.000607923262521665
0.000639249134153603,0.000236431861862774,0.00195445917786706,0.000433832277839287,0.000507890666223742,0.000264760103376287,0.000259312364623685,0.000377528295555076,0.000717837639952406,0.000968417279355683,0.00018304402208731,0.000227851673327431,0.000195524296320534,0,0.000334756184538054,0.000279871656959582,0.0045222153101734,0.00035083437566734,0.000441136093230418,0.000237385216144479,0.000183044022087305,0.000196772323743857,0.000609057192540518,0.000347838119353415,0.000377752614209596,0.209469842170955,0.00028981970163824,0.00215590708260989,0.0026387188510141,0.000305073370145516,0.000869967560531638,0.00142036485356123,0.000256261630922233,0.000385699903683974,0.000652551938741264,0.0843635638936382,0.000466959077851769,0.503074609008684,0.000269260409302347,0.000525088148106396,0.00016779035358003,0.0002654138320266,0.000242151987553003,0.0115803530096814,0.00314208991175421,0.000271632635341103,0.000550359372923438,0.000956790547687156,0.000459578270509538,0.000725638801846127,0.000594699987372276,0.0086092036656555,0.00350718315146097,0.000217071436449692,0.00289421779851098,0.00018304402208731,0.000614595726938992,0.000241516418031867,0.000910798757246042,0.00018304402208731,0.00046606141209393,0.00016779035358003,0.000290909249388759,0.000211009081017315
0.000776609774162918,0.000370128869840824,0.00729641146014105,0.000513166313140293,0.0105931521112952,0.000439544818608267,0.000296271911776807,0.000463318840757346,0.000909942919752318,0.00175984758834475,0.00034894247387046,0.000280470743148709,0.000498850996752401,0.000454283598057771,0.000960387039860775,0.000419718541683809,0.114922908474164,0.000224947192274983,0.00193417611003567,0.00148262567816514,0.000289413765670861,0.000369164207531417,0.000676761857734614,0.0206669338361845,0.000222203933832602,0.00258522290167565,0.000496529778070389,0.00684001674580371,0.00127430589326729,0.00033362243056918,0.000414623918862249,0.00553774425436446,0.000298100750738391,0.000345650563739607,0.00138260225495844,0.00437126305582292,0.000683985771632876,0.000517241379310341,0.575206012745417,0.00288167372161175,0.000249941324749981,0.000347479402701193,0.000404991575308938,0.000442705155528561,0.00073226296376654,0.000504920921541191,0.000695749654683072,0.000919540229885054,0.0125233922418266,0.00157135036300465,0.000444718425224724,0.00100540421913148,0.00148213412597365,0.000406002249471921,0.000856119060382081,0.000396057937618299,0.000507397301899809,0.000263352810468271,0.000489021912859672,0.000493786519628012,0.0475575458094342,0.000480070227416123,0.0140949215129905,0.000388856884207057
0.000484318970354805,0.00702497790159979,0.000770817943791673,5.6977988062552e-05,0.00997949666772276,0.000790581728014137,0.00027017156820363,0.0014268480716922,0.00272828263705107,0.00263942150583885,0.00060205162045422,0.000192045483767289,0.00157120566612818,9.96606965889111e-05,0.00104432321577353,0.00042302391606117,0.0053816086178114,4.63644412665868e-05,0.000150352971098205,0.0020937467629593,0.000311963371583571,0.0112584654875753,0.000439933943422019,0.000266735189214398,0.000446552230611724,0.00158857108022226,0.000308145022823371,0.00568167811589872,0.000260572288757931,0.00295139177722141,0.00172218154775385,0.000850510622108064,0.000173102676536057,0.000204717035986776,0.00743679930402335,0.00259619012529693,0.00239430200689541,0.00019668188309782,0.000482831373692899,0.769957505738784,0.000242387178544019,0.000193526543332285,0.0011330932696391,0.000135523091811185,0.000116050755097991,4.41713887122551e-05,0.000107639411837626,0.000185945744229378,0.00284410266287089,0.000476941705276374,0.000219036296157676,0.000878471367528786,0.00062163324998339,0.000269658136618429,0.000326133810756733,0.000182023597113823,0.000219205376657148,0.00443768299715875,0.000163986280594244,0.000233622164561488,0.000691884243364009,9.4783117396908e-05,0.000147939472380349,0.00183165651842391
0.00066152149944873,0.00107440215944949,0.00139921820186429,0.00070562293274531,0.00102361747809435,0.000850527642148369,0.022299026892287,0.0554009874886151,0.0855150759790998,0.00201443966283743,0.00100606394707828,0.000817572724959712,0.000882028665931641,0.00336640940830577,0.000823751771932585,0.0249815445088922,0.00248379272326351,0.00066152149944873,0,0.00080012600409513,0.00137186958576154,0.0010330426647957,0.000646821021683203,0.00070562293274531,0.00283719220874678,0.00125275633958104,0.000964718853362734,0.00170105528429674,0.00117144432194046,0.00122568700463897,0.00337972631169337,0.00179162072767365,0.00116133774347666,0.000867328188166113,0.0612310052250611,0.00206711333502954,0.00367818204091633,0.00066152149944873,0.000834252113193677,0.00417899098962096,0.519534538133359,0.00162486218302095,0.00547385072623556,0.000749724366041894,0.00063947078280044,0.00185226019845645,0,0.000970231532524807,0.00127571463145723,0.00066152149944873,0,0.00112258193845845,0.00134785005512679,0.00258123094882937,0.00184736003920127,0.00200272391205655,0.00066152149944873,0.00152238147739801,0.000652701212789414,0.0101912659987537,0.00106945975744212,0.00066152149944873,0.000926130099228223,0.00271830209481808
0.000544479871062679,0.000439367926842084,0.00090787865547396,0.00022774254581128,0.000664541069572425,0.000320810413089939,0.000850723093265056,0.00235187975193581,0.00383427581143148,0.000782500029197759,0.00588950601956301,0.000219956475869019,0.000659715755173994,0.000672149662920419,0.0022566696575331,0.000337526131997239,0.0023382486617911,0.00214736846915878,0.000425119418847735,0.000224238814337267,0.0409776629501724,0.000518495746356964,0.000880453812342401,0.000300444973897196,0.000867173539819906,0.00108207706961338,0.000290031105349417,0.00102414993020198,0.000288844204443582,0.000935618526754247,0.0073245125624007,0.000665708980063765,0.0107735934422334,0.00814693735785133,0.00110677998650841,0.00193508169533887,0.162983686321585,0.000284191552892718,0.000477125786020931,0.00214343660613938,0.000593687833097801,0.566275175453162,0.000632808086954066,0.000275918853579055,0.00023796176261051,0.000223362881468758,0.000330159311974941,0.000633674863729868,0.000468287187393031,0.000375058528241666,0.000345701505436619,0.000729554753590348,0.000642845647563803,0.00139398459359217,0.00067379451423458,0.00195732912073097,0.000382419471859479,0.000444059880294249,0.000280298517921585,0.000505823512167037,0.000518392997633385,0.00883873390378144,0.000548083709150242,0.000415755279372528
0.000505788945748819,0.00113098243448466,0.00118487790226514,0.000450034652668252,0.000702821974434886,0.00324669564773879,0.00077660300830818,0.0113156647844493,0.0413381286880829,0.00382400096981381,0.000363402982029613,0.000402517480332469,0.000357432284190641,0.000603339140040609,0.000400872972482036,0.0373664750446654,0.0025117410231064,0.000344276509291212,0.000338480608461394,0.000511782997034358,0.000584226803645696,0.000826576804308666,0.000922013023988352,0.00048424418335384,0.00081557708514984,0.001231574831262,0.000605897717954067,0.00253076629757634,0.000675014939113272,0.000668202966779954,0.00122989958031646,0.000942306600161401,0.000398757977091506,0.00028052160016321,0.0504809522507146,0.00242643683563634,0.00143539623979618,0.000563168363964023,0.000568721210888074,0.0110854079242363,0.00339822905494158,0.000337759340802572,0.646343388006094,0.000566710303360022,0.00037213976587308,0,0.000549708994259223,0.000603861312135846,0.00169716556546947,0.000663051054931226,0.00062275165558118,0.000681014702283016,0.000580132389492233,0.000378665520881468,0.00118209102100862,0.000567843723966742,0.000539961577041429,0.0359383650801981,0,0.000702906582823268,0.000600712921561624,0.00027202094561281,0.000435851742402344,0.00153782771505964
0.000191292981141697,0.000194481197494058,0.00129304698529886,0.000310585409659229,0.0003156334188838,0.000196736277353045,0.00018332244026079,0.000328330350673031,0.000531407347016851,0.000391866729062532,0.000124207595394087,0.000157571462030177,0.000115572842773105,0,0.000195370932290065,0.000149162979342631,0.00407233993594457,0.00030288055347435,0.000186583116075706,0.000126390005397187,0.00011158757233265,0.000183182606210249,0.000210820806299911,0.000289975868238604,0.000114244419292953,0.073091332695228,0.000145567246614402,0.000779987753498361,0.000926315468463339,0.000247086767308027,0.000264267710984641,0.00130898806706066,0.000144133947596345,0.000155994871526264,0.000354356963330194,0.110159545970268,0.000525693400826904,0.00652631352780991,0.000156958343500877,0.000703178828826432,0.00012487180713416,0.000150529357779357,0.000184650863740942,0.599238518782406,0.00352826388450894,0.000216058590307362,0.000317018774798816,0.00110409318463307,0.000303232194983806,0.000190320963961098,0.000262888015019292,0.0236349062560429,0.00323257414509018,0.000261035213849607,0.000910724869971492,0,0.000145063844032451,0.000205810752031915,0.000437535808827042,0.000208414883774748,0.000318609087479339,0.000363323821821212,0.000227160415105763,0.000115266283508455
0.000206701444709839,0.000116792514205428,0.0050124864550775,0.000336187426160676,0.000208842317994004,0.000119635083334236,0.000170896396854438,0.000298233814051843,0.000250341225380681,0.000669939988010122,0.000190977388969247,0.000134960238637383,9.56128566224972e-05,0.000134694044872813,0.000135978038325449,0.000154858222539048,0.00675229996620728,0.000114197125000863,0.000157610908059043,0.000137123062974521,0.000294595481886285,0.000153776810370479,0.000198499211386181,0.000518300196207532,0.000230055299092649,0.178552997546643,0.000137506658234315,0.00168700298296732,0.0108338315979082,0.000127347096970658,0.000478345831101485,0.0012871625881191,0.000196359731819666,0.000214552174244046,0.000811309558718265,0.0462460741917206,0.000494854208337078,0.00250970374647817,0.000224800634180022,0.000761884134497748,0.000117657643940283,0.000149296674243553,0.00012316884076973,0.00175207578476294,0.555766488394774,0.000238537150341406,0.00240633955033114,0.0260409316198448,0.000306924959800301,0.000279118172350595,0.000729477392429765,0.00628573173876633,0.00570105449534952,0.000275479999505312,0.00679307390675436,0.000222992464340192,0.00020175874058922,0.000240061142426058,0.000567358334067822,0.000101508555556323,0.000372609364872445,0.000190939221480943,0.000257752846165195,0.000193789060607526
0.00119840213049267,0.000958266470916268,0.00766350922664244,0.000773896912378932,0.00144593533408446,0.000580422684284197,0.00104134658062754,0.000782838998551381,0.000949382075622355,0.00149807753704312,0.0005121376626037,0.00067146937985819,0.000768206493905557,0.0005121376626037,0.00133074500584487,0.000489375988710207,0.057754654886016,0,0.00880468554005288,0.00085801614198534,0.000763550696972798,0.000497505157957884,0.000915019290518622,0.00186297606208313,0.0005804226842842,0.00615567203594761,0.000709570442679916,0.00265582699491046,0.00132449395500959,0.000489375988710208,0.00131692541812382,0.101694210766173,0.000690166469127851,0.000525794666939802,0.00087469861105014,0.00657466002223717,0.00128953637096626,0.000924286543460975,0.000875999278129769,0.00152453733186669,0,0.000764548367744105,0.000567619242719105,0.00124620164566902,0.00299490071558686,0.382730866462702,0.000854851167641658,0.00210015239975293,0.00114513981358189,0.000700663700721591,0.000644439892109663,0.00988314354550677,0.183892676728316,0.000668217712159118,0.00182451965462746,0,0.000967986320849167,0.000981597186657104,0.00585655395184718,0.000790968167799057,0.00236446267379382,0.000671469379858193,0.00124051122719565,0.000824672954141352
0.000318211808508446,0.000514933058702365,0.0829991801215767,0.0042954835661469,0.000508476217840894,0.000279027765799309,0.00023083206079761,0.000406619553251178,0.00116985192887234,0.00194992346094826,0.000263977177219831,0.000318133929945427,0.00045574535080554,0.000312849313168922,0.000547743635906039,0.000386693024925914,0.0306663094817164,0.000295198693135405,0.000513083442830589,0.000455541255261068,0.00032405270073511,0.000443400486015631,0.000427419804883489,0.0037446518759158,0,0.0203321356829309,0.00043239020120301,0.0014996012900768,0.0364697285754651,0.000331451164222211,0.00084638422292458,0.00318474902610487,0.000337369935011893,0,0.00086840755609549,0.0111648604122244,0.000911490701611086,0.000399723497052035,0.000443427908891876,0.00105008858426948,0.00033145116422221,0.00050605490251784,0.000520481906317691,0.000552942664867357,0.0132500690952155,0.000311369620471503,0.554993036437497,0.0634919409502252,0.000515471128774154,0.000873239541134482,0.00123376444595716,0.00183910495123545,0.00411907846282832,0.000356394555407301,0.00766744588570802,0.0006037146205476,0.000678685717216911,0.000391822626276971,0.000633823150216855,0.000467212969210551,0.00109071640136608,0,0.000618511547521806,0.000294458846786696
0.000324317912462271,0.000247508913339277,0.0174313685955056,0.000522598014729766,0.00028868493886127,0.00030672446045526,0,0.000278574492009271,0.000494435816976148,0.0010947272284086,0.00015735932539131,0.000208690442230189,0.00023603898808697,0,0.000279199788006201,0.000201241664498256,0.0140918093062547,0.000149259948349111,0.000243934179153315,0.000178817415217399,0.000445748572709775,0.000247278939900636,0.000569138265953124,0.00096781127577273,0.00018744272583377,0.119436633492423,0.00029745665801315,0.0017043811776467,0.00268416373579892,0.000250468130380636,0.00054065112757496,0.00276384953228864,0.000238278447176978,0.000220611603244685,0.000396887275896463,0.0442194796356508,0.00039441073560856,0.00119947069490264,0.000315399270702139,0.000637719371322697,0.00025455184989771,0.000286177988824398,0.000505136657978841,0.0015111123453019,0.038405334279904,0.000544046726463206,0.0222695641710122,0.591126342635242,0.00147520467372797,0.000391323596206391,0.000619084714368462,0.00492361633462239,0.00894986193832078,0.000226782557181597,0.00161947295492239,0.000554983400804662,0.000298189309880178,0.000261751296157446,0.000656921781022746,0.000211473844530406,0.000607872869126371,0,0.000330496658007692,0.000199013264465484
0.0264703916163166,0.0019049891925102,0.00148796970401166,0.000291568627777256,0.00318330513411474,0.000418914026781208,0.000123553961048467,0.00055380762149524,0.000904868622944345,0.00526288144549778,0.000166867020606372,0.000523512657018975,0.000159035103915311,0.000175562786532546,0.000298487370502934,0.000280770264604815,0.00933976424073803,0.000113486601259332,0.000146510592082782,0.0155271118376234,0.000145447328147833,0.00022370623420965,0.00312520890766361,0.00116326750686013,0.000193093921929583,0.001923243743116,0.00232156102172958,0.131369594663424,0.000996937214691817,0.000415651361263346,0.000439956697278409,0.000990620244863654,0.000110938841902378,0.000170404228465436,0.00147986209706685,0.00298121183953345,0.000588630216302008,0.000220141779804611,0.00331049010931641,0.00397357298159384,0.000121906574901155,9.90819204543266e-05,0.000419810091797202,0.000205136755930587,0.000237742936246578,0.000164281007468147,0.000274013023833506,0.000407924188858436,0.612638784324524,0.0112481854877218,0.00115147914584222,0.000793018301072186,0.000706704782035688,0.000121943861418892,0.00124623369326466,0.000290849792838497,0.00237284287915348,0.000475513634308922,0.000196496558793379,0.000140332894030358,0.00256260067359789,9.15214526284953e-05,0.00025892944306145,0.000362653756040412
0.00555087351456238,0.000503563193493923,0.00173490156993977,0.00116639426004483,0.00057384747409045,0.000407533224408398,0.000172574525531151,0.000505366195840494,0.00051385566877278,0.00278828565365867,0.000158995700203235,0.00033002489140414,0.000177205175942312,0.000235313636300789,0.00025646697728435,0.000195213057243859,0.00767522438230621,0.000133858040092052,0.000221211408978413,0.00151316418274707,0.000254978054339302,0.000274877005728935,0.0362876878418483,0.00136664168019683,0.000150133063625573,0.00209482094799909,0.00083706336385068,0.204889929290494,0.00141833782468635,0.000439757620258297,0.000223947748021767,0.000712631946300319,0.000156823088150768,0.000266529024012187,0.00103639672139167,0.00278107223814851,0.000588888965698402,0.000424756629045362,0.000632716286188611,0.00230040329003881,9.9084276938248e-05,0.000175125698774577,0.000607730256731466,0.000308115891077078,0.000377016560013694,0.00022577883204326,0.000357044550936347,0.000413648052648311,0.0165698916845549,0.532268838586002,0.0152417215537457,0.000853737781526079,0.000819023219383407,0.000125967607890484,0.002843062527689,0.000198398982427515,0.00432384148038522,0.000373131597203298,0.000264301548019003,0.000157971573309816,0.00164458359657291,0.000175845787996512,0.000222939623111058,0.000433732369746967
0.000858547083548757,0.000225416745385127,0.00228197681313015,0.0071899930137171,0.000535063042563466,0.000194192914919806,0.00014026775556005,0.000401061878860604,0.000364277454738055,0.00146467996929017,0.000193753692654921,0.000496162805941848,0.000173664840217207,0.000214514422469156,0.000145332980066385,0.000255976846846968,0.00495265455033342,0.0002311820415712,0.000139525598123224,0.000293320332590427,0.000133773877987825,0.000296480478205142,0.0319320053748978,0.000988981873603849,0.000224215881993722,0.00606768156373476,0.000533088313429003,0.0219142957237308,0.0137708038426589,0.000218533097430518,0.000337248708584208,0.000767841987664934,0.000151448518684403,0.000323550956158527,0.000712720152703185,0.00487015407091585,0.000463842689112699,0.000515048529893071,0.000206821225165123,0.000708703263134941,0.000169879837289396,0.00011688979630004,0.000203508132532641,0.000381308683990909,0.00171853411386354,0.000229883266056755,0.000517874710685723,0.000320983091427111,0.000901406675525442,0.00624936896450548,0.718240195317768,0.000906161579953325,0.000769988340706664,0.000122455977076233,0.0335596534370005,0.000201985568006476,0.00228858362770363,0.000254955280335606,0.000297234053448688,0.000297351236201871,0.00065678513080476,0.000309907818908328,0.00027084221093913,0.000255958682154458
0.000194062994431351,3.96961539435105e-05,0.00105618671955242,6.58718637935708e-05,0.000134810123462794,4.99692132862953e-05,5.42960928913132e-05,0.000191855571390027,0.000343362560316306,0.000770388248551686,1.76482176015691e-05,4.52659650549567e-05,3.24507308532744e-05,2.58410308601671e-05,0.000108953193307491,4.04239578846749e-05,0.00750770419355869,3.07293626751645e-05,8.50594222424502e-05,4.88867730011993e-05,3.57734140572345e-05,3.92031191509756e-05,0.000157418746429437,0.000177591670306737,4.05321100667079e-05,0.0361097463640057,9.54839082162428e-05,0.00169640640191064,0.000936376889777256,2.71469107817186e-05,0.000283543190549295,0.00234168102321172,0.000100489223582677,8.52324521589288e-05,0.000343673633482021,0.0369117085388775,0.000417833476188496,0.00141130784553276,7.57891341579611e-05,0.00054640001557854,2.86187312457877e-05,5.90306614746969e-05,8.08365591299658e-05,0.00460100542580037,0.00174043880851761,0.000155412153591252,0.000236617803501174,0.00102353959081062,0.000401128847189596,0.000188385909157051,0.000178929284919312,0.740376858296654,0.0169512944656538,4.82817733172468e-05,0.000671529196487432,4.56182576057852e-05,0.000114394535288638,6.24475392055515e-05,0.00471740900441096,3.59880545415778e-05,0.000391158952228427,5.80028471644274e-05,0.00013786392379295,5.44835845792442e-05
0.000232233908129568,8.08910182769162e-05,0.00550788137291837,0.000225175527737617,0.000174082920318451,0.000128929406099316,6.33735479225174e-05,0.000236634901256283,0.000358734081054151,0.00108152614344794,6.3417478882654e-05,6.36102371771297e-05,8.27553670982456e-05,7.33388616865729e-05,0.000153775508578627,8.1537380364361e-05,0.0207735362533087,6.3327525011898e-05,0.000568721614738307,9.66875605092368e-05,9.91919635578455e-05,7.75229377699739e-05,0.000230731678487951,0.00126883063530973,6.94293959114823e-05,0.0198674084247205,0.000195177411071825,0.00140328331706478,0.00125653726555963,7.81133712535148e-05,0.00035716876336338,0.0261620331955831,0.000120048731927426,8.5154567180521e-05,0.000409486824248467,0.0111891605648316,0.000380921659563755,0.00091141946281136,0.000257848117734328,0.000729019412424675,8.12425485350005e-05,7.63852931435362e-05,9.90976817178368e-05,0.00136717759331055,0.00520122471647488,0.00396520866656109,0.00104041918003159,0.0053092837592389,0.00052784051375831,0.000251081023360187,0.000261871361920803,0.0625112043901463,0.682632462833691,9.04396216576165e-05,0.00137640568713871,6.8582071807066e-05,0.000130655427161824,9.61456955258757e-05,0.00566262940788291,7.88990134811065e-05,0.00109588454118756,5.31744707300993e-05,0.000378448645141585,5.46884936551066e-05
0.00259765117646254,0.00274804150773143,0.00298419161468257,0.00277538520432577,0.00349847406982061,0.00602928509905254,0.00287108814240597,0.00429296036531179,0.00435177510892981,0.00261388649631544,0.00331132165757489,0.00358886017800746,0.00462291875287401,0.00174657861996363,0.0756770982869174,0.00277538520432577,0.00579738951831975,0.0112100041471273,0.00252017736944524,0.00175455386480365,0.04265230290396,0.00198031464181335,0.00287108814240597,0.00181835582352378,0.0018757775863719,0.00420272616655046,0.00275145946980572,0.00616867850886501,0.00539046798736721,0.00244250541969899,0.00681188815722449,0.00239979631525631,0.0230030333670374,0.00436405397645707,0.00448971609515368,0.00574578771643761,0.032580608920346,0.00257440903435735,0.00256483874054933,0.0077316714799615,0.00277538520432577,0.0110026477812869,0.00263183079720548,0.00196191023064408,0.00206865581542584,0.00172265288544358,0.00222243489541796,0.00255207834880531,0.00271494124343301,0.0025621043708899,0.00260790506268542,0.00351974138939399,0.00313952321263092,0.549138257457548,0.00328580087408683,0.00221856811004098,0.00177050435448368,0.00240624530030215,0.00210546463776438,0.0037994066417839,0.00258996076179539,0.00331631485434429,0.00265867430422797,0.0018927914420306
0.000315487229256055,7.70066083163451e-05,0.0023295123663718,0.0017741303130512,0.00012379637225242,0.00010327453413823,0.000134540963051685,0.000153689040325197,0.000269604487757617,0.001107091176264,8.85221743197339e-05,0.000211243215863733,5.2921291022046e-05,9.7189235809405e-05,7.95081399297816e-05,9.53078344030074e-05,0.00478939627098922,9.79248213216795e-05,0.000114195340709415,0.000106363794942384,6.03793107992834e-05,0.000122527722784645,0.000982701267489793,0.000382859266460531,0.000121120841737187,0.0115124329742677,0.000236328480686523,0.00380183274328581,0.0607367660470678,6.28784154243226e-05,0.000268983369959553,0.000747213959877884,7.49163907632945e-05,4.84947431476482e-05,0.00063014420345267,0.00764389281927419,0.000408356053377192,0.000887624841154503,9.26928398611291e-05,0.000431873570957157,4.60448238934018e-05,6.87082842559867e-05,0.000178038388606205,0.000311881184267208,0.00475403119850027,0.000168021125925097,0.00117180471148117,0.000831341555660213,0.000478355456267498,0.000636956087983539,0.00693522713821216,0.00192353112867961,0.00150313801179311,7.1336469992554e-05,0.741250695058349,8.1741940051619e-05,0.000450651067136685,0.000150182042089588,0.000230319764873431,7.62945705110172e-05,0.000271600804532504,6.41849441787647e-05,0.000202789841569111,0.000188523448226745
0.000378751824354332,0.000398906252704078,0.000618694079573573,0.00030934703978678,0.000449071836850245,0.000339651253414813,0.00245322203737271,0.00536253265904645,0.00521406677205848,0.0012558961016985,0.000944166563812478,0.000190367409099555,0.000399683426049308,0.00491489335286669,0.000439114156989653,0.000428326670474011,0.00185486193481625,0.000459121398416587,0.00027920553334602,0.000320374420191941,0.00156777217711342,0.000421981090170691,0.000338430949510327,0.000321811572525446,0.0031719279804225,0.000926454724284533,0.000450989457271577,0.00112571429525651,0.000509062848440343,0.000432412839608723,0.0651227249025402,0.0006072720350276,0.000675523168998865,0.00735897637512864,0.00115473893420886,0.00153035618483934,0.182812202550923,0.00041246271971571,0.000346069148023581,0.00190805035327377,0.000478607327962172,0.00285758034746191,0.000388517133665454,0.000235976267529662,0.000377797049540175,0.000195655392685657,0.00215115172282505,0.000247024376093476,0.000615119104754801,0.000414903327524683,0.000482450737767022,0.000750461997096571,0.000549704340229353,0.000432714571747581,0.000448284544008641,0.542629711938244,0.000362887873596036,0.000249857224443171,0.000213442246566169,0.0022428522555779,0.00037756202804746,0.000598113819130377,0.000455612665778281,0.00077938656901938
0.0161018075508811,0.000581852604103705,0.000525290432107148,0.000139666727647911,0.000517867031883863,0.000362802655205765,0.000127401049826306,0.000433753710512179,0.000501885169283298,0.00476840425589237,0.000142781361245694,0.00109451930826226,0.000218352208012935,0.000178951610859566,0.00015343668671179,0.000115149483461006,0.00343616071646209,0.000109372817707379,0.000181679153771378,0.000833253578756765,9.07341945459157e-05,0.000184502605138924,0.0283511483247819,0.0003732476704843,0.000134724895649376,0.00177080818284521,0.00672760857120938,0.172359176296444,0.00189929216423473,0.000186100310537735,0.000215299754033254,0.000614927029052642,0.000120624841399576,0.000351133956128909,0.00103503806583683,0.00227800880233942,0.000592781207670961,0.000290516201554222,0.000192266260718007,0.0012749613650015,9.88486347085582e-05,0.000161512301801884,0.000319266336581073,0.000160099570129796,0.000331331443570376,0.000161192826919199,0.000123308430414131,0.000152608418497421,0.00349523897250789,0.00610763968447465,0.00339401694423397,0.000582892630497514,0.000444952979166406,0.000112126809520154,0.00145296588240335,0.000159541594671145,0.582039363437885,0.000547847657041462,0.000183533882951412,0.000101280973037409,0.000452048084697046,0.000137699590638786,0.000246142489032761,0.000269404097059286
0.000785362415481237,0.00868695215382781,0.000539317003986021,0.000167711086773328,0.000615104492120359,0.0649897765813361,0.000212269351507977,0.00164646493255918,0.00395850913878036,0.0208574925969274,0.000343988215529277,0.000639522075678441,0.000260761918878335,0.000151613276672913,0.000269368690509467,0.000764742506257388,0.00235929865665245,0.00011528421676726,0.000180493242853766,0.000771788920571434,0.000317855054801172,0.000605608119668673,0.000538566564897821,0.000298858714649127,0.000268868837776144,0.000682746793963121,0.000752341804227933,0.00296310869260896,0.000284309948117764,0.000283203022850084,0.000715917444210363,0.000488346806430277,0.000223431791544173,0.00019953037517411,0.00518895333746017,0.00122541512045707,0.00102262710650461,0.000153462756086291,0.000237794703681747,0.0381836900043214,0.000260353109599018,0.000221561854099585,0.0110379267171888,0.000514808728191575,0.000316966242245596,0.000197630085886738,0.000183631288136427,0.000213633151017504,0.0014094569576352,0.000328884410604447,0.00039160035536817,0.000636093638307836,0.000338313943973954,0.000199797082442512,0.000852134429146947,0.000234097542211076,0.000374874548076828,0.690591483217375,0.000302683452248251,0.00039055469353808,0.000600941853751903,0.00020900165828895,0.000288210541918161,0.000384966938133545
0.000242063802592792,0.000242488882705902,0.00101385428875843,0.000271783260002335,0.000187333859765188,0.000179982784255414,0.000315187242959365,0.000461002931574066,0.000459466920555421,0.000835502291285079,0.00029997130709236,0.000236400685545579,0.000245193937971145,0.000221717922633485,0.000206415038561525,0.000189836914150237,0.00561912225409063,0.000141290833050747,0.000383978616879098,0.000240556700373583,0.000194354811074333,0.000329734346480567,0.000278691877985123,0.000324924250842947,0.000211837444797768,0.00901293751486153,0.00051117456308021,0.00111121716881166,0.000901426063971951,0.000514081261792347,0.000504694807848415,0.0040928032214688,0.000274369891189148,0.000223508032735482,0.00049986693514908,0.00794564829904739,0.000640616689722674,0.000807011654461781,0.000354193173793034,0.00119179702325743,0.00013042230743146,0.000206501986766479,0.000866004121344912,0.00063333862926945,0.000628274051754108,0.00125942584697947,0.000343164931489017,0.000657644604745313,0.000352068961044492,0.000322812462520834,0.000373407291006473,0.111302491670929,0.0281325642575587,0.000219544217509625,0.000730109191601618,0.00021709003430527,0.000386585095873769,0.00023835801013336,0.68266929477067,0.000201268992949784,0.0005487397823783,0.000265192025110639,0.000458294082822453,0.000184962545084616
0.000225200143534153,0.000164495305369127,0.0003846101802303,0,0.00017035700329737,0.000270059477899409,0.0107931266434293,0.0983698364510409,0.0542130969359474,0.000499283421004168,0.000171168607264969,0.000192255342316587,0.000186665111124071,0.0128625900742293,0.000216441551440226,0.00252197978865474,0.00197668807305394,0.000176244970038351,0.000124443407416046,0.000286536706844312,0.000315861565351149,0.000241533340757509,0.000283108751871507,0.000184732911991626,0.000832514429901115,0.000459407760610354,0.000165222388578857,0.00061760802199076,0.00023722024538684,0.000293148692100202,0.00829393048133617,0.000409170115626262,0.00033045606322545,0.000511423672094117,0.00189399991715045,0.00115098367446264,0.0037707395111482,0.000277994316377325,0.000207492098059672,0.00156378638584171,0.00279548193781155,0.000486124344025524,0.000502536386478922,0.000291016093384403,0.000278053238445231,0.000223220362052534,0.000199627966063243,0.000155392223583318,0.000522918244437228,0.000223825295283029,0.000175128170228207,0.000466207326150156,0.000313465401256332,0.0001361099768613,0.000424317451675553,0.000580005809444985,0.000275011953247964,0.000345141904962236,0.00012703597840388,0.659161680899036,0.000361180722912998,0.0002875323261195,0.000451885123179527,0.000409879149832735
0.000571280890778266,0.000313889550579636,0.0156550997369348,0.00126680694510613,0.000976696339417985,0.000395242065382604,0.000195529617278062,0.000361035016674601,0.000804830031107246,0.00129277830713038,0.000364516897447319,0.000172701286326818,0.000411193538873381,0.000253096712720337,0.000493904882899637,0.000237783298169191,0.199705766980136,0.000215876607908523,0.00106608417063235,0.000632636936435186,0.000321581705574076,0.000330203437315561,0.000768595164363979,0.0621768323943079,0.000311821766978979,0.00386215226712513,0.000374062053358737,0.0040166966153655,0.00135125163121155,0.000352058403161164,0.000525582503296138,0.0093171631936533,0.000217737613149113,0.000351729990471647,0.00112862810129365,0.00467047584771216,0.000706730838638886,0.000278493960709576,0.0208181755805042,0.000935869240058939,0.00018610052405907,0.000227731900552286,0.0003638637446403,0.00031617499561194,0.00118207669236433,0.00060144101895911,0.00125917232843797,0.00159593336371357,0.00247772619466827,0.00158124093629096,0.000683215875155413,0.00152397923658047,0.00285462021252356,0.00031916239876131,0.00149906039913186,0.000208432586946159,0.000563803674627665,0.000299415065375041,0.000390698312327654,0.000309458585721087,0.517049882708122,0.000411686724527203,0.00153168822627752,0.000298906072488726
0.000549613156893413,0.000863722556531077,0.00100292657262175,0.00036171122291276,0.00118158999484835,0.00047445238330115,0.000586254034019641,0.00213776685761654,0.00239305780470476,0.0013378123220649,0.000903381252596993,0.000771252029020595,0.0018756371049949,0.00318744314009185,0.00113949101392554,0.000591891092039063,0.00184352014531717,0.031791986023364,0.00039459406135937,0.000476801157475907,0.00441738043871425,0.000835677652936378,0.000542566834369138,0.00060285203818793,0.000822070961165365,0.00142682925085745,0.000719768797109231,0.00134951168984907,0.000520146717246447,0.000748568145814108,0.00380258621677032,0.000787923398163111,0.0068728706574995,0.038810327498774,0.00125057544967281,0.00743856781145921,0.0750993991018696,0.00091819002739393,0.000882777739836039,0.00239276030930366,0.00034526980368945,0.0341345308405282,0.000935666221253669,0.00032882838446614,0.00073899852719497,0,0.000473512873631248,0.00101936799184505,0.000466623136051956,0.000970043734175132,0.000495591350873974,0.00114062345861695,0.00231089394445039,0.000690539607378905,0.000563297319476787,0.00150825260200316,0.000856888084226484,0.000662354317281808,0.00073986386504883,0.000820097990858568,0.00057051724704876,0.637673653554992,0.000706511271767261,0.000787132945315836
0.00150761211700325,0.00142077541310759,0.00735471071106572,0.000860721947085458,0.00399032252536598,0.00068195661961386,0.000609126301014322,0.00114577075385303,0.00107952818564858,0.00214787719259658,0.000884557324081672,0.00052967504436028,0.00107082638134837,0.000812168401352432,0.00194154534841523,0.00173909972898293,0.178358571581552,0.000873963823194464,0.0299908343187976,0.000801818429221254,0.000896524056565367,0.00129585615503958,0.00106029593701407,0.0042744776079875,0.000534971794803882,0.00314918595194657,0.000834238194867443,0.00274674344432548,0.0017666220597193,0.000827617256812943,0.00412367600712257,0.00852632887984091,0.0011195404346706,0.000916026253187782,0.00178426581803691,0.00457208513565938,0.00189599589742602,0.000946794141794005,0.0265891114931424,0.00234104051582958,0.000724992716968137,0.000920310389575991,0.000757435313435202,0.00110813594806954,0.00101503034011083,0.000948265461361673,0.0007547869382134,0.000969629622022803,0.0020416206000902,0.000936494904820332,0.00126239218905868,0.00236576093443385,0.00437505766036712,0.0011512156042268,0.00153925394356769,0.000834238194867445,0.00105140496305516,0.000716953006473381,0.00123543125211601,0.000646203554119542,0.00660136310721199,0.00055615879657829,0.546808880577852,0.000820996318758437
0.000638947167652104,0.0008581242226102,0.00120719567481917,0.000588391359419393,0.00183985150932951,0.000867823765020023,0.00367044576715442,0.00389925366817633,0.00827385231590839,0.00134469380528803,0.0031619640010538,0.000575553729759333,0.000718907260963332,0.000751863563971247,0.00117011218578013,0.000967443771182087,0.0032794857698651,0,0.000595199193330029,0.00089629996172052,0.00241684162321515,0.0174240123955687,0.00104257113602908,0.000517784396289065,0.0376756522632183,0.00138608079046076,0.000965035608928613,0.002204902516429,0.000599867422297325,0.0149798393398556,0.0173394514871557,0.0011743374560464,0.000974376091198518,0.000974904699478638,0.0393423114877808,0.00172192599800996,0.0125775281199905,0.000807344265288188,0.00108863099517305,0.0365065907274359,0.00188958369153686,0.00095101160521721,0.00114014198418404,0.00109119852110506,0.000603368594022795,0.00048782992708226,0.00043647940844202,0.000860121187223989,0.00145600116394509,0.000589363907120912,0.000594672135220819,0.000763461387430597,0.00189009408995031,0.000424497620759297,0.00100683695476753,0.00100833745693559,0.000528482421005781,0.0008672532037018,0.00050323508267433,0.00159656277162546,0.00117513686888237,0.000925865411846717,0.00070350210537126,0.590908837200995
