0.73937132777352,8.88071150432337e-05,0.00138839486836322,0.000787960566727418,9.58501515305356e-05,0.000159955896963356,8.70796524677914e-05,0.000241033717700932,0.000213863023131249,0.000481410710384451,0.00209332662931757,0.000193740581412862,0.000219799608804539,0.00189321313472551,0.00129349810334688,0.000608028393438424,0.000152062194368315,0.00121591073343237,9.78207549748309e-05,0.00507529602505612,0.00015503910801695,0.000796685627673063,0.000352833333760722,0.00213767120430296,8.05374203895514e-05,9.77553667696342e-05,0.000307206581360376,0.00113613428012649,0.00161185337369336,0.00179703419229421,0.00400025280785909,0.000158781024770565,0.00172163590577109,0.00245637047346809,0.000338135202418595,0.00221979310409961,6.03387826846387e-05,0.000301524415059783,0.000778359872425221,0.000309771111879156,0.00210657058383542,0.0369078052518863,0.000544939219488728,0.000888517675941476,0.00029387327650002,0.0215753713607974,0.0286797913265639,0.0016945850895776,9.65147116131314e-05,0.000133816961935823,0.000157647116365148,0.00237029258725702,0.00030537467345332,0.000111486889861021,0.000255348845363357,0.00185493544799623,0.00231773894955395,0.000839419662734799,7.70530926199844e-05,0.00152464967316672,6.46005054228453e-05,7.48573860237679e-05
0.000742883568989774,0.619606393632891,0.000658505065402155,0.00116274025194532,0.0722521115390588,0.000620317405721376,0.00304500980315404,0.00368939124616633,0.000339463352717179,0.000369271302700016,0.000536253702118444,0.000793721075918434,0.00034438311145221,0.000605244737402725,0.0229672519468341,0.000403420216272589,0.000264355036029029,0.000566890381513869,0.00290736350985,0.000330170475106563,0.000227128861600622,0.000264474302907453,0.000690555226080801,0.000909675389518895,0.000578450094345831,0.0152225891364027,0.000385381100910807,0.0148045165952018,0.000348482910398069,0.00118355338711332,0.0010963218885485,0.00231775300405935,0.000611017904534418,0.0024659344551897,0.00253977197132166,0.00159310732856206,0.00120135822824963,0.000650604851094855,0.00039271250608458,0.000233688539913998,0.00062322800832704,0.000345446843070595,0.00083471906537703,0.00119565045621072,0.000614591398899332,0.000785022372068088,0.000666045882564461,0.000356811975624923,0.000465224685381425,0.00108726668044199,0.0449386805549317,0.00171096213215289,0.000387625201386436,0.000617275978785997,0.00113967851016586,0.000406495065481984,0.000348712499139038,0.000404357313174501,0.00104321504763061,0.000429658929526092,0.0114498828455713,0.000678683754385719
0.000229979943642819,1.1586750976352e-05,0.68217526146178,9.33927880239742e-05,1.22506043062441e-05,1.83971638592264e-05,2.47723416699721e-05,1.41480327711245e-05,1.18590663218791e-05,3.24364024527328e-05,3.89108371497703e-05,2.56394579708346e-05,3.89163607876107e-05,0.00068179822891002,0.000151290791359943,1.40790555446352e-05,8.19482306956506e-06,1.07991335888056e-05,1.37251145595388e-05,6.35934051436127e-05,6.79574837322696e-06,1.56243261513994e-05,2.38481042912169e-05,0.0179334303877297,8.97038785265958e-06,1.30568978744267e-05,1.67401934927157e-05,0.000113127641299824,2.232973558572e-05,0.0029361834517639,0.11470349793514,2.78693640786035e-05,5.36045677006931e-05,0.000124165118527227,1.98047524019757e-05,0.00114277541018041,7.89027992754343e-06,2.62412231993624e-05,2.72240840644668e-05,0.00033092280810945,0.0203253583075171,5.79099324231765e-05,0.000993665463113626,0.00139236345161856,2.70738617690319e-05,3.65803316237983e-05,9.39615626160812e-05,2.17033550546292e-05,7.40056997844416e-06,1.3434524530509e-05,2.08810695014687e-05,0.0016092095773945,0.000145200028013609,1.05252550804539e-05,3.07112772305822e-05,0.000192089805386912,2.06274948121697e-05,9.66636622053835e-06,1.16307234658258e-05,0.0313122015956604,1.11574538434033e-05,6.90029834819968e-06
0.00171021259465801,0.000150234224247435,0.000680276298654423,0.786910723251491,0.000271771572725115,0.000498511241200602,0.000233349704059959,0.00268762475099074,0.0067093429407507,0.000197323785913247,0.000103800050881732,0.00392228693848812,0.00319835549185211,0.000640242655612615,0.00123303620568768,0.000226687424213232,9.82487190466013e-05,0.000108570028318495,0.000153880525249841,0.000113936221867907,9.31791595995297e-05,0.000291339014483189,0.000453722833169828,0.00168715321626593,8.25219363087234e-05,0.000185368965187868,0.000505852795432268,0.00199857800499915,0.000151317198948117,0.0036905352584301,0.00318756488529684,0.000220176238127074,0.00125299143698852,0.0060848181092985,0.000341248262282698,0.00100980861208656,5.49435734190335e-05,0.000523062471589796,0.00179116677991055,0.000210817417368651,0.00217738673188989,0.000336391433500483,0.000629963807794971,0.000729643186777622,0.000238281416531886,0.000670865313028594,0.000574650018785961,0.000165146896258281,0.000373195125974443,0.000411197112957062,0.00102515689492659,0.00403930835661033,0.000613315411400494,0.0140722073885599,0.00355927418142902,0.000378135254213264,0.000211586317418137,9.88994246096941e-05,0.000164010650016611,0.00159038266250087,7.43157070714547e-05,0.000200478359933635
0.000552601196298009,0.0143464795641113,0.000263225811459293,0.000901327408350965,0.682389705351947,0.000270434686428489,0.0281159981341041,0.000565585835467482,0.000232814738279001,0.000133834752792828,0.000151974339121775,0.000285321517170076,0.000199707505315288,0.000201220082870339,0.0825161222065662,0.000499576005604095,0.00026122826079884,0.000127198318770045,0.00125076343036313,0.000305194033763878,0.000169178791565691,0.000177586058572671,0.000222056044204417,0.000406694290114262,0.00017051948530767,0.00135505883823932,0.000231046221533995,0.00543364046878231,0.000116137595398735,0.000282912564981746,0.000849036208786233,0.00280593720394531,0.000294583932455845,0.00133907680639237,0.000650455616720406,0.00020536076392729,0.000414709682988873,0.000213495004239941,0.000190029372365392,0.000172362939202885,0.000194553171538609,0.000246408337327479,0.000583115940660564,0.000122541172087385,0.000379097373613391,0.000301445983224015,0.000219771764377734,0.000186756060000166,0.00038204336401438,0.000400398186041363,0.00166872652601915,0.000365845448031427,0.000153621157934836,0.000214696541153787,0.000330152157988864,0.000271145732930929,0.00050536971784621,0.000204197969931844,0.000436696242861108,0.000255802661697461,0.0143824870276951,0.00030373613885328
0.00106752462193886,0.000270726739853952,0.000417811281312876,0.00148801917488758,0.000171101507349081,0.671609772415797,0.000322578469052395,0.000593428895912791,0.000366938119105861,0.000365878350604705,0.000212497033320634,0.0117448106208681,0.000325042687568142,0.000341426848586201,0.00183124207935606,0.000310997156658074,0.000325532163422549,0.000185545903645538,0.000554072843079843,0.000187125581918715,0.000271472881433193,0.000778417846621112,0.00163740302948057,0.00057337616903853,0.000390006661639329,0.000352747546686941,0.00143822455668991,0.00571414241548773,0.000313396265117963,0.000462751803966841,0.00124526233512374,0.000400609836417235,0.00312632210710666,0.0863945624756876,0.00432583246402729,0.00046154328713323,0.000319292283342842,0.0161758717117854,0.000366332714452526,0.000216176635629216,0.000417771143591093,0.000295288085263741,0.000161066228325674,0.000273473300148573,0.000687625681416349,0.000577741895005382,0.000424119039263013,0.000185615494232935,0.000473550843941238,0.0113774703230075,0.000580236022267925,0.000403636374980588,0.000271931585244018,0.000547182239853858,0.0207040023114302,0.00028633996146787,0.00039976250795385,0.000279531078603601,0.00738238211214132,0.000323325055028049,0.000204060230884527,0.000611702163092278
0.000315503053918301,0.000849393701876525,0.000565774023557325,0.000522218565513987,0.0111722532159159,0.000162494510320594,0.794200439546929,0.00103743064840856,0.000105723191619267,0.000290670799684583,0.000120931560486171,0.000222465478511725,0.000158650947123279,0.000107811947684692,0.0359601257165691,0.000115783322873155,0.000111074856567962,0.00011439956296796,0.000693554336299503,7.60640456646112e-05,7.01913851436649e-05,0.000197545826389938,0.000181406857546833,0.000679030845128864,0.00013760541332121,0.000583761284608446,0.000336063234912073,0.00307909539397851,0.000113421550094516,0.000541546093427034,0.00121116070214691,0.00216303963606744,0.000469912589625088,0.00125182504187991,0.000454511825199138,0.000464828561329089,0.000266713797572755,0.000445955883846691,0.000139010558347547,0.000247276583437768,0.000481569300304627,0.000200225647283271,0.000170197724178904,0.000125738524465988,0.000149985982618444,0.000793959388869248,0.000213885460308627,0.00013656180040061,0.000175179001537233,0.000251537645811237,0.00073481949375259,0.000935128827166768,0.000125738524465988,0.000157707262691353,0.000266006833981379,0.000150661796473035,0.000308672779822424,9.01831760792511e-05,0.000266505359481025,0.000327333206442429,0.000369227802949963,0.000103133512153534
0.00073916811883433,0.000442226637222256,0.000257037706923814,0.00637921141180555,0.000520077843836112,0.000638525710372755,0.000873449968861008,0.751231098019583,0.000278624214081873,0.000159661792940059,0.000145600582540502,0.00116202616656262,0.000196360242593175,0.000329287517541641,0.00176362840850047,0.000200145879960151,0.000137022295945589,0.000137077883083903,0.000334380460021841,0.000144253388538348,7.61682762756372e-05,0.00016205267899105,0.000341931363204735,0.000507310214775669,0.000206312134932233,0.000927528802542178,0.000324973398742637,0.00427251989469118,9.76009081280885e-05,0.000332447894821247,0.00139858400610218,0.000421375376355277,0.000592419926588286,0.00265416742975119,0.00111319226134518,0.000564463031176255,0.000166361187548057,0.000421033932893357,0.0004554513648764,8.72429018420629e-05,0.000451161373613462,0.000258661248413589,0.000139482758225726,0.000170400737587698,0.000215620127216563,0.000327068766078527,0.000286224351530786,0.000165418771756937,0.00943545692660322,0.00116749304077426,0.0414235046574614,0.000369734515271535,0.000204727430412822,0.0098577729594524,0.0100061144885413,0.000294134779268627,0.000185383106279326,0.000124770890661042,0.000354609717121315,0.000322226288112569,0.00015753276727862,0.00114641403540053
0.00205667523522765,0.000407158270093111,0.00040128781099805,0.0648440793302484,0.000330050255788944,0.000806710970028585,0.000419998910404813,0.000646286838081598,0.6474727691827,0.000372527494591157,0.000309696668586344,0.00953103673437956,0.0254228161700738,0.000535947290359146,0.00219003675162631,0.000293003798506512,0.000468828041913157,0.000482507982639336,0.000385144048486635,0.000308495092024869,0.000243437688664206,0.00130851601409991,0.000918986426500191,0.000982871964257415,0.000382102470042454,0.000407630003413249,0.0191571311511245,0.00110047079668509,0.00055697651861332,0.000299025231744552,0.00138016356962676,0.000489694129512947,0.00946325298619498,0.0100919572777886,0.000556295885674762,0.00123953346063843,0.000228648391488216,0.00177551306080523,0.0231191714499666,0.000623456733178965,0.000418942566059795,0.000475027965549266,0.00028320771948598,0.000615095092083309,0.0004190991709557,0.000823600056894692,0.000888640745514757,0.000684983289482736,0.000467554112354433,0.000833749784087114,0.000482455893383833,0.000928359841100496,0.000542090551699121,0.00210159700917247,0.00192622160151739,0.000484377840181555,0.000403480640566345,0.00037350028946272,0.000306307890449836,0.000526825709494741,0.000726369041196873,0.000465458255466986
0.00440464842317677,0.000182500970212662,0.00135726411538036,0.000346411591265833,0.000198422891369441,0.000336059703800494,0.000349424264914048,0.000252567877617105,0.000261218851214908,0.809331910124759,0.000391111208698309,0.000306332326812825,0.000295235594566035,0.000881185613814432,0.000825668326934289,0.0157847448675745,0.012131521215892,0.00033973682666022,0.000284615964224591,0.000438579406677079,0.000285100205585907,0.000389716222721338,0.00114133934364425,0.000859606019117634,0.000309686886887431,0.000241731632042773,0.000385103496564698,0.00105903461555293,0.000386088609798728,0.00167409121636222,0.00192235571355779,0.00020124456066615,0.00114662760061211,0.00146805758395395,0.000277887182180205,0.00154519549106844,0.000153791331420313,0.000721000730971762,0.000546550995168989,0.000479908387143747,0.000886458115136512,0.0010091706711396,0.000330532378963939,0.000761597084279688,0.00335103646061401,0.00327846260856518,0.000745985367288385,0.000251039689138673,0.000187159674162426,0.000275378886124421,0.000258709233988982,0.00325480100982267,0.000665867727461956,0.000283558349163475,0.000449026925986354,0.000681291051515546,0.00367068758424479,0.000485245541318172,0.000260755561928231,0.000795640657695044,0.000169390761862482,0.000182638369776157
0.0449266279900519,0.00018646817737929,0.000754711111099324,0.000561563481693582,0.000190312882067523,0.000279184709668599,0.000302834572609807,0.000300926075057359,0.000365766500069719,0.000775695148585364,0.663260286173071,0.000250633181297772,0.000362940122569182,0.0382194570808929,0.00058797648136208,0.000512066605664015,0.000463447110960736,0.000609001222616087,0.000337429376167259,0.0166003482968125,0.000293296043359477,0.000549005300782361,0.000422276731590909,0.00188942161265637,0.00079286354459558,0.000362683808923298,0.000314120553251364,0.000750486355143058,0.000584580399584324,0.000860481525461645,0.00722043898503808,0.000252789333251308,0.000932865164808507,0.00089957148530956,0.000473551551033662,0.00316335615304867,0.000249905804735135,0.000430116111717625,0.000580500476693446,0.000799015072096753,0.00169844008629523,0.0409008042787886,0.00046381862941022,0.000850991458875454,0.000290076339925981,0.00491904890698389,0.00425801044221793,0.000560444493242077,0.000220429735458682,0.000317828920893914,0.000285123299679348,0.000870169750496756,0.000359968621996581,0.000199590321641303,0.000435066782520431,0.0140376854610319,0.00171257834449781,0.000608843491141698,0.000278466468133435,0.0024894462856308,0.00021914816722927,0.000266171863031503
0.00182820558077717,0.000467430706751542,0.000739005272015546,0.0147842730833783,0.000392721725365842,0.00712771213112205,0.000489517080084866,0.00118025913808936,0.00631589852594124,0.0002587343131822,0.000320119172407247,0.653276239676362,0.000751791589110706,0.00127119589217701,0.00162010193173117,0.000494374015437196,0.000251478617679478,0.000247072186551873,0.000413950399736108,0.000288792899100097,0.000414131243073696,0.000812258866744775,0.00110330002189898,0.00143579043916305,0.000328156192816267,0.000614925217663037,0.00499052129302923,0.00344671675932765,0.000351492675344026,0.00697650194008733,0.002853111680292,0.000598029678746505,0.0035332385022322,0.042431130768415,0.00121671397528378,0.00205314528731437,0.000215990772138921,0.00196217008571068,0.00159173588091589,0.000390999021370205,0.00135385558494613,0.000693803259245078,0.00165175070818251,0.00132459095753119,0.000632554992942206,0.00162862342878141,0.000689139941403373,0.000374184104119953,0.000673166470338366,0.00110862132893191,0.000965496744613243,0.00982376772049322,0.000983311611988246,0.00224664037110185,0.0453484325883343,0.000966566241528815,0.000397085796573496,0.000192548833619652,0.000604562059757756,0.00198126396249676,0.000357942154301148,0.000280973438187437
0.00649382847316436,0.000372557434100684,0.00187450014037857,0.0254688581474071,0.000553243299028327,0.000691661431897044,0.00113366892707076,0.000823883966252868,0.0204765054630255,0.000524285660787175,0.000592202962461854,0.00142077617312782,0.647854150969052,0.00231414849633053,0.00104372195631866,0.000958981557496463,0.00091189839467404,0.000461667489673224,0.000593740447245276,0.00433126371890594,0.000526724198744324,0.00107200228315871,0.000602803317108344,0.00395637470907299,0.000523616929076986,0.000602174986530293,0.00125830095482593,0.000927611385984542,0.000614250293277731,0.00482410614209236,0.0052151011991359,0.00084171125509569,0.0021888275604421,0.00287988398163417,0.000530291911913158,0.0050674967616481,0.000417916318403065,0.000650797624761568,0.0889728878124486,0.000598443341876923,0.00352241209226184,0.00146076127805382,0.00266293355615175,0.00135142902678821,0.000418272598299402,0.00201008664014519,0.00245280280357387,0.00864131329354957,0.000501152209184749,0.00050115220918475,0.00053655752388322,0.00489279956160843,0.00916272117662335,0.000781184390420873,0.000943518235473932,0.00646777212253263,0.000881080183640907,0.000448244644578735,0.000512387955431727,0.00184397217417553,0.00031156676934653,0.000420321207703338
0.00211621974194619,4.26055232812428e-05,0.00739025509397086,0.000341430336591237,5.81509362981101e-05,6.25772911188744e-05,6.83516571992758e-05,8.51853185894886e-05,7.03094046032478e-05,0.000192079598110898,0.00251744188777995,0.000166681106781238,0.000188922575775827,0.724985271294764,0.000398189858982997,0.000196048394131218,0.000147607541296475,9.64948795797326e-05,4.6001615716704e-05,0.000820312928216938,8.34715036141147e-05,0.000172594428931841,0.000101262760677568,0.00233739305832442,5.97494337575817e-05,8.57133961369127e-05,0.000148694490084107,0.000447686865064384,0.000138614402202628,0.0017104717100802,0.0131386628120943,6.67939343730858e-05,0.000437444894596965,0.000720680793486479,8.13925545703737e-05,0.0189456094990361,5.49549503192837e-05,0.000224230683128484,0.0002693600028182,0.0200958422924474,0.00348673320293353,0.000560050990605259,0.000313121305809412,0.00251261845214698,0.000174249942348638,0.000872337126829731,0.000457365057340936,0.000121631937106201,6.61517641671075e-05,6.72549796491723e-05,7.9657292934077e-05,0.00216957508350964,0.00100811370779689,5.1095754369896e-05,0.000186214621734315,0.0175181074592553,0.000583009291377792,9.55573153650119e-05,4.48820590736089e-05,0.0347707223721281,4.30789179843677e-05,3.62592899422492e-05
0.000461003487614303,0.000656400715672159,0.000397317237686059,0.000366370430281835,0.00378873683638405,0.000189045173641765,0.00301516205762937,0.000152178151094011,5.11278741560406e-05,6.06863105442545e-05,3.70241980072809e-05,0.000106337910173492,3.11474856544116e-05,0.000120147110382037,0.825441316638173,0.000104839145743603,4.13268510040553e-05,3.34137067282118e-05,0.00239274608843,2.57161960602788e-05,3.10442223098932e-05,0.000115395443701952,0.000390161761367543,0.00111714309116818,2.61561651973237e-05,0.000471302352126077,0.000178937121831818,0.00538211830299137,9.25491817730393e-05,0.000437428076164876,0.00162957562331178,0.0196918507430106,0.000442635254369998,0.00127235415994386,0.000700649176948489,0.000188794104297256,0.000572930201396576,0.00013096279148297,7.24736769860709e-05,4.10133263870104e-05,0.000910317186548256,0.000204054099056534,0.000102792811029021,0.000153201949818836,0.000128954236726895,0.000244355750237176,0.000127492902781699,2.02541086265528e-05,6.40684592140945e-05,0.00027394678318105,0.000425421940110437,0.000544052205391111,3.90099470745361e-05,6.0435627228287e-05,0.000203310933796787,9.00033386197138e-05,8.13268284189728e-05,2.2510420938992e-05,0.000248990490336819,0.000353244524950886,0.00157187988794353,0.000115838374169727
0.00707301851466611,0.000521892967713396,0.000569788106630206,0.00074817726133515,0.000460811118705849,0.00057521425942478,0.000545770019454225,0.000517681764219154,0.000582306830907049,0.0715343695206395,0.00065593736407133,0.000666438824333555,0.000749776539250218,0.000603748176411171,0.00140288738374862,0.67959538173497,0.0346641802133793,0.000679729627098043,0.000624470266575525,0.000778379515221615,0.000923301075655643,0.000909266172424062,0.00117622064990486,0.000837320574162675,0.000430622009569371,0.000343716433941993,0.000639345399070794,0.00102016404647983,0.000573308270676686,0.000818523581681472,0.00314919530230535,0.00058783321941216,0.00364631935570151,0.00241307564615835,0.00159565580618212,0.00136068689781739,0.00030530872636135,0.000572891001287568,0.000808749145591246,0.000375939849624054,0.000911600058835231,0.00129068753388172,0.000356288448393705,0.000667792981596353,0.00368213022675265,0.00802178370828256,0.00126340015747077,0.00056154371943845,0.000505809979494184,0.000432394116604636,0.000479119877616112,0.000993139414192042,0.00045756101483655,0.000406470722260189,0.000725590199274404,0.00103221015501717,0.0220893637255193,0.00521991738238878,0.00130390912345799,0.000938416422287386,0.000395143703414373,0.000369104579630888
0.0028695097096341,0.000295527411066804,0.000403664745481511,0.000800300198117067,0.000442410041088954,0.000590473823064596,0.000471815936277092,0.000637730570215606,0.000483294392243165,0.0325589196742419,0.000380175771073439,0.000442929246300943,0.000485533370529908,0.000580593234678737,0.00116204911511383,0.0311800748067586,0.733939755580842,0.000348627668085033,0.000362513624241948,0.000417973411784293,0.000705357294612152,0.000436492818053138,0.00299661442904037,0.000590737100964402,0.000576039362260366,0.000436044270520136,0.000588534302463286,0.00115685745396172,0.000258350919355791,0.000354270097481414,0.000966647284079899,0.00046410652555361,0.00122379886680072,0.00320728245685378,0.000459866349655694,0.000711132275472337,0.000260578082453687,0.00106015132070403,0.000606455287840758,0.000269212622463985,0.000509223337874508,0.000781190053662938,0.00027568852747171,0.000309187945857535,0.0420878518859967,0.00222463426220336,0.00070772390441564,0.00040844458013007,0.000492631345230493,0.000383757333791097,0.00081411377239969,0.000310579117717412,0.000320979639513315,0.000654803373178179,0.000371336616514376,0.000543649504430006,0.00261256510597356,0.00040573527293296,0.000477447158022939,0.00101080430337966,0.000314543957518061,0.000333758181167354
0.0233549694484512,0.000259202073616584,0.000586032857276939,0.00038884818120798,0.000176001408011258,0.000310361457250628,0.000427297536027343,0.000468003744029948,0.000302520938686023,0.000448585406865069,0.000480559400030752,0.00057617127603687,0.000298985442730994,0.000743017180092493,0.00117731376633622,0.000731205849646794,0.000339757820103373,0.648777885875261,0.000250812817313345,0.000416429998106647,0.00250741136363873,0.0115331357433468,0.000522357120033427,0.000934851923259828,0.000280002240017915,0.000268802150417198,0.000515750961450725,0.0020249727215209,0.0812104757707627,0.000362841612410314,0.00166480452722743,0.000309202473619785,0.00419507703887718,0.00150928679956912,0.000417541801872872,0.000822146112052614,0.000192422592012311,0.000491785752467833,0.0017389704335026,0.000185144338297559,0.000734305874446992,0.00418420738670257,0.000265282122256974,0.000400003200025596,0.000500342985794729,0.0278968318703071,0.0175980538279089,0.00246810670137535,0.000222610476535981,0.000317780320020333,0.000424670064027174,0.000563448952036057,0.000294002352018811,0.000273779968017517,0.000389153798161888,0.000701551066953987,0.00348020175465752,0.00107818253850378,0.000471571340138284,0.000433603468827746,0.000162001296010364,0.000238001904015226
0.00043034120223635,0.00102258684883435,0.00028960869539199,0.000449017124568984,0.00117328814261811,0.000791100713030559,0.000962500975228532,0.000384860690870019,0.000215290917156278,0.000147601114118707,0.000220053156015846,0.000567295810285981,0.000158669446359216,0.000166467421938391,0.0621214296861808,0.000417794515711424,0.000410530922678589,0.000221669145259821,0.674381399317406,0.000248453702613991,0.00022140167117806,0.000363497277113844,0.000529719264465565,0.000409101608054176,0.000257811580557841,0.0111309266441864,0.000256463065395627,0.0721088101427102,0.000202014576573241,0.000296004650482698,0.00111023207900537,0.00658736331492957,0.000569258943538098,0.00111284481479397,0.0038191228617773,0.000309121167953694,0.00928564621272981,0.000390121041610687,0.000184208237178337,0.000161821819465691,0.000323176620693388,0.000259115516706428,0.000166235141814755,0.00019057528325505,0.000482817464987638,0.000365742352119268,0.000255362047870388,0.000349228116317264,0.000329233847240199,0.000865634802052896,0.00159519216500964,0.000253647397373643,0.000164273665215172,0.00027031599388019,0.000286285252380094,0.000217322691431198,0.000188025920913261,0.000148030187124866,0.00125715022884612,0.000269891635962011,0.0122210652353004,0.000356039302983027
0.0760231290783144,0.000380156685033703,0.000999387285342869,0.000418277718471949,0.000228526007253212,0.00032024213056554,0.000546093084222148,0.000485387767418664,0.000338724319051206,0.000435689800784933,0.035958610440917,0.000282345537946906,0.00298628195962131,0.00927647110917193,0.000631167067651738,0.000607864985131611,0.00049241217675405,0.000520607598232775,0.000378496199513137,0.638167299181151,0.000351068938678849,0.000462981511188315,0.000360091204832277,0.00131328753714366,0.000280334698338569,0.000270753639028264,0.000387500620994581,0.000590161710932734,0.000629936906950168,0.00115606610092178,0.00472755077575723,0.000662808220312316,0.00102157178154923,0.0012149542428083,0.000452885341162402,0.00458520801698609,0.000321923592826266,0.000411669058894451,0.00144278704680393,0.000439486739104202,0.00184567779579951,0.0108021738050444,0.00088812871266048,0.00127823267199292,0.000439167370460525,0.00433756617642294,0.00449038484384416,0.00395222553659332,0.000426140284056719,0.000374252736516133,0.000736436425731991,0.0018480798847434,0.000555013910278699,0.000277302309196586,0.00027352985011382,0.033648186587813,0.00148304797691255,0.000639168502400023,0.000296973410391857,0.00195333505483041,0.000248397833970885,0.000584562902611485
0.0112079286506671,0,0.00238674545243888,0.00254895145406094,0,0.00355308384505465,0.00208550573514077,0.00208550573514077,0.00613293168037693,0.00374845802067786,0.0022914816102164,0.0070229851251749,0.00271828738982024,0.00438419650098482,0.00318297094452812,0.00628990100720894,0.00602320720308921,0.08497554316342,0.00308191403081914,0.0029578741472258,0.497716774216298,0.0195831003511105,0.0026542800265428,0.00227378055845209,0.00571031332240926,0.00428687290001158,0.00303722462220898,0.00550528664491462,0.0197568924957056,0.0075412159997819,0.00609431120380026,0.00304136253041363,0.0273942255172704,0.00377137349527067,0.00268136451660956,0.00384958943941755,0.00220136716487081,0.00289653574325107,0.00374687587930549,0.0024330900243309,0.00288205306453482,0.00653639026944553,0.00220136716487081,0.00279998455180937,0.00712348031754022,0.0184130549094053,0.00586529679334685,0.00278067431352103,0,0.00362066967906384,0.00428687290001159,0.00870248072194544,0.00208550573514078,0.00176688680338315,0.00333680917622523,0.00354268602443785,0.0312787664195381,0.00325093541066061,0.00274757104788388,0.00343446380985484,0,0
0.00475548479248701,0.000232466971198394,0.00043287049651361,0.000793286765701387,0.000191843955019281,0.000434995014287909,0.000210514309590167,0.000220235238003107,0.000855878150185881,0.000208574532491893,0.000310433166524075,0.00110638856648614,0.000448957817215669,0.000487258151535687,0.00133443085921554,0.000540968460302666,0.000310631055074826,0.00755596523647871,0.000311080801781079,0.000373266674717317,0.000586908657739227,0.645510633227625,0.000899741359820598,0.000608240144016807,0.00134097437396038,0.000223885545815312,0.00403112352956409,0.00181580082802753,0.00777862740014682,0.000404136393616203,0.0013435230626972,0.000294223348395545,0.146903999364529,0.00873801690573934,0.000460022124698995,0.00072291479120739,0.000182124286201859,0.000744683772470604,0.0094276076641757,0.000193539320203171,0.000463525051662259,0.000881094719557645,0.000204641379191313,0.000369796460864336,0.000604164448276802,0.00177642361938547,0.00220618123550805,0.000933970698471087,0.000144679660429822,0.000430214849295734,0.000335355130673242,0.00062376208149614,0.000161888254401651,0.000214938712942259,0.000461670990591463,0.000618957008364541,0.000585164621784506,0.000230953163068734,0.000368956583962051,0.00059920438363104,0.000206789937561481,0.000308547070863326
0.00165247607618211,0.000185957088038071,0.000423782088988753,0.000860197132327924,0.000169564559755553,0.000511613239404673,0.000205886884074881,0.000301814432386247,0.000257630958164738,0.00053572291160563,0.000201974710623978,0.00072842899491701,0.000127519864073149,0.000378358512208215,0.00250740590889953,0.000683804815509894,0.000753395138599351,0.000186179331407086,0.000475291877314496,0.000137541706830419,0.000170808041500251,0.000714849163762178,0.783852634831736,0.000601909124417019,0.0114124396658665,0.000158627533841574,0.000925588729931585,0.00235298410080601,0.000295303580676791,0.000239873793058279,0.00147300247725811,0.000488665643281866,0.0031877868537109,0.0160613240432443,0.00060775410971611,0.000546269324226396,0.000152975594820665,0.00761201876152168,0.000200874240096848,0.000141660383020896,0.000452559530763253,0.000441210331999937,0.000177629231889084,0.000163303417355467,0.0115395828572779,0.000579987089953064,0.000426446010630851,0.000206717257586424,0.00022694709941087,0.000472258374835082,0.000251983295811979,0.00023500375383937,0.000200150623582457,0.000243322341563303,0.000295435193983295,0.000211244183138699,0.000375275447191186,0.000324074126187415,0.000264058314581906,0.000352811348312129,0.000218999757789862,0.000224566822418857
0.000223765590876339,9.06229109799359e-06,0.00839440118300487,0.000138132658444108,1.15180786901532e-05,1.37851438416944e-05,2.28340685296148e-05,1.41291663541193e-05,1.30051858855586e-05,2.81219716535479e-05,9.87251429824518e-05,3.18770327407525e-05,6.76827599442703e-05,0.000337335581767967,0.000238874443413537,3.52109244297256e-05,1.29608035073087e-05,2.04794757669745e-05,1.98702630193489e-05,0.00013035568798993,5.98935318544125e-06,1.26857579274424e-05,1.60629192702415e-05,0.720319815040319,5.22763192519379e-06,1.03997140614292e-05,1.38566381129548e-05,0.000152822299841031,2.01862875166313e-05,0.0075602020665322,0.0859899226334282,3.827932506827e-05,4.91960662027063e-05,0.000144139626306009,2.74836287097871e-05,0.000569128289663673,7.96836048336271e-06,2.19398326138282e-05,2.60709025227756e-05,9.76727453869128e-05,0.038656311468343,6.70392794696903e-05,0.00570510133792736,0.000541386173010248,2.01105000092977e-05,6.32301510839701e-05,6.92733470691047e-05,2.18800815803266e-05,8.45755624625957e-06,1.17835681893517e-05,2.28288930834385e-05,0.00303550786674029,0.000251205806502816,9.298637887432e-06,4.97187862665073e-05,0.00032496281510928,4.15550791749829e-05,9.30772215743084e-06,8.8130181053868e-06,0.0019396295658528,5.69171683789309e-06,6.77274569794299e-06
0.00183486390357263,0.000697354012706916,0.000603386232616293,0.00182120307050336,0.000786643597442027,0.00110009089506192,0.000853222058249789,0.0010718284056791,0.00147009764840918,0.00129620365951898,0.000658459820843412,0.0010903023721385,0.000911357737982336,0.000613406648722914,0.00160309844599201,0.00145454853866639,0.00164595679454974,0.000938343796213622,0.0015253833719391,0.000934006751140736,0.00142784380227767,0.00498296727164381,0.125658870478251,0.000976005657701243,0.61942085036053,0.000674515391623034,0.00153229408738034,0.00185037853635368,0.000946054098565418,0.000917397474824575,0.00124714733640488,0.00105356998135991,0.0460112292843452,0.0110401137531077,0.0012683592846108,0.00114285956609502,0.00128577002018557,0.00553111948427598,0.000826399843943477,0.00049191729004461,0.000966023781656571,0.00093737162765622,0.000455164848834378,0.000763319932827843,0.0119253067476745,0.000985248135520383,0.000929970678396496,0.000679811427356079,0.00110540034716921,0.000866038294158998,0.00172857635582179,0.00126037742444032,0.000485132223975028,0.000436788628229263,0.00115911545355339,0.000908999292557078,0.00127451297875195,0.000512649436368327,0.000919814198626241,0.000922968546229746,0.00101351924414364,0.000700315747896021
0.000914507663074645,0.00376336298975509,0.00049911816655229,0.00146591838925121,0.00110291189976906,0.000770013562239069,0.00182195702377092,0.0015608427901888,0.000598687331141316,0.000424165631532782,0.000170706725844992,0.000522381745547204,0.000254013336990529,0.000733691261040874,0.00843550449578121,0.000496682994758534,0.000284712168886506,0.000252327990363183,0.0135567336311671,0.000254281460317608,0.000214708403297298,0.00046915981032162,0.000422783856658187,0.000849591661579022,0.000178029266363813,0.598028053767027,0.00045618376053966,0.128571061733752,0.000280535859925681,0.00323652183737656,0.00147422455176018,0.00141881684380118,0.00094958749034612,0.00326219677568643,0.0171092576969552,0.000721359627584739,0.00117710585022834,0.000522036117820893,0.000547080654355248,0.000370162236912891,0.000850635123602955,0.000480124208272382,0.000198571104790407,0.000942037047809507,0.000502022626621141,0.000716516691883662,0.000573697428551119,0.000306364416602512,0.000386375416150331,0.00087437530616332,0.0165625046885152,0.00581177657270537,0.000324218557435976,0.000455089276491196,0.000754658045765917,0.000343534209797841,0.000895948993171581,0.000172362728018246,0.00235637563056923,0.00149168976644887,0.00934947644432237,0.000888509704216718
0.00181688215520445,0.000281927467156355,0.000509854203686063,0.00175369560646449,0.000289753117070813,0.00147917021810921,0.000580177050832293,0.000438295379380707,0.00961806823394403,0.000323411561367798,0.000287680539007049,0.00468319877735373,0.000631293338046756,0.000912338913724175,0.00257088589692365,0.000414545193536538,0.000410191383676682,0.000287566016499482,0.000423698040301417,0.000359230159763744,0.000332180713375747,0.00432458150338814,0.00138633976724764,0.00154666547784753,0.000631703548952558,0.000354286829407727,0.593452435048261,0.00297312877741288,0.000713574127941293,0.00137680164096528,0.00278473181096525,0.000626169580853778,0.0666507176647542,0.14011778510443,0.000948971252368857,0.000661711048719245,0.00019789489307491,0.00512765564997986,0.00258264935014651,0.000283237065713469,0.00105317188408306,0.00069052221697574,0.000188275002439324,0.000469779506216899,0.00074358162770798,0.00102767917389876,0.000819478816813416,0.000384194382258719,0.000389473991689989,0.000744280518185599,0.000357219811101509,0.00133940591572532,0.000362930372934029,0.000353022888042528,0.00132725362220252,0.000378142147057018,0.000453903222121735,0.000244276508639344,0.00102019388321942,0.00115684470547119,0.000216742025748713,0.0002197457875186
0.000604010345700197,0.000505493541391045,0.000322909064071416,0.000642946630590878,0.000419770175111248,0.000426362400342229,0.000387841566161193,0.000468109087092272,5.20288043046094e-05,0.000104892844781719,5.74820860301474e-05,0.000240161058020987,4.7933691247813e-05,0.000197852290899073,0.00710140895220521,0.0001813372327817,8.44623796012396e-05,9.32686843152555e-05,0.00341261599169978,3.56955732458207e-05,5.12770593794468e-05,0.000278547481678315,0.000506898742320726,0.000762700297645992,6.22415075080948e-05,0.00396334478388804,0.00022101366796177,0.81726891745642,0.000152513177424454,0.000311624689649153,0.00173120754536691,0.00125725771006257,0.000824608562952327,0.00287862130971325,0.0141551510450479,0.000238193776719434,0.00204185470393455,0.000584526929331708,9.03559986559315e-05,3.82062739259193e-05,0.000619351474110757,0.000202684960183323,9.07096672045259e-05,8.38510235657236e-05,0.000322084272221385,0.000500049915180846,0.000187313283926465,3.2947149469067e-05,0.000141809212081842,0.00129275430746016,0.00112538265759664,0.000478745847173032,7.32207721637921e-05,9.79331367925618e-05,0.000544643661205807,0.00011925471889892,0.000146464703857567,4.4999886914782e-05,0.00630807527429217,0.000303052963978099,0.000548559895101135,0.000493647086596908
0.03072038025093,0.00018285881470916,0.000641764109315809,0.000767185184409002,0.00017981116779734,0.000253172382746134,0.000217906754195082,0.000313054290782083,0.000376187771228282,0.000465659429871434,0.000784667491563094,0.000291964574152293,0.000408023100956967,0.00112777110839232,0.00094089171932169,0.000583624383613408,0.000443590262578948,0.0641529343672012,0.000283431162799198,0.000794682895924289,0.000610617827689523,0.0126554200545237,0.000384899877628008,0.00117756920790548,0.00030651708815623,0.000335642166472736,0.000480004388611549,0.000860757076128185,0.635977193530614,0.000582384062195808,0.00216838403244679,0.000335241160300127,0.00596974402151056,0.00214392022267433,0.000292743417251979,0.00117740759026622,0.000181842932405219,0.000624148563644007,0.00282834884055586,0.000268870183109394,0.000723142824216117,0.00474468934274977,0.000424537214816436,0.000398692169775712,0.000377988418300121,0.0197941685528951,0.0398420537111992,0.00841021353934366,0.00018285881470916,0.000305717080841878,0.000413260921242705,0.00063470559598325,0.000334274833230526,0.000272459633916649,0.00030313927949563,0.00088593017785513,0.0027483481091206,0.000714857399261367,0.000262533012546721,0.000530173345467653,0.000158477639414607,0.000411432333095614
0.000232316849173345,1.57819802892185e-05,0.00376265940979062,0.000336940704687772,1.17704323964675e-05,1.21588582772766e-05,1.47625812660927e-05,1.53813199141992e-05,2.29587510669191e-05,4.71537673601941e-05,0.000102415084326127,0.000129312362849977,0.000169503320034883,0.000316875271768538,0.000238204907098377,4.36260544794271e-05,1.31717653821003e-05,1.74092569056269e-05,1.01307560341397e-05,0.000303735127055536,9.45024604626773e-06,2.4811793273168e-05,1.36661225093967e-05,0.0142346698898972,7.61077585933939e-06,2.5414803506636e-05,1.48246883392809e-05,0.000137241195699515,1.91843177557887e-05,0.726694415977288,0.0301661803183866,3.4978717163481e-05,6.05733740443247e-05,0.00023004034495841,2.12615944750698e-05,0.000487827872470299,4.77125929349807e-06,6.07146997955873e-05,0.000130437659699202,0.000113234287711742,0.0500371567145719,5.38819818129933e-05,0.000745078032567504,0.000502175751072367,2.34022184381163e-05,0.000123965116516721,3.9641027085164e-05,5.70233816185559e-05,1.0411418345522e-05,1.53927865311026e-05,1.84794256250343e-05,0.0413196056256097,0.000253749152682318,1.85253370677899e-05,9.87919374810193e-05,0.000350467324245276,0.000112430331625904,1.92976741178485e-05,5.82755664482045e-06,0.0021788116121323,5.35949674064167e-06,8.28238325578185e-06
0.000297210388956323,1.152717158363e-05,0.0325596587476201,0.000174767575653335,1.92282890823741e-05,3.20606893725677e-05,4.46132413367607e-05,3.43141335378797e-05,1.50259371244866e-05,3.82439940165917e-05,0.0003547090438937,3.24546377125703e-05,0.00010720209793543,0.00105833452403601,0.000310134659058169,8.02820514369977e-05,1.78811330201555e-05,2.06656050618529e-05,2.71672157314916e-05,0.000254907614962007,1.35429851599131e-05,2.62502029130489e-05,3.70611092210475e-05,0.0280066123483068,9.76194869394751e-06,1.79644459842288e-05,3.7303171081191e-05,0.000338437136762697,2.03390299247136e-05,0.00559842975259277,0.749126909362142,7.71211880591643e-05,8.91577365559572e-05,0.000257125424493822,6.10012252854715e-05,0.00117074638209807,2.18425936000203e-05,3.05643658314627e-05,4.75813787756993e-05,0.000363855266491212,0.0268977016044758,0.000125288304777768,0.00198513680244256,0.0011695776980995,2.6364560444165e-05,0.000155363236730769,9.29208392521233e-05,1.8953304612122e-05,1.40143871089166e-05,1.73927677434417e-05,3.84796949910933e-05,0.00556942785786608,0.000359533227969642,1.72542494468595e-05,0.000125437752859427,0.000813688014360691,9.63412624239066e-05,2.46767313815952e-05,2.11194468141249e-05,0.00754568146633484,1.01848021717879e-05,9.10006746903853e-06
0.000288550184880942,0.000855102190328264,0.000258516866392267,0.000174790072961766,0.00187508408736665,0.000147199416091432,0.00113333936993614,0.000145545822520418,0.000100162438938906,0.000180134796614787,5.33754805307442e-05,0.000114948193602502,6.45518283982965e-05,8.89189133327548e-05,0.15118908522873,0.000186347304131921,0.000108743973062137,5.09830476445436e-05,0.00265082748815588,5.96594023520936e-05,8.52998223139073e-05,0.000128029535799429,0.00030731994957249,0.000488327218562789,0.000102248364657555,0.000443395037912486,0.000122646477549625,0.00460672531186357,9.69128223591725e-05,0.000141768304685715,0.00119588068614606,0.689160714793112,0.000224119815192463,0.00110240035411693,0.00070648365375826,9.11569481221133e-05,0.00590781148956084,0.000203255848791779,0.000108265159090729,4.08454918387755e-05,0.000339807669162089,0.000110832712270746,7.8433325241401e-05,8.64715231698674e-05,0.000157210587279166,0.000168543700192556,0.000113604262826709,8.14941379337485e-05,0.000160363665950146,0.000240370524930728,0.000465454598984135,0.000226958455799504,7.17439913046104e-05,5.08219920359787e-05,0.000156548607963139,7.27572153050282e-05,0.000178126099537867,4.91535401433311e-05,0.000252903037286079,0.000189943991796438,0.000644562829566844,0.000120267281525282
0.00270774227155647,0.000117620329292746,0.000428843590000307,0.000873416924022753,0.000114883479564217,0.000607800638061665,0.00015657713763228,0.000226743863303206,0.0014130553379885,0.000237158324857358,0.000134130844433649,0.000652846796537755,0.000197035156865632,0.000487684484305332,0.00180184633904356,0.000590743899173465,0.000209132911315672,0.00053593484989704,0.000314917724773179,0.000228357946706141,0.000269586905396637,0.016548814264431,0.00118518211506466,0.000783823964023659,0.00224211271934566,0.000178954510678464,0.0210155414032247,0.00236089725456044,0.00106750032645461,0.000388670944929362,0.00208138220007186,0.000291790912918552,0.782991057432458,0.0197472787750907,0.000563607547713761,0.000715308028752638,9.98510087002786e-05,0.0033874711174019,0.00155108592243672,0.0001742551111773,0.00072552403975114,0.000656779232543288,0.000278873811975533,0.00023806507920383,0.000655239548604614,0.0011662481639269,0.00120890157033613,0.000242274122609717,0.00011099469284691,0.000504537781471905,0.000182949272974107,0.000541518744508074,0.000179449664867773,0.000130211837778188,0.000609236289301781,0.000550041683821655,0.000420805330158307,0.000100531034986854,0.000180020031056855,0.000488100615099569,9.18522301111856e-05,0.000104191976207924
0.00149907952938745,0.000147061375874505,0.000441759295623028,0.00184707635042383,0.000133701781693313,0.0080919881317615,0.000197161535831752,0.00038381868767247,0.000415664831645295,0.000122964863895068,9.26607068513308e-05,0.00326746886121176,0.000160017791863448,0.000434816916962286,0.00216570933148526,0.000279655175263189,0.000199411754496499,0.000113494885355,0.000328350293053137,0.000105079894202465,0.000121562533950319,0.00104724974843968,0.00191590478769843,0.000968814996506608,0.00027186274110134,0.000240157866461728,0.00748691139627784,0.00381472607674477,0.000358581930360672,0.000653078036776036,0.0023530122859921,0.000390175807667046,0.00634735222925026,0.813012893450229,0.00123063752428319,0.000602473343485885,5.91520054196082e-05,0.0117306018033232,0.000381871189007465,5.27091578809468e-05,0.000820714281966321,0.000384847935671592,0.000123020872763934,0.000194704122144961,0.000733863914040433,0.000781310228666612,0.000544310740868851,0.00010838118292667,0.000159321535864043,0.00142250146011946,0.000264294741107797,0.000722330282050275,0.000190673237170622,0.000211692095819352,0.00143930242010513,0.000257443178446977,0.000253008718553327,6.63049944049571e-05,0.000643431359450935,0.000662946708767615,9.13090010649385e-05,0.000181353009544876
0.000779444428929362,0.000490108762171148,0.000292130036011639,0.00059734050693757,0.000433501057527024,0.00216568922747581,0.000484091962133448,0.000755098782142061,0.000140713006253191,0.00018710001444205,0.000125344076495452,0.00035779350530936,0.000114458649387936,0.000225377691420431,0.00553635727967975,0.000354987695203165,0.000387348762617931,0.000148956503182825,0.00173611081824017,0.000116243428327544,0.000205350169460592,0.000386281023279271,0.000660551306618174,0.000491460867428427,0.000214001030343395,0.00677979825925011,0.000265308593496524,0.0993994505647442,0.000216523000584146,0.000341383539241801,0.00212229278303212,0.00126984153760898,0.000857005974286023,0.00474518400682872,0.671635594699983,0.000228186292908987,0.000254560674344959,0.000708636581908555,0.00015930635547912,0.000103594777581624,0.000482649249793794,0.000271870674278981,0.000263271060068154,0.000157526141191531,0.000587195798362303,0.000447561536955679,0.000564448991675808,0.000202442317063008,0.000678696773986759,0.0164218218746758,0.00302079739806896,0.000414791355462003,0.000127930712639811,0.000185838395342226,0.000972687652720478,0.000191411074682649,0.000183038541899588,0.000152352868902812,0.0259837160008468,0.000458314142454913,0.00049715146694602,0.00726550948437939
0.00138392203128925,6.40364600491653e-05,0.0109315100621712,0.000476659272425004,4.36380064243316e-05,6.86534101932469e-05,6.95271236226722e-05,6.69343967792552e-05,7.71295808782987e-05,0.000127063708749431,0.000156653925859459,0.000157308984725423,0.000222567619058392,0.015506846985166,0.00038979642134909,0.000154735853954256,6.5545936496699e-05,8.98369037401824e-05,4.16724947962736e-05,0.000373280459075876,4.11277400442661e-05,0.0001217638806645,0.000113378889322127,0.00408794753932442,5.73394634139138e-05,5.80966018228412e-05,8.44267474626266e-05,0.000280681722565838,0.000114481841960927,0.00146651515766243,0.0205449027799457,8.31009733910329e-05,0.000345499588983022,0.000624769783527059,7.65575765704197e-05,0.754881426149953,2.71576150557463e-05,0.00023177859950357,0.000283144352641464,0.00190826097149503,0.00497372509290103,0.000291087057452234,0.000871449919585371,0.0182938278701286,0.000127414826253204,0.000498831504625911,0.000412428501733702,8.57130559117759e-05,6.69143001713916e-05,5.05820809437675e-05,8.78926416838975e-05,0.00118760721367266,0.0064569537416535,5.26337563953461e-05,0.000193548118114701,0.0128887622982814,0.000345368772469868,6.75281480046073e-05,4.16120436211811e-05,0.0127037771790345,3.10962341919589e-05,4.35621905755689e-05
0.00056954194384962,0.000888706200594457,0.00045390014637673,0.000407697071739119,0.000959623185960413,0.000450547033156136,0.000897836093328392,0.000329435832319272,0.000280408443997668,0.000370350775091261,0.000263616141773031,0.000477047069819934,0.000296280620073007,0.000224134365185099,0.025753985871463,0.000449711655467961,0.000313373732769528,0.000229264765532682,0.0400618324772326,0.000312152796148347,0.000416203728197798,0.000490464539985724,0.000420551145934196,0.000482442414041402,0.00025818739749219,0.00288241017843546,0.000358166074265747,0.140682572580701,0.000271704347440223,0.000304216708110676,0.000747851179045292,0.0293092382965705,0.000558768865275941,0.00147130262468075,0.00255058968584593,0.000337050327246919,0.611807748842366,0.000584519337601181,0.000437909268129885,0.000215156164576823,0.000438072059679377,0.000411164942142134,0.000374885682541357,0.000263574317857155,0.000377908954174755,0.000507524854384805,0.000286228241891958,0.000469816411830058,0.000360827469446056,0.000607698593254908,0.00107149212884359,0.000406327707528698,0.000294164329929627,0.000278644868878184,0.000365060049732813,0.000263360551176006,0.000303606239800088,0.000213552914468205,0.00206884803466995,0.000253954817205433,0.00161237794590527,0.00049855858494013
0.00118211853305786,0.000209720202559021,0.00046225272767365,0.00127759031137779,0.000141082635195429,0.00590892468912896,0.000330743408880622,0.000370993686051986,0.00068935071883418,0.000359071342990208,0.000126403887598995,0.00150348193994841,0.000145219434035746,0.00055105053223417,0.00185657660760337,0.000309573799332581,0.000401944823319398,0.000299785284917652,0.000390058538090307,0.000128791587808458,0.000138839158488551,0.00105682175244247,0.00822002480042268,0.000767106648771839,0.000647822389303873,0.000335745446232184,0.00382284250460759,0.00484312763639518,0.000365650380265025,0.00109484989970004,0.00135225210141168,0.000369481825886956,0.00865711398186576,0.13840059989954,0.00131909114679556,0.000527597201479637,0.000101084650478506,0.665534163805426,0.000299369044935507,0.00013598930207747,0.000396524965062366,0.000240315272759788,0.0002907955627532,0.000393421111694534,0.00103652804249177,0.000697287352652022,0.000573466089409237,0.000122467941925883,0.000368922437625895,0.00113342951466342,0.000378278580439352,0.00224646848929941,0.000336547947007281,0.000255190896883562,0.00109312009078873,0.000319481905025091,0.000274861035384437,0.000166382149443769,0.00200351736458496,0.000585950551249563,0.000164844635542908,0.000318205121203505
0.00863784029022751,0.000379389465760335,0.000849726644541706,0.00886282416553667,0.00022505159054627,0.000487883153459601,0.000326356663233191,0.000968675038455716,0.0224068873167668,0.000680239389296189,0.000481967775508246,0.00128654568941231,0.0275206573795219,0.00310941443402604,0.00149611490484459,0.000674846220133864,0.000485405391374316,0.00138196562924167,0.000447377642798735,0.00107210339371079,0.000316893490254408,0.0114330406342209,0.000561712829040035,0.00173121992556612,0.000269438928474082,0.000612597178418925,0.00270285368938005,0.00207818062700924,0.00246390354641626,0.00951690718657194,0.0042266158125236,0.000398707316123502,0.0148107613054821,0.00427723295226584,0.000552081317510097,0.00397979377324537,0.000184557878752478,0.000987923509954943,0.644154651444281,0.00139087626056146,0.00196858197675859,0.00152325425886519,0.00232838842814313,0.00186509167251829,0.000485947787054677,0.00257444867100383,0.00406756964935357,0.00995574809254641,0.000286181520850363,0.000336011651054878,0.00060930257169014,0.0136319701791025,0.00129592127350448,0.000572849744967484,0.000932363133315466,0.00248473249290911,0.00237066208331247,0.000265706417904231,0.000318517611060932,0.00447821335079126,0.000392477514309071,0.00029779526776735
0.000650992600496568,0.000107658936489201,0.0179683371773872,0.000396147601800091,7.44308696715472e-05,0.000141684476910478,0.000169596053037308,0.000153912405499375,0.000165294528751095,0.000305084773488867,0.000379720123571599,0.000210134294554848,0.000299168177243476,0.0311791808767217,0.000290820615773099,0.00030924254184964,0.000190994928067879,0.000197089904895573,8.55955001222784e-05,0.000424376505463247,8.08866083675487e-05,0.000183861969724356,0.000192074435019125,0.00317494178442694,0.000215203948177885,0.000141244844026429,0.000146707643976982,0.000184349314704347,0.000102444686003969,0.00208270633415947,0.0222721375205089,9.91857794506996e-05,0.000178623310541392,0.000219790191160886,9.39025168266926e-05,0.00540808457935694,0,0.000279037577581669,0.00047339882325257,0.559814767685538,0.00691006543444282,0.000216713451784743,0.00024902062646488,0.00302203488912343,0.000196406356092469,0.000374962120003824,0.000205664245145062,0.00017113352466952,0.000184506392838395,0.000136490674466366,0.000157102299913871,0.00156057782856953,0.000523307678515837,9.34183364244924e-05,0.000188403138856101,0.00178595080350666,0.000502782186034639,0.00011343012704174,6.93802035152636e-05,0.169792055290579,9.37031484257861e-05,0.000142216125979563
0.000208519219986245,7.10132766313366e-06,0.00979409212220777,0.000174605421449537,7.39281086455275e-06,1.39300882564126e-05,1.55472694389124e-05,1.82250398422547e-05,1.86425263040662e-05,2.44446056362447e-05,6.38980757285243e-05,3.32385850098405e-05,7.11151121140765e-05,0.00029746107611709,0.000202575127134955,1.89255014233077e-05,9.07750178098944e-06,1.13291974549276e-05,1.28952140354494e-05,0.00017859397785689,4.30277850499933e-06,1.19588411724493e-05,1.95338971439405e-05,0.0466145557528901,7.41571207651845e-06,1.07124612464676e-05,1.1623357065654e-05,0.000109443626415261,1.97590678417094e-05,0.0418974992954165,0.0815727472692446,5.2727535003954e-05,5.44912074949022e-05,0.000103733828968102,2.43021524301843e-05,0.000745563028016974,5.36522126662822e-06,1.98336725909701e-05,2.72699221680662e-05,0.000150548633497696,0.692359032092995,5.13254522705647e-05,0.00132797159185566,0.000507782710354026,8.93485128334045e-06,7.0026653149998e-05,0.000108325649919952,2.26514062002554e-05,8.60297671905084e-06,1.06194349994606e-05,1.96203030080844e-05,0.00705418816576054,0.000238472134801131,1.22603320772115e-05,4.60897801687762e-05,0.000274981631240312,5.72197342879062e-05,7.82549109595799e-06,7.01117330929537e-06,0.00320038851269779,4.27345329359228e-06,6.64193648543572e-06
0.13234295582503,6.23656387341976e-05,0.000823453722941524,0.000372943184569603,8.33415580238294e-05,0.000141198140636847,0.000122248669638457,0.000148111933249026,0.000122438423103165,0.000446950270239981,0.0080635899830895,0.00016552929256064,0.000158877170169017,0.00116609588549477,0.00118323247964184,0.000626387655618795,0.000297841782043096,0.00108238676329991,0.000138761067422111,0.00155258141108399,0.000227937348655034,0.000503301471031556,0.000280051316581985,0.00143262525205448,9.90513085778413e-05,0.000115559860007481,0.00027886504032618,0.00091540824740622,0.00112658900788869,0.000789535383823199,0.00322078249576759,0.000158679210756542,0.00119304190875221,0.00135743956673905,0.000272296221856711,0.00122540106209799,6.90149163933574e-05,0.000298254495828837,0.000456198267224157,0.000170550150533529,0.00140741382296899,0.647543055019892,0.000380634668758414,0.000581790378405021,0.000299841364338352,0.0296384423870696,0.0127689757424781,0.000541612076794906,0.00012665882961272,0.000240053359986148,0.000104044635862116,0.00113793319939729,0.000162974831921837,8.57855083218811e-05,0.000229676899463187,0.00139790346181931,0.00288774041475223,0.00252485135126082,8.88585287178746e-05,0.00112796472050783,7.37882222991507e-05,8.95022445155985e-05
0.000214563394453439,2.44717787950966e-05,0.00366831778017732,0.000228733082024765,1.68007309771325e-05,1.7666927833739e-05,3.04710715051631e-05,2.46538348552994e-05,3.1994414738459e-05,2.92311254134209e-05,5.6865034674553e-05,9.66296367510455e-05,0.000135551867802903,0.000198957670972821,0.000193353109388585,6.92921151524416e-05,2.72328803676047e-05,2.81104397821224e-05,2.06438950286942e-05,0.000191778837904429,3.45839268453154e-05,1.69139920796511e-05,3.68860339273029e-05,0.0647920161698,2.18961775866331e-05,2.91984707635373e-05,1.45660593551223e-05,0.000100239974827458,2.30210708198771e-05,0.00237353609619168,0.0476296884460897,3.30322691886295e-05,4.1653750014715e-05,0.00013016621698966,3.6217016220913e-05,0.000517231936890414,1.42386817895669e-05,6.21280614867594e-05,6.3189034264889e-05,5.27856876374952e-05,0.00993325368088326,6.77264494812037e-05,0.735929257637004,0.00033308327491338,4.05942575508456e-05,7.69304464731854e-05,3.8598344980021e-05,4.78182888501389e-05,2.95730388063194e-05,1.91573945983593e-05,3.00220674653159e-05,0.00127519557531379,0.000297348863229416,1.88990547609126e-05,4.61397547283726e-05,0.000323708216799111,7.75476365947197e-05,1.18227713411466e-05,1.77890092699051e-05,0.00098746915571758,1.95641730100742e-05,1.80996629244346e-05
0.0005037701749539,4.54600026465387e-05,0.014449865480304,0.000410125903394315,5.18134487995492e-05,4.64458822220055e-05,0.000121127870977976,7.27360042344615e-05,5.48068563994363e-05,0.000153866398304479,0.000109350476245559,0.000237943611145612,0.000165273863189843,0.00159413869731074,0.000366520563090895,0.00015053285695632,6.57253050311399e-05,0.000100240479501779,7.05626874814308e-05,0.000320797911045325,5.96370662493084e-05,0.000103353042161468,7.09833294336308e-05,0.00592666507630479,2.82618811633905e-05,5.89580328834888e-05,6.55106917902219e-05,0.000226916615620011,6.49694640232817e-05,0.00258153281241552,0.0284958775374111,7.36409178544555e-05,0.000109788269801331,0.000428976787584564,5.59860098310712e-05,0.0113918099183029,2.9905013789169e-05,0.000141718638848275,0.000225357643445796,0.00066581162807524,0.00610290891055678,0.000141906908589961,0.000678828096093364,0.775119182838997,6.42063202037536e-05,0.000213240402439403,7.50463482901015e-05,0.000133057228629707,3.85807540532796e-05,5.17207592668123e-05,6.00521734389787e-05,0.00155876133747224,0.000655409884148573,8.33250811561456e-05,0.000130687348455467,0.00107120816712927,0.000229560565390581,5.05263282426894e-05,4.36603811992573e-05,0.0255418679908963,4.34882434956042e-05,5.61951358016252e-05
0.00226438733077365,0.000148025173388713,0.000779399418317541,0.000970111515840607,0.000204225939768716,0.000329667785422487,0.00029496119834447,0.000312627391669414,0.000259215017691958,0.00336156469723099,0.000209405132804035,0.000588578370113706,0.000158621097504783,0.00106393834934287,0.00180774826892997,0.00187125955751619,0.0182817065306663,0.00035740335103673,0.000254527557325998,0.000260465304629393,0.000350273507536742,0.000484427664817851,0.0212607891733327,0.000918406735112853,0.00302309767690368,0.000341928390626391,0.000635934018432558,0.00336118278804021,0.000394693946038311,0.000944724814443655,0.00188898014396831,0.000595915188407576,0.0022131637605605,0.00834409521607181,0.000900923781046111,0.0007666640707709,0.000275020082740258,0.00179860133397061,0.000284076786407288,0.000431100592233692,0.000689690251707063,0.00068021030657775,0.000335175566117307,0.000385674993031597,0.754547344995949,0.0021364477518629,0.000721680368040092,0.000185211985240026,0.000230455675163145,0.000322382658251501,0.000313272784909621,0.0028689452398986,0.000168937086460342,0.000201331241697703,0.000419102372095266,0.000710800536761255,0.00138649161307261,0.000582819075745041,0.000457390814412889,0.00069797159522618,0.000180070183451985,0.000307253900422649
0.0686241080259128,6.4757118441374e-05,0.000321641442331857,0.000538502796104548,9.32879372992707e-05,0.000187309859908688,0.000193865428981532,0.00016707905364185,0.000109578916978158,0.000702348583440468,0.000903951298362499,0.000236645628339808,0.00016189791110271,0.00105932690042245,0.00130828471898181,0.00134329345086095,0.000302527356359499,0.00448843936610692,0.000117889552069688,0.000716561267208623,0.000285258612599235,0.00057129205682391,0.00025697633605573,0.000681039812249828,8.56931173803868e-05,9.57903438958102e-05,0.00030985331895534,0.00138933598341435,0.00377995861463372,0.000662786870613958,0.0029439123609413,0.000246932204680927,0.00119528055222491,0.00165960257316435,0.000314504337063,0.00119171199959048,9.69738200523941e-05,0.000314155685368832,0.000542543053972262,0.000123264025435138,0.00078067216108922,0.0205244279323002,0.000176040393062534,0.000424042495801409,0.000514724750562269,0.681503047297843,0.0295768000107631,0.000577613312620958,8.91522890911552e-05,0.000147325611233445,9.68568079015015e-05,0.000691355800612574,0.00014808134407848,9.61706911985393e-05,0.000258689656213416,0.00103108611319482,0.0292557738361268,0.00902398772877294,9.2480431570454e-05,0.00076863342317882,5.59756876833359e-05,7.64162477924186e-05
0.110545063347548,0.000102137057755489,0.00105480928018323,0.000574428775809195,0.000152047563213259,0.000153905926099586,0.000171515122281344,0.000193784024093287,0.00026348870567685,0.000411406309821391,0.00110498269646994,0.000204660123317637,0.000344790382787511,0.000970408560930557,0.000686942585020432,0.000589207350967744,0.000161692330823381,0.00228382754404415,0.000145926907932484,0.000988228880248558,0.000176007402110013,0.000579344725965885,0.000314020442552108,0.00129728852166195,0.000194053230887582,0.000148177087091378,0.000421296928428309,0.000908621212398662,0.00528268003837882,0.000344077345431317,0.00249472180576614,0.000140476999932071,0.0015502756066006,0.00159697713308915,0.00042111050897012,0.00152492773860516,9.71940068479359e-05,0.00029831477892805,0.000784216948745932,0.000105201333353158,0.00219030159231312,0.0137484378032143,0.000173528874471691,0.000409277160188051,0.000293938922193006,0.037668191553439,0.672849324038419,0.00276393152622186,0.000104398394827566,0.000145300025175608,0.000116289258931572,0.000474011040108506,0.000262252285442293,0.000109155979557975,0.000291998555060098,0.00121393244181758,0.00268644386187704,0.000808765974840901,0.000110355556604178,0.000700154201066536,6.20689915096211e-05,9.55054061292198e-05
0.0635073872045497,0.000433889822256527,0.0015469567021287,0.00199164822982869,0.000565065815031757,0.000909150534542169,0.000861358442069515,0.000765573039720446,0.00155433460977665,0.000714101923746385,0.00156986031457409,0.00119753590942802,0.0130036977152345,0.00123798162212547,0.000926640666912199,0.00083414477457069,0.000564289625725395,0.00383574615997636,0.000761829804194602,0.00723699926361571,0.000435151129879366,0.00262965439712477,0.00147714888979703,0.00155674308702104,0.001009046098271,0.000815165097960355,0.00149786586750215,0.00122977493226778,0.0127967335861652,0.00220489185548442,0.00350492162234432,0.00115583828066233,0.00284159852629384,0.00237310824878368,0.001150800800141,0.00282179741381485,0.000524245313783522,0.000826925582973304,0.0179176973743524,0.00101375498006293,0.00122350295052681,0.00653763160648255,0.00102659472606702,0.00100742136302802,0.000641410623599054,0.00807143651531633,0.0416606617455927,0.617090531835295,0.00101409132876235,0.000858862492946942,0.000919966247408011,0.00339901871440253,0.00100639071380186,0.000472990358564528,0.000697406091766532,0.00212824639560325,0.00172217846033165,0.00141033596966031,0.000832463031073572,0.00301022193375375,0.00043893505274788,0.000513892762905157
0.00154867046758939,0.000937628521094338,0.00106960242095377,0.00297024824051851,0.000793071063341331,0.00197843838046541,0.000797686608497418,0.0838778702321593,0.000913630298334149,0.00173183281291389,0.000667103948957229,0.00193867403245456,0.000664647624107082,0.000628480358210085,0.00246828910130766,0.000854377543566731,0.000508713346551183,0,0.00101815135598919,0.00047479912344777,0.00118699780861943,0.000985846647297569,0.000733590733590731,0.000869595464190056,0.000730460189919645,0.00138655049909588,0.00105564844722607,0.0054912117926219,0.000587980317710045,0.000619586768235415,0.00191116092793632,0.00143674138400572,0.00114596871353628,0.00290747777841613,0.0044187737342849,0.000830581181202071,0.000831912994075154,0.00124000612787272,0.0010901564955619,0.00049566941458833,0.00100721839852274,0.00107515303029966,0.000662631743712822,0.000528279244495455,0.00105245896751688,0.000843083407354994,0.000810897770357228,0.000739156144561548,0.568246419157112,0.0111276082192651,0.0637794395873127,0.00174150984961796,0.000701763539601374,0.00654323326179965,0.0817423517188499,0.000767176442852117,0.000753287070854636,0.000517409301193082,0.000967424953911438,0.00070364766310712,0.00161953459250756,0.0174729139917154
0.0010124967551431,0.00058608758197966,0.000410177540699436,0.0010678221798752,0.000485511713933412,0.0248431049965153,0.000539835231256494,0.0021575444124766,0.000511754229024117,0.000510914737178604,0.00032110563090834,0.00131361394462504,0.000670040416495407,0.000752262918955271,0.00297315891992352,0.00070778441170744,0.00040159610905603,0.000322273287748006,0.00087674347846974,0.000398170982326341,0.00046667351692012,0.000909921613528269,0.000676340203158942,0.000737258528565553,0.000484577588461678,0.00114010538614648,0.000542240375393886,0.018400609151343,0.000463851679557594,0.000598785547922413,0.00258274496224853,0.000535548347897564,0.00170489446845797,0.0105721934809414,0.0970252774352651,0.000621403616933823,0.000429943539489905,0.00113029182079737,0.000331381011097406,0.000333949856144674,0.000764374115175592,0.000739276906816978,0.000299431000822025,0.00086141937251678,0.000494823777229753,0.00076494496963054,0.000584947424304695,0.000472025277435261,0.0053538081452492,0.626703954010972,0.00219665778495873,0.000672181120701462,0.000479665376929289,0.000699443618384466,0.0332259165192373,0.000474847114797788,0.000570140886879477,0.000354286546102201,0.0174664709876874,0.000952539554308335,0.000350686270846562,0.00401717105380725
0.000667370457551573,0.0110310217422307,0.00026734233177121,0.00251984563729259,0.00145746848570153,0.000589829553830669,0.000551683225581539,0.0596950259183016,0.000205410854120206,0.00020641697566077,0.000106026711683624,0.000654730778982058,0.00019163576725613,0.000335559209422499,0.00389380045698058,0.000172891639542295,0.000135660296634339,0.000191140584395003,0.00114540639958828,0.000161445586368066,8.0219623502567e-05,0.00016090836761041,0.00035088239075066,0.000397532800912718,9.84282047102917e-05,0.016634866238622,0.000233045434017871,0.0136258552884496,0.000149491399836304,0.0001908748765183,0.00130795206647317,0.000515287285288707,0.00047032468149838,0.00171677744983754,0.00813492863166249,0.00037748994002559,0.000264686004117162,0.000392343991932194,0.000288141404857982,9.0618463586232e-05,0.000296742502419604,0.000181366105310148,0.000120198357437668,0.000174874903891463,0.000220371154779437,0.000367133074901896,0.000219712635482028,0.000140848575061797,0.00651270957861058,0.00106707600634936,0.702791478195764,0.000216943148480153,0.000272653595967677,0.00182223525199038,0.00359162049840026,0.000137315141697788,0.000197527604010555,0.000146574126893577,0.000522798828382109,0.000240924938910691,0.0007464147019552,0.00529546398720206
0.00029179537445312,1.20272481444932e-05,0.00219236175608879,0.000304909862018849,1.26700686406291e-05,1.38267384830448e-05,2.67005768316173e-05,2.01169519278699e-05,5.14974744064973e-05,5.26292272382948e-05,5.80089224297858e-05,0.000164576431835443,0.000188079595606996,0.000318666519957052,0.000208042145915254,6.48464977304515e-05,1.0032765943514e-05,2.1953103006542e-05,1.04148103381036e-05,0.000205734017158453,2.0255411217243e-05,3.10315794273506e-05,1.78594949753221e-05,0.00630778164792456,2.68879391865838e-05,4.84029025322808e-05,1.48359539703302e-05,0.000164761441917982,2.3883793534505e-05,0.0489467468954326,0.0143593927333769,2.68709680761255e-05,7.66498767538188e-05,0.00020271002634709,3.18312119454612e-05,0.000441131568202785,6.31598191943536e-06,8.1086247607756e-05,0.000188134864368561,9.19409007869077e-05,0.0149088221239442,6.40038577385017e-05,0.000434217709315534,0.000315866236037738,4.19278036695249e-05,0.000142098617830387,4.36791538811479e-05,8.01531296404573e-05,1.00137972485198e-05,1.04115819406027e-05,2.41524488040724e-05,0.783311877473725,0.000201465163288974,2.15829505344489e-05,9.41996294957423e-05,0.000326048847394713,0.000131597553132964,1.65827879328263e-05,8.49541669972992e-06,0.00127486083641659,6.23041346984447e-06,1.11863973408335e-05
0.0020076365233401,0.000214145320258321,0.0031922739088247,0.00122274038752032,0.000281746044087274,0.000248151626734334,0.000364180329908189,0.000314600473766702,0.000218286390805866,0.000303622232032763,0.000212436532193699,0.000450053070207431,0.00244830919076326,0.00424426327751209,0.000487944176809575,0.000236359565098395,0.000164138586873884,0.000140232469244979,0.000177528840013595,0.000435556666930159,0.000146614015944493,0.00026576314735944,0.000357971065471166,0.00407132055224845,0.00022847079912592,0.000181227848358936,0.000259214406766416,0.000507188233440312,0.000145725446150888,0.00215116952010895,0.00822383899857103,0.000291020070583671,0.000469188866422211,0.00110411557712299,0.000334870735189195,0.113805034729171,0.000245343993011494,0.000676565118756542,0.000483057759822365,0.000781668012280304,0.00426069216032643,0.000426321377730822,0.00154057496753986,0.00462652213937318,0.000348319359092373,0.000525918326427922,0.000495394531512032,0.000318939838682607,0.00035802254123852,0.000206906089881025,0.000258638433196187,0.00151501149809313,0.66969690536639,0.000174821380456314,0.000295325056601891,0.0185591612859258,0.000458170682389669,0.000183855544058734,0.000244385356782551,0.00410438114359087,0.000136321415835257,0.000175595061520465
0.00112901862984414,0.000627679269753578,0.000305944350474749,0.170936898171981,0.000555221909228325,0.000963051574936487,0.000526175100944016,0.0254684901051526,0.00272182650125006,0.000672987719546516,0.000244917213076083,0.00510955192718278,0.00085386807987581,0.000700084715807863,0.00134390356925826,0.000366863666075889,0.000317467805085141,0.000239004984511842,0.000523235222985207,0.000287560733996883,0.000296659695687947,0.000475676728512753,0.000670981552480513,0.000557646042810433,0.000281983951024938,0.000471130713712906,0.000662270563904451,0.00193723247815217,0.000222298221614223,0.000445395324490348,0.00157641354802574,0.000487587321871953,0.00112982268555644,0.00439633124614164,0.000548617245450317,0.000573252556836684,0.00031247407571274,0.000638203136595256,0.00121146366252267,0.000271239209396665,0.000403187405600295,0.000351739315021007,0.000566064437001741,0.000337392374752622,0.000324962917538035,0.000477536094685258,0.000422907561267241,0.000350750297445891,0.00228753612249963,0.000923474889666797,0.00453620658890801,0.000839662248219252,0.000404553016792536,0.600450698043591,0.0426787974002055,0.000443417142318029,0.00052020273492984,0.000235860182084055,0.000350959950941077,0.000513199223776003,0.000345928267056618,0.000561276827335558
0.00113379202251154,0.000537279851035763,0.00069354491007997,0.00527120312548677,0.000436475699753091,0.00575765055910202,0.000447887304881417,0.00538797828954248,0.000835979211838081,0.000248340509902839,0.000215195693149392,0.0245136071342184,0.000398633029589047,0.00083904722150741,0.00201662870399014,0.000528076076423274,0.000220834706758796,0.000162629083356363,0.000289559057865818,0.000162159479355398,0.000220517184366884,0.000377441689686965,0.000458611788794129,0.00270587005037504,0.000160528645235462,0.000594605131989948,0.000562754460857263,0.00436894879929931,0.000276747107149682,0.00403164743140007,0.0109076634867179,0.000453461798250215,0.00143602695373183,0.0100363640043583,0.00141638253361031,0.0010872588944496,0.000199357492169872,0.000858798487736819,0.000793147320738105,0.00025329396247598,0.00316721407574072,0.000329285277146979,0.0012503441907448,0.00104765831126202,0.00047894400214892,0.000551439605166721,0.000433457578857437,0.000236389070330588,0.00413510082845877,0.00409606002382332,0.00161188419951667,0.00376974437847138,0.000389256407609341,0.00567560038010961,0.727822640253719,0.000425307837465031,0.000468508258295944,0.000177483256990175,0.000401880047542328,0.00377099818483944,0.000196684604957958,0.000335030959159047
0.00497967074464524,7.05439914763389e-05,0.00210431563179759,0.00040959133219853,8.95989776797178e-05,0.000144758148268445,7.83094441189595e-05,0.000155840230335937,0.000170524934437347,0.000182953473356965,0.00212877334998186,0.00016737660893539,0.00070863924870966,0.0479815481455339,0.000522639203308443,0.000254280603400382,0.000135090485460931,0.000199251376851337,0.000168906391616202,0.00524730428352212,0.000104440199930204,0.000306613321652609,0.000179130384486373,0.00246856376769642,0.000151304698959596,9.7087420317841e-05,0.000200002379235231,0.000555567718312702,0.000192834986104599,0.00228138951145166,0.00830629058857486,9.47884207308506e-05,0.000556808289173182,0.000869399169315412,0.000182607970378051,0.0715376358540313,0.000100950884354071,0.000279880459626136,0.000323529340219072,0.0021214756956912,0.00212673741019787,0.00114848156438017,0.000538281326265111,0.00371865723584104,0.000149965216094125,0.0012004905715893,0.000932751269606759,0.000254069739139336,9.2977521332799e-05,0.000104599711499399,0.000137439155807348,0.00304026623535062,0.0073637826724708,0.000126866913052938,0.000275768269455024,0.672179057360938,0.00086040146026864,0.000198440060903599,8.94570788462879e-05,0.00581419452986872,8.37492706689536e-05,0.000101737886287377
0.0167165330991095,0.000206590947602496,0.00123158712583577,0.000619448947932761,0.000217750787036513,0.000298174677183176,0.000685532703937864,0.000204269701000221,0.000249013730333735,0.00148380642862182,0.000543083556327264,0.000454238944482741,0.000233353555487553,0.00112506486417531,0.000926026008659862,0.00607851223029512,0.000771195496162589,0.00154466345910756,0.00025452468993948,0.000593244310210066,0.000993165543536541,0.000560035701332076,0.000455391932104266,0.000799421680970107,0.000414436623098118,0.0005936797936518,0.000316235713580558,0.000996244652857997,0.000910811751038427,0.000737769545089825,0.00249135360871594,0.000411270280356065,0.000984795248066392,0.00166932954021454,0.00029579313846136,0.00104660467727153,0.000162487262159263,0.000830043815511167,0.00102564808677579,0.00041291552264408,0.000780877789574402,0.00334479019917204,0.000569438442800266,0.000650080937648569,0.00074119189584959,0.06808683056888,0.00476562019823648,0.000373907900272952,0.000233468539839368,0.000277156844311665,0.000340642938883895,0.00118085130724318,0.000186413957905796,0.00017959118449182,0.000620546591674922,0.00100421669583868,0.691592389298488,0.0335347973536578,0.000325361398752249,0.000882305833524834,0.000173706620736929,0.000241165304889018
0.0166007963056109,0.000217869880395215,0.000438518424022961,0.0003877091398346,0.000265850832563163,0.000261981374012375,0.000411446305100348,0.000257739242199523,0.000183688272105651,0.00108750022479334,0.00088402245352622,0.00024464465523101,0.000338297687311633,0.000622399001267136,0.00059145625454998,0.00333415943377504,0.000479209164555506,0.000962810508379873,0.000239893743399516,0.000854185733075477,0.000415395890489117,0.000508832213584974,0.000491230934709892,0.000614639760457324,0.000391757491338449,0.000319989156635329,0.000276255832726011,0.000864372020655674,0.000705527209494559,0.000494301128051829,0.00193693840907951,0.000217355733184842,0.000767568858166977,0.000980797953447761,0.000399982565180948,0.000712326407997151,0.000223461231308015,0.000397791160071934,0.00044411226074016,0.000268886137344397,0.000485610472674556,0.013147500021502,0.000176754170665763,0.000297512201401888,0.000591748223576044,0.0790616348442795,0.00366775854209624,0.00062697360226831,0.000190491541442897,0.000232080758070136,0.000273012168707633,0.00041413904218518,0.00033754682480953,0.000206868642290928,0.000309633292511029,0.00107079818822794,0.131312779784452,0.600296822773105,0.000186461912681603,0.000389621907095893,0.000194301372271754,0.000212471334686306
0.00044995826342868,0.00035834321049515,0.000257540246266893,0.000530461130996973,0.000353199791623688,0.00760739295610608,0.000400350375131382,0.000432682639277932,0.000121339069175094,0.000167875495784225,9.97895366244696e-05,0.000444461688197428,0.000124504296482759,0.000174604863948566,0.00424377135239568,0.000270799831243015,0.000284688033812308,0.000196367371886903,0.00163561287373545,0.00012252384637964,0.000157329471049062,0.000515028225921772,0.000621991266671908,0.000381645159463551,0.000262800850727997,0.00142999814302939,0.000687209898639178,0.15194274736287,0.000170957930467091,0.000373045052028964,0.00106313076392713,0.000766205710978436,0.000978128588072613,0.00729363936262653,0.0476041357129651,0.000299572554463283,0.00043113240990489,0.00312284916831658,0.000230067967468029,8.48345187029265e-05,0.000270809411651676,0.000276939131302938,0.000188178386941035,0.000130406780816067,0.000440217791841369,0.000284937198132972,0.000222763932081894,0.000209358801144912,0.000422775319088933,0.0107596659545261,0.00122186855504952,0.000405920318278546,0.000131701140923423,0.0001891209927044,0.000688913921710635,0.000175067597686946,0.000252018504550813,9.90670867167225e-05,0.605965422523182,0.000138497284021985,0.000333723572119364,0.00135213816183247
0.000354678263948839,1.28422037440216e-05,0.0394802695993175,0.000276840966140488,1.95811543409169e-05,3.13513714380643e-05,2.42961154374926e-05,3.50838076751567e-05,2.93225258851871e-05,5.52189921140418e-05,0.000234937484960006,7.54089703452125e-05,0.000120849430977174,0.00326699693583356,0.000281830536512817,0.000116262929640024,2.12205846061112e-05,3.39649497474166e-05,1.7942653457959e-05,0.000290223706674846,2.10799715855719e-05,3.10586870045726e-05,2.57566204878194e-05,0.00558056716303863,1.07587611153372e-05,3.72899720234049e-05,3.88647437242608e-05,0.000151678484345291,2.94032882627693e-05,0.00326145494874143,0.0485980367537456,3.88971673878959e-05,6.55348115491862e-05,0.000313835066472479,5.25183005643255e-05,0.00231880482112248,1.48666517230114e-05,4.4794699612657e-05,0.000124679592696259,0.00663980394837534,0.010150897794781,0.000119210637136771,0.000509537599406493,0.00474090265889928,4.38703238053238e-05,0.0002077532363779,8.83743992398856e-05,7.15978769264993e-05,2.70680401232068e-05,2.73531132936872e-05,2.73450041064264e-05,0.00271568950445298,0.000326977238435313,2.08207643679668e-05,0.000193311598131192,0.00061948634653963,0.000207753236377901,3.26777026682981e-05,1.22539047883141e-05,0.73612409389402,8.82399230972194e-06,1.46045912791054e-05
0.000749422472045386,0.00483508922770093,0.000694001019072125,0.000813546018747153,0.0229460010953483,0.000515213252667535,0.00131119538880611,0.000487105011011278,0.000302149428520817,0.000352724727978685,0.000319266268067563,0.000411629757551126,0.000451487651812718,0.00115192057830551,0.0973933703945806,0.00068115745730006,0.000559626226480767,0.000288952097160138,0.0642313569952123,0.00036871491564705,0.000352724727978686,0.000511954748037637,0.000540172726275933,0.000389031859978626,0.000444184175092219,0.0372500623249258,0.000406338886631445,0.0254601002695185,0.000365837788454129,0.000498248872893322,0.00137185633218833,0.00442691003814089,0.000708437241888489,0.00124273404919844,0.00316090431013668,0.000327762670306348,0.00232233960901169,0.000831996235287578,0.00148811981821565,0.00025960539979231,0.000379061507667761,0.000449982692973343,0.00025396180414465,0.000338615738859537,0.000431622195132958,0.00049304503794548,0.000338615738859537,0.000465853168006759,0.000571414059325473,0.00079178121640535,0.00291866921285857,0.000553072373470581,0.000314630457356988,0.000442924954967995,0.000881562837785796,0.000511243370434991,0.000415464700870214,0.000625310397760618,0.000765828198434386,0.000441812916416732,0.577510124119845,0.000692366575137803
0.0015454313186642,0.00136970082194512,0.000643318777100488,0.00174645740566487,0.00175974341071598,0.00270272435683439,0.00104044690610655,0.00887634083913344,0.000715968524432621,0.000463054173024068,0.00048436355478661,0.0012656334710512,0.00078072768805789,0.000602237492555485,0.00378683886546913,0.000500084126301614,0.00102665245866906,0.000508496756463701,0.00124956683760156,0.000421254665893945,0.000756417686368517,0.00200312676396671,0.00121939045997157,0.000892470330238403,0.000414683183747134,0.00199376253291865,0.00102427461973435,0.0240641863361004,0.000539195477055162,0.000613810422937188,0.00121640400565827,0.00143837281037931,0.0018518783258756,0.00686218648728393,0.126564972734137,0.000806311992346534,0.000833785122730923,0.00143805643796296,0.00101841787358977,0,0.000595216198564603,0.000953078687545036,0,0.00046736834233796,0.00115533454225944,0.00133741140910079,0.000697357042893105,0.000640719509314221,0.0214999597656818,0.0116047559402516,0.0172631641405746,0.000729094614047219,0.000646837785795738,0.00138759568146071,0.00256075363570082,0.000547132539430305,0.00132801848978402,0.000663663046119902,0.00739457999029499,0.000501642020776075,0.000775247237853094,0.615125014935467
