0.538061269898203,0.000153967088499972,0.00309774490620654,0.00222706245409171,0.000118806611009966,0.000676463179098948,0.000343974663268075,0.000605193496863975,0.00046782980306498,0.00257174086502657,0.00940950938559053,0.00058859727057056,0.00104064111252729,0.00725534332191934,0.00442322636826652,0.0020979841469772,0.00108491099424615,0.0084280427909752,0.000378587799725957,0.0122937882453434,0.000416769686632566,0.00250050164399016,0.00113493898850571,0.00519931968504141,0.000312412784117629,0.000302679849126871,0.000810293071991428,0.00423545556572164,0.00777172777137092,0.00626232721632064,0.00395698578286862,0.000906315095428774,0.00532610801302927,0.005532729912102,0.000909251926190726,0.00723010062689116,7.48702547200238e-05,0.00109668219386013,0.00341370485466102,0.000981107688962137,0.00550000536858798,0.102782601881564,0.00190486171693128,0.00305231269058279,0.00152175106546704,0.09866754513008,0.0815658752212139,0.00657982321715037,0.000206138816436397,0.000295809511391155,0.000587584124517223,0.00706545411780023,0.000793750370437643,0.000304449118459468,0.000670322909084948,0.00848863059158826,0.0150472712017813,0.00417383241806818,0.000285722010043633,0.00661616743285381,4.39193513926869e-05,0.000147204721559465
0.00147032035261475,0.397747292094913,0.000183440431340159,0.00333633195441809,0.175434079735577,0.00224884855215043,0.0099253363364887,0.0132086139900588,0.00120182836983031,0.000340282850141509,0.000186486647309443,0.00141016355396016,0.00069639107960412,0.00047875057465527,0.0812451009663783,0.000348699085102832,0.00045639808748181,0.000351502808306291,0.00939360407521386,1.2922933718086e-05,0.000108401287230077,0.000880553088760406,0.00189552781157151,0.000479190150749498,0.000236321583567682,0.0432543091406562,0.000414577987550277,0.0520952108840113,0.00041992395134413,0.000898014608665043,0.00119742216456971,0.00837818658508738,0.00129823339556159,0.00644217105498561,0.0115742096224879,0.00117762477540578,0.00142419243862662,0.0015063090257767,0.00110859823289808,7.02472061429982e-05,0.000954393790466987,0.000243123082236374,0.000570583730084502,0.000491692830881078,0.001418965981615,0.000816542350196089,0.00104098652349243,0.000211931035784174,0.0029673886645105,0.00141041266795136,0.110325605667025,0.00228867212617772,0.000477784152499432,0.00175463230376869,0.00199792042503442,0.000360879051118999,0.000239518567004436,0.000123846234926791,0.00322580603232878,0.000985176634863196,0.0304721266373941,0.00308639203572851
0.000805343100866983,1.79369728373049e-05,0.575360524431599,0.000409840226265934,6.49877158201577e-06,3.88065081006422e-05,2.58095895438727e-05,0.000225812739693423,3.2716986612268e-05,9.03646815045472e-05,0.000190799856152367,0.000103234687928552,0.000153240392481444,0.00301524566099439,0.000440151069290853,3.466258376991e-05,1.37679087645882e-05,0.000159232855789131,2.63342757835233e-05,0.000205517428019841,9.17464738603161e-06,3.32924906933648e-05,6.874188791493e-05,0.0438917637874578,3.31282258408726e-05,3.49918623302942e-05,3.46249144127189e-05,0.0003306352524266,8.58506335783735e-05,0.0126483945842457,0.173639379981222,0.000164699626609408,0.000221137319570945,0.00025627786963588,3.79920820308681e-05,0.00436096519513927,1.05509900456755e-05,7.12836507582642e-05,0.000196751051738709,0.00180337871156349,0.0526643319438997,0.000235512642497915,0.00405369284989496,0.00516113496918635,7.55573118860704e-05,0.00024670707538463,0.000263848468440831,6.79776915195488e-05,2.29616803855926e-05,1.06765072017295e-05,5.02708428791701e-05,0.00829733985628481,0.000535847640833769,6.04429396020614e-05,0.00013119996948268,0.000797521758677608,0.000168053971859226,2.52918636625578e-05,3.1429826642325e-06,0.107818623284631,1.15778259802739e-05,9.43043096282325e-06
0.00334483612049519,0.00062944768298903,0.00207444426950048,0.728159709409789,0.000840519760237051,0.00335212812970561,0.00074110882189491,0.00909472908402943,0.0258195695282835,0.000352928827063081,0.000251789606629503,0.0136682157314502,0.00745671873713524,0.00163298695065617,0.0042816595272923,0.000418392745428797,0.000441983127706143,0.00035272866169851,0.000502355158450284,0.000188524741567696,8.7451960798674e-05,0.00117338804409321,0.00323800153057877,0.00643940623771929,0.000232458523210076,0.00109546834772879,0.00186291916677495,0.00717478378825587,0.000399827547006542,0.0130183816753083,0.00455731935706293,0.000860144761666132,0.00406652378712447,0.0224163035544273,0.00185374171026374,0.00377115135637,7.48582416122484e-05,0.00332648231552265,0.00742702382884786,0.000711076097405838,0.00663808159681573,0.00101975116908791,0.00301324807636557,0.0015285390522637,0.00150828510380366,0.00240634438096275,0.00152136153271191,0.000816683630212886,0.00298520069120639,0.00246327176686354,0.00428371059339207,0.0117061988282256,0.00207673214096221,0.0466112292928789,0.0139306092397719,0.00107597319772088,0.000983384906727953,0.000169549718690746,0.00105010996534314,0.00560323319329448,0.000391702480713567,0.000825310988205069
0.000888061118193524,0.0600597103099033,0.000307641930630301,0.00254295450607511,0.460814639258265,0.00112118061695406,0.0995822045027704,0.00306587712577046,0.000357912508534755,0.00023233367167203,9.46105041880277e-05,0.000669773125901041,0.000685096777057304,0.000633054949866337,0.257172690978756,0.000395099815123765,0.000282004948826265,0.000177502735849114,0.0065782545999809,0.000289874440686496,6.06428655391394e-05,0.000382812460661393,0.000998011693248448,0.00057203243792546,0.00022341509830298,0.0065452876446963,0.00114960454689333,0.0181903036564323,0.000324876178171057,0.000405722871116596,0.000863571572213105,0.0154812454466867,0.00204531513340455,0.0034968468767676,0.00333244680660143,0.000290098364582904,0.00148628998972034,0.00196450777603081,0.00104636845722214,0.000160871826027679,0.000567759416189842,0.0005101565293504,3.18120723202951e-05,9.67334535783987e-05,0.000850768291864224,0.000757069205235988,0.000295066792978357,0.000356725723821512,0.000895931822084252,0.000749637679172999,0.0098053603371483,0.000395078389786247,0.000451618308748668,0.00141164492984604,0.000645948453668799,0.000287928447426572,0.000348985588480361,0.000152594527952844,0.00152410674310957,0.000705669201840765,0.0233384581225713,0.000850195835575743
0.0029031058234927,0.000521568262392791,0.000127230677524689,0.00765299584631653,0.000675965174753223,0.448645898343912,0.000955155881987817,0.00309505277159842,0.00159590117019546,0.000483954688256316,0.00037259175318302,0.0344868869322504,0.000614970408360524,0.00102065069201512,0.00878856585349904,0.00083296868377649,0.000849983772009466,0.00024370769554953,0.00160144114708323,0.000336196436675288,0.000150730098048691,0.00282057297204238,0.00607906022751444,0.000490497534896386,0.0010146584534478,0.00155392466959511,0.00555181653958712,0.019152700423971,0.000885201135461793,0.000108484758017639,0.000781384269278583,0.00270405818547156,0.00881125428735867,0.238792349765425,0.0178412403749078,0.000901787385822869,0.000433683967061257,0.0499320795675465,0.00105720945287197,7.1952894606466e-05,0.0004012073829157,0.000932669696669981,2.72004725704859e-05,9.11105109240197e-05,0.00259953496151519,0.0022205964546192,0.00124284249715295,0.000643352272545976,0.00248994277662467,0.0376335349649442,0.00225809316447708,0.000921779322321971,0.000676800707537864,0.002736134634156,0.0417801370355045,0.000463992550612424,0.000518691923667751,0.000177307407993838,0.022725766213203,0.000890203468516993,0.000371697809422849,0.00325796479433881
0.000554627412991629,0.00439494463182711,0.000353841423435233,0.00106002607552911,0.0468344885235944,0.000721702383285556,0.741279414965216,0.00138931044457249,0.000157909064669894,3.73055049002282e-05,0.000107263067136774,0.000336733063131551,0.000143329002166615,0.00042233163075043,0.152633120945813,0.000221434514381984,0.000346872013171504,4.95143185020584e-05,0.00247015681077522,0.000168671030539629,6.05316891229765e-05,0.000605773190352824,0.000723902688447807,0.00139301028349193,0.000185749567884546,0.00140933451237307,0.000306446353492403,0.00738925776831903,0.000251795221605161,0.000553655505048534,0.000854723519941787,0.0109243373747942,0.00150471543332457,0.00303937698960154,0.00171754688084933,0.000835202659264156,0.000521390503826433,0.000644295866466252,0.000238102228535437,0.000118533647347897,0.000594861878119458,0.000253613202342463,7.16485271243268e-05,7.84965785806074e-05,0.000725492214643846,0.000623774789371817,0.0003958583359448,9.51367208643774e-05,0.00070452896521383,0.000612299665702972,0.0026700839782969,0.00180682542680278,0.000172808084334262,0.000550720044328133,0.000646355770227614,0.000305973382956009,0.000177078397064684,2.54666155702959e-05,0.000535360712716305,0.000379253530684926,0.00136485316073943,0.000248831307890081
0.00150043159862294,0.00255972807845697,0.000360425052384605,0.0253302509809411,0.00237660089653619,0.00272029139128617,0.00201593412813753,0.641301734284861,0.00136432317274668,0.000149700194151212,0.00013105845704327,0.00533601453764245,0.00110342589241943,0.000541573327507893,0.00756807688424222,0.00018041940364701,0.000228430388988801,6.44172756135338e-05,0.0017281743147825,4.65634800371695e-05,9.05739706441558e-05,0.00033873051130905,0.00219081002536862,0.000682280178129434,0.00022579721850534,0.00477784039833495,0.000916800680019253,0.0157259555520317,0.000138351194586818,0.000778204429913405,0.00110284352018162,0.00192397103354926,0.00156329128389753,0.0106737565868704,0.00709496117866967,0.0012648547459999,0.000184905958283925,0.00145539976744343,0.00210435527627003,8.51513259319448e-05,0.000638091743062428,0.000441163761006481,0.000240586801523282,0.000270280784862846,0.000878789639064406,0.00145860865650639,0.000957028920685415,0.000487091403330232,0.0429190862185989,0.00639869999284468,0.103738249875274,0.00526346287167029,0.00084792139607025,0.0304953041518797,0.0397072064261121,0.000205975855745693,0.000729128361787463,9.33060120246452e-05,0.00126786634644758,0.000620967819921169,0.000587313550267972,0.0118274608353248
0.00416113037344382,0.000592112285285957,0.000710669408373656,0.18666879807452,0.000473442595406625,0.00272881223228125,0.000568044715600314,0.00478562695777815,0.458869642474392,0.000230741064796922,0.000328621671593766,0.0296791601417204,0.0348197774060397,0.000980890129958173,0.00278680673691679,0.000771884124582735,0.000921857349478725,0.00139012622423397,0.000972084078689097,0.000541809055110776,0.000430501502464891,0.00636148487871939,0.00226368307316883,0.000281079062288781,0.00161825086712739,0.000573249471813991,0.0403563022832893,0.00394239236208296,0.00119166819809068,0.00179144192719853,0.000691381619437264,0.000759052896583911,0.0388743369052389,0.0393784699575502,0.00149346546352529,0.00356778067817932,6.59836409455852e-05,0.00376916783320528,0.0725289952351963,0.000461123752492085,0.000602418940502043,0.00102958955972468,0.000555702318179673,0.000565549330050116,0.000844556133923369,0.0012924442076013,0.0020485353019797,0.00218217736950081,0.00146490949408764,0.00208989037591294,0.00199585966452369,0.00459863509206994,0.00244086702853958,0.00917049777102882,0.0097784248102429,0.00123556946324584,0.000911874561410092,0.000158268441104154,0.00104723922547072,0.00202867809879724,8.6202309578251e-05,0.000490261793725138
0.0145004688491868,0.000151840988804523,0.00252595214448991,0.0017910027461466,0.000264380418052826,0.000680939263902244,0.000587398199102916,0.000287403662612712,0.000872131559780542,0.70075588483595,0.000935985851979827,0.000843274966316684,0.000254855897898729,0.00403165009689756,0.00218483724620883,0.0529016611031759,0.0572124123377319,0.000943328486324476,0.000361012760139264,0.00106504324081393,0.000732748052145578,0.000810966424841013,0.00622890943762414,0.00547107106338105,0.000702043290115375,0.000562202785516018,0.000608667868292005,0.00361839236791842,0.00121520800990581,0.00575172794743067,0.003802552587749,0.000403405959517825,0.00298039592608506,0.00681113030489434,0.00111823160959059,0.00532728960397027,9.3307449610829e-05,0.00225156019419553,0.00198386160614602,0.000606624228971434,0.00459837959357134,0.00286690711863114,0.00077474088018792,0.00281109203233802,0.0263341569715953,0.0201213713635546,0.00372417836206561,0.000463608468557764,0.000198836293117584,0.000409317839699978,0.000279149049029286,0.0110977139551563,0.000491842132332496,0.000363857585137752,0.000331378600132896,0.00272805628226554,0.0214076757548046,0.00225721912621212,0.000673808361868049,0.00362558223047533,0.000170652244000676,3.87143818482502e-05
0.120005985989443,0.000142535598622474,0.0024987960599122,0.00181227658953449,2.69108608031197e-05,0.000372661991263519,0.000212453246828851,0.0001569223156064,0.000517808940467866,0.00132139196121918,0.389427017564046,0.000206669385169819,0.00167259521008753,0.110218960288478,0.00197929070538963,0.0016005927943758,0.00064738362820022,0.00214488540523468,0.000309576484017661,0.0607211423380695,0.000371376571506549,0.00159181246067189,0.000975936352503053,0.0100045241405604,0.000683953729383948,7.93250336975889e-05,0.000726700255189268,0.00255326522276823,0.0050239671580226,0.00477363542459083,0.0147809933894764,0.00160951393929322,0.00294086893156879,0.00286940765557813,0.000615902861545096,0.0095409728236223,7.40589797182494e-05,0.0010395921466261,0.00191419033901631,0.00491709618525988,0.00512982659869855,0.110151273236692,0.00112662395995149,0.00195995151035079,0.000917948897454809,0.0245968478230333,0.0147063033401152,0.00332457264573988,2.82083880061032e-05,0.000296011178351099,0.000337147679384505,0.0049012320111863,0.000828022139908222,0.000220491348679566,0.000759337076658006,0.0441379961913146,0.00760336218663399,0.00219809823237412,2.40335759038486e-05,0.0135708594551883,3.03818985494892e-05,6.85196684563893e-05
0.00407305775744374,0.000770758179516853,0.00116691568690925,0.0520007446640282,0.000536829902909117,0.0315993957316591,0.000832469415633466,0.00589675512614695,0.0243803635997094,0.000575011833217755,0.000424776730361795,0.420739050778244,0.00238558324651917,0.00398543785052904,0.00862498023930337,0.000554139163040591,0.000368846499678027,0.00127707222619821,0.00135505385344633,0.000239266678700721,0.000327232956717683,0.00289825110378002,0.00696498001602904,0.00269890148253235,0.000996660528376173,0.000939167781698386,0.0157623932053599,0.0130542462873055,0.000957492069469499,0.0188001033124125,0.00270744432591631,0.00142354209974062,0.0133510838755427,0.147771905211422,0.00419306321349104,0.00512904757800434,0.000572159529682047,0.0117277302625661,0.00434357028963287,0.00123344369638675,0.00393094398454343,0.00238977759314385,0.0023174115964019,0.0026576534614505,0.00314926651394751,0.00519593429701025,0.00191508912079706,0.000628481452645085,0.00306357751064812,0.00592996341414772,0.00198075380090961,0.0220680857948541,0.00169559810411502,0.0109509001372507,0.0987232981777668,0.00200652351162182,0.00194156387270983,0.00069854296043655,0.00259947240312673,0.00682529500298529,0.000363177060664527,0.00132976223956348
0.0232031814176502,0.000385128661137701,0.00289882365899643,0.1000149097621,0.000573512035993584,0.000825655156328985,0.00063962274332991,0.00354409359763665,0.0754859998175522,0.000599783516206811,0.00181112848926005,0.0040741402788614,0.284733159961142,0.00708674804849667,0.00142584162331314,0.000767574840528119,0.00024587042521626,0.0049892761207107,0.00030082531244565,0.0118796054003656,0.000143537065287043,0.00522013129547282,0.00189184963528757,0.0110853100834751,0.00130211328954468,0.000609213183827772,0.00308358471062652,0.00503482771774287,0.0025675405337896,0.0148858417596351,0.0092143153985543,0.000542739398087859,0.0113942387282205,0.00948883509252578,0.00142177764916648,0.0193095172850867,9.01681850909524e-06,0.00241738327498529,0.179070075844004,0.00194843488219918,0.0121497442279384,0.00554639351096505,0.00649442683273018,0.00474288417699428,0.00181412465224587,0.00789596590084302,0.00834548192934231,0.0248990372343817,0.000595280028636615,0.000545319843643428,0.00206569470399464,0.0422243197371706,0.0219107167722601,0.00393486440872722,0.0026205205815717,0.0326065230830641,0.0017783054726056,0.00101802427719193,0.00118089898916077,0.0109596170113504,0.000128077227727702,0.000418614884153184
0.0064743328784301,0.000146675935560202,0.0132489694516222,0.00137748703992083,0.000208608412787561,0.000270032402496306,0.000228381971557311,0.00022952943556858,0.000101294612247192,0.000494376808257201,0.00985111123964625,0.00081517631600257,0.000702152302745864,0.63574370028187,0.00177615474062228,0.000651041029562087,0.000253323882739179,0.000549366042186966,0.000124842535326614,0.00290850210273762,0.000156161354578857,0.000646910040976032,0.000165358219738002,0.00482099667691484,0.0001194633834393,0.000322102327528541,0.000316057856780904,0.00130040500708651,0.00069547567485385,0.00627667526389305,0.0142874470700481,0.000258339083453675,0.0013422511825409,0.00204013339383982,0.000379476184149525,0.0593838748121589,5.85840650669256e-05,0.000582110961027916,0.000756477535017271,0.0505796428259223,0.0083830898085505,0.00232501296404913,0.00108216563479836,0.00731500678175067,0.000455328709607918,0.00380381841215149,0.00132736511805816,0.000576527541571212,8.48999934041254e-05,8.41123112324765e-05,0.000353736700873988,0.00690879256768228,0.00261231374506742,0.000195323393156161,0.000474755961626134,0.0546040857877268,0.00242264048348873,0.000299526920809493,7.33706937540204e-05,0.0858819248317012,6.3236013249962e-05,2.99632847880912e-05
0.000915288087548226,0.00288631872576381,0.00040175421719397,0.00115361281135738,0.0107026547400892,0.000576759923627835,0.0117469130627495,0.000703875539419343,0.000101108553709612,0.000138168048358435,0.000129725302899105,0.000553840323378859,0.000141000988216588,0.000424253400715577,0.847408549861816,0.000255935575105502,0.00019237110711274,0.000133978201606407,0.00883163159335958,5.80788848186358e-05,5.02578230771522e-05,0.000447360168121946,0.0010117929676542,0.00158476266755906,9.70314092676462e-05,0.00209706500154311,0.000375447890217528,0.0126918548274629,0.000327089027268127,0.00128288679613454,0.00123588910500995,0.0637141432939084,0.00124931914693335,0.00379935053786087,0.00233930471616082,0.000624807073698243,0.00162928217621683,0.000612827181142707,0.000190745185791286,5.48327491989996e-05,0.00151601555892291,0.000353858984715686,0.000359748410309691,0.0002613406456164,0.000550461968458327,0.000863240464237014,0.000359744343490234,7.8602467585636e-05,0.000370152227558063,0.000705956590227017,0.00155301991341138,0.00153852992689377,0.000150141272688929,0.00028397803086531,0.000592921021611612,0.00022571651105864,0.000210942874325533,5.18727547075635e-05,0.00073157611570828,0.000789694726531774,0.0052341253407794,0.000346491157222498
0.0324737120671818,7.61512452762702e-05,0.00101135681080841,0.00270096298106176,0.00106173539423541,0.00102501699479901,0.000629093893865051,0.00100089661632617,0.000575583025883786,0.218105684399135,0.00200138863706036,0.00174126392604311,0.00136590059664129,0.00292737229818341,0.00683398685045236,0.258691867619873,0.0973184793569637,0.00396479696502045,0.00182625067434892,0.00185315982183698,0.00284912425358533,0.00379316914526402,0.0183661079762044,0.00582254815047662,0.00317414054353513,0.0014049385184046,0.00116297020733531,0.0122476429526561,0.00301021088788565,0.00201072293009968,0.00425870940782723,0.00285071558439434,0.00947605276099203,0.0120993483027492,0.00284461370709613,0.00705875914769167,0.000326656175359033,0.00360262632439817,0.00211214242626279,0.000409700307943336,0.00508547214322326,0.00864152146919805,0.00103268083487734,0.00180778491484145,0.0272231940036128,0.0542991392123396,0.00767402621370455,0.00352846437627565,0.000309950259344023,0.000487458204021969,0.000364179753082806,0.00984791447013586,0.000399736921650473,0.00189647894942673,0.00136658585016552,0.00625825812310171,0.101945765818103,0.0226510268069398,0.00247570648221296,0.00649029732844579,7.06822278493592e-05,7.81157522904112e-05
0.00844521607769132,0.000272881201892228,0.000584662160784053,0.00285415563129233,0.000347080833897239,0.00133528032614854,0.000237252149309697,0.000303295129951771,0.00107466007363238,0.13552797726327,0.000344606680803982,0.00140836111056705,0.000685362788912767,0.000778399641604983,0.0050826153537433,0.0609861208799605,0.447700154964947,0.00132506037747979,0.00053292949323068,0.000350217502276845,0.00254009013300012,0.0034275786395335,0.0210682486928618,0.000914804204694299,0.00226824600075488,0.000167496963106334,0.00224589450846349,0.00558229979229284,0.000657841548881904,6.50679852951798e-05,0.00164992691796327,0.00297508611282782,0.00557097333396366,0.0168557240021825,0.00239999845336546,0.00139556659575317,5.97182406065922e-05,0.00607499983917314,0.00220002902340105,4.60166887683834e-05,0.000510376704683628,0.00230925054240521,0,0.000325966610487353,0.208897433434453,0.0101158430864606,0.00169997079983038,0.000714341428651536,0.000724280596896575,0.000639120626682559,0.000628980176428885,0.000748616785641453,0.000343165280508286,0.000368766747791305,0.000939899745773423,0.00185317659785336,0.0169573844668205,0.0014270352312801,0.000840010927535282,0.00137401380608678,8.17277899839643e-06,0.000232296306445482
0.061735718375308,0.000268354152127609,0.000478658493783145,0.00115509453132943,0.000132269936633193,0.000405969288941529,0.000203178057618082,0.000147193164253915,0.000984094897471256,0.000775642083072196,0.0015880009245128,0.000530119410794038,0.00107372869872881,0.00272234945491516,0.00161374802597444,0.0014083797365288,0.00110170414384842,0.489807328661395,0.000508105092251575,0.00215039300953057,0.00511889160916555,0.0280440283698383,0.00138106392296049,0.00113010628036477,0.000637741056265498,0.000262249852237749,0.00166631482760426,0.00171553136527026,0.145220181129703,0.000919723849636744,0.00150757332952006,0.000254662320282636,0.0148987571162326,0.00399221679698894,0.000773860464875627,0.00204674514841544,9.23975014857264e-05,0.00119077436567187,0.00509360685802013,0.000233795587931788,0.000990434981104256,0.0117382870987913,0.000121185331474283,0.00111595407613966,0.00194161155723748,0.102364811717406,0.0575058682020558,0.00925967804779853,0.00022694655246411,0.000369132551179122,0.00050004792236462,0.00195931979124229,0.000238256801375266,8.18933792970336e-05,0.000643407522427447,0.00274673354154993,0.0158300864535239,0.00531617357205615,0.00030544127818994,0.00157661554006105,0.000160869634020646,3.69925567519355e-05
0.0005001222778196,0.00448311923647764,0.000336351887854002,0.00126883962424659,0.00572013824028896,0.00149109929154386,0.0047620549214851,0.0023292802986399,0.000363583421354739,0.000267136573139243,0.000102704345370962,0.000912967320817104,0.000208344037935629,0.000206649782719479,0.195419946854269,0.000274869409624806,0.000259371408742972,0.000122668011220123,0.366348999221134,7.49494089094625e-05,0.000216616342463998,0.00144969591802667,0.00306485482297097,0.000880841706123653,0.000431977935616617,0.038271109445787,0.000460881040232588,0.205736107416929,0.000425054839810677,0.00020139006680219,0.00056396638109041,0.0298100653129587,0.00157573090971046,0.00821409354706054,0.0188469877328207,0.00129099454726765,0.0306956659178768,0.00251873232314474,0.000455871085012394,9.99158927905555e-05,0.000595892536578549,0.000402475874792745,9.81812478268805e-05,0.000181610375499252,0.00161295407710531,0.00104797919190512,0.000302720258080566,0.000173348066940555,0.000604980597800282,0.00292699811954346,0.00634603028152538,0.000167468010715387,0.000162270595359595,0.000486274832591788,0.000732433419946284,0.000199018788185518,0.000695489207729745,8.63827249262262e-05,0.00653644623658663,0.000486221718093274,0.0438768493244527,0.00161422575572471
0.209581323359817,0.000456954786331046,0.00369454311035728,0.00173420693744167,8.51847492435606e-05,0.000153101942796509,0.000232946813657333,0.000455893384840621,0.000479327883311004,0.00155303239498066,0.0859543597092164,0.000542012105456385,0.0110907985300009,0.0325493829518583,0.00148422323297732,0.00193163076860934,0.000510828723755365,0.00486159567504514,0.000403003549248343,0.289035851703172,0.000400837111538768,0.00216851454994686,0.000565065054313372,0.0175376604570697,0.000631688381608422,0.000565514904165734,0.000582943885617857,0.00119826771436805,0.00359052394608649,0.0301365524519093,0.0100788493821376,0.000416415759673596,0.00297278935355001,0.00233137395762496,0.000803602639171639,0.0107225569840186,0.000271902533200575,0.000888947424320462,0.00522285507544615,0.00234022188156589,0.0138321140961809,0.0324385819078647,0.0046312128781571,0.0041723459869291,0.000653567422774658,0.0228063905357078,0.0171945509268349,0.0110869076013805,8.80433141756887e-05,0.000360562354564815,0.000122834742651326,0.0138905425936728,0.00150322814705917,8.90270729818175e-05,0.000403754710715214,0.111586930833854,0.00784478225026306,0.00177347861105282,0.000167317943396464,0.0148943695745285,0.000169776488287313,7.23942475166628e-05
0.0590750357939516,0.000336892372606329,0.000423352891382432,0.000889936042152915,0.000847073359831749,0.000764576280733368,0.000618642431799662,0.00234779974837119,0.00333966587006814,0.0112934122324104,0.004161051665937,0.00186058241922692,0.00131904678856393,0.0108264116419448,0.00849274411308259,0.0194622666120875,0.0503587894818555,0.235333163619699,0.000621524875268508,0.00490510691810673,0.0559878845013379,0.0439790624573962,0.00693899137650649,0.00336612374771032,0.00613285587369435,0.000281036640051342,0.00475140536666916,0.0141915707395788,0.0441656573618366,0.00350716402717097,0.00929607260563265,0.00106505551019733,0.0824747873072517,0.0269890009332545,0.001455818059933,0.00315653258270116,0.000237806380663291,0.00813759946149589,0.00388717414861966,0.00434982390514224,0.00108089456582554,0.00724740004238375,0.000367497158827445,0.00110738121036861,0.00507578030180299,0.0757922138570177,0.021655786274681,0.00190799602526835,0.00218332786924164,0.00113241928163592,0.0012365132713911,0.0158988569010384,0.000518843020714634,0.000639871765389574,0.00308666097676971,0.00537177381252202,0.0917935857645848,0.00835456837768579,0.000428051485193924,0.0130254967409633,0.000146647268075696,0.000319935882694787
0.0131761027165173,0.000240279054580225,0.000360762333960537,0.00380433636610603,0.000413850327686604,0.00191379320701102,0.000501091733493819,0.000984138674440031,0.00564468773790699,0.000445429575354469,0.000819947925598849,0.00235025425159474,0.00137193797097821,0.00123063014626276,0.00338039728051857,0.00103814343046145,0.00071656996103326,0.0206675113403189,0.001011789103112,0.000806810349613653,0.00272620379476648,0.431811775120068,0.0068580453709065,0.00122226491954717,0.00607701226903625,0.000352442428699511,0.0176251466432399,0.00593733044639946,0.026706007178412,0.00164432257389955,0.0010176589549558,0.000706043577622758,0.314142051854691,0.0390548537085371,0.00237717616475777,0.00175737478776295,0.000129773029171245,0.00573348141069739,0.0301027726356396,0.00025381643044655,0.000345007592864427,0.00278635490096802,0.000758248806527262,0.000776007045775164,0.00308531857132876,0.00889371079462914,0.00614821750184861,0.00303485105242354,0.000521818762748593,0.00156162050065244,0.000888228669642899,0.0020354030810136,0.000487622095436863,0.0005506857257949,0.00175298622702742,0.00164708687208201,0.00378877649825037,0.000713696447112574,0.00132565631756468,0.000831503303922722,0.000252137107231883,0.000701045339347835
0.0034462884255762,0.000664641158732645,0.0006308117371739,0.00672914095303126,0.000611718787766822,0.00304915928228941,0.000838993027876429,0.00108572094307703,0.00161633332625227,0.00194320676441301,0.000290166412599048,0.00521584133566361,0.000503356090380342,0.0007682761213517,0.00659466886659183,0.00180659302018679,0.00484099582369343,0.000776935813224036,0.00179631407440812,0.000159988392183166,0.00033272614531283,0.00550733190763379,0.663153740115873,0.000980994483136635,0.0384703985991743,0.000791467376170654,0.00481780272049804,0.0140151810402408,0.00141053073667353,0.000772118302737854,0.00174533562767873,0.00159475341503339,0.0186331433624833,0.0838731154467803,0.00292727809293539,0.00101977555140329,0.000310870379662364,0.0379257390944919,0.00119061366401562,0.000102017175145462,0.00136422717940097,0.000937340612301766,0.000457061483092566,0.000251635420195699,0.0554943757667497,0.00293428892015642,0.00122228569886031,0.000391489876526,0.000465309820558554,0.00188969607310311,0.000900204950302835,0.00116669230161078,0.000338847346737286,0.00063909297854182,0.00165844794431435,0.00105630951336988,0.00149393771963836,0.000284203389756213,0.00222600639405339,0.000754589813209234,0.000361709309266223,0.000768163894702163
0.000391231356474967,1.24140963189971e-05,0.00929041618238047,0.000398107305079812,2.21126835550519e-05,2.5711818515077e-05,3.86651246772976e-05,4.91610674425867e-05,2.53899046539987e-05,4.88630305667966e-05,0.000199569213016407,8.67427824578149e-05,0.000155411349949271,0.000782499911214854,0.000561888680070429,4.51637593681992e-05,1.77380931460586e-05,2.98405480307906e-05,4.73800892077862e-05,0.000226136958858772,6.469253784409e-06,3.75895079266835e-05,6.67329421953296e-05,0.75697019448591,3.79675181670835e-06,3.43914243482894e-05,2.19505792997618e-05,0.000261173124983918,5.5178307178936e-05,0.018596231775718,0.0927709139713061,0.000111066177387497,0.000116690208616989,0.000364912909802536,5.11539517719046e-05,0.0015800105822941,4.19308794626855e-06,4.18431484504034e-05,7.54641718484121e-05,0.000309134569756369,0.0757613015231698,0.000189702619164877,0.0230866556830768,0.00131954511807334,4.18664896343734e-05,0.000190214266142112,0.000125480827009676,3.6702885948404e-05,3.08516912229421e-05,3.20579889648168e-05,6.53584884331079e-05,0.00844063379687205,0.000763218548504224,3.79208714165707e-05,0.00016618698148346,0.0008468355125144,9.8767609380419e-05,2.24490411912564e-05,1.70416499145397e-05,0.00477227678158198,1.24126087727512e-05,8.98413020060443e-06
0.00367057051505422,0.00132318143201215,7.36444697852989e-05,0.00307784343600937,0.00211939990374497,0.00319189437569287,0.000708656242279831,0.000814634648367158,0.00154483704045754,0.00211776971354288,0.000733516493083111,0.00331498901336712,0.00109979910938276,0.0027789448105965,0.0117692998545375,0.00143213011401182,0.00685872155759204,0.00342166119389547,0.00288437768976536,0.000813204961774391,0.00159622254746794,0.0220597888000677,0.2803390930248,0.000137119971655564,0.292082379732781,0.00169482459085759,0.00745552421199451,0.00831666584562147,0.00297650736747414,0.00376774999465528,0.000198401649837639,0.00730408627227178,0.16809428865584,0.0529271453792353,0.00330886440029417,0.00319617125347898,0.000316232801494117,0.0249257470513538,0.00263379404364589,0.000168331433900357,0.000262282685568458,0.00230422029648634,2.8845359890957e-05,0.000204121661005714,0.0344569798196699,0.00401812574808819,0.00201558709640215,0.00156544164875073,0.000461982416542148,0.00137724438114425,0.000927269547951892,0.0027711073961066,0.000161711619516076,0.000123532324006015,0.00152719119176711,0.00324759809938094,0.00323097034571076,0.000246716629131041,0.00162243812811378,0.000693797606777429,0.000859760874707785,0.000645059519601938
0.00161066737727927,0.0158814620672463,0.000439953609260712,0.00311381764520005,0.00429894432760426,0.00224187888536057,0.00336907317739508,0.00618442123906336,0.000673732925337084,0.000118465755446988,0.00011394928101419,0.00165514911419313,0.000470395557153577,0.000770082201537376,0.0345632520015274,0.000686870938179972,0.000414304473471933,0.000636075853279804,0.0438751391532175,0.000103552890425614,0.000186347876585189,0.00137890634040894,0.00323800209209881,0.000839613258943253,0.000309323217356704,0.343224894820125,0.00123062342698432,0.296483370519086,0.000850417794231354,0.00402281178800562,0.000994591048207487,0.00750043161912527,0.00287719437694551,0.0104572591243715,0.0621659824404478,0.000918001968481168,0.00401489572768548,0.0023148152535248,0.000617083465520693,0.000157389384193905,0.00117657942566189,0.000573908632970037,0.000258978790900109,0.000239382380708286,0.00198896478390816,0.00166877482564345,0.000877565336172575,0.000167983786566425,0.00177789204656549,0.00433532137778021,0.057713082009536,0.00935370478380294,0.000546644942671642,0.00183373416585609,0.00234906529062548,0.000688507187719554,0.00111517791459754,0.000252103963939446,0.0112834530454079,0.00126041152052781,0.0300551124342692,0.00548050733864665
0.00418406472306979,0.000292075670347693,0.000941116886135355,0.00906804548909568,0.000690891785394716,0.00736316383072405,0.000595454659700868,0.00171724309065477,0.0305899399895271,0.000881574150453551,0.000363273738529722,0.0165645511112736,0.00136001084811219,0.00135510142083957,0.00531880450991639,0.000843589640480864,0.00101993238975327,0.000984224744044133,0.00129643997106244,0.000335645836408298,0.000607702219077137,0.0173795776977581,0.00778387735425063,0.000519819710757968,0.00296891760893874,0.00102630897349632,0.303186448045748,0.00996930745401934,0.00193017422220009,0.00042003305743545,0.00138028317361323,0.00182714510076945,0.188333227039552,0.30226826361442,0.00533862518472291,0.00172932347489168,0.000146209783570067,0.0223289898282494,0.00957216360426349,0.000188880782176715,0.000886534903673543,0.00146441889271554,5.58099790897683e-05,0.000319464977035523,0.0030297861389951,0.00552525748352033,0.001738065171691,0.00111339303224691,0.000290890233272358,0.00277840992568171,0.00140062747789999,0.0013934251318839,0.000370458442742185,0.00102565774753057,0.00465814599523443,0.00128768683686986,0.0020012952638216,0.000471381951456962,0.00228822887893396,0.0022523890230689,0.000193321068607095,0.000784929028593473
0.00144987746844716,0.00194509450728699,0.000361103143235407,0.00219551107783151,0.00136754235783066,0.00209704304081825,0.00161251323208639,0.00113690789827723,0.000263392435647987,0.000213234998343301,0.00017312174707972,0.00147767191835617,0.00018918315567312,0.000630725845737694,0.021012575219307,0.000431170475358241,0.000475239973971891,0.000209758501236923,0.0119642600255552,0.000112804119442,0.000129544803091901,0.00106952217304002,0.00312722940510625,0.000975233375081588,0.000277989505688889,0.0152243661294715,0.000862141581965034,0.815148719604701,0.000645333959113493,0.000706697292148705,0.00115906197820878,0.00522797476568203,0.00273402650113137,0.00918744609331644,0.0357729724315162,0.000617953681542036,0.00692610999073034,0.00259584750863671,0.000396524755583103,0.000126064898577145,0.00100852474403929,0.000581951318144911,0.000309565447442868,0.000170029724081253,0.00144229420810037,0.00136302383508657,0.000599204302529322,0.000111657771226897,0.000873106852941741,0.00374145070108059,0.00458090076640569,0.00105905143668142,0.000258975448664054,0.00034300865836228,0.00149743379529846,0.000451656850825752,0.000397672765870577,6.87807977631031e-05,0.0233860903496873,0.00100346339205595,0.00189881474966979,0.0026238505081863
0.0914324284606973,9.76625209720015e-05,0.00255484831843403,0.00184741368713578,4.8991078767752e-05,0.000594378549111369,0.000489772273486873,0.000262388809889561,0.00155879351783401,0.000813249352469503,0.00230323410937567,0.000860350139655918,0.00174260074267678,0.00249881025356033,0.00265761749900802,0.00153633342550608,0.000983015894346293,0.20594424934182,0.000747382563431375,0.00212644745899531,0.00179474586252447,0.0517744754514167,0.0017779808321371,0.0013393917797589,0.000566435378468292,0.00038760365784977,0.0018514053906487,0.00222871981065613,0.294405458402046,0.0020043009495327,0.00139095131900036,0.000331084116870477,0.0249029424332733,0.00653009206312284,0.000865882145317869,0.00339086092820948,6.2655793248834e-05,0.00163363688741313,0.0183624026121568,0.000426185569549578,0.00227307483848025,0.0162350035219626,0.000341270385912378,0.00123456891550093,0.00099134614683357,0.0830465618405229,0.106240486868985,0.0259603840388638,0.000145315563292929,0.000724337530922495,0.000672417285195355,0.00224397400298553,0.000315220282821294,0.000467761485130336,0.00031108538622359,0.00331118955719308,0.0122525164687647,0.00375564472893536,0.00018735241084202,0.00193421118790371,7.31199232010487e-05,0.000155978249152268
0.000667371453638796,2.14793091674913e-05,0.00729596385688646,0.00101386319959728,1.8293927092768e-05,2.90147141136342e-05,3.88369830517228e-05,5.64246205894108e-05,5.58104629386676e-05,0.000101860074676057,0.000207608323894442,0.000408631919504374,0.00041244032796334,0.00109651037136709,0.000540632332515594,8.36555448987962e-05,3.12550074824989e-05,6.42619460359669e-05,3.02108999949507e-05,0.000372066677334129,1.53507861646763e-05,5.63106134244422e-05,4.31561537153606e-05,0.0334251514824169,1.82379224439313e-05,9.84384056967077e-05,4.04541504552717e-05,0.000296046232107972,5.03180140413809e-05,0.698960988504256,0.0317752954752179,9.97729911701608e-05,0.000151110141574759,0.000504448852552251,8.01230240209295e-05,0.00157909791580172,1.92418836152578e-06,9.62291945233398e-05,0.000375882119478356,0.000366631551056917,0.101914872984909,0.00020614961650105,0.00235215027401229,0.0010354036505283,7.20764692668176e-05,0.000561703122845701,0.000140053774947463,0.00016738275449651,3.17223775810063e-05,1.91520297468322e-05,5.74527171030696e-05,0.104952815100949,0.000648032688754547,6.16125089993873e-05,0.000370144184917788,0.000846300319816053,0.000346900698109088,3.08324458608297e-05,7.21848376591203e-06,0.00557577150588427,9.28183015664696e-06,1.18107896252858e-05
0.0012099008097038,2.24555148642634e-05,0.0666398466086632,0.000535089524829114,2.7604684805134e-05,0.000102309305647767,0.000171623039549493,0.000109843816952148,3.47960870192817e-05,0.000160217900869677,0.000927339498640254,0.000156338922210263,0.00030998966666565,0.00423036853708919,0.00145192137733172,0.000140082132152929,9.75684789580922e-05,0.000132184962196363,7.0246243195302e-05,0.000519537874998143,1.19930871109844e-05,3.72614698030928e-05,0.000166676387831235,0.1070672368572,1.65206527850111e-05,4.85019982777412e-05,0.000134280428114968,0.00163416604621187,0.000170449676528289,0.0281589736989947,0.602235953024505,0.000311423666115892,0.000419794735857842,0.00128064897668046,0.000247783081449547,0.005877384196871,7.29344504158115e-06,0.000175512394955952,0.000351981590878843,0.00180187953832865,0.0813968679180368,0.000553630673918743,0.0139956993462127,0.00409645881349991,0.000101054513895117,0.00117397346464002,0.000354074517339466,6.46777994947336e-05,7.98176028126599e-05,8.42043046429018e-05,8.60012479220337e-05,0.0341216173074518,0.00105038771059903,6.37394634985897e-05,0.000815428583781601,0.00270965974181407,0.000375417573293245,0.000137515176240129,6.38393539987422e-05,0.0314099469156051,2.589100517499e-05,3.51170262438686e-05
0.000684076044778173,0.00373731835602625,0.000430940474661469,0.000912681206181195,0.00664894878524022,0.000995813874531922,0.00650531537584205,0.000506645612218828,0.000126015034867853,0.000133794462069412,0.000138928083690201,0.000579679979753868,0.000117211397489573,0.000289530571723771,0.388792682658473,0.000158923868816964,0.000151421089978448,9.03627221306985e-05,0.0110453826091921,6.59067621950632e-05,4.36565223686167e-05,0.00035605592496529,0.00136065642501466,0.00214957887862246,0.000156458955780639,0.00228925877265124,0.000322085597903786,0.014971037180459,0.000303370934877659,0.000723878548119004,0.00266586983402757,0.513489934745158,0.00118412462305635,0.00412269871703015,0.00260101154951618,0.000350727733980728,0.0146063230220831,0.00116784611764693,0.000335956993996966,3.05858704590278e-05,0.00185404041276138,0.000357754832391196,0.000819008122777677,0.000134142647766011,0.000751775413857598,0.000576290960194893,0.000168058572465126,0.000130644997364331,0.000335649675675805,0.000703098760976486,0.00168949890540558,0.000687041645833901,0.000112590154463794,0.000292081385525753,0.000743248311892819,9.80831567300677e-05,0.000213244552808771,3.81518222083224e-05,0.000927219238759696,0.000880256153423046,0.00281649406979438,0.000328930289345256
0.00816673453335656,0.000245180530685139,0.00114851732509189,0.00498861523051117,0.000431617002869992,0.0026021342262546,0.000718537079568536,0.00108512230593207,0.00592696632580154,0.000838900491139749,0.000637138231054842,0.00320466056829877,0.00136004501289235,0.00139190866264342,0.00523403992175374,0.000981638187510839,0.00110310943173598,0.0028559170421156,0.0011120286323568,0.000599059140544809,0.00136282617812469,0.0570881403809147,0.0100901645364586,0.00201531656382516,0.00912812956173821,0.000674545348510817,0.0600973173858554,0.0102875210310975,0.00509608755929466,0.0012113694070776,0.0024329283021105,0.00143842678182738,0.655256186257131,0.0758202909881951,0.00296122599709657,0.00193036502475076,0.00017863208261892,0.0160378821424104,0.00776647408287185,0.000191501184546761,0.00188589166843186,0.00221570864827223,0.000525060272555719,0.000501172288866538,0.00326781382593176,0.00556063401358351,0.00278655756853081,0.00126744487823002,0.000583113642562599,0.00177407159525537,0.000852972455937882,0.0014590280077869,0.000357024190868913,0.000652194547990502,0.00210226005016005,0.00166717697275078,0.00202043736216009,0.000521966710289877,0.00131761077799584,0.00231511867087124,0.000189508142137769,0.000480033030254254
0.00351506722820645,0.000479032025849986,0.000568955876085436,0.00679162649489356,0.000549501148516425,0.0237251324926844,0.00100141788158244,0.00182452796617621,0.00179941285497083,0.000702350295369303,0.000385889224262599,0.0130893608139288,0.000586606293454513,0.000963940640725657,0.00796444816555684,0.00066926654541032,0.00113270778420257,0.000626564400474127,0.00138483703597461,0.000237033385201278,0.000365471804816612,0.00402755079485748,0.0113670150972361,0.00270907853256391,0.00139347638362206,0.00126493426697355,0.0267292358357785,0.013800528879296,0.00168855419007602,0.00260950198859451,0.00246060967721266,0.00178602967117912,0.0233407310907848,0.735734698898596,0.00521004048371797,0.00127228087093005,0.000438172431981435,0.0545960650354422,0.00130350849073188,0.000177303697324347,0.00212546542144283,0.00119676978349623,0.000342800709059524,0.000306737268671017,0.00463857223626339,0.00388165715092357,0.00131318786583627,0.000365355925510829,0.00110786885365291,0.00487107454748669,0.00142084046702488,0.00304842861097994,0.000453084521065787,0.000949998097982136,0.00563468271174301,0.000694038532719104,0.00127273014121929,0.00033215400721633,0.00309498967374999,0.00141308192734102,0.000368503077552167,0.00089551179382186
0.00185690527567987,0.00284311225457219,0.000481692452459632,0.00388082292387569,0.00206588474206354,0.0115129325604517,0.00176447156209182,0.00329298696718854,0.000471343800224988,0.000451839291154046,0.000159642443039734,0.00211382024324862,0.000308872534285082,0.000576518724352908,0.0186205219711655,0.000793086218652385,0.000897990212817986,0.00033198235358737,0.00717978343316396,0.000101907009024955,0.000307761370904626,0.00305013838982616,0.00346708922002926,0.000964118784453435,0.000529998615297427,0.0299362869623117,0.00183983682283882,0.273526967249882,0.00094423218694903,0.00121822830780919,0.00175004977522759,0.00463539487298758,0.00509326570597683,0.0172878737909618,0.399335730638424,0.00129970356769292,0.00135656799582026,0.00463841856640004,0.000474087719645173,8.62798581356687e-05,0.000772405843313339,0.000597090523074849,0.000759502864303142,0.000170012343698919,0.00227230365488647,0.00160487938509186,0.000691551050623172,0.000161914693820512,0.00501804748313225,0.045666168542488,0.017308473302931,0.00116293327528292,0.000614939032224781,0.00101064913079031,0.00496547909774986,0.000422795087193835,0.000687101781334181,0.00020200497710979,0.0718782471662087,0.000885869896078942,0.00193707615170835,0.0297624073422812
0.00407760443262682,0.000212637508341089,0.0238200966447693,0.0021613871546748,5.92062252057341e-05,0.000214344913723269,0.000579559872156732,0.000223878697121953,0.000343662937441982,0.000512773053956014,0.000681456012260474,0.00111999033382003,0.00131039153267902,0.0557836186583095,0.00161427268238293,0.00030892578557289,0.000110733869665013,0.000580923727728622,0.000131562843526386,0.00127763421119173,7.58348393282299e-05,0.000354777387605529,0.000567959000994977,0.0136894770162956,0.000263219743344777,0.000232201630778409,0.000224239801760998,0.0010970421802125,0.000576392920431497,0.00742288564378982,0.0313793690839459,0.00027922017806243,0.00111859591813289,0.00150468379933692,0.000396847276914272,0.656376797199596,1.56304725370108e-05,0.000672183346052658,0.00100381205065072,0.00723572215682982,0.0157463259498829,0.00107511400924485,0.00368176314279801,0.0445323585559463,0.000494150829892408,0.00258822310824551,0.00104904926445046,0.000340102574421312,0.000122017037851233,0.000214219545107224,0.000397087108425286,0.00778195052193771,0.0198216936758733,0.000227056520601293,0.00058373021525194,0.0388222843983208,0.00179876243113969,0.000227730693030389,8.82354338535843e-05,0.0407126665914775,3.23073322457152e-05,5.16183162471891e-05
0.000426942265178752,0.00292893494205799,1.52434023666756e-05,0.0014658432918584,0.00258566976639065,0.00152597538865335,0.00316678525400083,0.00107491284170812,0.000207774047191132,0.000234169304005962,0.00012706003996611,0.00078881937297228,0.000110533474410957,0.000128326174180421,0.107850711424419,8.39503605674068e-05,0.000286934267091307,0.000222194193162066,0.114275098744636,0.000127862484172849,5.23987368997214e-05,0.000751561496274892,0.00243358047073648,0.000246897537748825,0.000204216736599618,0.0118879762042451,0.000634199118183172,0.300601632443551,0.000435078244472734,4.44924403431998e-05,0.000468880457271925,0.118164243467447,0.00127135614114744,0.00544078455488599,0.0121004998585174,0.000255448169065176,0.278163780604055,0.00218936710738677,0.000254728378637059,8.8928145771432e-06,0.000117300918987569,8.90348141426284e-05,8.8928145771432e-06,2.37236280248765e-05,0.000468083646891524,0.000423624794009485,0.000188143888526919,0.000120375164171348,0.000228159391857738,0.00193512404442548,0.0035473098423173,0.000397970168144032,0.000350609607082984,0.000258161694394513,0.000564478028314077,0.000167793298953876,0.000166744826014609,6.5434200484016e-05,0.00762177640204541,0.000192159952444897,0.00884877188261518,0.000972570970538225
0.00271972835744576,0.000426923677539843,0.000467219554657127,0.00675023822581585,0.000430309847271951,0.0230467270555488,0.000983716720041031,0.00115724481648069,0.00146283468451903,0.00124642079913684,0.000446249276551419,0.00660687984541565,0.000689007928861538,0.000983631783827153,0.00576806530445092,0.000625668858112284,0.00151308426119807,0.000772816582025014,0.00166108666696933,0.000444451785668964,0.000318483536007455,0.00402679398443806,0.0309178317979331,0.000925222598888359,0.00409722906471094,0.00118278454290755,0.0137537379754071,0.0127558157363453,0.00152692861618742,0.00174115697974028,0.000961936119606054,0.00282600845358479,0.029022816061575,0.314761704124245,0.00449151927525933,0.00121484855482382,0.000285717625012324,0.475153114167945,0.00120628545002926,0.000219572253976696,0.000693252029765702,0.00106117282462478,0.000190672061629543,0.000604392950410767,0.00530838201996761,0.00241938263732658,0.000845210204379888,0.000513641929122259,0.000866229734374083,0.00455320951234013,0.00123417368330661,0.00397673485076681,0.000465795244811709,0.00131608600476408,0.00312262850454968,0.00060030865153109,0.000994248216467973,0.000161616122953565,0.00900540051471607,0.00140168727575453,0.000387031105351778,0.000686930970924199
0.0344970221854465,0.000662286319133572,0.00359187088038219,0.0374592809417624,0.000624928645278346,0.00135991018050527,0.0026148985790058,0.00206052257036735,0.0836582637559526,0.00188248747033819,0.00216304854890167,0.00623370873772645,0.0636837027819383,0.00669658180981421,0.00319401680318664,0.00124506500751723,0.000503779078128465,0.00637794843052072,0.000653973498790179,0.00314556678086209,0.000306211120197734,0.0418760448368876,0.00258030549872598,0.00250301134083346,0.00196554588083559,0.00122339807964985,0.0121743765750132,0.00823311630557201,0.0128696579137371,0.0200458865623023,0.00669986942817083,0.000540540542717203,0.0554195278678252,0.0175374815525437,0.00199493471886218,0.0109484766073438,0.000172636190701999,0.00296949145257736,0.382076203881846,0.00260572558093892,0.00609529889611091,0.00822631451969584,0.00163812940316468,0.00409676202931486,0.00186622883638684,0.0119575361124239,0.0139564441216378,0.0298307233888266,0.000595922436542473,0.000793657084671743,0.00224274267741327,0.032148880077244,0.00504396497756406,0.00249554513967253,0.0031090081543604,0.00664436717178441,0.00408069666176523,0.00207788419073883,0.000687969362033888,0.0149168638656105,0.000216136629480044,0.000227619320717298
0.00257904046782861,2.63790543201988e-05,0.0428639141156143,0.00162494555454811,8.1116325677721e-05,1.78251953832403e-05,9.52303149310712e-05,0.000131318488205707,0.000231943141167311,0.000510429846854595,0.00199010333571557,0.000670229093768677,0.00106247696957629,0.0977261944130679,0.00139514721891949,0.000401162049841249,4.71315709692313e-05,0.000204976420827584,7.83146186718077e-05,0.00108111019286751,6.24970590029835e-05,0.000650351981945523,0.000141134267523655,0.00828628047766121,0.000130859937479133,0.0001938851612792,0.000161485377824217,0.00142223848942558,0.000186216988125917,0.00852495987151024,0.0277254927429751,0.000191517068421891,0.00063206849055654,0.00074065838411448,0.000159754068801381,0.0241063417722026,0,0.000351854305179662,0.000974179951783761,0.329569387924062,0.0159374873888886,0.000664971313169838,0.00112289558197734,0.00981222549059746,0.000542127205187467,0.00176893042896146,0.000402262996380382,0.000347936159174813,0.000113855238292863,1.79340705448827e-05,0.000160262089400973,0.00835245272390518,0.00196900123151612,0.000131991216046577,0.000430035177771891,0.00673583663908979,0.00261342351158778,0.000226958904778304,3.30299172813788e-05,0.391547641117842,1.82391645510951e-05,2.03497244227591e-05
0.000550849764012509,8.76462771826034e-06,0.0180284864651254,0.000531128531925756,6.16125677704257e-06,2.68721137465902e-05,2.87397019205321e-05,5.94895486262236e-05,5.45842684091641e-05,4.56848285684562e-05,0.000182896840709638,0.000107203072552907,0.000199767241057244,0.00100168525044612,0.000531080150608699,3.89728116174566e-05,1.2442772018487e-05,4.9862185225511e-05,3.59278907069186e-05,0.000340062558225152,3.86900813446477e-06,3.42653741533833e-05,7.89959261602202e-05,0.128768257463391,3.9159577198732e-06,3.55612547678126e-05,2.44441939779985e-05,0.000368856858951991,7.28568139678063e-05,0.10130840106458,0.11499175769495,0.000145222106257162,0.000116001269782525,0.000288378971517102,3.98600713854283e-05,0.00199235724755096,3.34210184110817e-06,3.76039260684899e-05,0.000116888825543103,0.000468360681149703,0.584692797356121,0.000175645246907935,0.00560969463647369,0.0014334824722835,2.3645863254488e-05,0.000279608840795496,0.00031319884857072,7.72041279110952e-05,3.42406191420319e-05,2.72791523885604e-05,5.53162806146848e-05,0.0260600611060223,0.000667555203365616,4.79688574967862e-05,0.000219563658370422,0.00076761956499344,0.000214508520671218,3.01372587281765e-05,2.12088267861551e-05,0.00848961288647171,1.10309115287676e-05,8.76106925404483e-06
0.290129521716252,5.80215669191655e-05,0.00121744560038329,0.00126980099660823,0.000131287478039152,0.000528135702884228,0.000329023010543104,0.000244696475282585,0.00032505106247218,0.00192182172977486,0.0230268054694692,0.000579414857350746,0.000646222485688436,0.00557138137060746,0.0021286503705259,0.00247984048248929,0.000977152149716329,0.0050615298003795,0.000372581321663439,0.00641679807269827,0.000389153779888621,0.00246920530200531,0.00174302165390924,0.00262946028837452,0.000405424879633368,0.000354600088329137,0.000681989553172667,0.00212612844354069,0.00548127275235333,0.00195252023284534,0.00270302351076523,0.000494672775030891,0.00377386605466475,0.00372246620823968,0.000824599722330058,0.00421432220855849,5.59869476401451e-05,0.00103622784202148,0.00231951906685656,0.000570606298693045,0.00258134775210559,0.416943342216679,0.000576624007549901,0.00156765573364021,0.00110343452138985,0.11104269824059,0.0410059188568091,0.00280976986350467,0.000306301566558265,0.000316101964409063,0.00044592767347646,0.00236162450045907,0.000476476728213452,0.000119976307182401,0.000549641513255991,0.00574549389863491,0.0145550651507814,0.0122044706261451,0.000129941446384606,0.00355306613363488,6.24195110845514e-05,0.000179452458911436
0.000525995948400015,1.20648144524567e-05,0.00525749929258402,0.000589988833304062,1.06905046043775e-05,1.96216715731943e-05,2.08220058492642e-05,3.33194952113715e-05,4.14434938336695e-05,5.30673559573111e-05,7.49586550541409e-05,0.000213212015447632,0.000183611690978456,0.000551220980347666,0.000354544007925436,4.68247392246742e-05,1.27573350366099e-05,2.46420712728214e-05,3.08460149943848e-05,0.000294671942795929,8.13869633738564e-06,2.43606559595974e-05,8.39719078012203e-05,0.181643459255706,5.05774865055393e-06,4.26818186107665e-05,2.29897363473289e-05,0.000148041911395961,6.68584654360449e-05,0.00661566130001026,0.0675482875203795,9.80396436435737e-05,0.000130895111822618,0.000299071801721977,4.19861314726855e-05,0.00154983244070841,5.53216435644514e-06,6.42596115867287e-05,0.00014842346042809,0.000175015421929647,0.0200401567805647,0.00014843672616797,0.701702490158384,0.00091906278314264,1.49634961156153e-05,0.000334538216673678,0.000111432631718777,6.98888393591202e-05,3.69886932275409e-05,2.60768666989072e-05,3.79543179422237e-05,0.00468626525710538,0.000587681961353263,5.52289060717934e-05,0.000178109243465703,0.000727102056329983,0.000182602369189711,3.03885248212646e-05,7.23035943393983e-06,0.00300933631503433,1.20454802136544e-05,7.65234383411752e-06
0.00261041080804895,8.69161043785112e-05,0.0348237347460028,0.00181660178248775,4.22997807733513e-05,0.000200269774039848,0.000162504207590976,0.000141894620837393,0.000150882236538797,0.000338961464483589,0.00042397354434192,0.00127417208559533,0.000882910337722705,0.00964386456804484,0.00174128750151998,0.00036075255403491,0.000106415590609451,0.000302651049112871,0.000104808459773975,0.00116910083949716,5.70944359120989e-05,0.000186773212001093,0.000179566448816831,0.0171721009243239,3.02402003069177e-05,0.000190390718523553,6.77458118942804e-05,0.000580713896718235,0.000196438633301839,0.00910255376696911,0.0566300849527512,0.000185728319745449,0.000560309110815895,0.00112334457160136,0.000122464441208724,0.0487418828123848,2.76104283939794e-06,0.000376985257594524,0.000731392026239424,0.00391715200843519,0.0202945050383998,0.000707987280747527,0.00476510128564127,0.662820040176544,0.000178455078294429,0.00195875381818713,0.000486199439657454,0.000382237571735842,3.8294400431133e-05,7.48066576201854e-05,0.000165996533737794,0.00976891412879019,0.00397323375275863,0.000127726924652983,0.000487495208471483,0.00577901605834473,0.00137428145055306,0.00027566713175182,1.8241192435143e-05,0.089721510785947,3.17054030204996e-05,2.96960344592064e-05
0.0035228320196529,0.000297418999552701,0.00101631428063095,0.00203957777686697,0.000412528263675208,0.00149819872456609,0.000649732629412661,0.000910585779904493,0.000844729544280706,0.0160332834367377,0.000322565507293159,0.00249133731930321,0.000166868074128792,0.00138227656173456,0.00442786693325934,0.00662639903463568,0.0581074088940242,0.000666817768487093,0.000832286194834138,0.000496319576825711,0.000942256878654427,0.00156089814828889,0.0990934360976368,0.000704300442316333,0.00831075265762332,0.000435344353912548,0.00134063735547956,0.00735675424438434,0.000911456243873702,0.0010408947024691,0.000936650818880387,0.00096590930739723,0.00723854128666198,0.0254796112237939,0.00209955272134673,0.00133914407116423,0.000133164448779524,0.0075945717949901,0.000886917294318163,0.000356475810925817,0.000864287583757435,0.00154025600012964,0.000391321978573821,0.000358604252442122,0.700980830474777,0.00498734040381301,0.00103701316737816,0.000342236761483249,0.000390685084903131,0.000870564102600387,0.000856966285967065,0.00212064041285188,0.000117869795905467,0.000153432701871546,0.00144499066426342,0.00114541274329435,0.00562485843368501,0.000458815562658122,0.00200551482428552,0.0022377821447317,0.000186231017360862,0.000411728380564238
0.143207342175542,8.54024594095061e-05,0.000849538741795403,0.00183109405782241,0.000113268944561397,0.000608103572911239,0.00039272608367469,0.000372155069022505,0.000445898288403512,0.00387444189537213,0.00399366398668166,0.000976660845046503,0.000651039253462987,0.00438046725250387,0.00427259474995595,0.00517927829746658,0.00162667909375452,0.0207840812949934,0.000445666333676358,0.00295506872427417,0.00105831867311206,0.00308858986168939,0.00141920455838132,0.00153314318330542,0.000632964956789432,0.00038664902382167,0.0010949026650796,0.00433031047853151,0.0131989918110407,0.00288623494319981,0.00215813063772912,0.00069990804202053,0.00541574442224787,0.00762371158809534,0.00144921984974365,0.00414564739531383,9.19181302687608e-05,0.00189039764047778,0.00223859290207906,0.00054627403594626,0.00219459895415175,0.0560954470809128,0.00031262766008692,0.00154532818710247,0.00245803727942656,0.490921854692629,0.0780273229433319,0.0029042858442605,0.000222019797737547,0.000583255501125807,0.000431825947391528,0.00392790834067698,0.000509079889674961,0.000268863397825137,0.000542928629090454,0.00466444120011001,0.0677349495372732,0.0288793817071147,0.000350212086014329,0.00409559582251989,0.000161122970561563,0.000234886611777568
0.228514198658728,7.64853823731106e-05,0.00234254930855241,0.00154743052204921,0.000129478720692447,0.000365733740250875,0.000249545564335794,0.000281428324890507,0.000736971250383424,0.00122487119302622,0.00409906430955726,0.000422466752827725,0.000733537551144818,0.00366334178338023,0.00137852138604302,0.00163370521623932,0.000703755732576905,0.0161873857851652,0.000232231498144016,0.00348835587569131,0.000604543583117046,0.0023672854470763,0.00120544597270889,0.00262102567821192,0.000351727852845517,0.000191291953417078,0.00089812295076462,0.00216112190139491,0.0197337943936516,0.00230722002935776,0.00251842451257487,0.00035631767990734,0.00431712134325873,0.00425570965779672,0.000710910200176463,0.00408281236921176,3.59170727789259e-05,0.00105357206055754,0.00328437728162902,0.000558142169192623,0.0093154940958968,0.0400781602872773,0.000604727310093766,0.00197001663965279,0.0012548448096988,0.129783860669576,0.454632547641994,0.0100507177323317,8.92831285801375e-05,0.000320964946879662,0.000256473160455978,0.00160141296917051,0.000388327556403279,0.000264717566143922,0.000379350139523518,0.00564075336844826,0.0143792140462468,0.00379942618397563,0.000199716216984787,0.00317065700585632,5.84125026023853e-05,0.000134979356526316
0.173477416308174,0.000247947771068315,0.00194311561118362,0.00723311194837453,0.000213841739093061,0.000608211988501458,0.000576050604720997,0.000758968150140819,0.00524189284563677,0.000548158603275842,0.00819836494244465,0.000725552297283523,0.0262823004459108,0.00636566099345277,0.00213731360365151,0.00177754019384204,0.000877142780497345,0.0324472355573496,0.000329340822575238,0.0194542182795718,0.000973932122673919,0.0106449524421154,0.00114988350988276,0.00321946675925468,0.00112678195527914,0.000341597631508663,0.00176696117873077,0.00180756867928475,0.0519817839615211,0.0119668124207581,0.00296671396179712,0.000486566093765148,0.0132857726103138,0.0054326013557969,0.00154661700140261,0.00567811166099513,0.000140957380229532,0.00142118022539362,0.0623074742428058,0.000877412483110456,0.00470216991380646,0.0256461950999134,0.000746996185275069,0.00161404956907101,0.00123745302357456,0.0394205480599009,0.121854784205391,0.287744298287559,0.00043622858933445,0.000561594410921757,0.00102071930670068,0.0135518828841329,0.000965317479222099,0.000859107506272755,0.00065886673540153,0.0104094269522079,0.0106404515421416,0.00351807663273068,0.000341107539281848,0.00519574404386,0.000171605994624806,0.000136842875307673
0.00203295067600968,0.00354198066735937,0.000108882619191325,0.0132427313235,0.00388827991974231,0.00672450535253694,0.0034125029650072,0.229302418177921,0.00150022699499258,0.000146572567742418,0.00016910859553616,0.00859579114316537,0.000774799384846614,0.000340212150033777,0.00775029816221845,0.000412855172355767,0.000218118786715046,6.89079984619505e-05,0.00215037157670823,6.7784857547422e-05,5.23157788068998e-05,0.00055626544668065,0.00821329693385405,0.00367836729337376,0.00113529190645748,0.00603628424038149,0.00100922915958867,0.0260512499412918,0.000204516103906019,0.000521813233047313,0.000813473197696444,0.0020026767608501,0.00494294628963551,0.0157946887194689,0.0317800556075459,0.00207201598114172,0.00194119461656668,0.00230018991455778,0.00157915978499569,0.000102207608819726,0.000523403307744273,0.00157939905507923,9.67566256292225e-05,6.26874226893139e-05,0.00133250446962319,0.000551732707075673,0.000985978892739584,0.000646459108190081,0.225405791928418,0.0388817983699468,0.131383523833121,0.000671706119598262,0.00061768286304968,0.022951898394109,0.11011628681407,0.000404843642151856,0.000218888379297179,0.00019856024298327,0.00847709130815835,0.000515416329507889,0.00117725612935539,0.0579637964472046
0.00196441748493573,0.00175512491737592,0.000233614897312102,0.00695970761323459,0.000816872363905481,0.0793879125646541,0.00149379478440209,0.0115942588535034,0.00141393628586983,0.000908973372437377,0.000479544666325918,0.00630828034446135,0.000764605601512522,0.00136983363869081,0.0151235485814166,0.000603274777872737,0.000609801273957888,0.000549267504721836,0.00372880385165325,0.000248514705985434,0.000154401691330421,0.00312648108083535,0.00472944507571106,0.00171704326152824,0.000801607957834106,0.00484829612299737,0.00429983627151928,0.0754294163592392,0.00147808632150379,0.000443497996050131,0.00135373474691921,0.00267129734517734,0.00748371626093881,0.0497943107609249,0.17516061803662,0.0010237686024543,0.000595124286783134,0.00798582797485627,0.000876376078811315,7.89371723216705e-05,0.000549361744793347,0.000644658938706302,0.00518084625889164,0.000350488265971112,0.00212903957947222,0.00166108442457998,0.000787222616546387,0.000664226795560027,0.0257276053407836,0.323941270159577,0.00999804198637247,0.000948674782209094,0.000396719723001338,0.00453800896278078,0.0539928383134022,0.000766188299111953,0.00107196365661608,0.000365581796849094,0.0640961441342958,0.000636556559393844,0.000640670264176927,0.0205468959083243
0.00134733983118203,0.0342875723491084,0.000193604985498908,0.0106615482649133,0.00927674146422884,0.00196419350940681,0.00277031656805544,0.132301096183053,0.000629491569275981,0.000216708366667088,0.000115262257886842,0.00300244427634921,0.000789475777156878,0.000758052671146316,0.0126565962792672,0.000346082208373393,0.000269251570524528,0.00016930726624845,0.00609717461817558,0.000164138559532776,6.17468016297115e-05,0.000586585967547822,0.00219607976827983,0.000716281537991863,0.000380309974860972,0.0505529951385592,0.000822458187631758,0.0544978123002952,0.000304455681677656,0.000422711646393386,0.000822771821286384,0.00245549034261452,0.00206710389793903,0.00901145686411724,0.0315236281458698,0.00103975963006019,0.000605943752452572,0.00173900396835777,0.0016654442589771,6.88236986895814e-05,0.000395375119458099,0.000454899589738263,0.000110957433747359,0.00026895006411118,0.000972146827014283,0.00112412223556608,0.00069086892261928,0.00038901566512027,0.0277115478668871,0.00523672580275408,0.523889248079366,0.00254978985999156,0.000427360028564728,0.00764341702228135,0.012901444266768,0.000714227980638147,0.000792909059726745,0.000174769706188943,0.00353323058862094,0.000477291992026564,0.00368524858751078,0.0262991913400171
0.000848898929666494,3.228883940238e-05,0.0046708439197304,0.0010791176793497,2.29627327310802e-05,4.19497094418435e-05,0.00011177168250822,7.65597533865507e-05,0.000189877970879398,0.000126101992667238,0.000180600474703194,0.0006689952700607,0.000507992902060948,0.00119110552783195,0.000724857085002169,9.75214626574316e-05,4.26325422445898e-05,0.000105088609635262,2.97988247311474e-05,0.000316688965546346,1.76927428091486e-05,8.90652118271304e-05,9.97007173275696e-05,0.0138049175926533,3.66443960272244e-05,0.000238002742904703,6.25182166368632e-05,0.000437453459288657,6.47066374554818e-05,0.11956098423291,0.0165502351330954,0.000129709029479801,0.000249988529944661,0.000624572319158987,8.67172692946079e-05,0.00142249344831355,4.02298198349736e-06,0.000235092056075505,0.000565061036377421,0.000318233819270357,0.0319708676747153,0.000250212742992907,0.00177683321876889,0.000844184040316648,0.000113379586391496,0.000571739631745787,0.000136946399847578,0.000156472476074843,4.26072716163351e-05,4.63066153578386e-05,8.66858834573561e-05,0.791483263358043,0.000583756478798435,7.87394403275889e-05,0.000402757083411435,0.00104485606531352,0.000396422245076834,4.97018004250315e-05,3.04346770819732e-05,0.00424012597651392,1.66639024417741e-05,1.35769842101115e-05
0.00545121383073815,0.000251302288622477,0.00967153865315546,0.0077573993702565,0.000746935964373395,0.000236351490075395,0.000474041311376211,0.00116906889433151,0.00145884533786526,0.000231836072115754,0.000659524608357972,0.00120097089301301,0.00869152661525961,0.0210728006532098,0.00190088100330725,0.000245564608272912,4.25506621162281e-05,0.000152656714336629,0.00013857053803254,0.00163710712169191,5.30304489722928e-05,0.000629900913035466,0.000857614857992915,0.0236849484159743,0.000518754236489483,0.000204258848571833,0.000539963768750816,0.00134132904985219,0.000216272086939883,0.0114977954888429,0.0207475156951952,0.00013510416010979,0.00142917730567839,0.00295872690666094,0.000204772249672058,0.296577319813987,2.04180496502144e-05,0.00208434095970425,0.00330815214126178,0.0030285265297513,0.0164039144387905,0.000804778573663927,0.00573174783188514,0.0167199786067676,0.000172860705235538,0.00232466426510879,0.000675852896369355,0.000504096028502631,0.000565661234885203,6.88684403833329e-05,0.000618868088128868,0.00990206155042031,0.429128324259658,0.000912403229646955,0.000540602971299174,0.0637017744796602,0.00126859192886867,0.000217744010686415,0.000168939355700709,0.0159639236292535,7.97091115905418e-05,0.00029602580589344
0.00185451080449936,0.00150716921964127,0.000304370339225035,0.352966778799768,0.00106933746484143,0.00583202025415831,0.001685541953508,0.0823001270374324,0.00766499737847747,0.00221182004685435,0.000219380453631363,0.018566180276037,0.00354752428461937,0.00101927288283925,0.00418542254333736,0.000553145192631765,0.000493605485010842,0.000244205285068834,0.00143022191735792,0.000395973204710446,0.000125090892694699,0.00125246750854089,0.00255842618538782,0.00110886370905793,0.000647690465939134,0.00239185140038787,0.0012718422628715,0.0108173409741876,0.000193507408499246,0.00062097361196783,0.00118211458283182,0.00125414368916028,0.0028329247651591,0.0169540353011121,0.00322948683363439,0.00161451185256597,0.000308480687928737,0.00319368967869327,0.00566127475015597,8.09342465683307e-05,0.000962887168631507,0.000627812003262609,0.000300006073334569,0.00022635569874714,0.00153111842115646,0.0015640165856679,0.00123891983442226,0.000826657999259548,0.0141382863926367,0.00422248677964115,0.0133286832199177,0.00167991038909552,0.00144431034720721,0.327095633334193,0.0749300289262023,0.001013446338287,0.000902264458388417,0.000345415178760855,0.00171191555093685,0.00128444367237064,0.00045491769303628,0.00481922830385004
0.00342417081872532,0.00197913430528188,0.00219035367963114,0.0372761110021202,0.00141418060278426,0.0384713525410337,0.00102126545857728,0.0427789970762677,0.00349463382494556,0.00058510795487173,0.000447134629825706,0.0923946848619679,0.00200583370032347,0.00210125740397189,0.00893490164892574,0.000911169535825117,0.000740425822908885,0.000379287823239979,0.00128364843715149,0.000261721024833593,0.000217401803323462,0.00187744988886329,0.00528481776056096,0.0075452319264778,0.00047065268409329,0.0015390002902663,0.00375630117625017,0.0206075951221555,0.000497965170473111,0.00866342636086776,0.0144395950119207,0.00265300311217604,0.00590208868790204,0.047866112546578,0.00992107358745087,0.00427081916743186,0.000207696764910263,0.00381229482150115,0.00282357673101675,0.00039332797215529,0.00970027953336223,0.00179853021139466,0.00205593738211954,0.000999313181758348,0.00190210558466864,0.00287171662736914,0.00146471272086466,0.000692984748991567,0.0291670843958959,0.0273034581984297,0.0103091343450219,0.010221637762536,0.0020660875063291,0.0364996662111229,0.459539062534749,0.00160243225966243,0.000994282043627359,0.000250136778909266,0.00359121168171112,0.00750460548890646,0.000646213979796191,0.00397460408318638
0.0165521793979494,7.84791727612854e-05,0.00493874148923725,0.00165920857452204,0.000135652436335405,0.000207326365996707,0.000159043706247577,0.000189566337336232,0.000581555468195262,0.000626439635142459,0.00716598584703781,0.000575311338532863,0.00381298573504224,0.147559329133969,0.00170189976435772,0.00065109751442508,0.000528203598732816,0.00112405386231827,0.000119799563646364,0.0158092495991156,0.000152464567678076,0.000828701994993089,0.000512522577504305,0.00850791770450474,0.000351802383749103,0.000282375345231,0.000361334313769289,0.00146270459850772,0.00104913473022167,0.00956733336911112,0.0117682148167812,0.000519473920904276,0.00163431585760624,0.00144428868899238,0.000331513685017067,0.165281929323205,1.49161549121199e-05,0.00057867228280516,0.00148492037449629,0.00760106299386514,0.00818169380194804,0.00405699381172017,0.00250993034414798,0.00991430965192496,0.00090077078916226,0.00618734453191221,0.00263647318983193,0.000951500113150582,0.0001529693615113,0.000144772694578323,0.000244301615340365,0.0104482289141366,0.0190907430953055,0.000199650453135991,0.000600694987639717,0.491313932918915,0.00362540523026376,0.000508296632872909,9.35503717030139e-05,0.0201902482938932,3.85275596805545e-05,9.79534124699656e-05
0.0580174568141381,0.000770468506256626,0.00168264999943025,0.00190534922291114,0.000247327524988634,0.000479066537990095,0.000820169299953516,0.000834514219048431,0.00214482139053509,0.0100929518289501,0.00249398618078335,0.0014284116614011,0.000612631798612346,0.00720711883723378,0.00362215370474667,0.0153233511338529,0.00485313967564563,0.00994639399018155,0.000908206008471707,0.00296724611067514,0.0023277191240223,0.00370014065789463,0.00283107435148814,0.00490217313047361,0.000734081047859206,0.00146510482796859,0.0026539606693213,0.00742309736786142,0.00573057765797646,0.00690401037063808,0.00630427251364315,0.00124138280029934,0.0064486131600579,0.00573078812811367,0.00243620626041666,0.00778987796838454,0.000196012170900521,0.00121494438367257,0.00228270026426934,0.0031507348151428,0.00588106842773521,0.0175812104396853,0.00139136025213572,0.00298369859725173,0.00509453385401329,0.230014042470838,0.0202288081398221,0.00116356750363988,0.000300908156046668,0.000447366048310189,0.000978889794980134,0.00820957670791313,0.000566879335996706,0.000272491197433099,0.000965246754999221,0.00706921234427918,0.39718006751182,0.0899870693010529,0.000447167576905704,0.00678152644441102,0.00027712578904893,0.000353297235471735
0.0535764847952097,0.00010876866015119,0.000851664147379872,0.0014419884573968,0.000153760845531582,0.000522050408953654,0.000157676156002094,0.000112044293426793,0.000807408078481273,0.00563489260200893,0.00337135413549564,0.000370346873929658,0.000396174586766974,0.00280572368740706,0.000985641090944043,0.013175329400803,0.00176671897587339,0.00689692386863873,0.000306046656324442,0.00230833393053774,0.00115223930814199,0.00163105513109773,0.00112840309143049,0.000562647228360843,0.000477554132749793,0.000234722067014845,0.000875835264017026,0.00167716037168248,0.00453704798528522,0.000995384935156584,0.00212607531040627,0.000361790925388742,0.00341928976057386,0.00418764833792504,0.00112269182136608,0.0029849016552305,5.3761884599437e-06,0.000619591051158705,0.00335781842108694,0.000181040532357901,0.00155771400325166,0.0453718184386885,0.000715989615427682,0.000976282646123417,0.00131309067645954,0.251380539015109,0.0159353048963329,0.00160210716267539,0.000295395255929056,0.000420738997373142,0.000207599060538417,0.003394462055931,0.000553159360228053,0.000148192221828946,0.000569974375969938,0.00422666888644506,0.222446782269042,0.319773243966299,0.000309058985035448,0.00130197112414575,9.4997852971108e-05,1.73039640409949e-05
0.00106685407601479,0.00184209928632611,9.21763221846192e-05,0.00210538584891551,0.000962172224569814,0.0273955609410795,0.00135170259993583,0.00173060535574492,0.00044450532888195,0.000776025028695937,0.000197515848149204,0.00194839959043823,0.000319234251857372,0.000363968767087261,0.0102202622216396,0.000492663176779159,0.00108372182700961,0.000262106340310003,0.0060180246896805,0.000108978301616888,0.000161750081830072,0.00150435499162859,0.00603215549532569,0.000151498686732507,0.00127298773726063,0.00808474213442961,0.00175018508907248,0.33843444513111,0.00077812268985838,0.00038717793891928,0.000283635327051949,0.00250256291707342,0.00334411716772699,0.0246773813395615,0.116114557759,0.000431801606597279,0.00167268798496492,0.0186200019849639,0.00043352598533523,1.12060249036211e-05,0.000260128294273481,0.000209536039886516,4.21316399309546e-05,3.89869560918694e-05,0.0030692349147151,0.000941667757616104,0.000283937651526352,0.000104153990201797,0.00266962072468936,0.0325785979565155,0.00485684942084171,0.0010973008552354,0.000375515241006357,0.000598203571929274,0.00362522514815078,0.000109240764235979,0.000638328715907012,0.000145016565808317,0.352810897641183,0.000328499288521745,0.0012583390370602,0.00852772772441065
0.00151926205066294,4.95688644169505e-05,0.0854283999205611,0.00115785785110715,3.62990839035498e-05,7.57912472419376e-05,7.54730226283254e-05,7.30074483489848e-05,0.000103883175230586,0.000145704095394588,0.000847077768713299,0.000399043887259637,0.000506015291479227,0.0136272233011331,0.000821411021123087,0.000247446257655,5.85281513667127e-05,9.44900431191129e-05,4.87919341179873e-05,0.000659655170002964,1.7266652813932e-05,8.90158962650736e-05,8.23191517229902e-05,0.014235967062419,1.69873048812672e-05,9.10561592172093e-05,0.000187754145132634,0.000796808698929545,0.000100565580966891,0.0121096910780583,0.0641894605868139,0.000198941713505198,0.000389320399853925,0.000951662630101783,0.000163244920983341,0.00853981330213982,3.48363225896823e-05,0.000179699571076856,0.000446529235740237,0.0205085166592109,0.0237127315859923,0.000624640708541107,0.00211150502797192,0.0140763656256961,0.000132105203728893,0.00127148025415801,0.000339372195453875,0.00014237647287135,4.727466394813e-05,5.64008320426128e-05,9.58762551401437e-05,0.0116703800824811,0.00120699382312596,9.31096527720708e-05,0.000779046951638724,0.00247536331439706,0.000846584878916295,7.32233049573525e-05,6.29085971639103e-05,0.710833303054954,1.71205064400889e-05,2.7450349720719e-05
0.000568132030124124,0.0258337759205245,1.86361985903295e-05,0.00120486401255982,0.0421008950677959,0.000702023336137204,0.00497833908813432,0.000897958873448891,0.000494461780597908,4.91514229997074e-05,0.000108059087151183,0.00203840357554031,0.000125552943751341,0.000395613085705584,0.300000127442724,0.00053101174755138,0.000251878482129607,0.000163348412341689,0.136573294881781,8.77782258833379e-05,8.1281984097637e-05,0.000418490811690219,0.00112172001098511,0.00012967015542442,0.000392672247405863,0.0859865712864776,0.000565305501137659,0.067840238714568,0.000285368576221893,0.000142272908597615,0.000271362550072948,0.0258688773705816,0.00168790648137622,0.00591563992648136,0.00912981409022399,0.000267102124994809,0.00614878663459584,0.00204039985062113,0.000291485727690347,3.13673094250055e-05,3.24408011074351e-05,0.000106985595468753,7.32834376636664e-06,5.31304923061581e-05,0.000465391562238787,0.000912827712382854,0.000176127181010616,0.000290790442822874,0.000752715013021223,0.00175335340758787,0.00919647163462251,0.000265781260943418,0.000119017177646862,0.000563981113004096,0.000955774312029472,0.000417820609022615,0.000246712005598154,7.72629487212625e-05,0.00335056073998154,0.000115446938271289,0.252923942870327,0.00147649795997695
0.0020545860063566,0.0032569914064008,0.000119961220267133,0.0074310416003458,0.00292646023841448,0.0095077399200223,0.00255971573255688,0.038538524450069,0.00102463299695721,0.000295251450990135,0.000501617306782305,0.0042744219520292,0.000996641631614995,0.000971212780107098,0.0120538168324392,0.000357738237071095,0.00102168603530743,0.000215474280738791,0.00429493941161055,0.000183571200259768,0.000195070469009037,0.00255438226776849,0.00330384770188892,0.000671717006645194,0.00096604784225314,0.0119061726649654,0.00185361467888506,0.0973918791784779,0.000570193764024279,0.000425570196871373,0.000637266485724273,0.00254621885501835,0.00488466344144478,0.0207658208502562,0.247987821563594,0.00168722455148332,0.0011059704083793,0.00275820187518583,0.00180347435962872,0.000218283622577025,0.000922356691060905,0.000596903928134127,0.000234151713997231,9.70181008252222e-05,0.00135906243185893,0.00205188619994483,0.000757474418500936,0.000275356800389651,0.0437483212643382,0.0471321938183159,0.0714840950851744,0.00132412379178608,0.00112917207163073,0.00472224119657505,0.0117058827076286,0.000373585939607221,0.00155828980646328,5.31962746089217e-05,0.0238326350524555,0.000284461431895638,0.00227420126958958,0.287263923530798
