0.534786616038518,0.000605702380673701,0.000427742392676025,0.00169782559902399,0.000466712703949059,0.00144695568716496,0.000444766965518851,0.000421358177859965,0.0011010908495049,0.000675510729585025,0.00115526702057285,0.00099127212355518,0.000956834195557009,0.000971179214823582,0.000811504638841417,0.0011673182112565,0.0643849701177822,0.000862303300495738,0.000659835202134878,0.00266860179311313,0.00753711514731201,0.00037454060254219,0.00126927648639299,0.000568053247188991,0.0123485213492002,0.000604806636247978,0.000659047406396356,0.000678854842107723,0.0011718163704537,0.00156838877314544,0.012197779046254,0,0.000374540602542191,0.00122896135209157,0.00103778958621066,0.000496565133955538,0.000738547250637887,0.00105144471234501,0.00351774913445365,0.000801750977316881,0.0014571168646847,0.066448287544287,0.000713392397670016,0.000491584540836625,0.000669101180583187,0.013797293789803,0.0033860425489443,0.000817844518832366,0.0308666730633537,0.00037454060254219,0.000672166617062327,0.000889229920808372,0.000378442067152003,0.00175599833220869,0.00060602750272452
0.000179454915346095,0.749061668564744,7.9764658764173e-05,0.000161533198672517,5.91229847748501e-05,0.000309553429818635,5.44395797520629e-05,7.14830821711714e-05,8.69752344744689e-05,0.000136988484997019,0.000126795775344094,0.000397532098660083,0.000174296545121565,0.00201988084185957,8.71744904526483e-05,0.000799202590713087,0.000422887231213477,0.000141414814226532,0.0369551632665167,0.000795330236895429,0.000165071124421407,0,9.14584939834646e-05,5.79375075008373e-05,0.000433465708706607,0.000231889443965167,8.75415409387635e-05,0.000348947031783318,0.000661748810162629,8.77437932474412e-05,0.00180044745885895,9.19068199343622e-05,0.00819288578645141,0.000136291089073397,0.000186479361738939,0.00014122267453329,8.85443753026171e-05,0.000155487591152815,0.000396038047861864,0.000103017506543607,0.00022423528608691,0.000215786358998653,7.48704338001887e-05,0.000122044286633707,0.000121368239564891,0.000100956362276591,0.000175999959010195,0.000104908272510445,0.000220380225238954,0.000126393431542005,7.77613632077117e-05,0.0001344977852698,6.57544727985689e-05,0.000200367213440394,0.000155569104962069
0.000499386995856934,0.000512598292043626,0.544655690973439,0.00208901582171783,0.000458696203601925,0.00759971828290083,0.000554874439841039,0.000701784053437048,0.00044389955187283,0.00311410802025497,0.000823539359093596,0.00046503762577154,0.00150283018540118,0.000429807502607023,0.00043685352723993,0,0.00119715313762832,0.00163325067186966,0.000847871630825886,0.1556610084766,0.000989790310306922,0.00840761082157886,0.0360578374867713,0.00092242956523929,0.000751362444944923,0.000450945576505733,0.0014558848397734,0.00138556665039262,0.00040162340407542,0.00201694390837876,0.00249178952708566,0.000878404404235127,0.00044389955187283,0.00260048637701466,0.000833285123691105,0.000514359798201849,0,0.000670253093204811,0.000495931733777338,0.00982223576710767,0.00773119245682026,0.000744362173718728,0.000617882160116029,0.000902098389030082,0.00178432185703683,0.000486175699670242,0.000556635945999264,0.00046503762577154,0.00119119263499769,0.00148635443680144,0.000619043592747826,0.000561920464473941,0.000452354781432312,0.00233212898894384,0.00135054464921494
0.00196677783303147,0.000665325370719291,0.000858269728227889,0.627374158750903,0.000628067149959012,0.00252717188814018,0.00121175428645709,0.00371190142211763,0.00163576722833262,0.00304290080609256,0.00881142298445016,0.0007345192092741,0.00151102784194471,0.000982020247181679,0.00081755181553987,0.000791293640908813,0.0226258587961395,0.00204183238386285,0.000993197713409764,0.0175130014813213,0.0207167405455656,0.000694599687030941,0.000783650928957986,0.00140661880194981,0.00472541861102523,0.000878229489349469,0.000955331195167681,0.0017774167278766,0.00178307199352771,0.000654680164787785,0.00575262249327334,0.000938679051603393,0,0.0232515863403993,0.00117274685345454,0.000851616474520697,0.000998335182359318,0.00112885466378042,0.00114359926578494,0.00145170194031689,0.00261986121692953,0.00228841512653348,0.0011595670746822,0.00228512812146616,0.000661067288346688,0.00116742425048879,0.000831086434509928,0.00084401275599819,0.00691423672294237,0.000907412036644465,0.00879141935572172,0.000956680028714283,0.000729196606308344,0.00190957495442612,0.00102903657337917
0.000387247752771496,0.000337600604980278,0.00045576081672338,0.000413950280260436,0.646975128258551,0.000861059227228659,0.000332198995300594,0.00026332847188462,0.000452867097252119,0.000753664247118051,0,0.000573921028466478,0.00039049136642719,0.000577297034516282,0.0762239097800595,0.000624561119213522,0.00263760904120214,0.000663626332075526,0.000462512828822984,0.000982699094330107,0.000687097612231298,0,0.000326990300252326,0.00089126559714795,0.00202355526666048,0.00527257947044043,0.000911521633446763,0.000642405722619622,0.00071253586509956,0.000358821214436181,0.0032581055308328,0.00029371252633284,0.00056716901636687,0.000728438228438225,0.0374220253899398,0.000458098051680935,0.000400193582011758,0.000346378220709765,0.000801954891648616,0.000543390191146522,0.000603785697368581,0.000619075109382592,0.000520699286034292,0.000522974028078545,0.00052665694376924,0.000542861772808293,0.000638740344622693,0.000629962728893206,0.00065603420787136,0.00036171493390744,0.000526656943769238,0.000789422747978894,0.00039836871387673,0.00135850483444066,0.00028358450818343
0.000129158100057987,0.000282156266657291,0.000457127177038607,0.000372626499020772,0.000190002987330203,0.676583318802202,6.98907467846255e-05,9.68722980372664e-05,8.00901876340743e-05,0.000709563338062465,0.000128702515930799,7.34851280478352e-05,0.000622702147558489,6.98508092150342e-05,0.00018128994089772,6.06801447976518e-05,0.00054498983013928,0.000787046611813333,0.000141796804773238,0.0191139408678551,0.000282705327778865,0.00367719686081223,0.001188125140363,0.000110215945727754,0.000252145381223789,0.000168072752544187,0.00278360471306857,0.000478416973751463,8.12729541181215e-05,0.000283924708221946,0.000830881385997625,8.96368028267432e-05,6.53112388048336e-05,0.000504534388766554,0.000242695037721681,0.000103650473579698,9.89553130546311e-05,0.000242258981918882,0.000147040734159654,0.0207691380789594,0.00162922462463819,0.000226329745645402,8.92456763439232e-05,0.000207261722760691,0.000237952738162055,9.82304461665504e-05,0.000143977600880967,7.27731974594694e-05,0.000218059129968031,0.0189130153941161,0.000226026675101479,8.96199061626855e-05,9.87539611412757e-05,0.00112773163540204,0.000139662276943605
0.00404369926409225,0.00430923298687505,0.00406179057267746,0.0167040303600504,0.00221910325468478,0.00364383671684287,0.546508419128099,0.0114783933917535,0.00724843840882078,0.00423279362948097,0.0194360680666727,0.00227600333813823,0.00376383514992118,0,0,0.00220013656020029,0.00895134316978892,0.00636806767316592,0.00223806994916926,0.0290186257108342,0.0063407118638133,0.00220013656020029,0.00306718545091962,0.00303467111751764,0.0051678664030668,0.00597541193854069,0.00258895379713224,0.0042485395645247,0.00220013656020029,0.0023139367271072,0.00430092376833899,0.00220013656020029,0,0.00390975515959492,0.00381019818088326,0.00204840300432441,0.00411048690303106,0.00271697898490251,0.00279717511701626,0.00334999241332221,0.00318640467339352,0.00313582682143489,0.0148383483546712,0.0507281960130758,0.00417267278658675,0.00213944313784994,0.00249670669213951,0.00504922586706973,0.004849637882033,0.00238980350504514,0.00298891020384079,0.00404454222829157,0.00669921292628749,0.0374189955405341,0.00514555264484976
0.00126280790933359,0.00209402324205949,0.00153177139910359,0.0248816545752238,0.000943109704439003,0.0042117278326297,0.00368582290875553,0.50523997653907,0.00181328825588644,0.0184941898364427,0.00265532194751012,0.00093511724931664,0.0023276027430106,0.00237375917134225,0.00233699387777937,0.00091113988394955,0.00374646333860835,0.00531959007167822,0.00191818922936748,0.13727384206452,0.00267065537191714,0.00155528856435201,0.00195175754088141,0.00116769769337745,0.00151241843084743,0.00196614396010166,0.00158250611422817,0.00607977793101244,0.00100704934541793,0.0011938204019616,0.00225858920326752,0.000949503668536896,0,0.0274891271870124,0.00128320244999065,0.00189421186400038,0.00142757544570233,0.00150338080851676,0.00108925745524796,0.00545847510647623,0.00583750116360744,0.00166206737203716,0.00166163141993957,0.0141566580927824,0.00113721218598215,0.00091113988394955,0.0016864080308189,0.0013727041672661,0.00168526625151571,0.00146574676983189,0.00321589102813773,0.0015805879249988,0.00137383823184427,0.0024511055112361,0.000903147428827183
0.00182072829131653,0.00150829562594269,0.00220857573798751,0.00225885225885226,0.00127935789700495,0.0020714579538109,0.00193325193325193,0.00148343361013044,0.449396918530726,0.00182380644565519,0.00191952953789396,0.00160448794902576,0.00159448394742512,0.00129282482223659,0.00165912518853695,0.00208737341090282,0.1526912540164,0.0029550281651122,0,0.00407239819004525,0.00747264717852953,0.00185023842312845,0.00147328162034044,0.00113122171945701,0.0120817557792348,0.00190691661279897,0.00127935789700496,0.00141210330285961,0,0.00136464842347195,0.00965608465608466,0,0.00409394527041585,0.00380216189039719,0.0021472264119323,0.00234117315565279,0.00428613990705494,0.00188536953242836,0.00224163091810151,0.00231314245155076,0.00205676676264912,0.00311310421604539,0.0373889200650675,0.00236568986568987,0.00191769015298427,0.00291836191490171,0.00161218333487241,0.0126808119697583,0.00263028288238372,0.00211741501334262,0.00176255117431588,0.00314811239180987,0.00131975867269985,0.0150551344798274,0
0.000214995968825579,0.000352148569628109,0.00111647571358995,0.00109246090350539,0.000260801760213296,0.00198243961970806,0.000280586214104264,0.00102945919328241,0.000212786129623461,0.566673343707697,0.000502922288871557,0.000214300938753946,0.0138514146891576,0.000262005275488854,0.000439670874945037,0.000297388624590243,0.000991164365859709,0.000644513251793682,0.000364195757536438,0.0397014415585619,0.000533569239608583,0.000281306986030405,0.000828611461011974,0.000426764441686333,0.000533915481695551,0.000288141149077588,0.000492381107610821,0.00341781674200657,0.000341723118553593,0.000252457387636098,0.00195677697090925,0.000385612980484581,0.00021499596882558,0.0182127411181522,0.000465038302475399,0.00016680721719226,0.000205419998949727,0.000422847327452428,0.000342234962404795,0.00250679270964882,0.0963121246137491,0.000505305646674759,0.000328054193811448,0.000261916595415918,0.00343227744093288,0.000253159438213507,0.000428344458962846,0.000190176344238519,0.000407750975358863,0.000393396105905498,0.000631577914506391,0.000341954795244136,0.00016680721719226,0.000867487939815591,0.00180136708643609
0.00223668727469695,0.00867104944506465,0.0016596511067831,0.0426865233361432,0.0015261460492974,0.00323291658813428,0.0121409866363754,0.00225754434462106,0.00599783122917615,0.00501216597558166,0.559217504449018,0.00139862441175503,0.00394494356139138,0.00149735084082009,0.00172771250863856,0.00137065192351993,0.0287034435272169,0.00369191332519716,0.00149735084082009,0.0102979259855556,0.0405790937926391,0.00154054365353605,0.00230361667818475,0.00209245181601782,0.00737484555297271,0.00422029774245566,0.00245993352420443,0.00226781722980755,0.00132457958995623,0.00181049873301083,0.00815008478974641,0.00213675213675214,0.0030961705115126,0.00514983222454434,0.00219910073630415,0.00188276363120869,0.0016660084904729,0.00230583169422147,0.00252575114358114,0.00261625037022411,0.00491396492493214,0.00260140127316961,0.00388292311236333,0.00592779501025913,0.0018428933425478,0.00223962732601295,0.00218613222759733,0.00184433310297167,0.0127717824677051,0.00181409813407049,0.00273498019341346,0.00224299518665357,0.00170016926574722,0.0106059041430678,0.00219254944548656
0.00157285925005822,0.00864322128199157,0.00082809305695727,0.00114395575791065,0.00093160468907693,0.00211960496692395,0.00082485831845353,0.000853970964987187,0.000861734337396161,0.0020961105504231,0.0011218073130968,0.594158190229924,0.00111427227517045,0.00535543306679088,0,0.0968105336166822,0.00275131241149086,0.00118003260616411,0.00180999271244719,0.00293744346730266,0.00169845336369674,0.00163030820588464,0,0,0.00291210849819249,0.00160982152869428,0.000834562533964747,0.000993711668348728,0.0272323747985576,0,0.00636596537535906,0,0.00323938844033848,0.00140172001828705,0.00130547236035123,0.00782138442257998,0.0010589512364873,0.00120332272339104,0.00319233614841323,0.00145272106202934,0.0011305411070569,0.00435923575727612,0.00115156690733121,0.00170794192997438,0.00120332272339104,0.00122615617165273,0.00680148203632406,0.000815154102942313,0.0016721109803945,0.00122273115441347,0.000901413796375362,0,0,0.00317263152446756,0.000795745671919875
0.000367680853019575,0.000529093299568523,0.000585409094635582,0.00109784202807458,0.00027327630967671,0.00186267084649289,0.00039556745825704,0.000449387709246147,0.000269860355805753,0.00856571079017996,0.00100565681961031,0.000540859362901826,0.727484809891281,0.000296699993363284,0.00027327630967671,0.000324515617741094,0.00113709605928896,0.000569448742596608,0.000347573306370066,0.00875790511786468,0.00100461576700201,0.000323727320693948,0.00092696566407385,0.000404945804339126,0.000915840005829891,0.000288892098801094,0.000511937620127707,0.00921571801248243,0.000478023329388341,0.000336129860902354,0.00192705856127085,0.00984080003291328,0.00027327630967671,0.00595832446186339,0.000569472567906956,0.000427782530917006,0.000542648672072329,0.00204236503528718,0.000310282476612098,0.00150451939028723,0.0259989375257323,0.000670551744869234,0.000265078020386406,0.000361332009461429,0.00663145506421543,0.00049531331128904,0.000597612140371967,0.000277830914837987,0.00046585070915202,0.000450670327940991,0.000452613887902054,0.000314267756128218,0.00037347762322484,0.000917718950406872,0.000501006567740639
0.000747305304988478,0.0290652007695844,0.0006857625151659,0.000970617713773274,0.000879182711751153,0.00128929558846802,0,0,0.000646199293137092,0.000638286648731332,0.000836479551466097,0.00494062038610227,0.00165685978314559,0.705371671109921,0.0010330396863076,0.0231008638984585,0.00100424645249776,0.00212872114082749,0.00490613259247537,0.00158191549786481,0.000962705069367512,0,0.00283976015895623,0.00065938703381336,0.00127371595364948,0.00107197492068516,0.00109897838968894,0.00146823512862443,0.0272313802144472,0,0.0029097807820707,0.00067257477448963,0.0126118276933279,0.00141317052720422,0.00113718902293044,0.00125666406315141,0.00134954546253802,0.000949517328691247,0.00106955268260176,0.000875665980904148,0.00123153209084527,0.000819837878707952,0.000891491269715668,0.00081763992192857,0.000870390884633641,0.00108872125805185,0.00135953617517156,0,0.00112455461403079,0.00131762730756793,0.000978290581075829,0.000681366601607142,0,0.0011394207944295,0.000720929823635945
0.00028423333094607,0.000352640051813952,0,0.000374109017440827,0.0788632516234035,0.000502603820300587,0,0.0002506624650863,0.000359680743552401,0.000547080776974064,0.000649931963045186,0,0.000375993697629446,0.00051922939196447,0.673218584752639,0.000220821695433167,0.00160296382640163,0.000459861966022982,0.000283487311704742,0.00104451099636564,0.000592040869918114,0,0.000390914082456013,0.000256630619016921,0.00172126984953741,0.00213381396866321,0.000240715541868587,0.000344660889493658,0.000662465086299507,0.00034913700494163,0.00241769915729666,0,0.000375993697629448,0.000378748230212812,0.00663448847936422,0,0.000468500083554153,0.000245546904574331,0.000354508343479192,0.000258335805854243,0.000781657646228295,0.000443907173391744,0.000468500083554152,0.000698274009883265,0.0002506624650863,0.000455444746830907,0.00032416499244243,0.000491558860104298,0.000268566926878176,0.000246186349638328,0,0.000678099968427622,0.0002506624650863,0.000615597524550174,0.00039688223638664
0.00107393172055166,0.00807431965986276,0.00048448047543684,0.000972652230686529,0.00078952373774892,0.00157532330692356,0,0.000460256451664992,0.00048448047543684,0.000691192144956554,0.00580730596556959,0.0404138350587109,0.000998183582725423,0.0165358687693238,0,0.670128779524471,0.00186112277452996,0.00104324795710733,0.00240606303565966,0.00468749813086236,0.00177472847844232,0,0.000893597321361282,0,0.00135919276551515,0.000909531345886759,0.00045218177707438,0.000772477202502071,0.0105236967741409,0.000624441501674147,0.00437121570047239,0.000484480475436835,0.0021400070009611,0.000737486945942743,0.000754050381000412,0.0031475259019589,0,0.000744664434467733,0.000870003236741898,0.000675581107414701,0.00076562596345549,0.00353216546623171,0.00072672071315526,0.000701343164441897,0.00131132715351571,0.000733641862804355,0.00168572658576654,0,0.00109142684883132,0.00134039598204192,0.00120716385129679,0.00041988307871192,0.00095281160169245,0.00482770544347062,0.000479097359043097
0.00312857341398774,0.000260401888288988,0.000135948577034565,0.00259566352881456,0.000350969285609645,0.000520718448334792,0.000159154663714483,0.000204650507146296,0.00548088929479622,0.000441054394314976,0.000916242798170624,0.000316901488422055,0.000386628407534287,0.000221542645196828,0.000285824262011246,0.000157498405003444,0.657232630156113,0.000358617891619174,0.000138861760828163,0.0030308453205079,0.0126726574368061,0.000119787343131987,0.000196339339485975,9.15572049416464e-05,0.0321840679463122,0.000655858131809102,0.000146265460733938,0.000319193549776956,0.000268567801162163,9.69828170863372e-05,0.0194409818903202,0.000130796007059495,0.0001037648322672,0.000692172469358852,0.0013595406497892,0.000181104617579695,0.00028616949637575,0.000322729489486294,0.00226142942462099,0.000402851701743246,0.000673834198420356,0.00375411370210921,0.00200580707441394,0.000191109546089464,0.00022393366375311,0.00722564095409449,0.00078467915642582,0.00140052339866784,0.00412819028229937,0.000128967675778018,0.000330377684344991,0.00156720446407443,9.3998730406757e-05,0.00173448920335975,8.13841821703529e-05
0.00029760627262451,0.000526164936091727,0.000663049269156086,0.000776924067476495,0.000282185434780185,0.00446173562883869,0.000571616083217165,0.000363202921472224,0.000527106494398417,0.00104627205219556,0.000651936817745233,0.000357699846904461,0.000621539253981196,0.000251184781381797,0.000288203876648737,0.000205081245558557,0.00169867682852187,0.623357784279791,0.00036810566063259,0.066582799810254,0.000706814897483221,0.000445264769426675,0.000925501288095971,0.000237671676054297,0.000974688460882117,0.000726082995903141,0.0107140144913249,0.000703639698842206,0.00073328468615415,0.000452937431142776,0.00248361616778151,0.00021104290967363,0.00038631583465682,0.00115507592915691,0.000419085756115163,0.00049791818689101,0.000852059378908327,0.000397557829845245,0.000468586799444847,0.00962047495935979,0.00171774541865111,0.000361133765434744,0.000783525255560279,0.0052516626753653,0.000522698414582947,0.000269900793573365,0.000439732345127886,0.00044776984114139,0.000447386540225874,0.000705310723768033,0.00056959442288025,0.000473696797257767,0.000703534528155512,0.0343354117659822,0.000338341972836692
0.000202750735075705,0.0747228743208772,0.00019732736150372,0.000292519869229729,0.000153523190345389,0.000788808826915949,0.00012849223539777,0.000156026285840152,0.000122985425309292,0.000476645006546982,0.000207329046493474,0.000290494904279683,0.000600918574567035,0.000759534251931862,0.000227002949202732,0.0003839470367243,0.000501221696015921,0.000184394701447452,0.718727975281079,0.00110620597101378,0.000354041998604936,0.000282224017034395,0.000184580115928543,0,0.000430095987935845,0.000129198236691165,0.0001523550791145,0.000393015791433497,0.000430544878310451,0.00012849223539777,0.00244639533893912,0.000156026285840151,0.00191074207190805,0.000195707711477699,0.000288451957015409,0.000287652478198848,0.000124558799620286,0.000163272088588146,0.000312644701797347,0.000332958054423595,0.00073749189275181,0.000334644613068926,0.000231489979645193,0.000270751496016735,0.000130327838760596,0.0001376702522119,0.000392889719773962,0,0.000379765940175642,0.000243217445574355,0.000138817504313663,0.000344685520352758,0,0.000681291248125562,0.000388536045131363
9.41510145526428e-05,0.000203484270104458,0.00296916413039812,0.00139882430336446,7.12891428840193e-05,0.00954667179929112,0.000113623335161326,0.000783800987526246,8.40350956765374e-05,0.00472395764887034,0.000143419481715621,5.64772829033595e-05,0.00111343352030197,7.92974504387119e-05,6.42752626226828e-05,5.20561467957921e-05,0.00113245311149851,0.00401330334392034,9.45552313421915e-05,0.697627750596319,0.000625926266205656,0.00203228571971296,0.00214776007849349,0.000139957001132783,0.000632007689632831,0.000146791939574242,0.000838121909134711,0.000811857913138468,4.94981832292654e-05,0.000440454966066137,0.00195780645431402,0.000112420988210707,6.84310443720601e-05,0.00287210364334928,0.000270188301329158,5.37975799908275e-05,6.45410609427956e-05,0.000264266993706147,0.00017321153817079,0.0282309124713083,0.00343794253864103,0.000411961922439218,0.00013866129989529,0.00132989342826363,0.000340462796807379,0.000126248531530236,0.000271289633920597,6.6063901458148e-05,0.000316621678670569,0.00130338714448144,0.000302375156857109,0.000293747762235576,0.000118253576969041,0.00199858348868826,0.000294985379385841
0.00186108102220518,0.00134642056196572,0.000512683510164615,0.0107533105014213,0.000539811622935045,0.00158818130562737,0.000527575353475483,0.00057843363649568,0.00341902088333658,0.000815398800285447,0.00493796715459184,0.000426550285788686,0.000780111296484089,0.00068003136471192,0.000606014345423548,0.000561025875887333,0.0841685602390892,0.00057736833555473,0.000648805434699637,0.00330367769494554,0.565208091656454,0.0003434852301351,0.00146788559886796,0.000417270946238196,0.0101233778815643,0.000923097163190544,0.000422359616314272,0.00109657698985061,0.000957595187043317,0.00035620690532529,0.0117657321687548,0.000499081103615103,0.000585197058748693,0.00172853748723404,0.00130912095647612,0.000437163020171946,0.000479985366635237,0.000526013613298682,0.00089156288045215,0.00133358250269568,0.00138651965555993,0.00366663842734372,0.00178329615777139,0.00058837747754624,0.00036044746372202,0.00206543464310047,0.000707702079098661,0.00175728739960478,0.0328269547413124,0.000638040940307938,0.00132973309925451,0.000941403964073987,0.000441018073259883,0.00155700087003041,0.0004376256265425
0.00050826437879927,0.000413388361423407,0.0140589278369586,0.000671622333529145,0.000345619777583505,0.0839382424150757,0.00037611564031146,0.000520883356479805,0.000421397375877213,0.00104062425407496,0.00103395496487167,0.000463906760285879,0.000835489826483377,0.000426942078191385,0.00029818176889557,0.000470144550389324,0.000683920548112301,0.00125731135247069,0.000698016413551,0.0985436382390862,0.000493388348200267,0.479212210320023,0.016783001494409,0.000417906267012733,0.000756401655013072,0.000506570164203273,0.00121863859293285,0.000792515938794424,0.000330371846219525,0.00103783911950483,0.00127415526460243,0.000288694167157984,0.000454049511727347,0.00180655405613219,0.000688274679624015,0.000353243743265491,0.000607658301764465,0.000508264378799272,0.000644931022876411,0.0237988372251491,0.00190764481064519,0.00102040124810369,0.000565668355698954,0.000526900739355245,0.000709198229884586,0.0006053993489698,0.000620082542135112,0.000574438407725295,0.000650578404863068,0.00712262710351636,0.000515888344481261,0.00050826437879927,0.000366874469787835,0.00171148732041532,0.000534650869953957
0.000438510556908405,0.000250263847246845,0.0174121089815103,0.000786677689221507,0.000328882917681302,0.00755131173302304,0.000236643027809366,0.0002684044480165,0.00027990035547345,0.00091842304139726,0.000509238066087178,0.000230917793265593,0.000785353747399256,0.000424515539134732,0.000279900355473443,0.000391860497662827,0.000984740341529321,0.000643770817588935,0.00114059394855432,0.0393150807543284,0.000473264851046357,0.00521414376481972,0.656932747326567,0.0005988001604762,0.000525778340152281,0.000315665400895054,0.000536955902522227,0.000756182411964563,0.000563299465390317,0.0135517909470382,0.00112954525031194,0.000262017832762643,0.0006367733087021,0.000662553604600969,0.000297523711188441,0.000237915302152427,0.00023325029622787,0.000248680700439868,0.000253659697147809,0.00405194212398848,0.00283852794558983,0.000880058792093269,0.000330282419458666,0.000319496015516032,0.000635849109415157,0.000578793949354026,0.000349875444341809,0.000610691684669346,0.00035839415081274,0.00245589493217338,0.000250160942704392,0.000321885408794465,0.000309289892798159,0.000741925063866449,0.00332573911379856
0,0.00203911336765155,0.00147604669500163,0.0014759914309822,0,0.00188354321386288,0.00095197799873069,0.00130616509926855,0,0.00160290312606792,0.000987236443128128,0,0.00176919038776454,0,0,0.00102249488752556,0.00134863549820182,0.00191607608772301,0.00100045835977716,0.0109967600976698,0.00183072692063595,0.00103307242084479,0.00363493821476126,0.721360650491177,0.00125063776303837,0.00081094422114096,0.00095197799873069,0.0687210328631949,0,0.00651351328313461,0.00380488984254586,0.0012581697527084,0.00103307242084479,0.0014237695642392,0.00081094422114096,0,0,0.00105775333192299,0.0011635286651153,0.00201391453592118,0.0113392707003877,0.00103130949862492,0.00157193897938556,0.00105070164304351,0.00272097926073984,0.00110476459111957,0,0,0.00195243635850786,0.001279377839564,0.00135745010930118,0.00135493164898708,0.00103424770232471,0.00169005476811696,0.029831356148259
0.00163610860443045,0.000439760510190633,0.000163626843529101,0.00120904054493373,0.000475559665088328,0.000493185134017296,0.00018843823418188,0.000125482895255433,0.00126058599747403,0.000448341932175859,0.00028021982381001,0.00031173943819026,0.000376184622434534,0.000222827944555949,0.000444822604260597,0.000393025261417941,0.0645053378712511,0.000559792183832631,0.0001932547493533,0.00325367682903245,0.00317799691654304,0.000173080838933006,0.000236819066010936,0.000176849214723372,0.599698894641734,0.00126362278382524,0.000259725148458892,0.000335458337901828,0.000414700900005994,0.000182716641940831,0.0558010291189452,9.01765715449283e-05,0.000176909929693141,0.000961802626433045,0.00163674792787281,0.000238192866288025,0.000268583881900921,0.000373475959241567,0.00346233601753281,0.000364872149301658,0.000802895063429197,0.00272191955584922,0.000694225342973048,0.000279925993339027,0.000184374299505993,0.0063329781891611,0.000664993021970473,0.000707731050692911,0.00202865319803971,0.000260666652122055,0.000263345559619227,0.00202969209863354,0.000144507721310288,0.00130533863843926,0.000137481178584239
0.000465597891413589,0.000483338402050654,0.000222058092327887,0.000554372854846414,0.0029579983961528,0.000451769300245025,0.000613951128787984,0.000516001720215615,0.000413274782943574,0.000554293345555043,0.000472543911451381,0.000410324735823276,0.000217230742494674,0.000642640946546751,0.00105798533047957,0.000551169766251198,0.00251134829489958,0.000507561353892323,0.000489047671564937,0.00150141427790142,0.000448742394912613,0.000197921343161813,0.000292537399892828,0.000214817067578065,0.00261965952542483,0.647676243757401,0.000312641892139394,0.000420769365462414,0.000449771080174691,0.000266469710793467,0.00434891172172312,0.000204817557209262,0.000529499934830772,0.000818918912272386,0.129696779303592,0.000608970181460077,0.000623560430180121,0.000342302988173426,0.000763350927974048,0.000539785481350408,0.00084234199304898,0.00128504052560185,0.000372851409999335,0.000321018763908796,0.000204196897944992,0.000432486660057581,0.000757788981427082,0.00186500151743233,0.000898702959090655,0.000221092622361245,0.000208955285637731,0.00839433697755807,0.000207576042828243,0.00202048462030215,0.000371361126455182
0.00032605802501996,0.000347795226687955,0.000541357407884149,0.000514859823851195,0.000264691095140918,0.050947047806244,0.000274487623103535,0.000277999585958059,0.000326710402020799,0.00100416544387798,0.000561914056723742,0.000430307869754232,0.000530058177116996,0.000334190991630432,0.000370863277437668,0.000261733652737108,0.0007937925155743,0.0230766305826194,0.000209386922189686,0.0218748689869265,0.000631709697453638,0.000727530831337056,0.000966561764444928,0.00030972487719892,0.000530809921097472,0.000460251974092801,0.627257154166923,0.000535347201231896,0.000685387277082775,0.000340407656275176,0.00150982911459651,0.000318469850431238,0.000325666598819454,0.000863111081536684,0.000346443253017642,0.000319403779611389,0.000480391513940478,0.000645326003704645,0.000338331410995766,0.0370882777057917,0.00168656750293509,0.000297715868650121,0.000514594978262794,0.00145286850313871,0.000345387023587711,0.000374250893282031,0.000419661077100518,0.000221808180285684,0.000365130389085668,0.00235438414836871,0.00052938219028184,0.000279971214227265,0.000304616567592341,0.007518273581622,0.000494430598236822
0.000160208501015673,0.000268881400306026,0.000220305852592844,0.000359986396201411,0.00012264765627994,0.00148777672061563,0.000119581464872941,0.00108293837165862,0.00011881491702119,0.00244166549789178,0.000157284262914553,0.000136445517611434,0.00493976913431898,0.00012616100060046,0.000164328695718826,0.000143727722203055,0.000370089302824725,0.000305086044996355,0.000238809138429693,0.00503461890146954,0.000373110707166228,0.000163333657642035,0.000352879412218234,0.00489722994034826,0.000279120757446613,0.000239005689160911,0.000158215476601124,0.706613075705866,0.000145644091832428,0.000178541770470018,0.00110740612982765,0.00199007615358081,0.000160123329032144,0.00096176203799522,0.000283829880242433,0.000180138745161165,0.000190541894577766,0.000642622615716783,0.000292018229237957,0.000445651757310947,0.0215447960877419,0.000168027289103518,0.000117537337268273,0.000276383086547507,0.00609481354565867,0.000133449012372776,0.00015841988936159,0.000136445517611432,0.000279200313694963,0.000211567207082899,0.00122437066210781,0.000187804223678659,0.000147560461461805,0.000337651965020687,0.00193911335684361
0.00130835805127788,0.00893306441638488,0.00040632237617325,0.000614562593962045,0.00109707041566779,0.00074904646738026,0.000355532079151595,0.00040632237617325,0.000416480435577585,0.000680589980090199,0.00125959936613709,0.00825124653900404,0.000659223027550054,0.0179652536322318,0.000492665881110067,0.0084934771863381,0.00166754703181504,0.00038600625736459,0.00126883396559557,0.0016388335838988,0.000816477982310407,0,0.000845150542440368,0.00040632237617325,0.00142067716526292,0.000814902098880804,0.00051102852695636,0.00120445561508501,0.718459002295498,0.000630994748880817,0.0087153917148635,0,0.0036486836296367,0.00056304672126865,0.000854969999864556,0.00108461860091409,0.00306773394010808,0.000474042772202128,0.0013085664217272,0.000744526001046873,0.000624962511923624,0.00167794556772772,0.00038600625736459,0.000416480435577585,0.000443145341513954,0.000755759619682252,0.00138316589697334,0.000502823940514397,0.00118116969817807,0.00038600625736459,0.000510442485067648,0.000382620237563145,0.00125959936613709,0.00139755236643462,0.000365690138555927
0.000482207769727235,0.00105096565196963,0.00742374418775912,0.000900923178922136,0,0.0082672341382992,0.000494572071515114,0.000496632788479762,0.0014095304038181,0.000947929803737313,0.00110218918794798,0.00063470082511107,0.000625036773138933,0.0012265387373575,0,0.000766586710848435,0.000788287322149608,0.000758343842989849,0.002027745493212,0.0201478335705196,0.000634700825111067,0.00109991473712986,0.0680039315762257,0.00174566688730715,0.000923613343554486,0.00054815071259592,0.000816043917999947,0.00110597783528671,0.00113751576448478,0.679617842529883,0.00119012981464596,0.000432750562575725,0.00032147184648482,0.000855956751841517,0.000476025618833299,0.00046366131704542,0.000387414789353507,0.000909463087063914,0.00131679814040901,0.00306578482967612,0.00269981398594866,0.000702998873082203,0.00039565765721209,0.000727020945127224,0.00103392296572147,0.000519300675090872,0.000445114864363605,0.00039565765721209,0.000893138976206714,0.00609220399521841,0,0.000618215089393898,0.000425331981502998,0.000948563870495664,0.00561583869776456
0.000510837564979786,0.00107915393582078,0.000125060162332824,0.000714397691514907,0.000465876365728356,0.000782866119750172,6.21764564143035e-05,9.60321826814383e-05,0.000495289902801774,0.000556905763455209,0.000186306619399057,0.000363846469081552,0.000500585049089877,0.000359347952916359,0.000392218340439555,0.000290587296298301,0.00937998761693637,0.000363579262372313,0.000645822103458477,0.00340810999553028,0.00101592724937346,8.08478433256608e-05,0.000230366538513053,8.2371812257358e-05,0.0159211608777278,0.000795293788652897,0.000321045149947347,0.000390121795490134,0.000542644869605942,0.000148757213903009,0.659530594861361,8.97095140367056e-05,0.000162483664579961,0.000502823647520619,0.00180159866015626,0.000247338220365904,9.71604703520468e-05,0.000234213360816431,0.00765387778847782,0.000788569031482769,0.00101043483014672,0.00124494835806043,0.000229575097688542,9.04494710776777e-05,0.000124952537408269,0.00211986093705441,0.000565453931202998,0.000153774492204078,0.000847322752180594,9.06526213840176e-05,0.000157611625363305,0.000580237900945535,7.68441961322176e-05,0.00163737958296614,0.000132319952698257
0,0.0010866653912378,0.00106625852943052,0.00211246613068993,0.0007652573177731,0.00198100573582018,0.000803520183661755,0.0007652573177731,0,0.00218846000760859,0.00151138320260187,0.00148218259442369,0.108773338771426,0.00116701740960398,0,0.00136926398644401,0.00104266309546585,0.000959354401099185,0.00144633633059116,0.00753565886529345,0.000874306485555766,0.000811719369209321,0.00199604617052484,0.00166149136878044,0.00211452679910988,0.00074612588482877,0.000880045915439064,0.0626796199782617,0.000749952171417638,0.00100440022957719,0.00229424143868376,0.579830424024034,0.00084178304955041,0.00181527865667908,0.00080352018366175,0.00091830878132772,0.0007652573177731,0.000922723727391795,0.00239558812520275,0.00229522534094946,0.0135446340535302,0.00156086104642341,0.000759370723020998,0.00120528027549263,0.021760638443248,0.00080352018366175,0.00110723168165295,0.00080352018366175,0.00169400142616136,0.00110279045614802,0.00078821503730629,0,0,0.0015364012302983,0.00120066234340262
0.00172291788450297,0.148617895964295,0.000707626988278002,0.000757489759565957,0.00155947143340615,0.000897819222281575,0.00038970761673281,0.000473802418238314,0.000384579884933695,0.000574305961500987,0,0.00123025081085632,0.000479955696397252,0.00688761443153345,0.00152806407613656,0.00175743627417507,0.00114183944704088,0.000588407223948555,0.0138567090848419,0.00154185010917025,0.000791273113251081,0.000892225333046177,0,0.000476879057317783,0.0012016307348117,0.000820116604621109,0.00039996308033104,0.000584561425099219,0.00259924148747549,0.00043072947112574,0.00211980432575455,0.00038970761673281,0.596934923673994,0.000466623593719552,0.000706528188606763,0.000899916930744852,0,0.000653785804387288,0.000702800887761187,0.000443915067180607,0.000523028643509827,0.00114055405874622,0.00038970761673281,0.00057225486878134,0.00198443220625788,0.00044611266652309,0.000698836590908089,0,0.00128641971510322,0,0.000638402608989935,0.000384579884933695,0.000599944620496565,0.00100582431444198,0
0.00043887531925809,0.000708093508805646,0.000510383984804297,0.0124003710680192,0.00040151236323485,0.00245796202734002,0.000316005100694091,0.0042651496460845,0.000311490742112746,0.0318376875241064,0.000559747270273582,0.000404021815505064,0.00649718334664967,0.000301134272426134,0.00025373350732202,0.000282545737091188,0.00271848137140739,0.00109579415799511,0.000709081128661544,0.027999788213259,0.00165191509742878,0.00042810060752644,0.000616402241546603,0.000329697143794467,0.00168276116461435,0.000397990324960856,0.00038167018249359,0.00156574612859954,0.000420472669276493,0.000322426594718891,0.00496209715937357,0.00055915744174853,0.000286077558804829,0.615958204474951,0.000442141590466946,0.000416569076856154,0.000421959752103289,0.000989048800232115,0.000686548262606759,0.00205260326717817,0.0221819034848111,0.000745528463726777,0.000380167596798512,0.000609438408481467,0.000686431713299579,0.000426392402837007,0.000444844981671395,0.000279624681538551,0.00101889809043784,0.000559932207232272,0.00998265628372363,0.00238158970216386,0,0.000957774283133132,0.000462217208628688
0.000208556971371233,0.000363105678833602,0.000142922107451435,0.000293142706360831,0.00801289487705391,0.000930120937970082,0.000200181598703121,0.000129929188592213,0.000135156224914888,0.000299821445796884,0.000282454757809163,0.00034169362193728,0.000293887450387154,0.000205721215271007,0.00243272178567443,0.000226293336798106,0.00256990892344624,0.000377677937453908,0.000320612303331716,0.00157178226755307,0.000353743613239552,0.000133918242627938,0.000282083106812045,0,0.00172572614591714,0.0367099930537857,0.000115492612081965,0.000234663774909337,0.000135342904783555,0.000146170337166241,0.00472064153607712,0.000133538332719773,0.000192728296411784,0.000244390616637737,0.67668929956983,0.000286205129315629,0.000251737802897416,0.000287942029927017,0.0012154118977045,0.000379929754204352,0.000570094391149412,0.000444083954636875,0.00021259247043694,0.000299723014593406,0.000199323187044875,0.000379875127679823,0.000300641705825876,0.000380786447289837,0.000336150131511655,0.000190769046742537,0.000115492612081968,0.00135461887556996,0.000188397323458712,0.00096474883309808,0.000129929188592213
0.00280351434884811,0.00263941801086163,0,0.00335967219438023,0.00182378211882954,0.00603506082958138,0.00186431061035908,0,0.00178325362729999,0.00620356110345573,0.00560914322768908,0.0549174421266502,0.0025938234578909,0.00430584519098745,0,0.0270578898284175,0.0056728934495004,0.00175623463294696,0.00224575523651951,0.0032654384603805,0.00335145811587178,0,0.00194536759341817,0.00162113966118181,0.00423696430018875,0.00330503311569969,0,0.00209127016292453,0.00381981032665964,0,0.00774275659071909,0,0.00190483910188862,0.00227860185710554,0.00238904792174161,0.645325817896135,0,0.00384296946467652,0.0026883899381265,0.00186431061035908,0.00540379887060603,0.012663104409591,0.00314964277029609,0.00324227932236362,0.00308016535624544,0.00234389776012537,0.00320957211867311,0.00348545027154089,0.00330627167741027,0,0.00200616033071249,0.00186431061035908,0,0.00374109152580418,0.00275593742400908
0.000901442307692306,0.000908271416083912,0.00218531468531469,0.00129858122646584,0.00136800699300699,0.00171504353489647,0.0010137432012432,0.00076486013986014,0.00529638630600169,0.00144230769230769,0.00191054350061703,0.00101070804195804,0.00172026906020808,0.00143411276223776,0.00117212333121424,0.00188483391608391,0.00630766802641803,0.0028308451417004,0,0.00473419809357309,0.00208125208125208,0.000844326128417035,0.00210088207247298,0.000764860139860137,0.00246151418026418,0.00306529408091908,0.00123771702435495,0.00124198717948718,0,0.000783071095571093,0.00578132804695305,0.000737543706293705,0.000819493006993,0.00210141421078921,0.00257589891451832,0.00193946678321678,0.566347714785215,0.0017879847425302,0.00111193953105718,0.00158939618074233,0.00120352992595639,0.00216141280594405,0.0204663125336202,0.000953040015540012,0.000749250749250747,0.00101298441142191,0.00205083378160301,0.0157492747636978,0.00162482193732194,0.00178337287712288,0.00120192307692308,0.00846569296088527,0.00132900387655822,0.13965661742104,0.000819493006993
0.00459520932546734,0.00402658326817826,0.00223807662236122,0.00309737174475251,0,0.00445269741985926,0.00412431587177482,0.00286568990719652,0.00251115301476337,0.00392047358427343,0.00407312260322425,0.0055816175831813,0.0573404703193601,0.00234558248631743,0.00195465207193119,0.00361889869317547,0.0078787514283996,0.00303362001563721,0.00553557466770914,0.00756983438766082,0.00356305149112029,0,0.00228303362001564,0.00275605942142298,0.00521240552514986,0.00336200156372166,0.0029319781078968,0.0064800625488663,0.00270300457947057,0.00211102423768569,0.00792918574779404,0.00314390354306407,0.00539483971853011,0.00779782464544096,0.0115767526713578,0.00307531925983842,0.0024628616106333,0.672037735524835,0.00304274172530623,0.00258991399530884,0.00747300313877463,0.0447112699653747,0.00251617030350416,0.00231952045869169,0.0037874258382008,0.00334245504300234,0.00399791503778994,0.00245727689042779,0.00463068139908832,0.00208496221005994,0.00434938009605719,0.00250195465207193,0.00254104769351055,0.00578142646164538,0.00340109460516028
0.00192120369884287,0.000862778924891625,0,0.000738714133381212,0.000449113564518349,0.000852652263848268,0.000335155254849621,0.000266681314942654,0.00126920223598845,0.000588451173200896,0.00059015889524642,0.0010861960706486,0.000506681841470548,0.00082498222802369,0.000388999283707638,0.000725896212972568,0.0140450536521018,0.000428930787124573,0.000738354114309202,0.00186705012649264,0.00126718178412743,0.000320371971705198,0.00035140940538693,0.000303361070552709,0.0125586249085391,0.000800070792841157,0.00028351501920814,0.000542827536776561,0.00131075068701764,0.000336048684532,0.131211373999461,0.000349668523690038,0.000440736984405381,0.000663534189185206,0.00115290345310921,0.000610974866393544,0.000349331005810029,0.00084902622716438,0.589019743705538,0.000397933580531424,0.000599905716175523,0.00208241781608381,0.000594121473585059,0.00052450278553506,0.00033234260584954,0.00824390018215061,0.00389023108499173,0.000416962605835419,0.00128896858431557,0.000292020469784382,0.000299358505575652,0.000531963707093169,0.000251619579547223,0.000722309033551818,0.000276427143727935
0.000140619591554168,0.00023539616608152,0.00126065523261785,0.00097394817020985,9.78156059931742e-05,0.0447191697191697,0.000142172133650965,0.000263194062671793,0.000115524402907579,0.00162617107710566,0.000143678160919538,0.000109884699394849,0.000924024054865173,0.000113577362409136,0.000121041017653165,0.000116497923156801,0.00104797850124953,0.00380222062465053,0.000149008201411403,0.126272494379971,0.000667690665743621,0.00183435463809296,0.00147996473931053,0.000129586362062994,0.000445537069368841,0.000165498442367598,0.00389864548743053,0.000694301804114885,0.000141160436137068,0.000302521417445479,0.00189112548925633,0.000133733345033856,0.000127762943183502,0.00130694201955884,0.000404526296499905,8.68679606997353e-05,0.000123435020278608,0.000430990243666832,0.000243296855446384,0.537071437129848,0.00230371264249769,0.00035023822613157,0.000141182662626777,0.000494747983065736,0.000334682640411263,0.000117654498495617,0.0002897312502906,0.000107917360960176,0.000345754215497202,0.00295386726461493,0.000288587209510507,0.000189704891807693,0.000115084000890074,0.00195039254618694,0.000207608853147863
0.000155377396208149,0.000276650530435674,0.00112381812577507,0.000525546589268303,8.27509085826102e-05,0.00214573163301148,0.000119295499021524,0.000128333133644845,0.000120026092628829,0.0199575923098428,0.000165915985876843,0.000104718417047182,0.00763240933886726,0.000140900195694715,0.000207001522070012,0.000110241356816698,0.00077452097804348,0.000363713655386731,0.000196375393516545,0.0134426929886813,0.000420421231002238,0.000170297890845833,0.000793904073747514,0.00111320903493115,0.000432722528612935,0.000135681669928242,0.000233431667494228,0.0097805495222325,0.000218703670758462,0.000188075668623611,0.00211115173150398,0.000882102893844575,0.00011480756686236,0.00259022386615342,0.000255544683626871,0.00010866812478416,0.000131767775603389,0.000261691672102628,0.000196832087243043,0.00129212991835301,0.720959807315972,0.000294219161567866,0.00013286084518961,0.000143425288807522,0.00763831602187767,0.000151585748454629,0.000129542227850042,8.8313512971047e-05,0.000258606943538447,0.000304848880191342,0.000212242066932544,0.000106816699282451,8.62100456620999e-05,0.000680379792708556,0.00424948567414321
0.0138595900690331,0.000657619047714111,0.000220886665060214,0.00140455410623041,0.000615668295917665,0.000778732165022946,0.000364808035624359,0.000308220964876377,0.000670230490993361,0.000717651981312696,0.000600252621897149,0.00109876091108993,0.000604780601662198,0.00035827385319374,0.000313072566893065,0.000699743400800839,0.0187023001237235,0.000530312881518669,0.000681292663666842,0.00323849420222154,0.00647714416867771,0.000210846362102934,0.00055441801249679,0.000267898907142548,0.00701016937958638,0.000602418177436955,0.000255758100906736,0.000354026144611407,0.000656601520151399,0.000394862334790607,0.00734771047603263,0.000221122907482738,0.000346025665932644,0.00117874230547691,0.000724035776552464,0.000855728451386324,0.000485309433699909,0.00237883139129082,0.00123807321983595,0.000498882367913263,0.00108109640491389,0.662043791868453,0.000519518563714792,0.000275969719699809,0.000258685452664103,0.00105541997093384,0.00951158722353211,0.000313729937112263,0.0302702867728595,0.000259651898938065,0.000737076358275805,0.000458492024637536,0.000316564846182557,0.00154014309991007,0.000200468569970617
0.00219790954381166,0.00108267396047019,0.000934983742446866,0.00171762560646022,0.0010515488797844,0.00385529614796001,0.00310315966147753,0.00116072608588224,0.0237299088525034,0.00284507179837843,0.0024573024719552,0,0.00112125240495899,0,0.00141154635147016,0.00087916381752466,0.0187259746212564,0.00210582954470844,0.000969871195523239,0.00481983582501312,0.00236507449503114,0.00108267396047019,0.00122393394204414,0.00086288300608902,0.00306311838010578,0.00164046871748262,0.00140480144387539,0.00125214240677755,0,0.000915795643254858,0.00491879051837309,0.00104197193188108,0.00153853668066816,0.00152807044474525,0.00185081650001351,0.000822180977499915,0.0163874418050446,0.00137572856631175,0.00169995496965813,0.00140177786460877,0.00158550055980944,0.00137317015308614,0.5303413495755,0.00136501750615672,0.000854742600371195,0.00112880292620451,0.001517872573846,0.0104952193454684,0.00141520953404317,0.00129288796694804,0.000961820244813305,0.00326922978051752,0.00249212706475576,0.0840342133201369,0
0.000793269658324882,0.00102941719717772,0.0010913810057399,0.00486739129287552,0.000823862120484499,0.00292394895004147,0.00301951678378656,0.0043646444798998,0.00108017065582784,0.00138972829407095,0.00134944773491276,0.00122725574942639,0.00131263006242997,0.000918258946112314,0.000749159596606368,0.00064030734752681,0.00292695788095933,0.0281847814423451,0.000979670241716024,0.122428172116022,0.00225995657402733,0.000827063657222131,0.00130741825843847,0.000600288138306385,0.00173968250522963,0.00127375425918727,0.00318850722765532,0.00161321878946339,0.00062429966383864,0.000862128107205743,0.00264032618009586,0.000677658609465874,0,0.00357762530612395,0.00107310768428105,0.000691531935328954,0.0012577465754991,0.000944453337602048,0.00124438677933829,0.00642031251924,0.0024363243652728,0.00190039937118535,0.00133697977846268,0.563794489486822,0.000907102075662982,0.000995677925404193,0.00115255322554826,0.000777100280862084,0.00144242209233405,0.00121137215630945,0.000922896323568645,0.000695533856250998,0.00193849145150648,0.0113439945679421,0.00109252441171762
0.00070892791803878,0.00250411635565313,0.000861609737198936,0.00112978471017315,0.000703210757409435,0.00177542339658146,0.00073907294681169,0.0010290889132821,0,0.012698881798772,0.00090559824368825,0,0.0316465573394772,0.0021953896816685,0.00072036223929747,0.00073179656055616,0.00105160023326015,0.00132801474047357,0.00107658532466435,0.0109222898396883,0.00116303381945533,0.000946761800219535,0.00101365257958287,0.00106593283733788,0.00115486644712769,0.00070892791803878,0.000724173679717033,0.0473154726722235,0.00133781558726674,0.000937614343212583,0.00272454465991788,0.016543829386859,0.00274423710208562,0.00217287836169045,0.00124393379166907,0.0006860592755214,0,0.000930380384865248,0.00134210345773875,0.00198012615536359,0.103736308970941,0.00126517401691741,0.00106339187705818,0.000735063509487214,0.538414419005802,0.000737513721185505,0.00172138509130825,0,0.00117773508964507,0.000903883095499447,0,0.000949048664471273,0.000806119648737645,0.00144625721468786,0.00113276009269423
0.0097548016090197,0.000857630908238801,0.000442721011738508,0.00117188561865947,0.000532404046270745,0.00173488429623176,0.00047069357727118,0.000352247121522561,0.00147909219348162,0.0007133554215012,0.000812539508633595,0.000836381966259037,0.00121404256005679,0.000727105526001993,0.00049489376119258,0.000935365248310767,0.120131042666254,0.000893793459496955,0.000805206119566506,0.00283642845340797,0.00265449128524488,0.000435603310585154,0.000941118263609912,0.00035090266686026,0.0525774259620637,0.000605716368150276,0.000776134470050539,0.000676951090774231,0.00113456156384435,0.000580804414113543,0.0436653758129001,0,0.00144596098930351,0.000865828802521118,0.000915995021263651,0.000459803494506553,0.000801198946254845,0.00112437777604032,0.00758556094696649,0.000699013004806524,0.00117691914866716,0.00299124910711959,0.000740057237338225,0.000522032538875861,0.00101035767871835,0.523580286902488,0.00131849277916581,0.00072479550844586,0.00261004483634076,0.000677605149799133,0.000605004598034941,0.000911540261039314,0.00033880257489956,0.00157796861906753,0.00033880257489956
0.00751807609443561,0.00267146439864791,0.00286228328426562,0.00380034251188208,0.00134118416748446,0.00222265059114912,0.00139025188092902,0.00155381092574419,0.00199542034674518,0.00154637642370714,0.00173992983880974,0.0100337183261619,0.00201014066077854,0.0021403675002538,0.00136980700032712,0.0039085801150686,0.0138827479357411,0.00134118416748447,0.00130847235852143,0.00693262609574208,0.00377548795115037,0,0,0.00139025188092902,0.00533637263305218,0.00291470605503972,0.00114491331370625,0.00149539698116735,0.00427666682754442,0.0014720314033366,0.014946570712027,0.0013738959764475,0.0017446298113619,0.00228074001381165,0.00255333842183695,0.00279867698905972,0,0.00238523607022135,0.00882140430717467,0.00281944639157593,0.00314479436167366,0.0802994029196188,0.0019763384581834,0.0014783221358295,0.00150269872423945,0.00294262807820992,0.647396355688799,0.00155835423254462,0.00840621596264383,0.00141751172173155,0.00130847235852143,0.00177188965216443,0.00130847235852143,0.00285622554186506,0.00125395267691637
0.00135315324213541,0.00118524371573904,0.00083954763198182,0.00121816715228735,0.00198272251213137,0.00214355088669869,0.00102885739213458,0.00116329475804017,0.0066148972761645,0.00103708825127166,0.00217674567025152,0.00121816715228735,0.00136220718718619,0,0.0013087066027952,0.00128401402538396,0.0125476281829682,0.00180935755639391,0.000905394505078433,0.00372857918909575,0.00180065872198817,0,0.00196717533376134,0.000872471068530127,0.00405752973184996,0.0183522833036389,0.000876586498098665,0.00217294681218825,0.00083954763198182,0,0.00523656941664512,0.000872471068530127,0.00159020198528322,0.00137883352264309,0.00895716461917262,0.00188075131282203,0.0189503321015988,0.000954779659900893,0.00208098824803609,0.00151036265165358,0.00179489493734045,0.00305928038031767,0.00784464190064466,0.00168897229492814,0.00083954763198182,0.00108871818585878,0.00146993460824499,0.484378281602836,0.00120619499354251,0.00197540619289841,0.00089791190586291,0.112940050220904,0.00134327621117092,0.0265420785940318,0.0011161044989876
0.00854158866430067,0.000659834098855142,0.000444594098693839,0.00403226717753351,0.000464059146447571,0.00105412917518893,0.000294061402907415,0.000423916738835107,0.000858465475933082,0.00080618385696638,0.00191123060801542,0.000559339885452174,0.000808301753233603,0.000668403372866247,0.000283565067276588,0.000510347874439185,0.0409360811259762,0.000610495854548774,0.00054081640425645,0.00305857164704083,0.0331647854442123,0.000398756883983452,0.00113007301021457,0.000321347775416463,0.00853141853690287,0.000786263849265149,0.000319919563081278,0.000602965280417803,0.000519665259673483,0.000265647494344275,0.0120758962707273,0.00023993967231096,0.000925481593199423,0.00117120552546788,0.00123840452057126,0.000481652297865598,0.000280881759252908,0.00101766620756132,0.00104075873168215,0.000661602361746322,0.000932979707959139,0.0314373704721274,0.00112217632457062,0.000449771084582899,0.000396634968514034,0.00180971766973001,0.00121019572221841,0.000617878042982585,0.646017604113854,0.000539205087775728,0.0013313450106485,0.000643564897471738,0.000261362857338722,0.00097475491876328,0.000266871676345861
0.000231771195475821,0.000252812174972934,0.000432877857783985,0.000463703903979853,0.000115223394322262,0.160379481852752,0.000146950728560086,0.000191291341519442,0.000127074552002257,0.000535600578417252,0.0001894374771185,0.000231440093767997,0.000371385748941021,0.000185968792560358,0.00011919661481613,0.000125156445556938,0.0004892027733079,0.000469584997119409,0.000161908735125248,0.0101215608993188,0.000325169468890782,0.00124927221297684,0.00145295434049233,0.00013524231296446,0.000483349368116036,0.000222139145793707,0.00165772801209955,0.000396153455124222,0.000185003079245875,0.00201149745222694,0.000741031091469134,0.000128732344001424,0.000229879185716833,0.000555842661556992,0.000291093584794037,0.00018376144784154,0.0001787949222242,0.000191961990139939,0.000154955599260974,0.00714612085969139,0.000899759794807173,0.000372489421300429,0.000231418959616434,0.000259304916442121,0.000273764582809419,0.000201972041771783,0.000298684540614854,0.00010926356358146,0.000354184226882236,0.522585466265066,0.000217055564017037,0.000122507631894357,0.000177691249864794,0.00053311566120298,0.000191125606515527
0.00284989971027413,0.00123690661912191,0.00127219374489266,0.0216369879284967,0.00144862937374638,0.00484078186656878,0.00133719634499666,0.00222686326807911,0.00162274348116782,0.00566494420574165,0.00206039670158235,0.00117004680187208,0.00374972141742813,0.00130933808780923,0.00122576331624694,0.00123504940197608,0.00779288314389719,0.00186486451054681,0.0012814798306218,0.0142890948382719,0.00494993667342513,0.00122576331624694,0.0012814798306218,0.00139821919407389,0.0034052622609106,0.00169625832652354,0.0012655608265147,0.00933381189068161,0.0012814798306218,0.0012164772305178,0.00585557668882098,0.0013594829507466,0.00120188481008628,0.111382822659845,0.00143121796300424,0.00111433028749721,0,0.00210158782291141,0.00123133496768443,0.00276725354728475,0.00971181704411034,0.0048011965121462,0.00144514709159795,0.00160649283114182,0.00206151103186985,0.00158751691682574,0.00266102072654335,0.00145658887579993,0.007864792922375,0.00261867617561846,0.548730520649397,0.00229113060626321,0.00111433028749721,0.00211067266220061,0.00137201916648095
0.00080424167181034,0.000895632770879698,0.000640300100249,0.00110954127437785,0.000996162979855992,0.00123361442368235,0.000812052876859005,0.00051741422242343,0.0021225396668385,0.00120219379091586,0.00109656536911331,0.000687190764156126,0.000689885629897914,0.00106312453513566,0.000924197114394495,0.000543284933544604,0.0133486472780849,0.00141508329365376,0.0023995084564887,0.00389502257648126,0.00151398316490802,0.0005497526113249,0.000754562407700845,0.000528193685390588,0.0114982517724813,0.0424400487136962,0.000622038421810525,0.000890978370078289,0.000526653762109563,0.000544362879841318,0.0141389832881603,0,0.00061442938912783,0.00240920997315914,0.0164577523824686,0.00063184236776708,0.00585253765734314,0.00182307667432008,0.000953982472593212,0.000695275361381491,0.00152165229939055,0.00231052213116673,0.00234597045708516,0.00128734309860938,0.000533583416874165,0.00070633849442673,0.000804866568214234,0.0373885080737585,0.000940753131678976,0,0.000600955060418884,0.669128174803562,0.000603649926160675,0.0175828440227108,0.000538973148357743
0.00219102792632205,0,0.00183452168746287,0.00238908694791048,0.00142602495543672,0.00289879766523365,0.00337513793396146,0.00155971479500891,0.00320784879608409,0.00165874430580313,0.00293746286393345,0,0.00167112299465241,0,0,0,0.00385539890887485,0.0110102315984669,0,0.00960232577879637,0.0022157853040206,0.00199049316696376,0.00347310641428289,0.00136165577342048,0.00269700683303625,0.00341917069858246,0.0020831564949212,0.00151020003961181,0,0.00131833036244801,0.00402017673607161,0.00152257872846108,0,0.00224166801706909,0.002568577936225,0,0.00549700147853363,0.00144830659536542,0.00204991087344029,0.00196520049461226,0.00293512466715081,0.00275337407690349,0.00674638542285601,0.0099070773090381,0.0021773462175939,0.00249466988221314,0.00180109922756982,0.00352586320723576,0.00222816399286988,0.00158447217270747,0.00155971479500891,0.00224842002916869,0.423795159089277,0.213489941431118,0.00148544266191325
0.000169231053513351,0.000185892381984821,0.000131273405932785,0.000222609986144844,0.000143219350866929,0.00144772936731151,0.000314102209712347,0.000124728983936137,0.00122501426827829,0.000388170301068668,0.000244240982853259,9.8103335513406e-05,0.000262882613532871,0.000124948964507453,9.42554702286628e-05,0.000100809763148384,0.00228709400385758,0.00515331224407799,0.000136592096186062,0.00525278407411057,0.000357631702856889,0.000101301564673713,0.000203479440460521,9.18318894075261e-05,0.000728142459688726,0.000629688030397596,0.000620602419163566,0.000325281650871427,7.49693787044717e-05,0.000105494682709621,0.00273252420192402,0.000119904076738607,8.68483295555326e-05,0.000353423101461149,0.000746282396031086,0.000129413412312686,0.00388849841397392,0.000351455229744376,0.00019321240916423,0.000909162779666374,0.000707132622969812,0.000702367505363461,0.00356040923696388,0.00056932325583158,0.000299349561446732,0.000162729822823996,0.000307107146567082,0.00136098256725043,0.00029241577383885,0.000197038597551061,0.00017215024249909,0.00235461788630213,0.00225211370870186,0.729910155873495,8.56164383561631e-05
0.000493117051504865,0.00053794587436894,0.00273224664932022,0.000776573146845426,0.00055863610030621,0.00168909831995365,0.000465530083588505,0.00049196759450835,0,0.00302797969475175,0.00142762558967144,0.00111727220061243,0.00183390638989414,0.000735111556829961,0,0.000712663337839201,0.000670363320367455,0.000600016552180745,0.000510358906452588,0.01137121175605,0.00102395505914026,0.000754584710653271,0.0180234604425617,0.0202796045302045,0.000715881817429443,0,0.000918889446037451,0.0102566679368798,0.000479323567546685,0.0087130861359116,0.00211741668151219,0.000733414061513128,0.00049656542249441,0.00196889667892316,0.000539095331365458,0.000506910535463045,0,0.000735980894054216,0.000560705122899938,0.0017767068375361,0.0923975470031913,0.000875886231344309,0.000975888990041103,0.000564721460875995,0.00293119647925379,0.00111382382962289,0.000565532842285301,0,0.00112761731358106,0.000867928452137669,0.000488289332119502,0.000513117603244222,0.00047587519655714,0.00113205093342476,0.552270331671143
