0.27127911214441,0.00341528503012819,0.000478021386518809,0.00548539417505262,0.00111110342940839,0.00372540634286973,0.00033382485256892,0.00189035730123347,0.00218862684406133,0.00261529056095415,0.00171159310503532,0.00217084918919079,0.00250961227922375,0.000631106747903965,0.000885919801048289,0.0022913421833133,0.20258427842968,0.000768389749404202,0.00109628871701628,0.0141391615070316,0.0258082166345517,0.000348639564961032,0.000703205014878909,8.39500368886338e-05,0.0392086178169632,0.0019871467555286,0.000131357116543392,0.00193183849593139,0.00159011246342001,0.000198517146054299,0.0759333021895157,0.000144196533949889,0.000253825405651516,0.00485527507464146,0.00387256581929804,0.000867154498684947,0.000521477876202337,0.00050863845879584,0.019415174413609,0.00168690191771514,0.00452046257457973,0.140335819900504,0.0014834465341968,0.000733822087155941,0.000215307153432026,0.0457833871765825,0.00854907669774135,0.00113085637926454,0.0870907559157616,0.00052444081868076,0.00135011412266779,0.00208887444728777,3.16047197698386e-05,0.00476638680028879,3.4567662248261e-05
0.000369221382634231,0.755044768623745,0.000136174284389265,0.000710613075323074,0.000140423092014515,0.00403530504208125,8.47637121237389e-05,0.000143184816970927,0.000103883346437364,0.000870580682413739,0.000202030802580641,0.00153700615843421,0.00115737519711812,0.00816981974221209,6.30947932349635e-05,0.0048763565114995,0.00394969156843246,0.000447399442938832,0.14518260631632,0.00562690837849993,0.00125849681859907,0.000103033584912314,0.000330344792863193,9.3686208136764e-05,0.00328687757889345,0.000277022257166304,0.00017568819530409,0.000610341215367172,0.00284032789747967,0.000173776231872728,0.0206039552575064,8.88000793677264e-05,0.0236722316840808,0.000353500794420806,0.0010288487664543,0.000662813989539011,5.01359299779508e-05,0.000111531200162814,0.00259920806474673,0.000946421898524453,0.00117352066609407,0.00131564328115868,0.00012470250380109,0.000268312201534542,0.000231772455957391,0.000287431835848167,0.000949183623480865,3.2078497570638e-05,0.00103862102399238,0.000243881557689354,3.93014705335631e-05,0.000112168521306602,2.29435611763504e-05,0.00192810890033848,0.000114080484737964
8.58565623032454e-05,0.000620415872834166,0.253177714907152,0.0032032674554568,5.00829946768931e-05,0.0434955477239834,0.000317873700908444,0.00214334775178459,7.2569237184886e-05,0.0114454974365684,0.000299475866129177,0,0.00396779970072855,8.48344603710639e-05,4.90608927447116e-05,5.31493004734376e-05,0.00319917904772807,0.00695540364849506,0.000330138924094622,0.384392094654816,0.00252663597635265,0.0291973637946965,0.106452938338635,0.00197470093297464,0.00272185744539931,0.000216685609622476,0.00287619483715872,0.00487849252230226,6.54145236596155e-05,0.00910181770607619,0.00751347130346615,0.000430304913448408,5.41714024056191e-05,0.00456675143298691,0.00028107803134991,0.000179889940063943,0.000108342804811238,6.848082945616e-05,0.000404752365143871,0.0361640105644456,0.0539833356500977,0.000423150199923138,0.000209530896097206,0.00189395488033231,0.00273718897438204,0.000230995036673017,0.000310718987383174,3.47514656941707e-05,0.00110898059641692,0.00459639238902017,0.000485498417786209,5.31493004734376e-05,0.000365912491720974,0.00459332608322363,0.0052464492178876
0.00424775326094102,0.00545446577537931,0.00274836209514091,0.179901897872367,0.000209726948034671,0.0159423783035907,0.00997768129642557,0.0316421620031115,0.00146339325680908,0.0214751004028636,0.0236647123454046,0.00055405477316622,0.00449817349740033,0.000289548398406075,0.000558750152599832,0.000713697673909029,0.114698728804275,0.00766598948861057,0.00379856196179213,0.125986420962678,0.0739037071585755,0.000627615717626141,0.00275149234809665,0.000363109342865997,0.0213905835730585,0.00396603049492429,0.00212857200990412,0.00524004344791103,5.00840472918617e-05,0.000721523306298382,0.04385953928937,0.000336502192742195,0.00027702738658311,0.0850583635663598,0.0022522170016559,0.000386586240034057,0.00174668114930368,0.00074030482403283,0.00400202840391532,0.0126618732059738,0.0436920707562378,0.0181006877165744,0.00295808904317558,0.0130390686871406,0.000826386780315717,0.00313494833517497,0.00248698597333651,0.00224439136926655,0.0548780296935795,0.00207066233022291,0.0152349411355932,0.00899947724775639,0.00129592472367692,0.0101639313472922,0.00291896088122881
0.000390313019645755,9.68660048755889e-05,0.000351376684352626,0.000348527684209227,0.514385076557382,0.00491642458079337,6.07786697258597e-05,0.000194681676465644,0.000253561012762571,0.0014140537378407,0.000151946674314649,0.000294396681484633,6.45773365837259e-05,0.00032288668291863,0.158921026665692,9.49666714466558e-05,0.00423931221337872,0.00134092940082678,3.41880017207961e-05,0.00219657911056115,0.00154130907757922,9.59163381611224e-05,0.000434947355225684,4.55840022943948e-05,0.00587273896226119,0.0360540968147229,0.000735991703711582,0.000858498709877768,0.000181386342463113,0,0.0385032872713321,3.2288668291863e-05,0.000348527684209227,0.00129059706496005,0.197559166610478,0.000155745341172515,0.000462487689945214,1.51946674314649e-05,0.00242544878874759,0.00109496572177994,0.00130104339881918,0.000954415048038891,0.000333333016777762,6.45773365837259e-05,3.03893348629299e-05,0.000304843015343765,0.000701803701990786,0.00305982615401125,0.000835706708730571,0.000110161338878121,0,0.00897624978513791,0.000114909672450454,0.00537131493702285,6.07786697258597e-05
0.000511780815044176,0.00118947598244145,0.00359157531421431,0.00250111032692146,0.000485198677583463,0.650715641915312,0.000177413366872623,0.000870938346465606,0.000156655405597123,0.00594633454725094,0.000305843918649102,0.000382006222609571,0.00298765304516305,1.82192178101516e-05,0.000190256422050271,0.000202800801526113,0.00389308843518722,0.00471250522309134,0.000328095258433631,0.0916817921019989,0.00217450844699686,0.010936010821618,0.00818341555377611,0.000443832092883364,0.0018864357326052,0.000894533726908262,0.0152896571889897,0.00393729243905448,9.49788731742328e-05,0.00226530586034581,0.00600786174182293,0.000198918017402638,4.30093010600299e-05,0.00226052704911692,0.00182236979456787,0.000109165969010007,0.000230428303943146,0.000216539883809179,0.00048609470468888,0.0722508469696214,0.0113920886182754,0.00139018605405493,0.000269106807326993,0.000941873825644475,0.000980104315475613,0.000395297291339928,0.000336906191636901,0.000150084540157396,0.00140078904146903,0.0709327910975526,0.000352138652428995,0.000594812660146178,0.00013679347142704,0.00871744770860482,0.00142946190884238
0.0022225792630677,0.000413147264047007,0.0081252295262578,0.0241385114457094,6.88578773411678e-05,0.00772355857510099,0.144938180927898,0.0208792385848941,0.0039861060105276,0.00425006120700208,0.03950529440568,0.000673277022891419,0.00221875382543763,0,0.000137715754682336,0,0.0543977230995226,0.0314757008201738,0.000133890317052271,0.0667615375198923,0.0252096339821276,0.000382543763006488,0.000263955196474477,0.000126239441792141,0.0124058942343004,0.00118971110295018,0.00187446443873179,0.00125091810503122,0.000137715754682336,6.12070020810381e-05,0.0204278369445465,0.000585291957399927,0.000183621006243114,0.013855735096095,0.000749785775492716,6.12070020810381e-05,0.00905481087036357,6.50324397111029e-05,0.0020695617578651,0.00552393193781369,0.00605184233076264,0.00414294895336026,0.0229602766556494,0.0878282225486596,0.00208868894601542,0.00144218998653446,0.00111320235034888,0.00384839025584527,0.00676337372995471,0.00118588566532011,0.00135420492104297,0.00958654670094259,0.047642000244828,0.296157730444363,0.00030603501040519
0.00190929781674113,0.000254994520778892,0.00287448368878024,0.0329764814970918,7.58661384135547e-05,0.0178875495237292,0.0122060187136475,0.24923290904493,0.00110638118519767,0.0703342324875664,0.00471634493804265,0.000790272275141195,0.00304728989294445,3.79330692067774e-05,0,0.00028449801905083,0.0364347129731097,0.00997218241591503,0,0.331610891005648,0.0130321166652617,0.00199148613335581,0.00484068110933153,0,0.00663407232571862,0.00159108151395094,0.00120121385821462,0.00316108910056478,0.000691224816656832,0.000136980527691141,0.0131353789092135,7.1651352946135e-05,0,0.0523918907527607,0.00155525583747787,0.000134873134957431,0.00112956250526848,0.000202309702436146,0.000885104948158139,0.0254362302958779,0.0305993424934671,0.00277543623029588,0.00122439517828543,0.0296552305487651,0.000370901121132934,0.00100733372671331,0.000419371154008261,0.000710191351260221,0.00602714321841018,0.00180182078732193,0.00128972435303043,0.00317162606423333,0.000590069965438759,0.0141827530978673,0.00220011801399309
0.00554464734058387,0.000938139897105297,0.0022070342451131,0.00559275707889696,0.00467566519230364,0.0113478845246006,0.00231828801496213,0.00127791492394151,0.0940364972502278,0.00116064743680335,0.00482300126588749,0.000147336073583845,0.000661508901805017,0.000312713299035099,0.000559275707889696,0.00015635664951755,0.421766048356301,0.00800726457048528,0.000661508901805017,0.0105630944183683,0.0299272640893879,0.000153349790872981,0.00141322356294708,0,0.0471625778400532,0.0130136842136914,0.00141623042159165,0.000445015079396103,0.000213486963764346,0.000514172828221173,0.0559726736686382,5.41234556022287e-05,0.000577316859757106,0.00379164875080058,0.00898148677132539,0.00153650476737438,0.0102173056742429,0.000153349790872981,0.00291063916794208,0.000658502043160449,0.000670529477738722,0.00858458143024238,0.0461853487805685,0.00425771184070866,0,0.00557170906838499,0.00172894372062675,0.0195385674724046,0.0098715169301176,0.000372850471926464,0.00294371461303233,0.023546710045614,0.0018281700558975,0.118879163371651,0.000150342932228413
0.000400897011786977,0.00126919233043587,0.00303072095338675,0.00522413014605725,9.89962460774627e-05,0.017047758131767,0.000275829235253999,0.00568472718410468,0.000214995664191131,0.366382839643085,0.000721312342602581,0.000347998254341004,0.0364000128468411,0.000112220935438956,3.0983557932641e-05,6.95240812147066e-05,0.00704271385739628,0.00401161505574207,0.000749273114395452,0.141440319810774,0.00479980654168705,0.000635918634154083,0.00227389087364187,0.00139690504484114,0.00431427151798652,0.000416010942485826,0.000820686436947515,0.0191274349959287,0.000138670314161942,0.000464375520722144,0.0144341816656685,0.00208269965030143,0.000195347554282627,0.0478280336965085,0.00072093449433511,0.000252780490938254,0.000221419084738142,0.000358200157562728,0.00104626185262784,0.012982488622044,0.268746469480251,0.00181820586307157,0.000476844513548694,0.000772699706978668,0.00702571068536008,0.000454929314035363,0.000516518581633174,0.000189301982003087,0.0025742802462815,0.00145547152629918,0.001451315195357,0.000244467829053887,4.49639438290766e-05,0.00428857783579848,0.00487386480211142
0.0047960385068218,0.00220756285061292,0.0020603919939054,0.0693910589375996,0.000216427730452247,0.00988209017244961,0.0320356326615417,0.00922847842648383,0.00741048549068495,0.017050176605028,0.152815291917723,0.000870039476418034,0.00579593462151119,0.000580026317612023,0.000294341713415056,0.0010301959969527,0.120550245861902,0.0103712168432717,0.000294341713415056,0.055756111919108,0.131064305007272,0.00137215181106725,0.00175739317127225,0.000372255696377866,0.0195390955052289,0.000740182838146686,0.00196516379250641,0.00344985802340882,0.000965267677817023,0.000229413394279382,0.0529425514232287,0.000212099175843202,0.000489126670822079,0.030338839254796,0.00516829420319967,0.000346284368723596,0.00286550315118776,0.000294341713415056,0.00377017106447815,0.0109425860516656,0.0287329454948404,0.0130722349193157,0.0123969804003047,0.0242572200290879,0.000220756285061292,0.00379181383752337,0.00155827965925618,0.00200844933859686,0.0564876376480366,0.00200412078398781,0.0072416718609322,0.00365762864464298,0.0062980469561604,0.0645993489853868,0.00221189140522197
0.00375719356338886,0.0182394088213343,0.00073673595607072,0.00304283136737235,0.000294055132141025,0.0057676357168313,0.00021255072051498,0.000481035841165481,0.000210952594796822,0.00108193111119279,0.000204560091924191,0.438784593428827,0.00234924480569188,0.0361543981218827,0.000322821395067864,0.184546763555702,0.00683358557084252,0.00119539803718199,0.00787236728764505,0.00719156573170985,0.00476401276582824,0.000166205074688405,0.000418708938157329,0,0.00340081152823968,0.000952482928022016,2.55700114905239e-05,0.00065203529300836,0.0938259609130412,0.000364372663739966,0.0696191506601058,0.00085020288205992,0.00422864065024539,0.000944492299431227,0.00246750610883556,0.0336996770187924,5.43362744173633e-05,0.000110270674552884,0.0119699616290015,0.00286543941265684,0.0020232271591877,0.0249803031005237,5.11400229810478e-05,0.000536970241301002,0.000191775086178929,0.0010323892139299,0.0139724131538532,0.000111868800271042,0.00459301331398536,0.00032601764650418,0.000185382583306298,0.000332410149376811,0,0.00100362295100306,0
0.00108415169723554,0.00285147646760801,0.00130859472414508,0.00408722564793158,0.000194911049684598,0.0149143047647548,0.000153566281569684,0.000571607825842711,4.59386312387942e-05,0.0450717036407021,0.000531575590048905,0.000782269263380611,0.501256093431301,0.000711392518040757,7.02204791792998e-05,0.00209020772136514,0.00877690363125192,0.00199570539424533,0.000861021202647115,0.0461551990717771,0.00300701154765936,0.000878084122821524,0.00244590398038552,0.000462667643190714,0.00615643285215898,0.000244131011726164,0.00107627650330889,0.0269469448185162,0.000893178244514271,0.000720580244288516,0.0215229050015357,0.0377471170227567,0.000337977072685415,0.0284478255277036,0.000434448198286883,0.000895803309156488,3.41258403488186e-05,0.0038647514195037,0.000564388898076615,0.00820595207156976,0.173655245010408,0.00317764074940345,9.58148594409137e-05,0.000185067057276285,0.0290049954980141,0.000215255300661779,0.000353071194378162,7.02204791792998e-05,0.00158225771309618,0.00183163885410678,0.000862333734968224,0.000196879848166261,5.70951559682157e-05,0.00693935838170015,0.00337255179908805
0.000650590996861549,0.101002951080762,0.00026023639874462,0.00210271010185653,0.00144691437702009,0.00185114824973673,5.89869170487805e-05,0.00020992402832066,0.000296669494568866,0.000983693587254662,0.00026023639874462,0.0421513569593285,0.00169327150116499,0.432472991799084,0.000215128756295552,0.100284698620227,0.00573040550035653,0.000730396825809899,0.0313237878622274,0.00517696942569297,0.00197259190248422,2.94934585243902e-05,0.000570785167913199,0.000183900388446198,0.00571305640710688,0.000140527655322095,0.000277585491994261,0.00104094559497848,0.151003037826228,0.00102186159240387,0.0378904196572166,5.89869170487805e-05,0.031150296929731,0.00124046016734935,0.00158397221369225,0.00330673717338163,0.000183900388446198,2.77585491994261e-05,0.00625781793514562,0.0011415703358264,0.00216169701890531,0.00266829054179483,0.000320958225118364,0.000943790672780487,0.000555170983988522,0.00231263413017719,0.00395385835159325,6.24567356987087e-05,0.00185808788703658,0.000303609131868723,8.67454662482066e-05,0.000341777137017934,9.02152848981348e-05,0.0102810726597374,0.000360861139592539
0.00040618218963631,0.00151834770887859,1.93420090303005e-05,0.000705983329605967,0.263806870039832,0.00226422393210955,6.0443778219689e-05,0.00061410878671204,0.000429150825359792,0.00143009979267784,0.000261117121909056,9.79189207158961e-05,0.000884896913136246,0.000221224228284062,0.539765357252951,0.000141438441034072,0.0064711108961999,0.00128382584938619,0.000754338352181718,0.00449580822398046,0.0016513240209619,0,0.000773680361212019,0.000212762099333305,0.00639736948677188,0.0191485889399975,0.000382004678348434,0.00223641979412849,0.000644330675821884,0.000270788126424206,0.0391180043882183,0,0.000218806477155274,0.00185441511578006,0.0742261685293424,0,0.00120283118657181,3.86840180606009e-05,0.000970727078208205,0.000223641979412849,0.00355288528375332,0.00136844713889376,0.000517398741560537,0.00117140042189757,1.93420090303005e-05,0.000695103449526423,0.000660046058159003,0.00245159964459058,0.000890941290958215,8.46212895075645e-05,7.73680361212018e-05,0.00887314664265034,0.000148691694420435,0.00407270177644264,0.000213970974897699
0.00315179626884927,0.0339751936682048,0.000132012409166462,0.00146113734691061,0.000400537650539151,0.0015586465127722,4.80045124241679e-05,7.80073326892728e-05,0.000256524113266647,0.000345032433048707,0.00105609927333169,0.228604988868954,0.00476744814012517,0.077914323946451,0.000510047944506784,0.408489898050417,0.0059765617968089,0.00104859856826542,0.0126101853574236,0.00914635975781723,0.00571403711948923,5.10047944506784e-05,0.000847579672489214,0,0.00569753556834342,0.000766572057773431,0.0013306250787574,0.000402037791552406,0.0597926205063276,0.000459043150056105,0.054323106371999,0.000282026510491986,0.00535850369934774,0.000534050200718868,0.001287120989373,0.0203299110116351,0.000384036099393343,0.000295527779611283,0.00609207265482955,0.000976591799629165,0.00362734097005118,0.0157109768318222,0.000373535112300556,0.000900084607953147,0.000273025664412455,0.00102009588901357,0.0108310181157029,4.80045124241679e-05,0.00406238186389521,0.000225021151988287,8.10076147157833e-05,0.000177016639564119,0.000126011845113441,0.00567803373517111,0.000411038637631937
0.0152474749506306,0.00276630450514596,0.000738332818931395,0.00587452026223597,0.000713521227256511,0.00534783783895548,0.000451119848634253,0.0015542958451486,0.0086663882254712,0.00354185471158968,0.00228266643408932,0.000698483898968702,0.00176575827419591,0.000978366171725537,0.00075675354608396,0.000674424173708209,0.576060498179167,0.0012324970197895,0.00117648297191741,0.01268887354246,0.0319622172089441,0.000530065822145248,0.00110881499462228,5.58260812684889e-05,0.10624831065015,0.00228097473465694,0.000528562089316467,0.00165485797807332,0.00106144741051568,0.000230259089407067,0.0920885984345389,0.000408451429617597,0.000318227459890746,0.00530422958692083,0.00368339356409868,0.000901675797457714,0.000909758361412411,0.000318227459890746,0.00902220900608147,0.00256856363816128,0.00400105712417863,0.0145181645286719,0.00450311592238784,0.00108945443445172,0.000341347352133252,0.0192111267206933,0.00206236957467293,0.00209000066540178,0.0259143917381911,0.000639650352042652,0.000953930513257849,0.00557471352949779,0.00055186994816257,0.0138766345105932,0.000271047842387747
0.000478014594587212,0.00221549372969551,0.00238651013123727,0.00251002197679521,0.000997595675660269,0.0324960853276835,0.00229684528181781,0.00209316949803717,0.00132062665635026,0.00792375993810156,0.000744633915046415,0.000723256864853695,0.00367447740534866,0.000221489992274572,0.00041982151350703,0.000195956293433267,0.0104444704399931,0.275778792659834,0.000636561050183219,0.22848266291539,0.00240907479532959,0.00130340625480613,0.00339241910419471,0.000389537359067343,0.00525222247096136,0.00146135890345233,0.0429524319066726,0.00231109664861296,0.000252961760613854,0.000782637559833473,0.0210255164784398,0.000222677606174167,0.000312342455593632,0.00439120239375458,0.00201122413896508,0.000172204015441356,0.00280573783779451,0.000281464494204147,0.000899023721993838,0.0370024862696988,0.0105014759071737,0.001283216818513,0.00406757760611479,0.0241982270112093,0.00069237890346421,0.000348564679531296,0.000757697667941966,0.00150292538993818,0.00137941354438024,0.00263234620845356,0.000647249575279579,0.00190908934359986,0.00634839010028806,0.237170058590932,0.000890116617746871
0.00049222098328686,0.381368239050815,8.84540879056725e-06,0.000485977165317048,0.000149331313111341,0.00341797002030802,9.36572695471827e-06,8.79337697415215e-05,0.000168583085184929,0.000982881012081267,5.25521345792525e-05,0.00252458373246072,0.00149383344927756,0.00728289334362176,0.000315312807475515,0.00570164644276682,0.002177531516972,0.000134762404515113,0.534912568337287,0.00371351073754579,0.00111504182577563,7.96086791151053e-05,4.63083166094403e-05,7.54461338018972e-05,0.00281336031356454,3.4340998833967e-05,0.00016390022170757,0.000280971808641548,0.00195951820619272,0.000150371949439643,0.0254008921375243,0.000101982360173599,0.00909412087303144,0.000269004490866075,0.00183464184679648,0.000690982521992548,0,1.76908175811345e-05,0.00213954829098897,0.000564545208103851,0.00141942795180397,0.00150215853990398,0.000155575131081154,4.47473621169873e-05,3.4340998833967e-05,0.000238305719181165,0.00131900654612282,8.84540879056725e-06,0.00136479454456811,0.000546334072358566,0,8.89744060698236e-05,0,0.000858524970849175,0.000106144905486807
0.000741169397222804,0.00150447357812375,0.013382482698208,0.00465390743952846,0.000297228642078058,0.0588199365783111,0.000746357237147369,0.00557851885648387,0.000172167114296552,0.0206191043657817,0.000634991606766714,0.000393169095083007,0.00458349115895237,0.000121326283035819,0.000272396181639142,0.000199697251496242,0.00679219671403603,0.0152125451099974,0.000446430918308537,0.660779390634939,0.0037204421091018,0.00704404904957389,0.00989943614405428,0.000434395129683547,0.00336317286629678,0.000838839130202608,0.00568518084533292,0.00530128069091514,0.000333405179152022,0.00166349816461141,0.0135142538322919,0.000418624096312871,9.35886322391464e-05,0.00539639108953216,0.00208634170406292,0.000230547606247653,0.000303592392385524,0.000404997370111014,0.000674557532591394,0.0863330576630483,0.0231504935641733,0.00233978497717765,0.000424088621033412,0.00531421570512705,0.00124127716595084,0.000258492770641308,0.000656227164857932,0.000201979901063051,0.00196051929309248,0.00578623996706344,0.000768699534422494,0.000614378589466444,0.000717512847166789,0.0112589268890862,0.00161653092049435
0.0163452673040177,0.00252651660377785,0.000919948071758005,0.01870012879273,0.0011296345596224,0.0100742022919555,0.00267453059521154,0.00185428639268317,0.00627209288700262,0.0072156820823924,0.0163411558042556,0.000778101329967385,0.00219142937317102,0.000350505354714503,0.000267247484533052,0.00093433832092517,0.271335343171467,0.00240625523573798,0.000784268579610456,0.0259990687453039,0.242246482354985,0.000436846849717489,0.000956951569616428,8.73693699434977e-05,0.0457157658542,0.00253576747824246,0.000865470699910883,0.00192418188863797,0.000257996610068446,0.000481045472159493,0.0761367525935854,0.000172682990005972,0.000381341602929855,0.0115307010826607,0.00430987962556572,0.000925087446460564,0.00143491341695439,0.000342282355190409,0.00557416580239515,0.00512909595315357,0.00785604817033121,0.0301578507546144,0.00613332977003354,0.00215750950013414,0.000120261368039873,0.0102623034060692,0.00351533229655014,0.00270125534366485,0.119937587433612,0.000874721574375489,0.00342076780202306,0.00817468940188985,0.00028369348358124,0.0124383146551325,0.00142155104272773
0.000263222215955027,0.00029655230174154,0.0481807755483654,0.00270571927179745,8.97348463483045e-05,0.287519848493395,0.000104263345280887,0.0018169169841571,8.54617584269567e-05,0.00546357021623534,8.37525232584175e-05,8.37525232584175e-05,0.00232285059404468,9.91356397752698e-05,4.35854967977479e-05,1.53831165168522e-05,0.00285955043696597,0.00449956158117927,0.000191434338876383,0.258376534252218,0.00191348877117956,0.155883956605938,0.0598873272176899,0.000337573945786479,0.00202886214505595,0.000116227991460661,0.00394064168106697,0.00217585636955032,6.83694067415654e-05,0.00462689960123543,0.00372613266741531,0.00015810425308987,2.73477626966261e-05,0.00159898950016836,0.000697367948763967,0.000224764424662896,0.000182888163033687,0.000170923516853913,0.000341847033707827,0.0972144594458318,0.0043807697369658,0.00170752593337059,0.000945207048202141,0.00240489388213456,0.00139473589752793,0.000317917741348279,0.000437564203146018,8.71709935954958e-05,0.00113835062224706,0.0287339524183114,0.000405943352528044,0.000100844874943809,0.000233310600505592,0.00638997567758355,0.000898203081067315
0.000666609789422615,0.000869075799963581,0.0829556726774029,0.00300451919415981,0.000362274088043427,0.077288534438959,4.5204675309461e-05,0.000552006387229616,3.18342783869444e-05,0.00312612613759794,0.00024639731471495,5.22082165545888e-05,0.00311912259635281,8.65892372124887e-05,3.05609072514666e-05,0.000123517000141344,0.00617585000706721,0.0030452670704951,0.000112056659922044,0.184128192818951,0.00297395828690834,0.0277703144080671,0.437949897939303,0.00453638467013957,0.0038589512260654,0.000825144495789598,0.00202083999200323,0.00695642651311509,0.000140070824902555,0.043485624276566,0.00754599734884129,0.00054945964495866,6.68519846125832e-05,0.001589803862644,0.00157643346572149,4.58413608771999e-05,7.57655825609276e-05,9.6139520728572e-05,0.000431036129359227,0.0199435387238529,0.0250548504616607,0.000849338547363676,0.000550096330526399,0.00073855525857711,0.00172541788857239,0.000192279041457144,9.80495774317887e-05,9.74128918640498e-05,0.000828327923628293,0.013749861520889,0.000130520541386472,0.000150257793986377,0.000249580742553644,0.00654067083738159,0.020584681090566
7.3186350745586e-05,0.000285884182599945,0.00267587594913549,0.000768456682828652,4.11673222943921e-05,0.00800933125972006,0,3.88802488335925e-05,0.000196688317628762,0.00527170432714299,7.77604976671851e-05,4.11673222943921e-05,0.00239685298691794,0.000164669289177568,0.000123501966883176,4.11673222943921e-05,0.000921690604702223,0.000473424206385509,4.11673222943921e-05,0.0213132375811911,0.00160323849602049,0.00222532247735797,0.0298051413411399,0.342493824901656,0.00142484676607813,0.0010360442777422,0.000203549538011161,0.363697282956729,0.000164669289177568,0.0217866617875766,0.00193257707437563,0.00317445796358979,0,0.00143628213338212,0.0010246089104382,0.000114353673039978,8.23346445887842e-05,0.000194401244167963,0.000281310035678346,0.00268731131643948,0.103265940902022,4.11673222943921e-05,0.00015552099533437,0.000153233921873571,0.00279937791601866,4.11673222943921e-05,0,8.00475711279846e-05,0.000196688317628762,0.000537462263287897,3.88802488335925e-05,4.11673222943921e-05,3.88802488335925e-05,0.000766169609367853,0.0735202634708627
0.00602117243004179,0.0022255084296414,0.000605540375732491,0.00439719104810658,0.00102599550601692,0.00390921757573268,0.000781890730770375,0.00113766045639566,0.00220921903941702,0.00313889467280281,0.00105951859894246,0.00322978474869248,0.00126844773442911,0.00106093506765763,0.000706581810747503,0.00114946436235536,0.159954729659863,0.0013860146377877,0.0013078727803345,0.0108543997642996,0.0121067941866235,0.000148965293211385,0.000917399571187704,8.82932165785387e-05,0.495332735583536,0.00412263219548401,0.000906067821466394,0.00115937964336151,0.0024011505503217,0.000121580231384886,0.188986200289621,0.000125593559411183,0.00070398495143637,0.0040959553680151,0.00565950075143665,0.000873961197256017,0.000601290969587,0.000135744918536523,0.0136309145241397,0.00244789401792211,0.00416441802258134,0.00792537853946022,0.00153285522792634,0.000891194899957175,0.000176586433157077,0.017438618508619,0.0014093863715879,0.0010189131624411,0.00834866660717498,0.000538258111762215,0.000914566633757377,0.00677308123967453,0.000301943914449067,0.00619327337893418,0.00037678067823355
0.000378931413414172,0.000332582777723844,0.000266817821676756,0.00061756425392789,0.0227227318136409,0.00242265571419176,0.000445949035290728,0.000316298121940755,0.000732183177324243,0.00131905711843016,0.000168483554063491,0.000986474340706316,0.000785421475076648,0.000450959698608601,0.00746150401322815,0.000669549885850826,0.00620257485461247,0.00218590187242225,5.01066331787335e-05,0.00662221790748436,0.00206000895656068,9.58289359543278e-05,0.000641991237602523,6.01279598144802e-05,0.00588565039975698,0.479323810985253,0.000791684804223989,0.000797948133371331,0.00041776405412769,0.000375799748840501,0.0407561090946671,5.13592990082018e-05,0.000305650462390274,0.000489166006407386,0.343491618099769,0.000551172964966068,0.00241200805464128,7.32809510238977e-05,0.00264312490017819,0.000904424728876139,0.00276150182106295,0.00147501401419897,0.00103845997262925,0.000372041751352096,0.00016222022491615,0.000486034341833715,0.000752225830595736,0.00463423723611811,0.00260241326072047,0.000184141876931846,5.51172964966068e-05,0.0374597189644212,9.52026030395936e-05,0.00957287226879703,0.00108230327666064
0.000315511097858139,0.000642317342417643,0.00171912132794781,0.00208508408107204,0.000428462564871793,0.235815554772425,0.000990207860819696,0.000834334836340854,0.000557227237267358,0.00502182222342704,0.000852407071063039,9.03611736109229e-05,0.00220104758720606,0.000159638073379297,0.000186746425462574,4.89456357059165e-05,0.00704892455143207,0.0695683145532694,0.000182228366782028,0.10679937711031,0.00120933370682618,0.00334336342360415,0.00292243095653326,0.000286143716434589,0.00205119864096795,0.00201204213240322,0.311535959229038,0.00159788675335315,1.20481564814564e-05,0.000777859102834028,0.0120594516281577,6.1746801967464e-05,6.62648606480101e-05,0.00324697817175249,0.00220933069478706,0.00021310176776576,0.00238553498332836,0.000378763919385785,0.000412649359489881,0.115659290182861,0.0101114153270623,0.00178463317881573,0.00225300526203234,0.00365661549212201,0.000414155379050063,0.000368221782464511,0.000506022572221168,0.000825298718979762,0.00125602031319183,0.0110858099825001,0.000707829193285562,0.000997737958620607,0.00146234499293677,0.0656639588434975,0.000917918921930958
0.000360613339866656,0.00251233333864891,0.00106118176796942,0.00162511579493677,0.000165266013044417,0.0100978983672008,0.000118875553242476,0.000345391470244144,7.3572369842142e-05,0.0152751461661909,0.000168527842249241,5.00147144739684e-05,0.013031007673272,7.2485093440534e-05,0.000140621081274636,0.00017106482051966,0.00380619225656244,0.00194803688621435,0.000325095644080795,0.0349059215972235,0.00189983429907639,0.000345753895711347,0.0036387516907148,0.0261779914960488,0.00201073649204041,0.000265657867459557,0.000411715330742233,0.663844217936581,2.46449317697815e-05,0.00236083949335819,0.0176262001719346,0.0111489322220885,0.000140258655807433,0.00687267413456423,0.000782476583690564,0.00012358708431611,4.71153107363471e-05,0.000114526447636044,0.000373660656685953,0.00489165653083443,0.13044743598479,0.00085387440072949,1.92085497617415e-05,0.000232314724476911,0.018785599241516,0.000419326265553489,0.000102203981751153,5.98002020884405e-05,0.000544725477205613,0.00122862233381705,0.000265657867459557,0.000213831025649575,5.61759474164138e-05,0.00333395187279736,0.0140816791026925
0.00217581231917961,0.0370270025111954,0.000983471942404828,0.00229277864242679,0.000697023803840315,0.00388733994710258,7.99667720159265e-05,0.000144417603192942,0.000198126629173788,0.00173659184004736,0.000424898072204028,0.0669990260763289,0.00133317737823567,0.107216344730786,0.000492929505113099,0.0452958054444243,0.0160661599717371,0.00153846521087357,0.00906847065338821,0.0116584392395757,0.00476339383754571,8.35473737479829e-05,0.000556186802379429,0.000958407730280433,0.0136170283870105,0.00185236462938385,0.000274512799457658,0.000923795246870554,0.475169720522099,0.000295996409849997,0.118568045755316,0.000168288281406651,0.0110891235641787,0.00129498429309374,0.00304112440442658,0.00609179708013864,0.000321060621974392,0.000199320163084474,0.018388776961931,0.00130691963220059,0.0027272249859163,0.00549741719261728,0.000300770545492739,0.000254222722976005,0,0.00317480020242335,0.00914366328976139,0.000295996409849997,0.00370711632658907,7.63861702838701e-05,0.000138449933639515,0.000800861254069951,0.000144417603192942,0.00539954741194107,5.84831616235881e-05
0.00010983624563319,0.000142623184628172,0.0247656143698596,0.00331967757324192,5.73771432412184e-05,0.0927034306613617,0.000503279513572973,0.000527869717819209,0.000134426449879426,0.00291803757055339,0.0011852478446686,0.00233279070949297,0.00146557617307569,0.000714755270090607,2.78688981457347e-05,0.00023606596076387,0.00310820181672429,0.00365246500404099,0.000280328328407096,0.119234621696101,0.00247869258802064,0.00582787840635804,0.239129900212951,0.0122787086536207,0.00229344638269899,0.000775411107231323,0.00356885830960379,0.0127098569014048,0.000111475592582939,0.315131664150269,0.00441804002957382,0.00025409877721111,8.68853883367022e-05,0.00198524915614616,0.000395082614889533,2.62295511959856e-05,5.40984493417202e-05,8.03280005377058e-05,0.000721312657889603,0.0105442795807862,0.0339836622682988,0.000652460086000141,0.000473771268477489,0.000649181392100643,0.000795083270628312,0.00123442825316107,0.000278688981457347,0.000265574205859354,0.000785247188929818,0.0516541830396443,0.000473771268477489,0.000186885552271397,0,0.00531312346413683,0.0329623491186051
0.00457295471069385,0.0104115828859606,0.000639621531560496,0.00431991253776936,0.0023330457503641,0.00752819739448288,0.000242248174079445,0.000765757118063988,0.00128556526244452,0.00514241524976157,0.000895593504171495,0.00272779770812565,0.00478806368767719,0.00171470381652669,0.00208231657719213,0.00229927595397747,0.0589054730971144,0.00273088170779566,0.00469600629752733,0.0281356373894868,0.00796165354810307,0.000358360761655399,0.0012309784682853,0.000268307971291047,0.0733920989470454,0.00508736585565185,0.00124485646680036,0.00631680232410215,0.0037402747997906,0.000385499958751504,0.627379594870383,0.00055851234023918,0.00134076885653773,0.005637859796749,0.0113134985894557,0.000659204929465073,0.000687577726429183,0.000383032759015495,0.038182383114485,0.00736752101167525,0.0103028718975927,0.00933249140142342,0.00121925926953926,0.000971768296020792,0.000823119511926212,0.00786342815861319,0.0019740681887747,0.000907775302868043,0.00626792092933246,0.000731524721726855,0.000567610139265715,0.00420750074979742,0.000193983579243757,0.0145785290400974,0.000344945363090846
0.00012875081415956,0.00329261273269816,0.000825519926081885,0.00230426089459095,3.40810978657659e-05,0.0131969584513549,0.000157151729047698,0.000124964025507808,0,0.0158060558324119,0.000189339432587588,6.43754070797801e-05,0.223922279949711,3.40810978657659e-05,0,3.218770353989e-05,0.0030067101894909,0.00158855783940987,0.00402535633681213,0.0309816113543071,0.00264885866190036,0.000594525818325028,0.00126289401535921,0.00350656629152214,0.00122123934018995,0.000944803768612066,0.000157151729047698,0.245486147927112,0,0.000895575516139293,0.0147893030794165,0.224552780260228,9.8456504945546e-05,0.00857518290189188,0.0087702025174571,0.000196913009891092,0.00017040548932883,0.000751677547372726,0.000456308032536088,0.00346112482770112,0.113548751117103,0.00142383253305867,3.02943092140141e-05,0.000191232826913464,0.0481963525651706,0.000134430997137188,0.000999712204062467,0,0.000461988215513716,0.000738423787091595,0.000338917584331783,0.000134430997137188,0,0.00820407761402021,0.00734258319574668
0.000883167294320843,0.459765141600563,0,0.000685523000632106,0.000395288587377474,0.000874264398208737,8.54678026762106e-05,0,0.000527051449836632,0.000484317548498527,0.000121079387124632,0.00472209609786063,0.000281331517142527,0.0378996287492321,0.000153129813128211,0.0106977199683057,0.00920381400069443,0.000373921636708421,0.0579703177443622,0.00565155845196442,0.00176989574708653,8.54678026762106e-05,0.000527051449836632,0.000199424872911158,0.006664708029522,0.001556226240396,5.87591143398948e-05,0.000605396935623158,0.0111161560855746,0.000156690971573053,0.0301915012953714,0.000121079387124632,0.334405242025231,0.000495001023833053,0.0024945914906119,0.00120545213357905,0,5.87591143398948e-05,0.005176143799578,0.00059115230184379,0.00288631891954453,0.00314450290679558,0.000249281091138948,0.000121079387124632,0.000154910392350632,0.000313381943146105,0.00115737649457368,0,0.001285578198588,0.000491439865388211,0,0.00103095536978179,0,0.000525270870614211,0.000386385691265369
0.00163010468398299,0.00109566853644884,0.00233425036026058,0.025545750116117,0.000508384246191956,0.0152783236271392,0.000723498517274644,0.0148562828253957,0.000336441697333476,0.125373658699251,0.00277489966296283,0.000524015386997273,0.0527283039765622,0.000553788988531209,0.000311878476067979,0.000425018161896936,0.0328283730513178,0.00429112032107852,0.000657252253861636,0.0850244739004609,0.0144885788464516,0.000716055116891159,0.0039293710624412,0.000824728762490026,0.00711216906641895,0.000566442769183131,0.00105472983433968,0.0125361749258637,0.00168146414662903,0.00115447139947837,0.0371976490764229,0.00182735479414532,6.40132432979623e-05,0.336991020281777,0.00149761215715698,0.000366959638905761,0.000291036954994224,0.00255531935165005,0.00218017197232246,0.00872515392951993,0.136874456631772,0.00690896423594984,0.000614080531637429,0.00323192444650875,0.00187871425679136,0.00102942227303584,0.000774857979920683,9.00651446401562e-05,0.00840285469291507,0.00101527981230722,0.0227016268295878,0.000438416282587207,5.28481427227363e-05,0.00935933164219277,0.00306519227791871
0.000947399486479373,0.00327963519874179,0.000319753028416967,0.000756277490892056,0.0587387681617211,0.00735705648407598,0.000214841193130373,0.000414173680174902,0.000524103038018681,0.00297356632275351,0.000410980711274875,0.000475752366103989,0.000727996909206105,0.000338910841817128,0.0148687438905961,0.000509506608761415,0.00736161786821888,0.00312865338361195,0.00103497806202296,0.0132353122290253,0.00228890256290491,0.000229893760801928,0.000557857280676107,0.000147332707815521,0.00992785258701182,0.159386165413122,0.00124343331735328,0.00159329148111336,0.000557401142261817,0.000427857832603588,0.0517571135926055,0.000342559949131444,0.000618979828190905,0.00204213168077427,0.594789439665888,0.000439717431375116,0.00162385275487076,9.71574822436719e-05,0.00217669251298968,0.00236462153967697,0.00696888269351558,0.00224374485989024,0.000943294240750767,0.000734382847006158,0.00033617401133139,0.00113988989730956,0.000462068213675303,0.00228662187083346,0.00178943099925786,0.000966101161465244,0.000244034051644904,0.0149011297180107,0.000145964292572653,0.0163913339174946,0.000216665746787531
0.00118438788455439,0.0182712892483349,0.000396447827465905,0.00261160006343165,8.42451633365049e-05,0.00300804789089756,0,0,0.000421225816682525,0.00116952109102442,0.00016849032667301,0.249028702822709,0.00785462258166825,0.0119281240088804,0.000252735490009515,0.130589914367269,0.0150551062480178,0.0010604979384713,0.0129291547732318,0.0167895654931811,0.00861778464954012,7.92895654931811e-05,0.00127854424357755,0.000317158261972724,0.0113631858547415,0.0011645654931811,0.000237868696479543,0.00129341103710752,0.0244608309546464,0.000792895654931811,0.0883830875356803,0.000490604186489058,0.00136774500475737,0.000728472882968601,0.00429650333016175,0.271115802410403,0,0.00301300348874088,0.00360271963209642,0.00305264827148747,0.00758206470028544,0.0672177291468443,0,0.000332025055502696,0.000936607992388202,0.000317158261972724,0.00783480019029496,0,0.011095583571202,0.000555026958452268,8.92007611798287e-05,0.00016849032667301,0,0.00192277196320964,0.00348874088169997
0.00225630367192949,0.00109567687698203,0.000378403869885547,0.00092906621785332,0.00164351531547305,0.0154806717515863,0.000895179304132227,0.00100248786424902,0.00859880435672754,0.00379251042728574,0.00179883033669473,9.31890127330078e-05,0.000460297244711523,0.000194849753896289,0.000920594489423047,0.00033604522773418,0.035434416114357,0.0184288332453215,0.000327573499303906,0.0201005876555621,0.00555180603130586,0.000395347326746094,0.000254151852908203,5.08303705816406e-05,0.00923983180795157,0.0190670367870688,0.00530047808787442,0.00147690465634434,0.000372756050932031,5.08303705816406e-05,0.0220349656471412,4.80064611048828e-05,0.000593020990119141,0.000561957985874805,0.0196346425918971,0.000144019383314648,0.152316029357363,0.000234384486570899,0.0021151081980916,0.00278155083460645,0.00263470754181504,0.00354400639333106,0.0389897181455951,0.00415961865926426,0.000192025844419531,0.00201344745692832,0.00107308560116797,0.032263165771958,0.00130747008773887,0.000669266545991602,0.000677738274421875,0.0416978473338059,0.00455496598601035,0.509831440843332,0
0.00455516344725111,0.00500092867756315,0.00234955423476969,0.00803306092124814,0.00123978454680535,0.0337388558692422,0.00107262258543834,0.003143573551263,0.000640787518573551,0.0212202823179792,0.00267459138187221,0.0243592124814264,0.213642273402675,0.000311106983655275,0,0.0107355126300149,0.0362277117384844,0.003162147102526,0.00225204309063893,0.071577823179792,0.0138001485884101,0.00265601783060921,0.00291604754829123,0.000719725111441308,0.0107680163447251,0.00194557949479941,0.00210345468053492,0.0176959509658247,0.000664004457652303,0,0.0540118870728083,0.0055952823179792,0,0.0450826523031204,0.00104940564635958,0.0153742570579495,0.00209881129271917,0.0544205052005944,0.00312964338781575,0.0273820579494799,0.0554327637444279,0.164733469539376,0.00232169390787519,0.0012908618127786,0.00427191679049034,0.00117942050520059,0.00473161218424963,0.000445765230312036,0.0279253343239227,0.00501950222882615,0.00793554977711738,0.00109119613670134,0.000394687964338782,0.0153371099554235,0.000538632986627043
0.00837536667382128,0.00647045145596337,0.00031173662854281,0.00252136162470998,0.000383282740011652,0.00269639407598197,0.000209527897873036,0.000239551712507282,0.000705240241621439,0.00116326311593536,0.000351981316244034,0.00428510103333027,0.000413306554645898,0.00225370251126851,0.000327706742709962,0.00284906836741994,0.0476727072026493,0.000488685493514856,0.00131210457997322,0.00531229877656149,0.00604053598258363,0.000116262431136868,0.000389031981111827,8.30445936691912e-05,0.0388603982052147,0.00152610410981306,0.000218471161806642,0.00103614100716483,0.0062347325708562,0.000601115097251607,0.410663181348951,0.00012073406310367,0.000659246312820041,0.00232652623187073,0.0039069287298521,0.000762732652623187,0.000200584633939431,0.000214638334406525,0.378561974263842,0.00074101329735586,0.00135298807224113,0.0124777696010793,0.000834917568658715,0.000288100859575425,2.10805507006408e-05,0.024132758920267,0.00778958288617014,0.000376255889778105,0.00520370200022486,0.000606864338351782,0.000333455983810137,0.00159637261214853,7.66565480023304e-05,0.00313397520416194,0.000169283210171813
0.000325253355245138,0.0004406941547451,0.00737679876956787,0.00423443875580277,0.00022868690699422,0.178380835247105,0.000325033886044568,0.00262551004642213,0.000117854960706234,0.00905069036231731,0.000300233866380128,0.000329203800855403,0.00391576947657474,0.000219249731369699,0.000158237293611164,0.000459568505994143,0.00603935346129266,0.0174587749053649,0.000328984331654833,0.35008080855965,0.00361992499420601,0.00747314574861822,0.00780213008027305,0.000325692293646279,0.00269332602939834,0.000654018217699401,0.0223884920885743,0.00405886339534655,0.000319547156030311,0.00117745226105949,0.0186952643813778,0.000227370091790798,2.52389580655809e-05,0.00341933014488479,0.00179042973825225,8.29593578155616e-05,0.000290577221555036,0.000371561356565465,0.000812036042109994,0.290138502623096,0.0132440883776134,0.00290204123914066,0.000470761435223226,0.00287548546587166,0.000924404272801972,0.000385826854602532,0.00050631544571561,0.000186109882083588,0.00178801557704598,0.0124421479187297,0.000654018217699401,0.000542088925408564,0.000174039076052223,0.0128227075125185,0.00132010724143017
0.000527763156783656,0.00233019999509432,0.00755535682619925,0.00341427578228573,0.000430654735935464,0.0169223989117423,0.00020426947325417,0.000840399998230737,0.000106155789250198,0.0877827956046678,0.000504642104200753,0.00013028210498888,0.0302644525678643,0.000555910525145451,0.00028428842045413,0.000182354736458201,0.00505225156831105,0.00273954315212728,0.00046201894639575,0.0707954566930622,0.00315371157230798,0.000816675787754367,0.00547868419899224,0.0032715284141652,0.00325343367736119,0.000570587367219816,0.00120611473430292,0.0529695272569063,0.000344202104538522,0.00149844526000327,0.0175277683841521,0.00266133367860772,8.3838947191918e-05,0.0163425631234893,0.00253889262623391,0.000264987367863185,0.000159233683875298,0.000350233683473192,0.000704086314307187,0.008608872613455,0.589508229285246,0.0012302410500416,0.000193613683802919,0.000617633682910245,0.0179139904886021,0.000333747367718427,0.000225581052156671,5.18715788381651e-05,0.0013259421024717,0.00136655473396515,0.000866536840280975,0.000203465262729547,4.84536841085186e-05,0.00551949788311685,0.0277044494153591
0.0683563677548709,0.00245572952538378,0.000649708434730704,0.00628281065858549,0.000427016851095092,0.00760288963374505,0.000550989485283989,0.000585426328114239,0.00208075057012106,0.00510507063379096,0.00181367372239313,0.00786460963925494,0.00517394431945146,0.00123666528919295,0.000513491589757718,0.00623919065766717,0.112537306579733,0.00142874634586834,0.00235088847054502,0.0156197866446271,0.0392044324043039,0.000436200009183158,0.000592313696680288,0.000342837901954482,0.0238180510277484,0.00202335583207065,0.00128564213232931,0.00225905688966436,0.00406737376983945,6.58126329644765e-05,0.0764727489783737,0.00041706842983302,0.000355847375912576,0.00601649907403156,0.00295850743070542,0.00653611276918132,0.000560937906546061,0.00446760640984435,0.0122847697323109,0.00295850743070542,0.00585043696527236,0.420704960435894,0.00157108529623337,0.000938212651330793,0.000434669482835147,0.0065889159281877,0.0204945130630424,0.000724704225783247,0.0907892924376693,0.000777507384789629,0.00284830953364862,0.00277714005846611,0.000143869476713042,0.00857324333838407,0.000784394753355679
0.001876685507407,0.000118216409915401,0.000965434014309111,0.00202938170354772,0.00174369204625217,0.00465230829854569,0.00859778097947221,0.00164517837132267,0.024241752558277,0.0018963882423929,0.00951149531444333,0.000160084721760439,0.000655115938281183,0.000561527947098157,0.000337409336633541,0.00019949019173224,0.0964719790165872,0.0120777765463568,0.000512271109633406,0.014806605341904,0.0116172251160614,0.00102207937739357,0.00189885108426613,0.000167473247380152,0.0170699570234093,0.0054207149629958,0.00352678956247614,0.0011156673685766,3.94054699718005e-05,0.00025859839668994,0.0319332077283978,8.12737818168384e-05,4.1868311845038e-05,0.00129052914157646,0.00909773787973943,0.000283226815422316,0.0478012979176672,0.000118216409915401,0.00241112219389954,0.00256135554816703,0.00470895366163015,0.00536899528365781,0.155550629871809,0.00241112219389954,0.000157621879887202,0.00228551725836443,0.00146785375644957,0.0204341990222518,0.00216237516470255,0.00174615488812541,0.00134471166278769,0.0225079118795178,0.0121762902212863,0.444749836836726,0.00211065548536456
0.000402185493083693,0.00172568952706124,0.00876250946633408,0.0123408194030255,0.000272402231131154,0.0231114039553945,0.0232896776668678,0.0238359083188219,0.000569049687022672,0.00839455252585325,0.00560349929902777,0.000272402231131154,0.00135773258658041,0.000416447390001555,0.000122652313493609,0.000357973612638323,0.0224496519384057,0.0969010324187179,0.000323745060035455,0.318664972353313,0.0106650465151768,0.00568479211145958,0.00937862341318569,4.8490449520729e-05,0.0100931444487706,0.00135060163812148,0.00825193355667464,0.00265984377518116,0.000340859336336889,0.000319466490960097,0.0176961616956825,0.000231042730069356,0.000193961798082916,0.00897215935102664,0.00156310390219762,0.000268123662055795,0.00166151099093086,0.000186830849623985,0.00119086839264143,0.028576562854319,0.006608963031737,0.00182980137456162,0.00147753252069045,0.17463407537983,0.000580459204556961,0.000319466490960097,0.00101687325024352,0.000748749588187726,0.0019253560839113,0.00222913448826175,0.00142191112271079,0.00183550613332877,0.0140921803445389,0.132622805628885,0.000149749917637545
0.000387087112965864,0.0020074846260018,0.00434696002407286,0.00223069544296752,0.00372536028062403,0.0140509796553229,0.000235925357172625,0.000945114155380158,0,0.0452355086027992,0.000549550682276355,0.0001426853956553,0.123003287415007,0.000387087112965864,0.00147771211738064,0.000121494495310454,0.00225329907000202,0.00287066063338188,0.000507168881586662,0.0440219763763843,0.00236914265855385,0.000569328855931545,0.00400790561855532,0.00333120953420988,0.00204562824662252,0.00447269269945229,0.00333827316765817,0.172680408730086,0.000727554245173066,0.00202443734627768,0.00867555460118019,0.0294285096722333,0.000336228952138232,0.00863458552718015,0.00440205636496946,4.94454341379754e-05,0.00100444867634573,0.000795365126276575,0.000507168881586662,0.00672457904276465,0.307674920286897,0.00113300680510446,0.00014692357572427,0.000224623543655374,0.165181655461389,9.88908682759507e-05,0.000118669041931141,0.000101716321655264,0.000679521537724747,0.00195097555841554,0.00033340349875892,0.00196510282531211,0,0.0071639370432478,0.00860209281331806
0.0370442581399883,0.00116454922459992,0.000610378364326502,0.00415935529992851,0.00167217324557937,0.00437452465138174,7.5528833571337e-05,0.000424191007150648,0.00282179235191518,0.00297460650355952,0.000791296267997379,0.0031230294439497,0.000542753711012631,0.00156766241773066,0.000493572144966179,0.000549779649019267,0.296418176804217,0.00098363132092904,0.000304750061037836,0.00859535690886832,0.0153560657557538,0.000250299041486407,0.00138410978730729,7.025938006636e-05,0.158870510206053,0.00253021592463979,0.000113293250357005,0.00178371001143471,0.00113381074582088,0.000713132707673554,0.172647496394816,1.5808360514931e-05,0.000317045452549449,0.00395209012873275,0.00345324853026159,0.00111536765855346,0.000622673755838115,0.000242394861228942,0.0322595943574692,0.00155536702621904,0.00517196861513492,0.0177791361257924,0.00242482685454025,0.000181796145921706,0.000180039661420047,0.178586170494925,0.00328813898710565,0.000925667332374293,0.0161008151844572,0.000173013723413411,0.00121548727514803,0.00269093425654159,7.5528833571337e-05,0.00400039345252837,0.000128223368621107
0.036559874446985,0.0123117719481011,0.000277353104325355,0.00652118030657665,0.000395735526903251,0.00786735756903386,0.000409264946626439,0.00109250064264744,0.000791471053806502,0.00621338600787412,0.000649412146713028,0.0425804662238037,0.00145779497517351,0.010613829772841,6.08823887543463e-05,0.0278131045959439,0.0829454899679353,0.0024927955839974,0.00470147335380785,0.0298560469741453,0.0180347164910097,0.000169117746539851,0.00199220705423944,0,0.0175713338654905,0.00250294264878979,0.002949413499655,0.000639265081920636,0.024677661575095,0.000723823955190562,0.130207135415962,6.08823887543463e-05,0.000700147470674983,0.00327750192794231,0.0037442669083923,0.00642309201358354,0.000233382490224994,0.000551323853719914,0.0645522438542611,0.00662265095450056,0.0075967691745701,0.237272198395411,0.000693382760813389,0.000602059177681869,0.000460000270588394,0.00973441749083382,0.126341103730061,0.000392353171972454,0.038609581535048,0.00278029575311515,0.00291558995034703,0.00156941268788982,0.0004532355607268,0.00886176991868819,0.000473529690311583
0.00216117144313326,0.000708138942251147,0.00016907123534716,0.00141627788450229,0.00603755831732466,0.00576802446387266,0.000936017563806014,0.000911514486219469,0.0121755792527541,0.000416552318971263,0.00117614772415415,0.000235229544830831,0.000384698318108754,7.84098482769436e-05,0.0024601089896891,8.33104637942526e-05,0.0588563923628808,0.00668198925785079,0.000396949856902027,0.00750039204924139,0.00375877210177598,4.16552318971263e-05,0.000254832006900067,0,0.0166498412200572,0.0859641470968754,0.00160250127416003,0.00251156545262085,8.33104637942526e-05,0.000117614772415415,0.0393690947583016,8.5760771552907e-05,4.16552318971263e-05,0.000294036931038538,0.0496799898067197,0.000198474928451013,0.0753518641941428,0.000132316618967342,0.00238905006468812,0.00258017406986318,0.00169806327674756,0.00421697965264437,0.0171252009252362,0.00279335084486612,0,0.00167110989140236,0.00145303250088211,0.158277629670287,0.00225428313796213,0.000338142470694319,8.08601560355981e-05,0.218898243619399,0.00140647665346768,0.200126435880347,0
0.0353927888247681,0.00473564918259416,0.000851966757221624,0.0114396630712598,0.00163320419874938,0.00788551495764278,0.000212187947081612,0.0014837081451237,0.00248999340931376,0.00573630825121767,0.00420357183044254,0.00323586619299458,0.00257679756948352,0.000614862801202398,0.000220225369319552,0.00213473934639682,0.166391518912055,0.00115819254448713,0.00219903872430034,0.0197648250253179,0.091202237618351,0.000575479432236493,0.00154157758523686,4.01871111896992e-05,0.0372783680817888,0.00246507740037615,0.000124580044688068,0.00223601086659487,0.00146441833175264,0.000878490250606825,0.068863026250221,0.000150299795849475,0.000376151360735585,0.00797473034448392,0.00511340802777733,0.00155845617193654,0.000364898969602469,0.000614862801202398,0.00531273609927824,0.00401951486119372,0.00631419891012555,0.0885289909820123,0.00198604703499494,0.000671124756867977,0.000345609156231413,0.00675464964876465,0.00508447330772075,0.000824639521612628,0.367920236621711,0.00093394846404861,0.00448166663987526,0.00301885579257021,5.5458213441785e-05,0.00591473902489993,0.000650227459049334
0.000142930194737151,0.000335320104955193,0.00208946340400205,0.00153031712898926,0.000225502770582367,0.523632103546848,5.78427181047708e-05,0.00028669868973669,0.000123649288702227,0.00399617735080351,0.000211251666121771,3.47894608891013e-05,0.00152696392793971,7.67044740085004e-05,0.000166821752215208,2.89213590523854e-05,0.00181282431741401,0.0020856910528213,0.000141672744343569,0.0506920168666013,0.00130691010906286,0.00578133775955872,0.00977709596023103,0.000231370872419083,0.000752793635624408,0.000415377780013245,0.00774044547275943,0.00155085548541777,0.000211670816252965,0.00881430810887844,0.00284519109054481,7.12555223029785e-05,0.000202868663497892,0.00207395484914787,0.000689082815682921,8.04768251892463e-05,0.000264483732783408,0.000180234556413416,0.000590163384721139,0.0307681345304261,0.00636227984139359,0.000711297772636203,0.000261968831996244,0.000413701179488469,0.000649682703350686,6.83214713846205e-05,0.000277896536981616,0.000119876937521481,0.000499207806252043,0.320355187821174,0.000391905372666382,0.000237658124386993,5.86810183671587e-05,0.005496734820478,0.000549924972126516
0.00336874929450277,0.00251157015464499,0.00101591601760921,0.0555825996162095,0.000246924032057794,0.00995809346427362,0.00198597471497912,0.0113197031267637,0.000737244610001129,0.0638721921210069,0.00359098092335478,6.34947511005757e-05,0.0177291455017496,0.000370386048086691,0,0.00321353990292358,0.0514942431425669,0.00295956089852128,0.000409188395981488,0.0720383226097754,0.024978129585732,0.000677277345072807,0.00248687775143921,0.000116407043684389,0.0136619539451405,6.34947511005757e-05,0.000645529969522519,0.00840952703465402,0.00172494073823231,5.99672649283215e-05,0.0353771588215374,0.000832486736651992,0.000857179139857772,0.255280646799865,0.000398605937464725,0.000282198893780336,0.00073018963765662,0.00362625578507732,0.000818376791962976,0.00986637882379501,0.0962686251269895,0.0270699288858788,0.000532650412010385,0.00477974376340445,0.00227170109493171,0.00240574556947737,0.000779574444068179,0.000183429280957219,0.0375747827068518,0.000814849305790721,0.155636217406028,0.00110410317191557,0,0.00514660232531888,0.00207063438311322
0.00171778315255641,0.00155390605452718,0.000349702021687378,0.00149391533114148,0.00488704917337173,0.00298197790878191,0.000671603464244797,0.000525284626718698,0.00356140050538526,0.000847186069276117,0.00137978663787112,0.000260447530796457,0.000216551879538627,4.68220280083519e-05,0.00257667472883461,7.02330420125278e-05,0.0659824797823946,0.00451539932605543,0.00182166952719994,0.00793926012416617,0.00589518596392655,0.000525284626718698,0.000845722880900856,7.02330420125278e-05,0.0647607174890517,0.134641131103142,0.00100082084867852,0.000733057376005759,0.000237036516792281,0,0.0801256586176674,2.34110140041759e-05,0.000169729851530276,0.000948146067169125,0.0877722810667814,0.000541379698846569,0.0221058499734431,0.000140466084025056,0.00181142720857311,0.00192848227859399,0.00206455879749327,0.0054957355374803,0.00498069322938843,0.00128321620510389,0,0.00219039299776571,0.00135637562386694,0.0589796602183955,0.00277274197111959,0.000289711298301677,0.000457977961456692,0.318862400302002,0.000670140275869536,0.0929212409593248,0
0.000856164383561644,5.45762156852044e-05,0.000542351143371719,0.001552011133548,0.000515063035529116,0.00457758009059652,0.0185559133329695,0.00223762484309338,0.00390902144845276,0.00229902308573924,0.00727910276701414,0.00712219614691917,0.000573050264694646,0.00262306936637014,0.000600338372537248,5.45762156852044e-05,0.0262818588659062,0.0551833760847023,0.000115974458331059,0.0277008404737216,0.00699257763466681,0.000511652022048791,0.000917562626207499,0.000173961687496589,0.00748035256235333,0.001835125252415,0.00827170768978879,0.000972138841892703,0,0.000109152431370409,0.0139203460132074,0,0,0.000777711073514163,0.00483340610162091,0.000354745401953829,0.0134905583146865,0.000112563444850734,0.000634448507340501,0.00378281394968073,0.00169527369972166,0.0043865633356983,0.0184911040768433,0.0200260601429897,5.79872291655297e-05,0.000958494787971402,0.00169186268624134,0.00356450908693991,0.00122114282595645,0.000590105332096272,0.00100965999017628,0.00676062871800469,0.138777083447034,0.572964989357638,0
0.000860041062527534,0.000882576502739811,0.000693057144889027,0.000593494831164297,0.00107394302782111,0.00965939159852929,0.00232502939304856,0.000620832906175911,0.00268929077090601,0.00246726126979817,0.00136394828301188,0.000349114606567234,0.00150396355908488,0.000156639781147627,0.000469549909996777,0.000424479029572224,0.0215941237916063,0.0238303044408671,0.000190627658189093,0.0270017058589374,0.00253043438908176,0.000471951227396445,0.000949998106653589,4.78416312703246e-05,0.00679923785880069,0.00308403040806695,0.00518370539899274,0.00238968024611656,0.000322700115170877,0.000285941487283639,0.0213205583247671,9.34666618640319e-05,5.43067165771252e-05,0.00117664552583771,0.00658164155904609,0.000219074033539015,0.012595279194709,7.31478223283728e-05,0.00126697200340987,0.00375048834483657,0.00431424378358958,0.00253024967235871,0.0110817103660254,0.00416203720379519,0.000293145439482645,0.000750319329034975,0.000752351212988541,0.00364169019495927,0.00108798149877302,0.00120379888412628,0.000328426333585472,0.00571070220985852,0.0128335637674453,0.783247486236295,0.000115817385353257
0.000265954243826851,0.000197709381259961,0.0123202048951638,0.00232032532727426,1.80648165618238e-05,0.0159602654323713,0.000101363692930234,0.000421512386442556,3.61296331236477e-05,0.0180537769517027,0.000541944496854715,0.00013648972513378,0.0132896833839817,0.000182655367458441,0,0.000563020116176842,0.00228018129047021,0.00158368225191989,1.60576147216212e-05,0.0499130881603192,0.00194497858315636,0.00156561743535806,0.0585360272658298,0.0287220547323798,0.00159672906388121,0.000637286584264341,0.00286327342504908,0.0628023347771805,0.000238857018984115,0.0166166204341176,0.00759926616700722,0.0021266303496947,0.000722592662472953,0.007735755892141,0.000404451170800833,0.000763740300197107,6.62376607266873e-05,0.000185666170218745,0.000339217110994247,0.00814121066386194,0.388089465000422,0.000776787112158425,0.000817934749882579,0.000153550940775502,0.00907455951955617,0.00024287142266452,3.31188303633437e-05,0.000117421307651855,0.000912273236372103,0.00108188179186923,0.000512840070171776,0.000285022661308776,9.73492892498284e-05,0.00248391227725078,0.273510355154294
