0.158848358395088,0.00167478075960701,0.00119512994539975,0.00895348186520213,0.00304178558009769,0.000399709011839381,0.0336674900672311,0.0012910601082412,0.00255414058565364,0,0.00394512794685469,0.00903342366757001,0.000203851596038084,0.00552797563373864,0.0746376637807676,0.13142032600267,0.00033575556994508,0.00346148004252904,0.00019985450591969,0.00121511539599172,0.00248619005364095,0.0198415553477069,0.00019985450591969,0.00838989215850861,0.0619868735560512,0.000399709011839381,0.00677506775067751,6.79505320126948e-05,0.0180108880734825,0.00200653923943369,0.00262209111766634,0.0805293746152801,0.000851380195217881,0.00791823552453814,0.000267805037932385,0.0012271066663469,0.00136300773037229,0.000459665363615288,0.00982484751101198,0.000331758479826686,0.0224996202764388,0.001035246340664,0,0.00101126379995363,0.00186664108528991,0,0.191608509005444,0.00385719196425003,0.00365733745833034,0.00412499700218241,0.00149491170427928,0.000807412203915549,0.00067151113989016,0.00128306592800441,0.000131903973906996,0.0987840851859846
0.00107930398055498,0.141681315756376,0.000508940088391779,0.00137764817030188,0.00553106728246467,0.000672736898448903,0.0043581651247342,0.00029541924671017,0.00965816190729686,0.000201821069534671,0.00430551615007298,0.00131329942349373,0.000821908993322355,0.00370590282754243,0.00197433654979569,0.0256429756030501,0.000190121297387733,0.000538189518759122,0.000909657284424386,0.000301269132783639,0.00176959053722429,0.00100325546159989,9.65231202122339e-05,0.00127820010705292,0.0049373038460076,0.000146247151836718,0.000245695215085686,0.00219078233451404,0.000494315373208107,0.000198896126497936,0.000789734619918277,0.00939199209095403,0.00146539646140391,0.00668056989590128,4.67990885877498e-05,0.000857008309763167,0.000193046240424468,0.00122847607542843,0.000897957512277448,0.000195971183461202,0.000143322208799984,0.0059844334531585,0.000769260018661137,0.0167862480878185,0.000301269132783639,0.000658112183265231,0.0056948640925218,0.00369712799843223,0.00367372845413836,0.000345143278334654,0.00029541924671017,0.00243647754959972,0.00191291274602427,0.00148587106266105,0.000415341911216279,0.716224951519069
0.0017794470350755,0.00163877928526716,0.150985729256782,0.00165987944773841,0.000956540698696713,0.000253201949655012,0.151597633968448,0.0217542675078598,0.00209594947214427,0.000365736149501685,0.000717405524022535,0.000358702762011268,0,0.0238642837549849,0.015719621041082,0.0175623685635713,0.000232101787183761,0.00452950154382855,0.000119567587337089,0.000119567587337089,0.277122500509921,0.000935440536225462,0.00260235337145429,0.00035166937452085,0.0222395712446986,0.00455763509379022,0.00303842339586015,0.000478270349348357,0.000787739398926705,0.000759605848965037,0.00115347554842839,0.0189479458991834,0.00991707636148798,0.00192714817237426,0.000246168562164595,0.0396120383460286,0.00166691283522883,0.000232101787183761,0.000112534199846672,0.000112534199846672,0.000956540698696713,0.000921373761244628,0.00662545101597282,0.000225068399693344,0.000112534199846672,0.000597837936685446,0.00285555532110931,0.000337602599540016,0.00139261072310257,0.00035166937452085,0.00658325069103032,0.000225068399693344,0.0148826479297224,0.000935440536225462,0,0.179885918454905
0.00449455467414479,0.00282350229529608,0.000816318690816895,0.0868995255747844,0.000907554309202313,0.000153659988859651,0.0520523212262067,0.00218965484125002,0.0021656454679907,0,0.00275627605016999,0.00724122697501104,0.000648253078001652,0.00416322532316616,0.0212050784626318,0.193885292818316,0.000494593089142001,0.00141175114764804,0.000581026832875555,0.00135412865182567,0.00393273533987669,0.0238797226437201,0.00042256496936404,0.00325567101396385,0.361576359410714,0.000249697481896933,0.000489791214490137,0.000163263738163379,0.00587749457388164,0.00983904116166952,0.00121967616157348,0.056988648368323,0.00097478055432841,0.0137189558803757,0.000163263738163379,0.000907554309202313,0.00076349806964639,0.00112844054318806,0.0140118702341394,0.00023529185794134,0.00457618654322648,0.000749092445690798,0.0010564124234101,0.00128210053204771,0.000537809961008778,0,0.0315339108387915,0.00470103528417494,0.0060167489387857,0.00200238172982733,0.00209361734821274,0.000729884947083341,0.00109482742062501,0.00483068589977527,7.68299944298254e-05,0.052676564930949
0.00247917026250961,0.00630552074904117,0.000517801383941881,0.00268763575474595,0.0794724253951318,0.000439346628799171,0.00834310281831896,0.000793513809157687,0.0118108029956267,0.000150184816987472,0.003644783767487,0.00200395860278806,0.000945940190577808,0.0051869800971494,0.00570253991665863,0.0533290594171484,0.000345200922627921,0.000430380371068576,0.000809204760186229,0.000264504603052562,0.0020151664249513,0.0020151664249513,0.001634100471401,0.000428138806635927,0.00746440956072062,0.000383307517982951,0.000195016105640449,0.000475211659721553,0.00128217485547513,0.000560391108162209,0.000576082059190751,0.0112235131142727,0.00512869942190053,0.012447407294499,0.000338476229329974,0.00207793022906547,3.58650309223813e-05,0.000526767641672476,0.00151305599203796,0.000217431749966937,0.00171927991984166,0.0018179087548782,0.00133597240185871,0.0052923336254839,7.62131907100604e-05,0.000239847394293425,0.00575409589860956,0.0324825101935143,0.0100668658670259,0.000428138806635927,0.000159151074718067,0.00171031366211106,0.00237605829860776,0.00241192332953015,7.62131907100604e-05,0.697852805429966
0,0.00172003844791825,0,0.000910608590074366,0.000910608590074366,0.193706682855264,0.00430009611979562,0,0.141245510193757,0,0.0368796478980118,0,0.276825011382607,0.00172003844791825,0.00182121718014873,0.0340972327616735,0.00349066626195174,0,0.000910608590074366,0,0,0,0,0.000910608590074366,0.00172003844791825,0,0,0.00672838569332726,0,0.00172003844791825,0,0.0027318257702231,0.000910608590074366,0.000910608590074366,0,0,0,0.0144685587089594,0,0.00161885971568776,0,0.00890372843628269,0,0.0117367329387363,0,0,0,0.00177062781403349,0.00182121718014873,0,0,0.00430009611979562,0,0,0.00920726463297415,0.232002833004502
0.00166907797672247,0.000538734236223497,0.00122341500314149,0.00328878771847804,0.000305111878401991,0.000106829623207063,0.733165769091007,0.00798389570407331,0.000719481325993023,6.23172802041201e-05,0.000638819565036175,0.00164129148381761,0.000124095016856689,0.00756790762582763,0.0157592578254722,0.026635106965858,0.000364191897296806,0.00606231134522505,0.000441616396944349,0.000209612669777495,0.00947951042897219,0.00266102879624866,0.00589882964910515,0.00172438119075643,0.0524908432715007,0.00110012930161213,0.000330200653549104,0.000270581091102738,0.000685220310469546,0.00316954859358531,0.000735667632539548,0.0317837013065317,0.000327772707567125,0.00177536805637798,9.95457852611269e-05,0.00086839534622105,0.00291353517837445,9.01037731089875e-05,0.00121154504500737,4.31634841240659e-06,0.00129652315437663,0.00114518118816662,0.000699787986361418,0.000326154076912473,0.000536036518465743,0.000153500140416209,0.0101900892863646,0.000481003076207559,0.000558427575855102,0.0216319196123272,0.00381322405058544,9.28014908667416e-05,0.00120480075061299,0.00286227854097712,1.3758360564546e-05,0.0288666590950722
0.00247397578519412,0.00185408569003261,0.00866729214135728,0.00247956038064603,0.000547290354286735,0.000379752490729572,0.455267390430237,0.134482643077335,0.00165862484921592,0,0.00154693294017781,0.00169771701737926,0,0.0158490818925077,0.015832328106152,0.0302294151811643,0.000463521422508153,0.00571862574275119,0.000552874949738641,9.49381226823929e-05,0.0993331993030425,0.0020439619353974,0.013056784166555,0.0032669883393647,0.0321616852075236,0.00698632891033374,0.00268060581691462,0.00190434704909976,0.000178707054460975,0.0020439619353974,0.0012286109994192,0.0298943394540499,0.00145757941294733,0.00106665773131394,9.49381226823929e-05,0.00171447080373498,0.00383661707545905,0.000290398963499084,0.00157485591743734,8.93535272304874e-05,0.00263592905329938,0.00190434704909976,0,0.000815350935978198,0.000201045436268597,0,0.0116047893490596,0.00139056426752446,0.00172005539918688,0.0187307331456909,0.00456819907965867,0.000195460840816691,0.00169771701737926,0.00284814368047179,0.000273645177143368,0.0667135772684627
0.00115429632320297,0.00308350486338136,0.00132380837066634,0.0018942298637177,0.00361087567771186,0.00672935921755391,0.013267681048284,0.000976712273479437,0.456148847721677,0.00127806702452543,0.0343517509518236,0.00195611521437893,0.024926342979376,0.00468714264573327,0.00374271838129448,0.0301919791204208,0.00738050073320687,0.000618853506612315,0.000177584049723534,4.57413461409103e-05,0.00162516312171234,0.000713026866314189,0.000357858766867121,0.000228706730704551,0.0064118604619876,0,0.000893301583457777,0.00681815124241568,0.000548896153690923,0.000449341459148942,0.000228706730704551,0.0108272456982955,0.00175162449045486,0.00350324898090972,0.000551586821110977,0.00193997120985861,0.000182965384563641,0.00584682030377635,0.00055427748853103,0.00346827030444902,0.00131573636840618,0.0300870430910387,0.003718502374514,0.0284161386231855,0.000309426753306158,0.00293551815527842,0.00915365056302216,0.0035328463225303,0.00232742731834632,0.000226016063284498,0.000180274717143587,0.0102191548613634,0.00781369818783549,0.000551586821110977,0.00159018444525164,0.253175660222518
0.000296413397885584,0.000856305371669466,0.00571419161479432,0.000592826795771169,0.00144913216744064,0.00815136844185357,0.0328854197543062,0.00340875407568422,0.0281592727991305,0.316306030365906,0.0096334354312815,0,0.000296413397885584,0.00138326252346606,0.00693278002832395,0.0217205151006159,0.000856305371669466,0.000279945986891941,0.000576359384777525,0,0.0179988802160524,0.000296413397885584,0,0.00105391430359319,0.0237789414748213,0.000263478575898297,0,0.0360965648980667,0.00115271876955505,0,0.00087277278266311,0.0197114909593914,0.000592826795771169,0.00108684912558048,0.000296413397885584,0.00859598853868195,0.000263478575898297,0.00164674109936436,0.000576359384777525,0.00337581925369693,0.000296413397885584,0.021671112867635,0.0803115634159998,0.00398511346046175,0,0.0737740012515232,0.00319467773276685,0.001663208510358,0.000559891973783882,0,0.000296413397885584,0.00306293844481771,0.0716332378223496,0.000592826795771169,0.000296413397885584,0.18150380397194
0.001535660299574,0.00229490174522468,0.00164903119417342,0.00149099903806514,0.00169025697402776,0.00512230314690119,0.0158066510924832,0.000292015940634877,0.0700597773807888,0.000233612752507902,0.394863954926481,0.000336677202143741,0.0161776831111722,0.00270715954376804,0.00845472035179332,0.0292015940634877,0.00214030507077092,0.00215404699738903,0.000178645046035454,0.000175209564380926,0.00263844991067748,0.000876047821904631,5.84031881269754e-05,0.000893225230177271,0.00569946406486189,0.000302322385598461,0.00160780541431909,0.0190737941459393,0.000360725573725436,0.000226741789198846,0.000584031881269754,0.0187233750171774,0.000931015528377079,0.00282740140167651,0.000288580458980349,0.00236361137831524,0.000233612752507902,0.00156657963446475,0.00242201456644222,0.00513260959186478,0.00261440153909578,0.115669231826302,0.00745499519032568,0.0103304933351656,0.00114057990930328,0.00323622371856534,0.00473065823828501,0.00274494984196784,0.00241857908478769,0.000463790023361275,0.00161124089597362,0.00602927030369658,0.0118077504466126,0.000419128761852412,0.0094475745499519,0.196506115157345
0.0104257586521872,0.000733279204303258,0.000334923373591799,0.00514056632497716,8.88054399675226e-05,0.000296863899320004,0.019679285496803,8.37308433979499e-05,0.000832233837409926,0,0.00029940119760479,0.286194560032477,8.62681416827362e-05,0.000817010047701208,0.0179564599614331,0.0457348015832741,0,0.000124327615954532,0,0.0083705470415102,0.00038313204100274,0.00913173652694611,0.000329848777022227,0.00409773672992997,0.0558865320207044,8.11935451131635e-05,0.00114178422815386,4.56713691261545e-05,0.00198162996041815,0.000791637064853344,0.00174058662336344,0.11317872729118,0,0.0032172942251091,8.88054399675226e-05,8.11935451131635e-05,8.62681416827362e-05,0.000177610879935045,0.0466076321932406,0,0.00573683142190196,0.000180148178219832,0,0.000431340708413681,0.00209580838323353,4.56713691261545e-05,0.334644270780473,0.00190804831015934,0.00222521059575764,0.000702831624885822,0.000208058459352481,0.000124327615954532,0.000258804425048209,0.000268953618187354,0,0.0149218512128286
0.00144803119472917,0.0038993411458064,0,0.00179969591344911,0.00157214815427738,0.0333771190385073,0.00616447565756131,0,0.0879782381597592,0,0.0632789632096646,0.000372350878644643,0.389044609703878,0.00161352047412679,0,0.0399139455747132,0.00299949318908184,0.00107568031608452,0.000372350878644643,0.000186175439322321,0.000186175439322321,0.00252371151081369,0,0.000527497078079911,0.00790211309123631,0,0,0.00568869397929315,0.000858475636875149,0.00017583235935997,0.00035166471871994,0.0135494347506801,0,0.00355801950704881,0.000186175439322321,0.000372350878644643,0.000186175439322321,0.00174798051363735,0.000362007798682292,0.00118945419567039,0,0.0302224796499902,0.00546114622012143,0.0153181014242421,0,0.00132391423518095,0.011749738837231,0.00239959455126548,0.00209964523235729,0,0.00111705263593393,0.00545080314015908,0.0123599805550097,0.000527497078079911,0.008688187168375,0.228819958007095
0.00505520538093828,0.00183312886895949,0.00334193493802614,0.0033666116728006,0.00237601703399749,0.000641595104135821,0.141531649674972,0.00725143477586474,0.00431137808987972,0.000348999534667287,0.00265098636434141,0.00047238320853956,0.000225615860795014,0.21812118391923,0.0246732095266297,0.0800548528561558,0.00446296374635137,0.00136427090824485,0.00174499767333644,0.000232666356444858,0.00900700819267595,0.0020587447297545,0.0565026721378513,0.00311631907723113,0.0388870087567156,0.00107520058660124,0.00342301563799935,0.00245004723832085,0.00113160455179999,0.00537247768518127,0.000486484199839249,0.0412982782689623,0.0182114302635475,0.0081221709886205,0.00371561120746789,0.00510455885048719,0.00157226052991525,0.000356050030317131,0.000951816912728965,0.000116333178222429,0.00698704118899559,0.00565449751117504,0.00235486554704796,0.000772029273657938,0.00112455405615015,0.000923614930129588,0.00766741401920555,0.00238306752964733,0.00739244468886163,0.0165122608119351,0.00152995755601619,0.000363100525966976,0.00331020770760184,0.0201009630977058,0.000119858426047351,0.215783944611306
0.00233784003848009,0.000362459473707901,0.000706065398718383,0.00130018785204583,0.000180758398136515,8.4369630420955e-05,0.00852015432572286,0.000505039435732141,0.000323102690802037,6.76371059519946e-05,0.000331822457074594,0.00106569684012167,0.000142344292665522,0.000888002143648487,0.798238984283917,0.0174807746828892,9.6624437074278e-05,0.00572346604581931,4.6426863667397e-05,0.00036787986895841,0.00370095160930357,0.000840396933187501,0.000287280948276939,0.0296936321903605,0.014115180571041,0.000861607175472099,0.0174949148444123,0.00012466909076169,0.000313675916453327,0.000165675559178579,0.00210617705886054,0.0537830470304129,0.00019183485799625,0.00119201561639439,1.90892180561379e-05,0.00100725083915967,0.000673307357856615,0.000118777356793747,0.00277170732787947,2.66306375351059e-05,0.00372381153709919,0.000169210599559345,0.000391211135471467,0.000216815810020331,0.00460309391447512,7.35288399199384e-05,0.00705806162423793,0.000383905385351217,0.000474402419098833,0.00175290869014263,0.00234538145795906,3.55860731663804e-05,0.00110293259879908,0.000135745550621425,3.08726859920254e-05,0.00924507327313866
0.00432861198138927,0.00215878778798329,0.00033276434532043,0.0119962382579335,0.00199123508747522,0.000475903179287409,0.0210400708470341,0.000716697479418776,0.00402260255830566,0.000250158522914253,0.00149325909734243,0.00357445761083895,0.00105648499182637,0.00241095293006531,0.0201531451748835,0.642547215749017,0.000178254669402803,0.000713687550667134,0.000181933471210366,0.000897293204517301,0.00217550961438131,0.00728235539633404,0.000551485834606422,0.00392294047297352,0.0437312548326078,0.000138791159103496,0.000918697142306756,0.000513694506946916,0.00810139045330865,0.00188588758116775,0.00116718348258121,0.036178005848626,0.000738101417208231,0.0310587859151387,9.99965218601092e-05,0.000524396475841643,0.000417042350366409,0.000445135018715068,0.00353532853706761,0.000175579177179122,0.00542121611823535,0.00313233252087553,0.000423731080925613,0.00124343501095614,0.000569879843644234,0.000351827227414163,0.0269682927416571,0.00432426430652579,0.0059783873738171,0.00112236898783454,0.000637436022292201,0.000536770627376171,0.000966187129277109,0.00118357087245126,0.000105681942835433,0.0829533019587279
0,0.00211201302832133,0.000432580981704369,0.00305351281203084,0.00516552584035217,0.00753199826967607,0.0184991984528868,0,0.164609786508563,0.000407135041604112,0.020000508918802,0,0.0121886053080231,0.040102801598005,0.000407135041604112,0.0498485966564035,0.058016743428586,0,0.00127229700501285,0.000432580981704369,0.000865161963408738,0,0.00129774294511311,0.00122140512481234,0.0107127407822082,0.000865161963408738,0,0.0319346548258225,0,0.00165398610651671,0,0.0144024020967455,0.0252932644596555,0.00633603908496399,0.00600524186366065,0.00259548589022621,0,0.0021883508486221,0.000432580981704369,0.00409679635614138,0.00519097178045243,0.0695946461742029,0.0105855110817069,0.00776101173057839,0.00338431003333418,0.00206112114812082,0.00625970126466322,0.00557266088195628,0.0034352019135347,0,0,0.00173032392681748,0.0134354563729357,0.00173032392681748,0.00450393139774549,0.370772793200845
0.00239050582255132,0.00130126203866153,0.00104684013293545,0.00111044560936697,0.000217318711141029,9.01077582779877e-05,0.237139767734002,0.00127740998499971,9.54082146472811e-05,0,9.27579864626344e-05,0.000744714119885722,4.77041073236406e-05,0.00292585191584996,0.171620826553166,0.0144225417808473,4.24036509543472e-05,0.314788803315966,0.000310076697603664,0,0.0145312011364178,0.000893126898225937,0.000535346093298633,0.0171734786365106,0.0208678967259081,0.0043755267328517,0.00193731680297674,4.24036509543472e-05,0.000259722362095376,0.00031272692578831,0.000723512294408549,0.0593439095106089,0.000222619167510323,0.000177565288371329,4.24036509543472e-05,0.000559198146960453,0.0238944573127746,0.000137811865601628,0.000217318711141029,0,0.00081096982450189,0,0.000180215516555975,0.000270323274833963,0.000490292214159639,0.000127210952863042,0.0112952725229642,0.00059365111336086,0.000219968939325676,0.0240614216884074,0.0384230082210078,0,0.00126945930044577,0.00173589946094359,0,0.0246100189226292
0.00180254140491148,0.00303398058252427,0.00085665334094803,0.00210593946316391,0.00690676756139349,0,0.00970873786407767,0.00214163335237007,0.00265919474585951,0,0,0.000285551113649343,0,0.0140812392918332,0,0.00662121644774415,0,0,0.0362292975442604,0,0.00228440890919475,0.00276627641347801,0.0215412621359223,0,0.0273415191319246,0,0,0,0.000606796116504854,0.00644274700171331,0,0.00713877784123358,0.0290548258138207,0.0110294117647059,0,0,0,0.000303398058252427,0.00085665334094803,0.000285551113649343,0.000571102227298686,0,0,0.0017846944603084,0.0019988577955454,0,0.0017846944603084,0.0149378926327813,0.00653198172472873,0,0,0.000303398058252427,0,0.0236828954882924,0,0.752320102798401
0.0049074651694739,0,0.00016635475150759,0.00307756290289041,0.000176751923476814,0,0.0250883759617384,0.00108130588479933,0.000883759617384072,0,0.000530255770430443,0.100145560407569,0.00033270950301518,0.00238095238095238,0.0404969848201289,0.0517259305468913,0.00016635475150759,0,0,0.0161468080682054,0.000343106674984404,0.0053337492202121,0,0.0100644624662092,0.11487835308796,0.000176751923476814,0.00049906425452277,0,0.000852568101476398,0.00033270950301518,0.0033270950301518,0.443865668538158,0.00049906425452277,0.00323352048242878,0,0.00016635475150759,0,0.00016635475150759,0.0396236223747141,0,0.0124246205032231,0.000176751923476814,0.00016635475150759,0.000363901018922853,0.00216261176959867,0,0.0954148471615721,0.000675816177999584,0.000540652942399667,0.00105011436889166,0,0,0,0,0.000176751923476814,0.0161779995841131
0.00274268036259918,0.000613013676875091,0.0305744541637286,0.00196767861566901,0.000296978128434306,0.000107992046703384,0.162610612441954,0.0273013422776158,0.00111009471537743,0.000211219738405148,0.00210743302904986,0.000562193890191146,0,0.00680349894231319,0.0446007152884976,0.0239535888298109,0.000446261251818395,0.0116599648072977,0.000204867265069655,7.94059166936647e-05,0.464191107807825,0.00141818967214885,0.00128796396877124,0.0022598923891017,0.0338491541681754,0.0106928007419689,0.000698772066904249,0.001278435258768,0.000506609748505581,0.00138483918713751,0.000682890883565516,0.0278428906294666,0.00233135771412599,0.00304124660936736,0.000298566246768179,0.00986697920835477,0.00115297391039201,0.000107992046703384,0.000560605771857273,5.24079050178187e-05,0.00101480761534503,0.00460713128656642,0.00346050984950991,0.000876641320298058,0.000314447430106912,0.00126890654876476,0.0186985052630242,0.000667009700226783,0.00204232017736106,0.00992891582337583,0.0109786620420661,0.000188986081730922,0.0149299004567428,0.00135307682046005,0.00013499005837923,0.0480755182030123
0.00955535708229229,0.000795902908889467,0.00045900082529705,0.0239584864278204,0.00152849535911727,0,0.0265135156523804,0.00103557821668004,0.000979051021446418,0,0.00118254892428747,0.00984929849750715,7.68769855177326e-05,0.00089086859688196,0.0115880750228935,0.147368659061875,0.000117576566085944,0.000714503747753044,3.84384927588663e-05,0.00158954472996959,0.00225882672153573,0.0725967462946423,0.00044995647405967,0.00242614721942727,0.369538625032503,0,0.000325596644545691,0.000110793302657909,0.00941743072592224,0.00221586605315817,0.00136795812465377,0.0547183249861508,0.000117576566085944,0.00575672956259256,3.61774049495212e-05,0.000875040982216544,0.000452217561869015,0.000183148112556951,0.00697093371621087,0.000108532214848564,0.00753620566854714,0.000630843498807276,0.000185409200366296,0.000226108780934508,0.0005969271816671,3.84384927588663e-05,0.164462482900523,0.0033509321334494,0.00312934552813358,0.0012390761195211,0.00102653386544266,0.000221586605315817,0.000700937220896973,0.000669281991566142,0.000165059410082191,0.0476524255819475
0.00393878173916835,0.00218013749400462,0.00149702774588317,0.00507245323605075,0.00122087699664259,0,0.355783904771594,0.00427306948824906,0,0,0.000494164498641048,0.000247082249320524,0,0.0620321788294115,0.0449980378762554,0.030187637166984,0.000741246747961571,0.00248535674316527,0.00332834324084706,0.000741246747961571,0.0015115619958432,0.000523232998561109,0.186721509236516,0.00313939799136666,0.0235309506852899,0,0.000930191997441972,0.000479630248681017,0.000726712498001541,0.00465095998720986,0,0.0126302632152668,0.00252895949304536,0.00194758949464413,0.00183131549496388,0.00276150749240585,0,0,0.000232547999360493,0,0,0.00270337049256573,0,0.000523232998561109,0,0.000465095998720986,0.0038661104893682,0.00123541124660262,0.00626426173277328,0.00529046698545122,0.00145342499600308,0,0.000930191997441972,0.0169178669534759,0,0.196982689708298
0.00371547233952033,0.00069645930724287,0.000558394686864327,0.0016005268954994,0.000445897588778108,0.000240334709547833,0.0113836836254338,0.000526690959221847,0.000461238102153501,0.000116587901652991,0.000417261963810706,0.00240027899280325,6.54528570683461e-05,0.00160154959639109,0.260363283810747,0.0220565901311409,5.01123436929525e-05,0.00523316046279261,5.11350445846454e-05,0.00142053153856145,0.00344957010768018,0.00128451231996629,0.000226016897064133,0.307837059203132,0.00985065498878609,0.000356922611200825,0.00550417619909123,0.000141132723053621,0.000740435445585665,8.69295757938971e-05,0.00473612782942986,0.279932665373291,0.000334423191583581,0.00145837147155409,1.73859151587794e-05,0.000234198504197676,0.000173859151587794,8.69295757938971e-05,0.00587030311831729,3.37491294258659e-05,0.014120431211604,0.000176927254262873,0.00104622301220184,0.000333400490691888,0.0146604172824178,5.31804463680312e-05,0.0143791745372023,0.0010380414050683,0.000821228816029405,0.0012538312932155,0.00110247156124495,5.11350445846454e-05,0.000662710177817004,0.000154427834645629,1.84086160504723e-05,0.0143679248273937
0.00466006545265,0.000616337446484317,0.000729518713983623,0.0191776803460729,0.000588619585055915,0.000135124574463457,0.0540640736863947,0.00159339206183547,0.00142631495266983,0.000164382317082326,0.00110948439773129,0.00632198222746124,0.000142054039820558,0.00219279081522465,0.0214004988445117,0.0669986907160178,0.000179396158689376,0.000982829169815403,0.000132814752677757,0.00176816857695345,0.00327648220301563,0.0275761923588786,0.000837310397316295,0.00323067073759924,0.598996459428173,0.000445025664044891,0.00182899388397688,0.000163612376487092,0.0015803030717165,0.00327994693569418,0.001568753962788,0.0650796137823986,0.000519709901782528,0.00527948266151525,0.000102017128868422,0.000820756674518777,0.000570910951365547,0.000215968336962962,0.00984523039124916,0.000113181267499306,0.00603710420722489,0.00102787069463656,0.000483907664104176,0.000639435664341318,0.00119340792261173,0.000560901723627514,0.032132315831172,0.00171003806201333,0.00196026875546417,0.00629926897990186,0.00142823980415791,0.000149368475475275,0.00100631235797002,0.00126154766528988,7.04495644638538e-05,0.0343247216760991
0.000864984895039893,0.000697152004957525,0.00236257068346717,0.00308554313305275,0.00136848356528699,0.00021947377933848,0.310142270649901,0.0358387771437424,0.00021947377933848,0,0.000206563557024452,0.000697152004957525,0,0.00808179916858168,0.124816029332025,0.0332954633478788,0,0.0239355521702084,0.000684241782643497,0.000451857780990989,0.129360427586563,0.00324046580082109,0.00499625603552893,0.00512535825866921,0.0628469622246895,0.104056391851068,0.00274987735288802,0,0,0,0.00021947377933848,0.0336440393503576,0,0.00138139378760102,0.000426037336362932,0.00105863822975032,0.0040667200289189,0.000426037336362932,0.00719099382891373,0,0.00809470939089571,0,0.000645511115701412,0.000232384001652508,0.00157504712231145,0.000232384001652508,0.00464768003305017,0.000890805339667949,0.00021947377933848,0.0282604766454078,0.0371168891528312,0,0.00105863822975032,0.00043894755867696,0,0.00883059206279532
0.00308077005436247,0.000460503745046707,0.000771343772953234,0.000743713548250431,0.000191109054194383,0,0.00713090049204825,0.00155420013953263,7.82856366579401e-05,0,0.00248441770452698,0.000757528660601832,3.68402996037365e-05,0.000458201226321473,0.41158673472912,0.0110060395066163,0.000151966235865413,0.00285282070056435,0,0.00022794935379812,0.00230482124395877,0.000734503473349497,0.000331562696433629,0.0169442352989936,0.0125924749083022,0.000472016338672874,0.438565346632681,0.00011052089881121,0.00015657127331588,0,0.00161176310766347,0.0375540804085589,0,0.00103383090762986,3.91428183289701e-05,0.000792066441480335,0.000442083595244838,0.000230251872523353,0.00394421457632504,0,0.00267552675872137,0.00138381375386535,0.000773646291678467,0.000158873792041114,0.0174991423117748,0.000186504016743916,0.00746016066975665,0.000416755889267269,0.000451293670145772,0.000663125392867257,0.00237850184316624,0,0.000969360383323317,0,3.68402996037365e-05,0.00351364357470637
0.00116315225778218,0.0013589303605772,0.00116315225778218,0.000564301590409176,0.00218810820770905,0.00391556205590041,0.0384876717377034,0.000391556205590041,0.0678083217210047,0.00940886529314892,0.0839197079451361,0.00019577810279502,0.00533207421141732,0.00993861780659427,0.00650674282818744,0.0622113712528647,0.0049750670827911,0.000598850667373003,0.00019577810279502,0.000184261743807078,0.0013589303605772,0.000944341437011275,0.000391556205590041,0.00259118077228703,0.011401195398063,0.000391556205590041,0.000391556205590041,0.151981389563875,0.000207294461782963,0.00110557046284247,0.00019577810279502,0.0260154549537618,0,0.00547027051927263,0.0013589303605772,0.0051362961086223,0,0.00305183513180473,0,0.00397314385084012,0.00215355913074522,0.123006230350212,0.071343843930303,0.00834936026625822,0,0.00549330323724851,0.00665645549503069,0.00134741400158926,0.00114011953980629,0,0.000598850667373003,0.00196929738693815,0.0796471387606095,0,0.00208446097681757,0.179735814724817
0.0422809301199192,0.00220983484619809,0.000877879596434857,0.012061114258408,0.00133195524976323,0.0003632605226627,0.0183965507548467,0.000661653094849917,0.00244335946790982,0,0.00214496689572261,0.0144525793659374,0.000147034021077759,0.00528890022876764,0.0266131578150744,0.390427220321832,7.35170105388797e-05,0.00126708729928775,6.91924805071809e-05,0.00169954030245763,0.00188981962385238,0.0360579314043046,7.78415405705785e-05,0.00533647005911632,0.0654517620297614,6.91924805071809e-05,0.000583811554279339,6.91924805071809e-05,0.0551810032044767,0.00121086840887567,0.00159142705166516,0.0643100861013929,0.000142709491046061,0.0210518121943098,7.35170105388797e-05,0.000583811554279339,0.000142709491046061,0.000575162494215941,0.00771928610658237,0.000281094452060422,0.00526727757860914,0.00105518532773451,6.91924805071809e-05,0.000800038055864279,0.000354611462599302,7.78415405705785e-05,0.148141100765874,0.00340340513494696,0.0036066580464368,0.00155250628137987,0.000155683081141157,0.000674626684945014,0.00213199330562751,0.000730845575357098,0.000147034021077759,0.0466227582717448
0.0158425276574202,0.00278435401497893,0,0.0454728190467682,0.00431798216226679,0.00145918017897292,0.0589627909054362,0.00125072586769107,0.00329060019952056,0,0.0039010735397031,0.00238233498607823,0.000238233498607823,0.0187311088280401,0.0261163472848826,0.150652908682122,0.000268012685933801,0,0.00125072586769107,0.00104227155640923,0.000729590089486458,0.0110629680916008,0.00652164202438915,0.000491356590878635,0.21689671088876,0,0.000714700495823469,0.00221854945578535,0.00407974866365897,0.0769196408630008,0.000506246184541624,0.0292431619541103,0.00288858117061985,0.0499099179583389,0.000744479683149447,0.00156340733461384,0.00104227155640923,0.000491356590878635,0.00233766620508926,0,0.00128050505501705,0.0124328107085958,0.000744479683149447,0.000744479683149447,0.000804038057801403,0.000952933994431292,0.00832328285761082,0.00479444915948244,0.0116287726507944,0.00367772963475827,0,0,0.00122094668036509,0.0382364765265556,0.000506246184541624,0.16832685636009
0.00309481384225828,0.00382802042747649,0,0.00262590265403733,0,0.00115096382563324,0.00627488426419309,0.000153461843417766,0.0018585934369485,0,0.000724680927250561,0.00871322244294203,0.000144936185450112,0.000758783559121175,0.0319456404047982,0.0136410527482458,0.000545642109929834,0.000153461843417766,0,0.00342731450299677,0.000733206585218214,0.00336763489722319,0,0.0397721944191043,0.012430409316839,0.000579744741800448,0.00214846580784872,0,0.000426282898382683,0,0.0562096629807405,0.668130237951114,0,0.00319712173787012,0.000136410527482458,0,0.000579744741800448,0.000596796057735756,0.00712745006095845,0.000417757240415029,0.0371121891331964,0,0,0.000869617112700673,0.0452371411763703,0,0.0255684482449933,0.00190122172678676,0.00158577238198358,0,0.000417757240415029,0.000434808556350336,0.000136410527482458,0,0.000571219083832795,0.0112709198332381
0.00373890876385069,0.000538716393607055,0.000305560469863434,0.00162146327594922,0.000383500531741644,4.78268561525376e-05,0.0161482065703915,0.000443284101932316,0.00096827241645855,2.96703644650002e-05,0.000232491661852613,0.00446627553450387,2.96703644650002e-05,0.000875718592978176,0.0412635058281231,0.0234794436408106,6.53190859490675e-05,0.00119766418948646,3.232741202903e-05,0.0028266557668671,0.00113101657975538,0.0021325020907643,0.000380179222286606,0.0235717760436606,0.0263780611125368,4.82696974132092e-05,0.00290548151126666,6.5983347840075e-05,0.000538716393607055,0.000254855145516531,0.00607179652506891,0.735701264599646,0.000211013860710038,0.00203087002144016,5.15910068682465e-05,0.000287182557545561,0.00021411374953474,0.00013728079080821,0.00677901401836153,2.8563261313321e-05,0.0432029291292346,0.000287182557545561,0.000195957257847202,0.000373536603376532,0.00556230765466619,0.000104067696257836,0.019512471627714,0.000863540458309706,0.000780729142564108,0.00122977018088516,0.000559972774119294,0.000103403434366829,0.000547794639450824,0.0002490982091278,1.81564916875374e-05,0.0187950687854259
0.00076959598125402,0.00309369926792661,0.000134009250467118,0.00173446258461727,0.00678086807363617,0.00111036236101326,0.00765767145526388,0.0011869390755659,0.00747005850460992,0.000379054737035562,0.00210585965019757,0.000559010016234263,0.000402027751401354,0.0167205256225687,0.00241216650840812,0.0285439703494961,0.0014741017551383,0,0.00459843170888596,0,0.000382883572763194,0.000830857352896131,0.00408536772138328,0.000313964529665819,0.0186808895151162,6.5090207369743e-05,0,0.0010912181823751,0.000654730909425062,0.00307455508928845,0.000876803381627715,0.00871825895181793,0.0794866297056391,0.00612230832848348,0.00168468772015805,0.00188761601372255,6.5090207369743e-05,0.000915091738904034,0.00178040861334885,0.000310135693938187,0,0.000777253652709284,0.000570496523417159,0.00917389040340613,0.000899776395993506,6.12613716421111e-05,0.00553266762642816,0.00640181333660061,0.00717906698930989,0.00037522590130793,0.000796397831347444,0.00102612797500536,0.000570496523417159,0.00553266762642816,0.000130180414739486,0.742813275339235
0.00252507662301477,0.00361347171914182,7.40108665366397e-05,0.00723347380886041,0.00358081986625801,0.00075752298690443,0.0164652410142101,0.000933842992477013,0.0024380050153246,0.000108839509612705,0.0022007348843689,0.00589692463081638,0.000104485929228197,0.00270575020897186,0.00828050989133463,0.363841773474505,0.000104485929228197,0.00040270618556701,0.000174143215380329,0.000446241989412093,0.00275146280300919,0.00352857690164391,0.000772760518250209,0.00289295416550571,0.0329609570911117,0.00011101629980496,0.000870716076901644,0.000626915575369184,0.00414896210643633,0.00527218584563945,0.000883776818055168,0.0182044963778211,0.000592086932293118,0.339818716912789,0.000108839509612705,0.00011101629980496,0.000106662719420451,0.000363523962106436,0.00307145096127055,0.000215502229033157,0.00196128796322095,0.00207012747283366,0.000287336305377542,0.00122553287823906,0.000359170381721928,7.18340763443856e-05,0.0141643737809975,0.00833057606575648,0.0147651678740596,0.00270139662858735,0.000259038032878239,0.000724871134020618,0.000150198523265534,0.00368312900529395,0.000108839509612705,0.109836479520758
0.00415427085845997,0,0.0018225188282276,0.00134008737369677,0.00621800541395299,0,0.0440620728471496,0,0.00645922114121841,0.0018225188282276,0.00388625338372062,0.000964862909061671,0,0.0696309399372839,0.0892230173407306,0.025274047867921,0.00450269357562113,0,0.00471710755541261,0,0.0188416284741765,0.00790651550481091,0.00460990056551687,0,0.0303127763930208,0.00171531183833186,0,0.0018225188282276,0.0009112594141138,0.00131328562622283,0,0.0264265230093002,0.0237195465144327,0.0254348583527646,0.0176087480903755,0.00659322987858808,0.0009112594141138,0,0.000964862909061671,0,0.0194312669186031,0.0072900753129104,0.0004556297070569,0.000938061161587736,0.0004556297070569,0.0022781485352845,0.0058427809493179,0.0004556297070569,0.0031894079493983,0.00241215727265418,0.0013668891211707,0.00262657125244566,0.0172067218782665,0.0193508616761813,0,0.483530326177267
0.00190527824032839,0.000387251674863494,0.0282461371645432,0.00182782790535569,0.000913913952677845,0.00188204313983658,0.0739960500329164,0.00560740425202339,0.0136080238547032,0.00191302327382566,0.0071486659179801,0.00157224179994579,0.000247841071912636,0.0322348294156372,0.0396932966735081,0.0149866398172172,0.00198272857530109,0.00576230492196879,0,0,0.113580916237463,0.00224605971420826,0.00422878828950935,0.00201370870929017,0.0144135073384192,0.00256360608759633,0.000379506641366224,0.00394996708360764,0.000123920535956318,0.00181233783836115,0.000402741741858034,0.0123610734616427,0.00904619912481122,0.00223831468071099,0.00104557952213143,0.136901212097742,0.00122371529256864,0.000255586105409906,0.00116950005808775,0.00063509274677613,0.000495682143825272,0.0103086395848662,0.0164969213491848,0.00116175502459048,0.000402741741858034,0.00061960267978159,0.0057080896874879,0.000789993416721527,0.00106881462262324,0.00791542423420981,0.00870541765093134,0.000975874220656004,0.158742206560043,0.00326065910235062,0.000511172210819812,0.238330170777989
0.00349814056772882,0.000555154239238034,0.00169890574417423,0.00514353746956685,0.000107017684672392,0.00146480455895337,0.379116836557241,0.00470208952029323,0.00238114348396072,0.000923027530299382,0.00121732616314846,0.000581908660406132,0.00122401476844048,0.00688257484549322,0.0636822109853653,0.0313561816090109,0.000662171923910426,0.0742502073467641,0.000327741659309201,0.000227412579928833,0.0130695347406159,0.00343125451480857,0.000555154239238034,0.00489605907376194,0.0578430585654279,0.00727720255772266,0.0030834470396233,0,0.000468202370441716,0.00137116408486502,0.000769189608582818,0.0268012414051422,0.00177248040238649,0.000581908660406132,0.000107017684672392,0.00251491558980121,0.0907643738127726,0.000107017684672392,0.000581908660406132,0,0.0034111886989325,0.00218717393049201,0.000688926345078524,0.000321053054017176,0.000856141477379137,0.00403322899109078,0.0108288519677877,0.00129758942665275,0.000916338925007357,0.0954999063595259,0.0592409770714611,0.000234101185220858,0.00228081440458036,0.0023477004575006,0,0.0198584691120208
0.00139012240800093,0.0313163686913542,0,0.0050971154960034,0.00208518361200139,0.0407383094566938,0,0,0.243271421400162,0.00135150789666757,0.0233617793566822,0.00131289338533421,0.0361045680966907,0.000695061204000463,0.00926748272000618,0.0424373479553616,0.00532880256400355,0,0,0,0,0.00196934007800131,0,0,0.0203112329613469,0,0.00308916090666873,0.00278024481600185,0.000617832181333745,0,0.000695061204000463,0.0126269452060084,0,0.00706645557400471,0,0,0,0.0414333706606943,0.000656446692667104,0.0032050044406688,0,0.00803181835733869,0.00270301579333514,0.0469552457813646,0.0156002625786771,0,0.00722091361933815,0.0121249565586747,0.00861103602733907,0,0,0.00714368459667143,0,0,0.00189211105533459,0.351507896667568
0.00629738679300364,0.000638079588959972,0.000141795464213327,0.004016148001101,0.000350318205703514,0.000433727302299589,0.0158060238049562,0.00127198872309014,0.00124279553928151,0,0.000367000025022729,0.069571527470786,0.0026732615459042,0.00041287502815057,0.0435478893328106,0.0374923889199356,7.50681869364673e-05,0.00034614775087371,6.67272772768598e-05,0.00547580719153231,0.0022270228791152,0.00969630747929369,0.000141795464213327,0.00436646620680451,0.201620638746862,6.67272772768598e-05,0.00355322751499278,0,0.0011135114395576,0.000558840947193701,0.00241052289162656,0.13217422492097,0,0.00338223886697083,0,0.000291931838086262,0.000216863651149794,7.50681869364673e-05,0.212572253129926,7.08977321066636e-05,0.00528396626936134,0.000283590928426654,0.000421215937810178,0.000212693196319991,0.00113436371370662,7.08977321066636e-05,0.178900000834091,0.000784045508003103,0.00273581836835125,0.00651007998932364,0.000642250043789776,0.000141795464213327,0.000500454579576449,0.000341977296043907,7.08977321066636e-05,0.0372004570818493
0,0.00766413074105382,0.00101437024513948,0,0.0019723865877712,0.00366300366300366,0.00202874049027895,0,0.313665821358129,0.000901662440123979,0.201634263172725,0,0.012566920259228,0.00383206537052691,0.00912933220625528,0.00101437024513948,0.00743871513102282,0,0.00101437024513948,0,0.00202874049027895,0,0,0,0,0,0,0.0323471400394477,0,0,0,0.00101437024513948,0,0,0,0.00394477317554241,0,0.00501549732318963,0.00101437024513948,0.0192166807551423,0,0.0222597914905607,0.00586080586080586,0.0232178078331924,0,0.00101437024513948,0.00580445195829811,0,0,0.00101437024513948,0.00202874049027895,0.0084530853761623,0.0152155536770921,0,0.00383206537052691,0.279177233023387
0.00885681518187523,0.000544579807990537,0.000165898484553408,0.00182993241439999,0.000126948405571304,0.000330354373588961,0.0116669912506582,0.000445762015017419,0.000802804405686711,0.000220717114231926,0.0007559200513564,0.00517098363375385,4.90482476070947e-05,0.000618152179401179,0.0223299360208888,0.0214333629065415,0.000116850236946314,0.000744379287213555,2.38028260446195e-05,0.00264139239319383,0.000925425024704448,0.00157675690101631,8.07853489999206e-05,0.0143480550205931,0.019107898931758,0.000146423445062356,0.00173832759901615,6.05890117499405e-05,0.000693167146329676,0.000202684670258729,0.00403998874775496,0.489086764907421,2.30815282856916e-05,0.0016258051486234,5.98677139910126e-05,0.000434942548633501,0.000121178023499881,0.000256060704419391,0.00651259746535967,3.6786185705321e-05,0.342493814871717,0.000125505810053448,9.59326019374058e-05,0.000221438411990854,0.00405946378724601,0.000282748721499722,0.017018299324144,0.0010018825871508,0.00100260388490973,0.00110719205995427,0.000315928418410404,0.000160849400240913,0.0010018825871508,9.449000641955e-05,2.59667193214031e-05,0.0110401834981499
0.000465344389064407,0.00129794586949827,0.001637829761511,0.000755044082256464,0.00158080226285115,0.00315704232580951,0.00495911128346088,0.000230391094585809,0.0319353992495181,0.00348552071809026,0.0598035972946155,0.000837163680326653,0.00526021647638491,0.00208948755089704,0.00594910866019595,0.0221471993795408,0.00212826624998574,0.000595367086008873,0.000116336097266102,0.000118617197212496,0.00661747094448943,0.000570274986598538,0.000157395896301196,0.00121810737137448,0.00603122825826614,0.000353570491691093,0.000440252289654071,0.00669502834266683,0.000189331295550715,0.000524652987670655,0.000193893495443503,0.00968555037238957,0.00130935136923024,0.00255483193996145,0.000234953294478598,0.00218985594853839,3.64975991423064e-05,0.00065923788450791,0.00105614927518049,0.00119529637191054,0.000291980793138451,0.591224608506222,0.0292186092133627,0.00479030988742772,0.000116336097266102,0.0103539126566831,0.00512106937965487,0.00166064076097494,0.00112686337351871,0.000401473590565371,0.000974029677110303,0.00398964380624337,0.0143275887633017,0.000540620687295414,0.00293121343111648,0.142468378251993
0.000354766099040908,0.00260569583088667,0.00635724538396294,0.00106429829712272,0.00103167612709597,0.000260977360214001,0.0296576303255693,0.00193286357408495,0.0303630847523977,0.0159807855418542,0.0162947739283617,6.93221113068441e-05,0.00116624257845632,0.00164741958635088,0.00587199060481503,0.0167025510536961,0.0014435310236837,0.00114993149344294,0.000627976773014941,6.93221113068441e-05,0.0160337965681477,0.000138644222613688,6.52443400535003e-05,0,0.00687104456188426,0.000546421347948065,6.93221113068441e-05,0.032821980818164,6.93221113068441e-05,0.000407777125334377,6.93221113068441e-05,0.0178484047758857,0.00039962158282769,0.000627976773014941,0.000142721993867032,0.0117113590396033,0.000721765511841848,0.00112546486592288,0.000265055131467345,0.00355581653291577,0.0019654857441117,0.132576498988713,0.299006654922685,0.00318473934886149,0.000346610556534221,0.0443783845501403,0.000611665688001566,0.000925654074509036,0.000265055131467345,0.00131304234357669,0.00110507600965616,0.00368630521302277,0.0970101781170483,0.000134566451360344,0.000725843283095191,0.184621093495139
0.000909904478752045,0.0294464560531115,0.000509246951071104,0.0015090185388357,0.0068261558220781,0.00266605756737225,0.0181831117235388,0.000190967606651664,0.0891257053631942,0.00011982281201673,0.00621955283624341,0.00227288896544235,0.0088107211461052,0.00359468436050191,0.00834640774954037,0.0311052531069681,0.0012955841549309,0.000183478680900618,0.000123567274892253,0.000325768270170485,0.00193963176952082,0.00111210547403028,6.36558688838879e-05,0.000127311737767776,0.00940609074331333,6.36558688838879e-05,0.00323896038732724,0.000569158357079469,0.000617836374461265,0.000793826129610838,0.000733914723602473,0.0130794088242012,0.00489401297830833,0.00389424139054373,0.000123567274892253,0.000801315055361884,5.99114060083651e-05,0.00579642853130933,0.00109712762252819,0.00100726051351564,0.000827526295490543,0.0076461931918176,0.000696470094847245,0.197879885119879,0.000322023807294963,0.000688981169096199,0.00636184242551327,0.00537704868925077,0.00362464006350609,0.000239645624033461,0.000183478680900618,0.00634312011113566,0.00230658913132206,0.00174491969999363,0.000190967606651664,0.504382893795799
0.00420755558605545,0.000887832830085095,0.000141538567115015,0.00246620230579193,0,0.000587599505901729,0.0140294743343398,0.000488951413670052,0.00181855613505353,0,0.000772028547900083,0.00604755695855065,0.000137249519626681,0.00155692423826517,0.17514325418611,0.012489706286028,0.000772028547900083,0.00127384710403514,0.000141538567115015,0.00132102662640681,0.000763450452923415,0.00195580565468021,0.00021445237441669,0.0778891023881416,0.0142953952786165,0.000205874279440022,0.0356419846280538,6.86247598133407e-05,0.000810629975295087,0.000227319516881691,0.0122409415317046,0.371620230579193,0.000926434257480099,0.00285221657974197,0.000278788086741696,0.000630489980785067,0.000411748558880044,0.00037314713148504,0.00869818830634093,7.29138073016745e-05,0.0238599711776009,0.000767739500411749,0.000205874279440022,0.00087067664013176,0.182528993961021,0,0.0179024842163052,0.00175850947021685,0.00100792615975844,0.000703403788086742,0.000488951413670052,0.000424615701345045,0.000343123799066703,0.00021445237441669,0.000137249519626681,0.0143254186110349
0.00275874682782219,0.000266729665673416,0.00429053719354667,0.000259108818082747,0.000129554409041374,0,0.0100366562769111,0.0011812313765537,0.0208811223984332,0.0448105838331339,0.0179242335332536,0.000259108818082747,0.000129554409041374,0.000373421531942783,0.0117970720703557,0.0259261235034561,0.000487734245802818,0.00150892782295247,0.000655392892797537,0,0.0304148027343601,0.000891639168108277,0,0.00111264374823768,0.0268634877571083,0.00200428291634596,0,0.00778088539007308,0.000510596788574825,0,0.000388663227124121,0.0285781784650089,0.00141747765186444,0.00369611108147448,0.000121933561450705,0.00517455551406427,0,0.00063253035002553,0.00156227375608715,0.000739222216294896,0.00153941121331514,0.179112780923494,0.0592139857794984,0.00183662426935124,0,0.312713860035513,0.00345986480616374,0.00166134477476585,0.000929743406061622,0,0.00169182816512853,0.0028044719133662,0.0289592208445423,0.000251487970492078,0.000510596788574825,0.149749655156647
0.0130647078874491,0.000786360500032765,0.000344721059538173,0.00482609483353442,0.000333707607156762,0.000139870845243923,0.0178368368043146,0.000399788321445229,0.00101544030956612,4.73578452400685e-05,0.000880525517893831,0.0415063979898247,0.000230181154771496,0.00112282147028488,0.0143714540125036,0.0654876398777287,5.50672619070564e-05,0.000677327321456793,6.33273511931148e-05,0.0027274814822565,0.00163990305959214,0.0175598484769221,0.000422365898827122,0.00306284110727048,0.0588845245024535,6.22260059549737e-05,0.000997818785755862,0.000187228690483992,0.00465924102995604,0.000481287869067673,0.00149177212506216,0.0639468578895692,0.000467521053590909,0.00330073167870896,3.68950654777278e-05,0.000447696839304368,0.000344721059538173,0.000186678017864921,0.0128719724707744,9.19623273847841e-05,0.0045402957442368,0.000636577547645572,0.000183924654769568,0.000415757827398276,0.000833718345272834,5.45165892879858e-05,0.618545222061487,0.00185962143460129,0.00197140797627262,0.000529747059545882,0.000492301321449084,0.000149232279768123,0.000718077095268015,0.000308376666679516,8.42529107177963e-05,0.0316157670786983
0.00137842062438439,0.00379266412573337,0.000179328508415057,0.00401749389747762,0.03146813840949,0.000810993105220333,0.00927422808445034,0.00111076613421267,0.00601687293906043,0,0.00309408590638517,0.00149886514496167,0.000275684124876879,0.00387831356258833,0.0068813969423151,0.0453754657188129,0.000128474155282429,0.00109203031990065,0.00154168986338915,0.000350627382124963,0.00119641557106762,0.00258286583015717,0.000438953363881633,0.00407637788531541,0.012023039698514,0,0.000524602800736585,0.000446982998586784,0.00121782793028136,0.00197796668236906,0.000819022739925485,0.0125610252237592,0.00359995289280973,0.0203711832469702,0.000230182861547685,0.000484454627210826,0.000182005053316774,0.000701254764249925,0.00258554237505888,0.00026497794527001,0.0032386193310779,0.00149083551025652,0.00044162990878335,0.00224562117254079,0.000436276818979915,0.000184681598218492,0.0163831313434114,0.0928573722752773,0.0192202689392317,0,0.000372039741338701,0.00137574407948268,0.000599546057984669,0.00350627382124963,0.000133827245085864,0.669063958716971
0.00564235043260754,0.00264075121991225,0.000278837085332349,0.00638044859966375,0.0108254397834912,0,0.015910116045434,0.000262434903842211,0.00206667486775741,0,0.00295239266822487,0.000147619633411244,0,0.00550293188994136,0.0133103702792471,0.202181490138188,0,0.0011153483413294,0.000951326526428015,0.00027063599458728,0.000803706893016771,0.00423996391520072,0.00303440357567556,0.00496986099151187,0.022200352646902,0.000262434903842211,0.000426456718743593,0,0.00290318612375446,0.00450239881904293,0.000295239266822487,0.0168040349366466,0.000262434903842211,0.121876409562472,0.000139418542666175,0.000590478533644975,0,0.000278837085332349,0.00139418542666175,0.000131217451921106,0.000524869807684422,0.00262434903842211,0.000705293804075942,0.00163201705826875,0.00150079960634764,0,0.00610161151433141,0.0360355927338336,0.119129044162874,0.000262434903842211,0.000147619633411244,0.000705293804075942,0.000926723254192808,0.0164103825808833,0.000131217451921106,0.357608561938738
0.00246713149881783,0.000730214207983439,0.000602603958044585,0.00368297360240191,0.00028712306236242,0.000241041583217834,0.394110078019489,0.00443091145621019,0.000886182291242038,6.02603958044586e-05,0.000308391437352229,0.000233952124887898,0,0.00571410341392866,0.0372905508154649,0.0316969681931452,0.000294212520692356,0.0125128939523376,0.00066995381217898,0.000180781187413376,0.00728087370484458,0.00319734570680127,0.00241396056134331,0.0013576312701828,0.07178431031977,0.000723124749653503,0.000485627895600637,0.000418278041466242,0.00168729108252484,0.00176527512415414,0.00042182277063121,0.032944712859214,0.00102088199951083,0.00233243179054904,0,0.00107405293698535,0.0145582026805242,0.000116976062443949,0.00128673668688344,0,0.00153132299926624,0.000599059228879617,0.00177590931164904,0.000375741291486624,0.000680587999673885,0.00158803866590573,0.00909931976647324,0.000595514499714649,0.000418278041466242,0.30548830416612,0.00985789180777643,6.38051249694267e-05,0.00188225118659809,0.00298466195690318,6.38051249694267e-05,0.0217256450520898
0.00518520214275903,0.00170550798956092,0.00218053202692184,0.00274140378187812,0.00132777803214139,0.00030332860217023,0.298435282267295,0.00243235199853487,0.00107595806052836,0.000389176319765579,0.002958884666453,0.00286159058651161,0.00030332860217023,0.00358843459548555,0.101512064465913,0.0276315187033561,0.000400622682111625,0.0957545442058514,0.000749736733666041,0.000297605420997207,0.0223432992994826,0.00452703630786136,0.000663889016070693,0.00297605420997207,0.0439025227782611,0.012579552218305,0.00220914793278696,0.000297605420997207,0.000646719472551623,0.000583764479648368,0.00173412389542603,0.0372407398928621,9.72940799413946e-05,0.00202028295407719,9.72940799413946e-05,0.00293599194176091,0.0316720846115105,0.000286159058651161,0.00177990934481022,0.000103017261114418,0.00269561833249393,0.00215763930222975,0.00232933473742045,0.000400622682111625,0.00151091982967813,0.000406345863284648,0.0145712192665171,0.000795522183050227,0.000881369900645575,0.0294629366787235,0.190421683988828,9.72940799413946e-05,0.00291309921706882,0.00246096790439998,0.000394899500938602,0.0279691863925644
0.0127193629258221,0.012129479427813,0,0.00195398908715529,0.00427665536056629,0.0146733520129774,0.00294941749004572,0,0.105036130364253,0.000626751216634715,0.0206090547116944,0.00390797817431057,0.00121663471464386,0.00427665536056629,0,0.0541218109423389,0.000663618935260286,0,0.000589883498009143,0,0,0.000626751216634715,0,0,0.00265447574104114,0,0,0.000626751216634715,0.00505087745170329,0,0.00191712136852972,0.00457159710957086,0.00549329007521015,0.00125350243326943,0.000626751216634715,0,0,0.00247013714791329,0.00195398908715529,0.000626751216634715,0,0.00125350243326943,0.000626751216634715,0.0610529420439463,0,0,0.00261760802241557,0.0128668338003244,0.00508774517032886,0.00125350243326943,0,0.0577348473676449,0,0.004903406577201,0.00121663471464386,0.583763456717298
0.00190026402885724,0.000193373247554944,0.0105128109776505,0.000821836302108512,0.00203413781562605,0.00109702130824439,0.042858205347514,0.00480830017477967,0.0233758506563534,0.00875757688445948,0.0125469487932766,0.000386746495109888,0.000498307984083894,0.0144509315384329,0.0148637090476368,0.0399501692015916,0.00655609683537243,0.00251757093451341,0,5.94994607861366e-05,0.0381168420661188,0.000881335762894649,6.32181770852702e-05,0.000996615968167789,0.0145885240415009,0.00131270685359414,0.000252872708341081,0.0193670744858875,0.000453683388494292,0.000330965750622885,0.000249153992041947,0.0273214086497341,0.00499423598973634,0.00593507121341713,0.000446245955896025,0.038901491205236,0.00172548436279796,0.000740024543527574,0.000193373247554944,0.00258078911159868,0.000379309062511621,0.0267561637722658,0.073043025547581,0.00242088431073593,0.000122717637871407,0.00835595552415306,0.00731099624409654,0.0012866758395002,0.00288572384812763,0.00204157524822431,0.00435461678628537,0.000442527239596891,0.366029526607415,0.000806961436911978,0.000264028857238481,0.155858837529285
0,0.00248530148190738,0.00428436300239257,0.00877274329061335,0.00320863549529833,0,0.0259101953001836,0.00482222675593968,0.00899530760242595,0.000612051857484652,0,0.00126119776693807,0,0.0772298161989725,0.0112765917985051,0.0956470130014652,0,0.00296752415750134,0.0195300183615557,0.00153940315670382,0.0140957397481314,0.00133538587087561,0.0161544596323979,0.00337555872915778,0.0219225847135412,0.00207726691025094,0,0,0.000649145909453419,0.0270786579371998,0.000890257247250403,0.0203460875048686,0.00311590036537641,0.0107016339929892,0.000315299441734518,0.00222564311812601,0.000296752415750134,0,0.00126119776693807,0,0.00283769497561066,0,0.00155795018268821,0.000296752415750134,0,0.000593504831500269,0.00150230910473506,0.0110725745126769,0.0362779828254539,0.000296752415750134,0,0,0.00285624200159504,0.121112079678024,0,0.427212196524287
0,0,0,0,0,0.0174958993985785,0,0,0.0674685620557682,0.00349917987971569,0.349589939857846,0,0.0999453253143794,0,0,0.022744669218152,0.00196828868234008,0,0,0,0,0,0,0,0,0,0,0.00196828868234008,0,0,0,0.00174958993985785,0,0.00349917987971569,0,0,0,0,0.00196828868234008,0.00732640787315473,0,0.062547840349918,0.00929469655549481,0.00371787862219792,0.00524876981957354,0.00174958993985785,0.0236194641880809,0.00196828868234008,0,0,0,0.00546746856205577,0.00557681793329688,0,0.0276653909240022,0.273920174958994
0.00102321637973364,0.00571889192981731,0.00039806921312612,0.00190372870193151,0.0089087129069431,0.00038997322079839,0.00835233290408317,0.00028618845168146,0.00553795137839634,0.000195766947009097,0.00292645737128396,0.000840617613016639,0.000609442892333251,0.00381613864864817,0.00378668094162438,0.0304087422671081,0.000332520937894375,0.00043737866984992,0.000881292658807767,0.000171674054178381,0.00145669336653406,0.00109803115220797,0.000500976103556911,0.000907043766934524,0.00876259487673901,7.30590151020495e-05,0.000163382977698175,0.000365295075510248,0.00063343824308773,0.000844226669837435,0.000280140842954721,0.0110556140049352,0.00418387227606437,0.00611510784349491,0.000316231411162676,0.000621440567710491,0.000156555032361535,0.000425576078625156,0.00087729343368202,0.000187963580910079,0.000702107864759082,0.00305862688458607,0.000791261322440355,0.00323547066880505,0.00018152580387839,0.000372415647075601,0.00773059971014397,0.00746879677752194,0.00394079742207998,0.000180062672734824,0.000219664755687337,0.00115011862091891,0.00113070774774761,0.00209344804021387,0.000156457490285297,0.851637624163747
